site_id,bs_id,scenario,sector_az_deg,lat,lon,total_MHz,used_MHz,util_pct,attached_users,demand_Mbps,served_Mbps
0,0,UMI,30.0,43.61627,-79.38163,100.0,2.317,2.3,19,11.76,11.76
0,1,UMI,150.0,43.61627,-79.38163,100.0,0.837,0.8,15,4.28,4.28
0,2,UMI,270.0,43.61627,-79.38163,100.0,3.089,3.1,20,7.66,7.66
1,3,UMI,30.0,43.62047,-79.38498,100.0,2.432,2.4,28,11.13,11.13
1,4,UMI,150.0,43.62047,-79.38498,100.0,1.259,1.3,12,5.61,5.61
1,5,UMI,270.0,43.62047,-79.38498,100.0,1.043,1.0,19,5.05,5.05
2,6,UMI,30.0,43.62047,-79.37828,100.0,1.214,1.2,19,6.27,6.27
2,7,UMI,150.0,43.62047,-79.37828,100.0,1.407,1.4,15,5.01,5.01
2,8,UMI,270.0,43.62047,-79.37828,100.0,2.226,2.2,16,5.28,5.28
3,9,UMI,30.0,43.62047,-79.37157,100.0,2.847,2.8,17,8.02,8.02
3,10,UMI,150.0,43.62047,-79.37157,100.0,1.091,1.1,10,3.18,3.18
3,11,UMI,270.0,43.62047,-79.37157,100.0,2.362,2.4,25,9.78,9.78
4,12,UMI,30.0,43.62466,-79.47554,100.0,2.859,2.9,29,10.8,10.8
4,13,UMI,150.0,43.62466,-79.47554,100.0,2.627,2.6,27,11.12,11.12
4,14,UMI,270.0,43.62466,-79.47554,100.0,4.29,4.3,31,16.98,16.98
5,15,UMI,30.0,43.62466,-79.41517,100.0,4.375,4.4,65,19.6,19.6
5,16,UMI,150.0,43.62466,-79.41517,100.0,2.656,2.7,25,10.56,10.56
5,17,UMI,270.0,43.62466,-79.41517,100.0,3.681,3.7,45,13.94,13.94
6,18,UMI,30.0,43.62466,-79.39505,100.0,5.159,5.2,42,19.61,19.61
6,19,UMI,150.0,43.62466,-79.39505,100.0,4.479,4.5,34,14.79,14.79
6,20,UMI,270.0,43.62466,-79.39505,100.0,3.554,3.6,38,15.5,15.5
7,21,UMI,30.0,43.62886,-79.4789,100.0,7.809,7.8,59,24.25,24.25
7,22,UMI,150.0,43.62886,-79.4789,100.0,4.246,4.2,45,17.01,17.01
7,23,UMI,270.0,43.62886,-79.4789,100.0,5.688,5.7,50,21.85,21.85
8,24,UMI,30.0,43.62886,-79.47219,100.0,3.422,3.4,42,17.57,17.57
8,25,UMI,150.0,43.62886,-79.47219,100.0,2.338,2.3,30,10.97,10.97
8,26,UMI,270.0,43.62886,-79.47219,100.0,7.891,7.9,49,27.02,27.02
9,27,UMI,30.0,43.62886,-79.43865,100.0,6.999,7.0,85,30.29,30.29
9,28,UMI,150.0,43.62886,-79.43865,100.0,4.148,4.1,44,16.19,16.19
9,29,UMI,270.0,43.62886,-79.43865,100.0,3.687,3.7,53,16.89,16.89
10,30,UMI,30.0,43.62886,-79.43194,100.0,11.799,11.8,127,46.5,46.5
10,31,UMI,150.0,43.62886,-79.43194,100.0,5.616,5.6,79,26.91,26.91
10,32,UMI,270.0,43.62886,-79.43194,100.0,6.489,6.5,78,28.83,28.83
11,33,UMI,30.0,43.62886,-79.42523,100.0,12.458,12.5,154,58.02,58.02
11,34,UMI,150.0,43.62886,-79.42523,100.0,6.513,6.5,98,30.68,30.68
11,35,UMI,270.0,43.62886,-79.42523,100.0,15.28,15.3,132,51.7,51.7
12,36,UMI,30.0,43.62886,-79.41853,100.0,13.108,13.1,126,52.12,52.12
12,37,UMI,150.0,43.62886,-79.41853,100.0,9.472,9.5,93,36.89,36.89
12,38,UMI,270.0,43.62886,-79.41853,100.0,14.987,15.0,123,47.88,47.88
13,39,UMI,30.0,43.62886,-79.41182,100.0,7.656,7.7,93,33.59,33.59
13,40,UMI,150.0,43.62886,-79.41182,100.0,4.258,4.3,58,22.14,22.14
13,41,UMI,270.0,43.62886,-79.41182,100.0,12.605,12.6,89,34.09,34.09
14,42,UMI,30.0,43.62886,-79.40511,100.0,5.341,5.3,63,22.77,22.77
14,43,UMI,150.0,43.62886,-79.40511,100.0,4.051,4.1,49,16.06,16.06
14,44,UMI,270.0,43.62886,-79.40511,100.0,6.462,6.5,47,19.44,19.44
15,45,UMI,30.0,43.62886,-79.3984,100.0,12.478,12.5,90,45.04,45.04
15,46,UMI,150.0,43.62886,-79.3984,100.0,4.349,4.3,45,19.45,19.45
15,47,UMI,270.0,43.62886,-79.3984,100.0,6.799,6.8,68,25.79,25.79
16,48,UMI,30.0,43.62886,-79.35815,100.0,3.242,3.2,21,12.28,12.28
16,49,UMI,150.0,43.62886,-79.35815,100.0,3.842,3.8,14,8.41,8.41
16,50,UMI,270.0,43.62886,-79.35815,100.0,5.689,5.7,22,10.55,10.55
17,51,UMI,30.0,43.63305,-79.47554,100.0,8.025,8.0,90,36.03,36.03
17,52,UMI,150.0,43.63305,-79.47554,100.0,5.924,5.9,76,24.21,24.21
17,53,UMI,270.0,43.63305,-79.47554,100.0,5.676,5.7,87,25.54,25.54
18,54,UMI,30.0,43.63305,-79.46884,100.0,5.3,5.3,73,23.54,23.54
18,55,UMI,150.0,43.63305,-79.46884,100.0,6.161,6.2,56,23.57,23.57
18,56,UMI,270.0,43.63305,-79.46884,100.0,6.821,6.8,77,28.42,28.42
19,57,UMI,30.0,43.63305,-79.46213,100.0,5.439,5.4,38,17.44,17.44
19,58,UMI,150.0,43.63305,-79.46213,100.0,2.318,2.3,19,9.42,9.42
19,59,UMI,270.0,43.63305,-79.46213,100.0,5.661,5.7,48,18.2,18.2
20,60,UMI,30.0,43.63305,-79.45542,100.0,3.86,3.9,50,17.08,17.08
20,61,UMI,150.0,43.63305,-79.45542,100.0,1.808,1.8,23,7.78,7.78
20,62,UMI,270.0,43.63305,-79.45542,100.0,6.405,6.4,41,15.1,15.1
21,63,UMI,30.0,43.63305,-79.44871,100.0,13.873,13.9,132,59.34,59.34
21,64,UMI,150.0,43.63305,-79.44871,100.0,4.844,4.8,60,23.9,23.9
21,65,UMI,270.0,43.63305,-79.44871,100.0,6.382,6.4,62,24.11,24.11
22,66,UMI,30.0,43.63305,-79.442,100.0,19.183,19.2,204,67.92,67.92
22,67,UMI,150.0,43.63305,-79.442,100.0,11.973,12.0,102,44.57,44.57
22,68,UMI,270.0,43.63305,-79.442,100.0,10.565,10.6,107,46.35,46.35
23,69,UMI,30.0,43.63305,-79.4353,100.0,31.955,32.0,291,111.59,111.59
23,70,UMI,150.0,43.63305,-79.4353,100.0,14.202,14.2,141,56.55,56.55
23,71,UMI,270.0,43.63305,-79.4353,100.0,18.757,18.8,205,72.82,72.82
24,72,UMI,30.0,43.63305,-79.42859,100.0,33.647,33.6,308,124.28,124.28
24,73,UMI,150.0,43.63305,-79.42859,100.0,33.11,33.1,217,94.89,94.89
24,74,UMI,270.0,43.63305,-79.42859,100.0,26.683,26.7,265,107.78,107.78
25,75,UMI,30.0,43.63305,-79.42188,100.0,30.348,30.3,294,118.9,118.9
25,76,UMI,150.0,43.63305,-79.42188,100.0,19.134,19.1,219,81.25,81.25
25,77,UMI,270.0,43.63305,-79.42188,100.0,29.153,29.2,260,106.21,106.21
26,78,UMI,30.0,43.63305,-79.41517,100.0,28.313,28.3,280,108.14,108.14
26,79,UMI,150.0,43.63305,-79.41517,100.0,20.602,20.6,193,74.59,74.59
26,80,UMI,270.0,43.63305,-79.41517,100.0,28.483,28.5,262,107.95,107.95
27,81,UMI,30.0,43.63305,-79.40846,100.0,16.979,17.0,171,61.06,61.06
27,82,UMI,150.0,43.63305,-79.40846,100.0,14.769,14.8,126,53.58,53.58
27,83,UMI,270.0,43.63305,-79.40846,100.0,14.831,14.8,175,62.6,62.6
28,84,UMI,30.0,43.63305,-79.40175,100.0,23.052,23.1,148,58.43,58.43
28,85,UMI,150.0,43.63305,-79.40175,100.0,11.455,11.5,114,40.31,40.31
28,86,UMI,270.0,43.63305,-79.40175,100.0,14.511,14.5,128,52.95,52.95
29,87,UMI,30.0,43.63305,-79.39505,100.0,7.087,7.1,109,33.65,33.65
29,88,UMI,150.0,43.63305,-79.39505,100.0,7.033,7.0,66,26.88,26.88
29,89,UMI,270.0,43.63305,-79.39505,100.0,8.533,8.5,81,29.29,29.29
30,90,UMI,30.0,43.63305,-79.38834,100.0,4.489,4.5,59,19.75,19.75
30,91,UMI,150.0,43.63305,-79.38834,100.0,5.049,5.0,52,21.89,21.89
30,92,UMI,270.0,43.63305,-79.38834,100.0,6.18,6.2,69,26.11,26.11
31,93,UMI,30.0,43.63305,-79.38163,100.0,2.529,2.5,35,11.14,11.14
31,94,UMI,150.0,43.63305,-79.38163,100.0,1.727,1.7,23,8.61,8.61
31,95,UMI,270.0,43.63305,-79.38163,100.0,5.642,5.6,52,24.57,24.57
32,96,UMI,30.0,43.63305,-79.3548,100.0,2.983,3.0,40,14.33,14.33
32,97,UMI,150.0,43.63305,-79.3548,100.0,1.978,2.0,30,9.03,9.03
32,98,UMI,270.0,43.63305,-79.3548,100.0,2.492,2.5,31,9.85,9.85
33,99,UMI,30.0,43.63725,-79.4789,100.0,12.648,12.6,172,62.26,62.26
33,100,UMI,150.0,43.63725,-79.4789,100.0,12.489,12.5,140,57.13,57.13
33,101,UMI,270.0,43.63725,-79.4789,100.0,7.561,7.6,93,33.73,33.73
34,102,UMI,30.0,43.63725,-79.47219,100.0,14.669,14.7,168,58.75,58.75
34,103,UMI,150.0,43.63725,-79.47219,100.0,15.115,15.1,128,65.91,65.91
34,104,UMI,270.0,43.63725,-79.47219,100.0,18.685,18.7,159,54.95,54.95
35,105,UMI,30.0,43.63725,-79.46548,100.0,7.79,7.8,82,31.5,31.5
35,106,UMI,150.0,43.63725,-79.46548,100.0,9.266,9.3,86,35.37,35.37
35,107,UMI,270.0,43.63725,-79.46548,100.0,10.836,10.8,109,43.04,43.04
36,108,UMI,30.0,43.63725,-79.45877,100.0,10.057,10.1,102,37.88,37.88
36,109,UMI,150.0,43.63725,-79.45877,100.0,4.504,4.5,65,22.22,22.22
36,110,UMI,270.0,43.63725,-79.45877,100.0,5.732,5.7,73,27.86,27.86
37,111,UMI,30.0,43.63725,-79.45207,100.0,15.941,15.9,206,69.78,69.78
37,112,UMI,150.0,43.63725,-79.45207,100.0,14.112,14.1,152,56.76,56.76
37,113,UMI,270.0,43.63725,-79.45207,100.0,10.488,10.5,113,43.77,43.77
38,114,UMI,30.0,43.63725,-79.44536,100.0,32.845,32.8,350,137.87,137.87
38,115,UMI,150.0,43.63725,-79.44536,100.0,20.947,20.9,192,83.83,83.83
38,116,UMI,270.0,43.63725,-79.44536,100.0,24.764,24.8,221,76.51,76.51
39,117,UMI,30.0,43.63725,-79.43865,100.0,36.019,36.0,411,159.89,159.89
39,118,UMI,150.0,43.63725,-79.43865,100.0,30.824,30.8,310,117.16,117.16
39,119,UMI,270.0,43.63725,-79.43865,100.0,37.373,37.4,346,138.89,138.89
40,120,UMI,30.0,43.63725,-79.43194,100.0,47.033,47.0,439,177.84,177.84
40,121,UMI,150.0,43.63725,-79.43194,100.0,34.702,34.7,378,146.8,146.8
40,122,UMI,270.0,43.63725,-79.43194,100.0,33.304,33.3,389,137.36,137.36
41,123,UMI,30.0,43.63725,-79.42523,100.0,41.83,41.8,436,166.86,166.86
41,124,UMI,150.0,43.63725,-79.42523,100.0,40.703,40.7,369,156.43,156.43
41,125,UMI,270.0,43.63725,-79.42523,100.0,41.875,41.9,402,153.65,153.65
42,126,UMI,30.0,43.63725,-79.41853,100.0,44.209,44.2,403,159.58,159.58
42,127,UMI,150.0,43.63725,-79.41853,100.0,34.272,34.3,316,126.34,126.34
42,128,UMI,270.0,43.63725,-79.41853,100.0,37.038,37.0,408,147.77,147.77
43,129,UMI,30.0,43.63725,-79.41182,100.0,38.854,38.9,369,145.58,145.58
43,130,UMI,150.0,43.63725,-79.41182,100.0,25.961,26.0,246,95.25,95.25
43,131,UMI,270.0,43.63725,-79.41182,100.0,40.627,40.6,323,140.16,140.16
44,132,UMI,30.0,43.63725,-79.40511,100.0,26.132,26.1,292,107.74,107.74
44,133,UMI,150.0,43.63725,-79.40511,100.0,23.029,23.0,207,81.88,81.88
44,134,UMI,270.0,43.63725,-79.40511,100.0,24.625,24.6,235,88.85,88.85
45,135,UMI,30.0,43.63725,-79.3984,100.0,27.259,27.3,261,110.74,110.74
45,136,UMI,150.0,43.63725,-79.3984,100.0,17.741,17.7,174,65.55,65.55
45,137,UMI,270.0,43.63725,-79.3984,100.0,20.662,20.7,235,89.11,89.11
46,138,UMI,30.0,43.63725,-79.39169,100.0,13.784,13.8,192,61.14,61.14
46,139,UMI,150.0,43.63725,-79.39169,100.0,11.781,11.8,120,46.13,46.13
46,140,UMI,270.0,43.63725,-79.39169,100.0,18.81,18.8,181,74.09,74.09
47,141,UMI,30.0,43.63725,-79.38498,100.0,13.441,13.4,140,55.74,55.74
47,142,UMI,150.0,43.63725,-79.38498,100.0,8.015,8.0,83,28.99,28.99
47,143,UMI,270.0,43.63725,-79.38498,100.0,12.11,12.1,103,39.33,39.33
48,144,UMI,30.0,43.63725,-79.37828,100.0,7.71,7.7,83,28.58,28.58
48,145,UMI,150.0,43.63725,-79.37828,100.0,5.037,5.0,66,24.26,24.26
48,146,UMI,270.0,43.63725,-79.37828,100.0,7.653,7.7,84,29.74,29.74
49,147,UMI,30.0,43.63725,-79.37157,100.0,6.696,6.7,69,30.91,30.91
49,148,UMI,150.0,43.63725,-79.37157,100.0,2.566,2.6,27,10.02,10.02
49,149,UMI,270.0,43.63725,-79.37157,100.0,2.882,2.9,35,11.88,11.88
50,150,UMI,30.0,43.63725,-79.35144,100.0,3.103,3.1,49,13.99,13.99
50,151,UMI,150.0,43.63725,-79.35144,100.0,7.085,7.1,49,17.91,17.91
50,152,UMI,270.0,43.63725,-79.35144,100.0,5.917,5.9,53,25.8,25.8
51,153,UMI,30.0,43.63725,-79.34474,100.0,4.118,4.1,45,17.32,17.32
51,154,UMI,150.0,43.63725,-79.34474,100.0,3.932,3.9,40,14.97,14.97
51,155,UMI,270.0,43.63725,-79.34474,100.0,7.799,7.8,57,25.85,25.85
52,156,UMI,30.0,43.64144,-79.48225,100.0,16.32,16.3,181,68.68,68.68
52,157,UMI,150.0,43.64144,-79.48225,100.0,15.1,15.1,149,57.82,57.82
52,158,UMI,270.0,43.64144,-79.48225,100.0,11.744,11.7,108,53.8,53.8
53,159,UMI,30.0,43.64144,-79.47554,100.0,27.415,27.4,249,97.44,97.44
53,160,UMI,150.0,43.64144,-79.47554,100.0,18.615,18.6,210,80.83,80.83
53,161,UMI,270.0,43.64144,-79.47554,100.0,21.952,22.0,216,86.39,86.39
54,162,UMI,30.0,43.64144,-79.46884,100.0,11.173,11.2,153,56.37,56.37
54,163,UMI,150.0,43.64144,-79.46884,100.0,15.34,15.3,141,54.12,54.12
54,164,UMI,270.0,43.64144,-79.46884,100.0,15.852,15.9,172,61.01,61.01
55,165,UMI,30.0,43.64144,-79.46213,100.0,19.211,19.2,168,74.08,74.08
55,166,UMI,150.0,43.64144,-79.46213,100.0,12.364,12.4,118,46.85,46.85
55,167,UMI,270.0,43.64144,-79.46213,100.0,10.674,10.7,109,43.74,43.74
56,168,UMI,30.0,43.64144,-79.45542,100.0,30.603,30.6,285,113.69,113.69
56,169,UMI,150.0,43.64144,-79.45542,100.0,19.641,19.6,227,74.23,74.23
56,170,UMI,270.0,43.64144,-79.45542,100.0,18.597,18.6,185,83.42,83.42
57,171,UMI,30.0,43.64144,-79.44871,100.0,39.344,39.3,412,150.9,150.9
57,172,UMI,150.0,43.64144,-79.44871,100.0,38.031,38.0,385,137.66,137.66
57,173,UMI,270.0,43.64144,-79.44871,100.0,35.494,35.5,367,138.93,138.93
58,174,UMI,30.0,43.64144,-79.442,100.0,44.512,44.5,499,183.1,183.1
58,175,UMI,150.0,43.64144,-79.442,100.0,40.092,40.1,418,162.81,162.81
58,176,UMI,270.0,43.64144,-79.442,100.0,42.439,42.4,496,186.01,186.01
59,177,UMI,30.0,43.64144,-79.4353,100.0,63.627,63.6,549,233.59,233.59
59,178,UMI,150.0,43.64144,-79.4353,100.0,50.749,50.7,473,180.84,180.84
59,179,UMI,270.0,43.64144,-79.4353,100.0,56.717,56.7,513,220.67,220.67
60,180,UMI,30.0,43.64144,-79.42859,100.0,56.734,56.7,562,211.16,211.16
60,181,UMI,150.0,43.64144,-79.42859,100.0,40.428,40.4,462,164.84,164.84
60,182,UMI,270.0,43.64144,-79.42859,100.0,63.479,63.5,565,234.77,234.77
61,183,UMI,30.0,43.64144,-79.42188,100.0,52.14,52.1,554,217.32,217.32
61,184,UMI,150.0,43.64144,-79.42188,100.0,49.101,49.1,507,177.54,177.54
61,185,UMI,270.0,43.64144,-79.42188,100.0,56.023,56.0,503,211.27,211.27
62,186,UMI,30.0,43.64144,-79.41517,100.0,49.871,49.9,542,197.6,197.6
62,187,UMI,150.0,43.64144,-79.41517,100.0,46.297,46.3,494,193.67,193.67
62,188,UMI,270.0,43.64144,-79.41517,100.0,51.185,51.2,497,190.79,190.79
63,189,UMI,30.0,43.64144,-79.40846,100.0,42.543,42.5,461,174.24,174.24
63,190,UMI,150.0,43.64144,-79.40846,100.0,37.341,37.3,396,149.27,149.27
63,191,UMI,270.0,43.64144,-79.40846,100.0,53.605,53.6,494,211.48,211.48
64,192,UMI,30.0,43.64144,-79.40175,100.0,47.267,47.3,459,178.56,178.56
64,193,UMI,150.0,43.64144,-79.40175,100.0,25.713,25.7,311,111.11,111.11
64,194,UMI,270.0,43.64144,-79.40175,100.0,47.55,47.5,433,186.44,186.44
65,195,UMI,30.0,43.64144,-79.39505,100.0,28.364,28.4,301,115.07,115.07
65,196,UMI,150.0,43.64144,-79.39505,100.0,29.642,29.6,267,108.19,108.19
65,197,UMI,270.0,43.64144,-79.39505,100.0,34.942,34.9,305,137.64,137.64
66,198,UMI,30.0,43.64144,-79.38834,100.0,27.353,27.4,261,101.92,101.92
66,199,UMI,150.0,43.64144,-79.38834,100.0,18.366,18.4,214,73.45,73.45
66,200,UMI,270.0,43.64144,-79.38834,100.0,36.744,36.7,279,121.61,121.61
67,201,UMI,30.0,43.64144,-79.38163,100.0,15.808,15.8,197,63.97,63.97
67,202,UMI,150.0,43.64144,-79.38163,100.0,16.346,16.3,161,60.4,60.4
67,203,UMI,270.0,43.64144,-79.38163,100.0,19.652,19.7,193,83.27,83.27
68,204,UMI,30.0,43.64144,-79.37492,100.0,11.313,11.3,135,48.15,48.15
68,205,UMI,150.0,43.64144,-79.37492,100.0,15.561,15.6,129,53.81,53.81
68,206,UMI,270.0,43.64144,-79.37492,100.0,17.899,17.9,138,62.6,62.6
69,207,UMI,30.0,43.64144,-79.36821,100.0,14.557,14.6,121,54.77,54.77
69,208,UMI,150.0,43.64144,-79.36821,100.0,7.085,7.1,82,33.48,33.48
69,209,UMI,270.0,43.64144,-79.36821,100.0,11.756,11.8,105,41.56,41.56
70,210,UMI,30.0,43.64144,-79.3548,100.0,7.776,7.8,100,33.21,33.21
70,211,UMI,150.0,43.64144,-79.3548,100.0,8.949,8.9,88,31.5,31.5
70,212,UMI,270.0,43.64144,-79.3548,100.0,7.605,7.6,76,27.93,27.93
71,213,UMI,30.0,43.64144,-79.34809,100.0,9.131,9.1,110,41.86,41.86
71,214,UMI,150.0,43.64144,-79.34809,100.0,12.266,12.3,97,43.06,43.06
71,215,UMI,270.0,43.64144,-79.34809,100.0,10.237,10.2,78,32.78,32.78
72,216,UMI,30.0,43.64144,-79.34138,100.0,10.39,10.4,89,34.24,34.24
72,217,UMI,150.0,43.64144,-79.34138,100.0,6.129,6.1,57,24.33,24.33
72,218,UMI,270.0,43.64144,-79.34138,100.0,10.56,10.6,101,47.68,47.68
73,219,UMI,30.0,43.64144,-79.33467,100.0,2.491,2.5,38,11.3,11.3
73,220,UMI,150.0,43.64144,-79.33467,100.0,2.733,2.7,38,14.97,14.97
73,221,UMI,270.0,43.64144,-79.33467,100.0,7.695,7.7,59,27.37,27.37
74,222,UMI,30.0,43.64564,-79.4789,100.0,27.455,27.5,299,112.99,112.99
74,223,UMI,150.0,43.64564,-79.4789,100.0,27.731,27.7,295,110.95,110.95
74,224,UMI,270.0,43.64564,-79.4789,100.0,19.593,19.6,208,84.11,84.11
75,225,UMI,30.0,43.64564,-79.47219,100.0,28.453,28.5,266,105.73,105.73
75,226,UMI,150.0,43.64564,-79.47219,100.0,20.797,20.8,214,73.97,73.97
75,227,UMI,270.0,43.64564,-79.47219,100.0,31.141,31.1,286,116.73,116.73
76,228,UMI,30.0,43.64564,-79.46548,100.0,22.656,22.7,186,72.39,72.39
76,229,UMI,150.0,43.64564,-79.46548,100.0,17.365,17.4,154,64.87,64.87
76,230,UMI,270.0,43.64564,-79.46548,100.0,17.027,17.0,175,66.55,66.55
77,231,UMI,30.0,43.64564,-79.45877,100.0,27.772,27.8,275,104.92,104.92
77,232,UMI,150.0,43.64564,-79.45877,100.0,27.248,27.2,243,108.99,108.99
77,233,UMI,270.0,43.64564,-79.45877,100.0,18.769,18.8,183,75.52,75.52
78,234,UMI,30.0,43.64564,-79.45207,100.0,53.759,53.8,468,191.81,191.81
78,235,UMI,150.0,43.64564,-79.45207,100.0,53.617,53.6,442,181.4,181.4
78,236,UMI,270.0,43.64564,-79.45207,100.0,42.433,42.4,391,160.08,160.08
79,237,UMI,30.0,43.64564,-79.44536,100.0,70.926,70.9,549,237.25,237.25
79,238,UMI,150.0,43.64564,-79.44536,100.0,52.353,52.4,505,207.06,207.06
79,239,UMI,270.0,43.64564,-79.44536,100.0,49.79,49.8,478,190.45,190.45
80,240,UMI,30.0,43.64564,-79.43865,100.0,58.704,58.7,564,227.23,227.23
80,241,UMI,150.0,43.64564,-79.43865,100.0,55.672,55.7,533,216.19,216.19
80,242,UMI,270.0,43.64564,-79.43865,100.0,52.831,52.8,524,206.38,206.38
81,243,UMI,30.0,43.64564,-79.43194,100.0,58.824,58.8,600,242.1,242.1
81,244,UMI,150.0,43.64564,-79.43194,100.0,69.716,69.7,555,207.65,207.65
81,245,UMI,270.0,43.64564,-79.43194,100.0,64.994,65.0,570,230.25,230.25
82,246,UMI,30.0,43.64564,-79.42523,100.0,61.38,61.4,617,230.21,230.21
82,247,UMI,150.0,43.64564,-79.42523,100.0,54.528,54.5,573,229.95,229.95
82,248,UMI,270.0,43.64564,-79.42523,100.0,67.308,67.3,643,268.27,268.27
83,249,UMI,30.0,43.64564,-79.41853,100.0,56.249,56.2,562,231.85,231.85
83,250,UMI,150.0,43.64564,-79.41853,100.0,55.472,55.5,570,219.92,219.92
83,251,UMI,270.0,43.64564,-79.41853,100.0,55.266,55.3,554,214.98,214.98
84,252,UMI,30.0,43.64564,-79.41182,100.0,68.572,68.6,559,231.7,231.7
84,253,UMI,150.0,43.64564,-79.41182,100.0,51.354,51.4,504,193.41,193.41
84,254,UMI,270.0,43.64564,-79.41182,100.0,53.153,53.2,542,222.62,222.62
85,255,UMI,30.0,43.64564,-79.40511,100.0,54.295,54.3,536,203.06,203.06
85,256,UMI,150.0,43.64564,-79.40511,100.0,45.672,45.7,446,173.62,173.62
85,257,UMI,270.0,43.64564,-79.40511,100.0,64.35,64.4,581,223.94,223.94
86,258,UMI,30.0,43.64564,-79.3984,100.0,46.263,46.3,527,190.05,190.05
86,259,UMI,150.0,43.64564,-79.3984,100.0,48.237,48.2,463,187.02,187.02
86,260,UMI,270.0,43.64564,-79.3984,100.0,49.694,49.7,545,207.16,207.16
87,261,UMI,30.0,43.64564,-79.39169,100.0,32.568,32.6,395,142.28,142.28
87,262,UMI,150.0,43.64564,-79.39169,100.0,35.767,35.8,369,124.3,124.3
87,263,UMI,270.0,43.64564,-79.39169,100.0,50.133,50.1,466,183.28,183.28
88,264,UMI,30.0,43.64564,-79.38498,100.0,46.167,46.2,307,147.59,147.59
88,265,UMI,150.0,43.64564,-79.38498,100.0,25.94,25.9,295,109.27,109.27
88,266,UMI,270.0,43.64564,-79.38498,100.0,32.131,32.1,298,122.64,122.64
89,267,UMI,30.0,43.64564,-79.37828,100.0,28.962,29.0,270,106.99,106.99
89,268,UMI,150.0,43.64564,-79.37828,100.0,25.408,25.4,206,87.21,87.21
89,269,UMI,270.0,43.64564,-79.37828,100.0,20.396,20.4,229,85.71,85.71
90,270,UMI,30.0,43.64564,-79.37157,100.0,31.285,31.3,283,125.28,125.28
90,271,UMI,150.0,43.64564,-79.37157,100.0,19.18,19.2,212,82.12,82.12
90,272,UMI,270.0,43.64564,-79.37157,100.0,25.881,25.9,245,99.66,99.66
91,273,UMI,30.0,43.64564,-79.36486,100.0,22.39,22.4,199,80.09,80.09
91,274,UMI,150.0,43.64564,-79.36486,100.0,15.812,15.8,154,69.06,69.06
91,275,UMI,270.0,43.64564,-79.36486,100.0,21.267,21.3,197,78.58,78.58
92,276,UMI,30.0,43.64564,-79.35815,100.0,13.662,13.7,160,52.7,52.7
92,277,UMI,150.0,43.64564,-79.35815,100.0,13.897,13.9,123,46.99,46.99
92,278,UMI,270.0,43.64564,-79.35815,100.0,16.581,16.6,172,57.39,57.39
93,279,UMI,30.0,43.64564,-79.35144,100.0,15.914,15.9,166,61.08,61.08
93,280,UMI,150.0,43.64564,-79.35144,100.0,11.009,11.0,119,43.87,43.87
93,281,UMI,270.0,43.64564,-79.35144,100.0,17.381,17.4,151,64.03,64.03
94,282,UMI,30.0,43.64564,-79.34474,100.0,19.881,19.9,147,70.39,70.39
94,283,UMI,150.0,43.64564,-79.34474,100.0,10.92,10.9,97,38.34,38.34
94,284,UMI,270.0,43.64564,-79.34474,100.0,16.086,16.1,138,53.56,53.56
95,285,UMI,30.0,43.64564,-79.33803,100.0,12.448,12.4,123,50.13,50.13
95,286,UMI,150.0,43.64564,-79.33803,100.0,6.737,6.7,76,25.73,25.73
95,287,UMI,270.0,43.64564,-79.33803,100.0,8.843,8.8,105,41.74,41.74
96,288,UMI,30.0,43.64564,-79.33132,100.0,5.603,5.6,63,26.37,26.37
96,289,UMI,150.0,43.64564,-79.33132,100.0,6.608,6.6,56,24.49,24.49
96,290,UMI,270.0,43.64564,-79.33132,100.0,9.441,9.4,84,26.39,26.39
97,291,UMI,30.0,43.64564,-79.32461,100.0,4.312,4.3,41,20.24,20.24
97,292,UMI,150.0,43.64564,-79.32461,100.0,4.6,4.6,35,18.65,18.65
97,293,UMI,270.0,43.64564,-79.32461,100.0,4.864,4.9,60,19.82,19.82
98,294,UMI,30.0,43.64984,-79.48225,100.0,28.305,28.3,294,104.48,104.48
98,295,UMI,150.0,43.64984,-79.48225,100.0,31.884,31.9,262,110.3,110.3
98,296,UMI,270.0,43.64984,-79.48225,100.0,16.901,16.9,199,76.74,76.74
99,297,UMI,30.0,43.64984,-79.47554,100.0,34.904,34.9,379,145.51,145.51
99,298,UMI,150.0,43.64984,-79.47554,100.0,36.377,36.4,367,146.24,146.24
99,299,UMI,270.0,43.64984,-79.47554,100.0,36.759,36.8,359,146.24,146.24
100,300,UMI,30.0,43.64984,-79.46884,100.0,34.282,34.3,317,127.44,127.44
100,301,UMI,150.0,43.64984,-79.46884,100.0,25.233,25.2,233,91.81,91.81
100,302,UMI,270.0,43.64984,-79.46884,100.0,34.814,34.8,340,143.69,143.69
101,303,UMI,30.0,43.64984,-79.46213,100.0,27.177,27.2,272,108.41,108.41
101,304,UMI,150.0,43.64984,-79.46213,100.0,19.969,20.0,235,81.31,81.31
101,305,UMI,270.0,43.64984,-79.46213,100.0,26.634,26.6,261,105.24,105.24
102,306,UMI,30.0,43.64984,-79.45542,100.0,46.309,46.3,432,171.03,171.03
102,307,UMI,150.0,43.64984,-79.45542,100.0,40.803,40.8,451,174.77,174.77
102,308,UMI,270.0,43.64984,-79.45542,100.0,37.98,38.0,356,128.73,128.73
103,309,UMI,30.0,43.64984,-79.44871,100.0,56.771,56.8,524,198.08,198.08
103,310,UMI,150.0,43.64984,-79.44871,100.0,64.144,64.1,532,232.46,232.46
103,311,UMI,270.0,43.64984,-79.44871,100.0,56.513,56.5,496,210.45,210.45
104,312,UMI,30.0,43.64984,-79.442,100.0,45.528,45.5,525,195.89,195.89
104,313,UMI,150.0,43.64984,-79.442,100.0,56.53,56.5,541,216.71,216.71
104,314,UMI,270.0,43.64984,-79.442,100.0,48.565,48.6,526,187.99,187.99
105,315,UMI,30.0,43.64984,-79.4353,100.0,56.534,56.5,551,207.72,207.72
105,316,UMI,150.0,43.64984,-79.4353,100.0,60.374,60.4,586,220.77,220.77
105,317,UMI,270.0,43.64984,-79.4353,100.0,58.148,58.1,558,217.48,217.48
106,318,UMI,30.0,43.64984,-79.42859,100.0,61.569,61.6,613,234.42,234.42
106,319,UMI,150.0,43.64984,-79.42859,100.0,58.796,58.8,565,222.49,222.49
106,320,UMI,270.0,43.64984,-79.42859,100.0,64.787,64.8,636,247.12,247.12
107,321,UMI,30.0,43.64984,-79.42188,100.0,61.874,61.9,621,239.74,239.74
107,322,UMI,150.0,43.64984,-79.42188,100.0,60.012,60.0,632,235.39,235.39
107,323,UMI,270.0,43.64984,-79.42188,100.0,64.684,64.7,613,242.18,242.18
108,324,UMI,30.0,43.64984,-79.41517,100.0,63.26,63.3,622,234.63,234.63
108,325,UMI,150.0,43.64984,-79.41517,100.0,56.214,56.2,569,225.56,225.56
108,326,UMI,270.0,43.64984,-79.41517,100.0,67.754,67.8,612,241.81,241.81
109,327,UMI,30.0,43.64984,-79.40846,100.0,64.904,64.9,606,237.97,237.97
109,328,UMI,150.0,43.64984,-79.40846,100.0,59.305,59.3,570,224.35,224.35
109,329,UMI,270.0,43.64984,-79.40846,100.0,63.724,63.7,623,238.85,238.85
110,330,UMI,30.0,43.64984,-79.40175,100.0,65.472,65.5,601,252.65,252.65
110,331,UMI,150.0,43.64984,-79.40175,100.0,67.817,67.8,587,251.13,251.13
110,332,UMI,270.0,43.64984,-79.40175,100.0,64.564,64.6,603,240.53,240.53
111,333,UMI,30.0,43.64984,-79.39505,100.0,55.893,55.9,504,195.74,195.74
111,334,UMI,150.0,43.64984,-79.39505,100.0,47.776,47.8,476,192.76,192.76
111,335,UMI,270.0,43.64984,-79.39505,100.0,50.22,50.2,536,207.8,207.8
112,336,UMI,30.0,43.64984,-79.38834,100.0,40.965,41.0,384,144.03,144.03
112,337,UMI,150.0,43.64984,-79.38834,100.0,37.019,37.0,373,150.0,150.0
112,338,UMI,270.0,43.64984,-79.38834,100.0,51.065,51.1,430,185.07,185.07
113,339,UMI,30.0,43.64984,-79.38163,100.0,30.799,30.8,335,134.33,134.33
113,340,UMI,150.0,43.64984,-79.38163,100.0,27.041,27.0,271,109.23,109.23
113,341,UMI,270.0,43.64984,-79.38163,100.0,32.979,33.0,320,113.86,113.86
114,342,UMI,30.0,43.64984,-79.37492,100.0,41.613,41.6,377,154.29,154.29
114,343,UMI,150.0,43.64984,-79.37492,100.0,40.655,40.7,343,143.74,143.74
114,344,UMI,270.0,43.64984,-79.37492,100.0,37.565,37.6,344,142.86,142.86
115,345,UMI,30.0,43.64984,-79.36821,100.0,37.925,37.9,391,150.64,150.64
115,346,UMI,150.0,43.64984,-79.36821,100.0,32.665,32.7,324,128.26,128.26
115,347,UMI,270.0,43.64984,-79.36821,100.0,35.802,35.8,415,150.82,150.82
116,348,UMI,30.0,43.64984,-79.36151,100.0,34.506,34.5,339,135.59,135.59
116,349,UMI,150.0,43.64984,-79.36151,100.0,25.742,25.7,240,89.13,89.13
116,350,UMI,270.0,43.64984,-79.36151,100.0,41.102,41.1,359,148.2,148.2
117,351,UMI,30.0,43.64984,-79.3548,100.0,24.013,24.0,252,98.13,98.13
117,352,UMI,150.0,43.64984,-79.3548,100.0,16.703,16.7,173,72.55,72.55
117,353,UMI,270.0,43.64984,-79.3548,100.0,22.2,22.2,239,90.84,90.84
118,354,UMI,30.0,43.64984,-79.34809,100.0,19.061,19.1,216,79.24,79.24
118,355,UMI,150.0,43.64984,-79.34809,100.0,19.411,19.4,175,73.98,73.98
118,356,UMI,270.0,43.64984,-79.34809,100.0,21.441,21.4,209,73.58,73.58
119,357,UMI,30.0,43.64984,-79.34138,100.0,23.526,23.5,216,84.15,84.15
119,358,UMI,150.0,43.64984,-79.34138,100.0,18.37,18.4,176,71.32,71.32
119,359,UMI,270.0,43.64984,-79.34138,100.0,19.206,19.2,193,74.66,74.66
120,360,UMI,30.0,43.64984,-79.33467,100.0,13.824,13.8,158,59.43,59.43
120,361,UMI,150.0,43.64984,-79.33467,100.0,11.698,11.7,101,40.25,40.25
120,362,UMI,270.0,43.64984,-79.33467,100.0,15.432,15.4,163,63.97,63.97
121,363,UMI,30.0,43.64984,-79.32797,100.0,11.099,11.1,114,47.63,47.63
121,364,UMI,150.0,43.64984,-79.32797,100.0,4.885,4.9,65,22.02,22.02
121,365,UMI,270.0,43.64984,-79.32797,100.0,9.96,10.0,102,38.82,38.82
122,366,UMI,30.0,43.64984,-79.32126,100.0,5.93,5.9,65,24.52,24.52
122,367,UMI,150.0,43.64984,-79.32126,100.0,3.831,3.8,40,14.24,14.24
122,368,UMI,270.0,43.64984,-79.32126,100.0,5.484,5.5,62,25.33,25.33
123,369,UMI,30.0,43.65403,-79.4789,100.0,39.277,39.3,413,158.0,158.0
123,370,UMI,150.0,43.65403,-79.4789,100.0,40.418,40.4,407,160.17,160.17
123,371,UMI,270.0,43.65403,-79.4789,100.0,35.825,35.8,368,150.61,150.61
124,372,UMI,30.0,43.65403,-79.47219,100.0,47.883,47.9,456,184.88,184.88
124,373,UMI,150.0,43.65403,-79.47219,100.0,38.41,38.4,380,143.66,143.66
124,374,UMI,270.0,43.65403,-79.47219,100.0,41.518,41.5,425,147.69,147.69
125,375,UMI,30.0,43.65403,-79.46548,100.0,43.215,43.2,398,161.36,161.36
125,376,UMI,150.0,43.65403,-79.46548,100.0,29.448,29.4,317,120.89,120.89
125,377,UMI,270.0,43.65403,-79.46548,100.0,39.349,39.3,385,150.84,150.84
126,378,UMI,30.0,43.65403,-79.45877,100.0,46.679,46.7,487,180.19,180.19
126,379,UMI,150.0,43.65403,-79.45877,100.0,43.715,43.7,417,163.23,163.23
126,380,UMI,270.0,43.65403,-79.45877,100.0,42.228,42.2,420,154.23,154.23
127,381,UMI,30.0,43.65403,-79.45207,100.0,51.24,51.2,503,191.31,191.31
127,382,UMI,150.0,43.65403,-79.45207,100.0,49.458,49.5,514,189.85,189.85
127,383,UMI,270.0,43.65403,-79.45207,100.0,53.925,53.9,531,211.82,211.82
128,384,UMI,30.0,43.65403,-79.44536,100.0,62.386,62.4,548,212.06,212.06
128,385,UMI,150.0,43.65403,-79.44536,100.0,47.337,47.3,494,202.19,202.19
128,386,UMI,270.0,43.65403,-79.44536,100.0,46.061,46.1,527,189.02,189.02
129,387,UMI,30.0,43.65403,-79.43865,100.0,54.144,54.1,539,202.43,202.43
129,388,UMI,150.0,43.65403,-79.43865,100.0,59.57,59.6,562,226.7,226.7
129,389,UMI,270.0,43.65403,-79.43865,100.0,52.048,52.0,519,210.62,210.62
130,390,UMI,30.0,43.65403,-79.43194,100.0,70.312,70.3,608,231.5,231.5
130,391,UMI,150.0,43.65403,-79.43194,100.0,66.427,66.4,652,245.09,245.09
130,392,UMI,270.0,43.65403,-79.43194,100.0,60.279,60.3,551,231.0,231.0
131,393,UMI,30.0,43.65403,-79.42523,100.0,59.12,59.1,597,234.35,234.35
131,394,UMI,150.0,43.65403,-79.42523,100.0,69.459,69.5,621,237.68,237.68
131,395,UMI,270.0,43.65403,-79.42523,100.0,81.769,81.8,620,272.77,272.77
132,396,UMI,30.0,43.65403,-79.41853,100.0,61.681,61.7,560,229.76,229.76
132,397,UMI,150.0,43.65403,-79.41853,100.0,65.684,65.7,600,241.8,241.8
132,398,UMI,270.0,43.65403,-79.41853,100.0,66.532,66.5,635,261.96,261.96
133,399,UMI,30.0,43.65403,-79.41182,100.0,70.145,70.1,640,246.96,246.96
133,400,UMI,150.0,43.65403,-79.41182,100.0,60.423,60.4,618,250.87,250.87
133,401,UMI,270.0,43.65403,-79.41182,100.0,63.076,63.1,612,240.07,240.07
134,402,UMI,30.0,43.65403,-79.40511,100.0,56.329,56.3,611,230.58,230.58
134,403,UMI,150.0,43.65403,-79.40511,100.0,64.997,65.0,592,232.12,232.12
134,404,UMI,270.0,43.65403,-79.40511,100.0,74.524,74.5,662,271.12,271.12
135,405,UMI,30.0,43.65403,-79.3984,100.0,51.495,51.5,546,202.65,202.65
135,406,UMI,150.0,43.65403,-79.3984,100.0,50.269,50.3,536,208.69,208.69
135,407,UMI,270.0,43.65403,-79.3984,100.0,57.27,57.3,607,226.64,226.64
136,408,UMI,30.0,43.65403,-79.39169,100.0,38.917,38.9,435,152.37,152.37
136,409,UMI,150.0,43.65403,-79.39169,100.0,46.536,46.5,457,169.17,169.17
136,410,UMI,270.0,43.65403,-79.39169,100.0,56.056,56.1,541,217.53,217.53
137,411,UMI,30.0,43.65403,-79.38498,100.0,39.1,39.1,365,142.62,142.62
137,412,UMI,150.0,43.65403,-79.38498,100.0,37.528,37.5,375,146.59,146.59
137,413,UMI,270.0,43.65403,-79.38498,100.0,51.465,51.5,396,175.09,175.09
138,414,UMI,30.0,43.65403,-79.37828,100.0,35.589,35.6,441,142.14,142.14
138,415,UMI,150.0,43.65403,-79.37828,100.0,36.92,36.9,377,151.67,151.67
138,416,UMI,270.0,43.65403,-79.37828,100.0,38.557,38.6,363,152.81,152.81
139,417,UMI,30.0,43.65403,-79.37157,100.0,51.379,51.4,501,193.84,193.84
139,418,UMI,150.0,43.65403,-79.37157,100.0,47.374,47.4,442,177.29,177.29
139,419,UMI,270.0,43.65403,-79.37157,100.0,52.114,52.1,454,187.04,187.04
140,420,UMI,30.0,43.65403,-79.36486,100.0,55.881,55.9,475,203.11,203.11
140,421,UMI,150.0,43.65403,-79.36486,100.0,48.675,48.7,410,168.54,168.54
140,422,UMI,270.0,43.65403,-79.36486,100.0,52.171,52.2,511,200.69,200.69
141,423,UMI,30.0,43.65403,-79.35815,100.0,35.977,36.0,375,145.9,145.9
141,424,UMI,150.0,43.65403,-79.35815,100.0,31.933,31.9,354,123.7,123.7
141,425,UMI,270.0,43.65403,-79.35815,100.0,40.086,40.1,413,158.76,158.76
142,426,UMI,30.0,43.65403,-79.35144,100.0,26.464,26.5,269,103.92,103.92
142,427,UMI,150.0,43.65403,-79.35144,100.0,29.46,29.5,283,111.11,111.11
142,428,UMI,270.0,43.65403,-79.35144,100.0,27.868,27.9,292,115.12,115.12
143,429,UMI,30.0,43.65403,-79.34474,100.0,38.424,38.4,357,138.25,138.25
143,430,UMI,150.0,43.65403,-79.34474,100.0,30.844,30.8,274,104.17,104.17
143,431,UMI,270.0,43.65403,-79.34474,100.0,29.434,29.4,310,120.47,120.47
144,432,UMI,30.0,43.65403,-79.33803,100.0,37.326,37.3,334,148.11,148.11
144,433,UMI,150.0,43.65403,-79.33803,100.0,23.021,23.0,240,92.37,92.37
144,434,UMI,270.0,43.65403,-79.33803,100.0,28.587,28.6,293,113.92,113.92
145,435,UMI,30.0,43.65403,-79.33132,100.0,28.637,28.6,231,102.44,102.44
145,436,UMI,150.0,43.65403,-79.33132,100.0,17.228,17.2,147,66.91,66.91
145,437,UMI,270.0,43.65403,-79.33132,100.0,23.276,23.3,210,79.68,79.68
146,438,UMI,30.0,43.65403,-79.32461,100.0,17.478,17.5,173,61.3,61.3
146,439,UMI,150.0,43.65403,-79.32461,100.0,11.464,11.5,93,36.95,36.95
146,440,UMI,270.0,43.65403,-79.32461,100.0,12.057,12.1,127,49.41,49.41
147,441,UMI,30.0,43.65403,-79.3179,100.0,7.956,8.0,89,31.16,31.16
147,442,UMI,150.0,43.65403,-79.3179,100.0,4.557,4.6,56,19.83,19.83
147,443,UMI,270.0,43.65403,-79.3179,100.0,8.578,8.6,99,34.68,34.68
148,444,UMI,30.0,43.65823,-79.48225,100.0,44.941,44.9,411,173.71,173.71
148,445,UMI,150.0,43.65823,-79.48225,100.0,45.961,46.0,415,180.57,180.57
148,446,UMI,270.0,43.65823,-79.48225,100.0,26.525,26.5,288,113.68,113.68
149,447,UMI,30.0,43.65823,-79.47554,100.0,52.736,52.7,538,210.93,210.93
149,448,UMI,150.0,43.65823,-79.47554,100.0,46.544,46.5,466,187.02,187.02
149,449,UMI,270.0,43.65823,-79.47554,100.0,52.573,52.6,506,198.07,198.07
150,450,UMI,30.0,43.65823,-79.46884,100.0,52.81,52.8,499,208.79,208.79
150,451,UMI,150.0,43.65823,-79.46884,100.0,48.278,48.3,488,196.66,196.66
150,452,UMI,270.0,43.65823,-79.46884,100.0,57.775,57.8,516,206.08,206.08
151,453,UMI,30.0,43.65823,-79.46213,100.0,53.745,53.7,507,201.63,201.63
151,454,UMI,150.0,43.65823,-79.46213,100.0,56.0,56.0,507,195.44,195.44
151,455,UMI,270.0,43.65823,-79.46213,100.0,52.285,52.3,458,171.99,171.99
152,456,UMI,30.0,43.65823,-79.45542,100.0,52.331,52.3,528,198.08,198.08
152,457,UMI,150.0,43.65823,-79.45542,100.0,54.411,54.4,500,198.95,198.95
152,458,UMI,270.0,43.65823,-79.45542,100.0,60.411,60.4,522,224.76,224.76
153,459,UMI,30.0,43.65823,-79.44871,100.0,58.418,58.4,575,225.38,225.38
153,460,UMI,150.0,43.65823,-79.44871,100.0,52.52,52.5,542,202.96,202.96
153,461,UMI,270.0,43.65823,-79.44871,100.0,50.596,50.6,482,185.68,185.68
154,462,UMI,30.0,43.65823,-79.442,100.0,53.323,53.3,550,185.36,185.36
154,463,UMI,150.0,43.65823,-79.442,100.0,66.635,66.6,586,228.58,228.58
154,464,UMI,270.0,43.65823,-79.442,100.0,56.168,56.2,541,218.95,218.95
155,465,UMI,30.0,43.65823,-79.4353,100.0,60.255,60.3,567,231.05,231.05
155,466,UMI,150.0,43.65823,-79.4353,100.0,53.192,53.2,557,222.44,222.44
155,467,UMI,270.0,43.65823,-79.4353,100.0,49.625,49.6,486,197.99,197.99
156,468,UMI,30.0,43.65823,-79.42859,100.0,57.852,57.9,641,233.34,233.34
156,469,UMI,150.0,43.65823,-79.42859,100.0,64.642,64.6,599,247.32,247.32
156,470,UMI,270.0,43.65823,-79.42859,100.0,66.092,66.1,569,232.81,232.81
157,471,UMI,30.0,43.65823,-79.42188,100.0,55.899,55.9,611,228.19,228.19
157,472,UMI,150.0,43.65823,-79.42188,100.0,65.083,65.1,586,232.24,232.24
157,473,UMI,270.0,43.65823,-79.42188,100.0,61.532,61.5,627,235.62,235.62
158,474,UMI,30.0,43.65823,-79.41517,100.0,60.623,60.6,654,230.24,230.24
158,475,UMI,150.0,43.65823,-79.41517,100.0,67.23,67.2,640,257.68,257.68
158,476,UMI,270.0,43.65823,-79.41517,100.0,74.589,74.6,656,280.27,280.27
159,477,UMI,30.0,43.65823,-79.40846,100.0,76.303,76.3,662,264.0,264.0
159,478,UMI,150.0,43.65823,-79.40846,100.0,59.262,59.3,610,240.99,240.99
159,479,UMI,270.0,43.65823,-79.40846,100.0,65.842,65.8,615,243.26,243.26
160,480,UMI,30.0,43.65823,-79.40175,100.0,58.08,58.1,557,217.04,217.04
160,481,UMI,150.0,43.65823,-79.40175,100.0,54.937,54.9,562,217.28,217.28
160,482,UMI,270.0,43.65823,-79.40175,100.0,56.394,56.4,584,218.25,218.25
161,483,UMI,30.0,43.65823,-79.39505,100.0,44.3,44.3,482,176.61,176.61
161,484,UMI,150.0,43.65823,-79.39505,100.0,49.028,49.0,499,198.85,198.85
161,485,UMI,270.0,43.65823,-79.39505,100.0,44.879,44.9,507,184.09,184.09
162,486,UMI,30.0,43.65823,-79.38834,100.0,46.327,46.3,431,175.25,175.25
162,487,UMI,150.0,43.65823,-79.38834,100.0,39.929,39.9,417,154.73,154.73
162,488,UMI,270.0,43.65823,-79.38834,100.0,42.809,42.8,430,167.56,167.56
163,489,UMI,30.0,43.65823,-79.38163,100.0,38.064,38.1,440,158.06,158.06
163,490,UMI,150.0,43.65823,-79.38163,100.0,35.216,35.2,395,154.07,154.07
163,491,UMI,270.0,43.65823,-79.38163,100.0,40.605,40.6,391,163.4,163.4
164,492,UMI,30.0,43.65823,-79.37492,100.0,58.969,59.0,544,203.52,203.52
164,493,UMI,150.0,43.65823,-79.37492,100.0,56.189,56.2,519,217.33,217.33
164,494,UMI,270.0,43.65823,-79.37492,100.0,43.336,43.3,479,183.1,183.1
165,495,UMI,30.0,43.65823,-79.36821,100.0,57.096,57.1,559,230.2,230.2
165,496,UMI,150.0,43.65823,-79.36821,100.0,51.509,51.5,492,197.38,197.38
165,497,UMI,270.0,43.65823,-79.36821,100.0,51.993,52.0,541,205.75,205.75
166,498,UMI,30.0,43.65823,-79.36151,100.0,55.193,55.2,479,191.52,191.52
166,499,UMI,150.0,43.65823,-79.36151,100.0,43.561,43.6,439,170.28,170.28
166,500,UMI,270.0,43.65823,-79.36151,100.0,49.905,49.9,499,213.03,213.03
167,501,UMI,30.0,43.65823,-79.3548,100.0,39.651,39.7,389,147.48,147.48
167,502,UMI,150.0,43.65823,-79.3548,100.0,33.314,33.3,341,129.55,129.55
167,503,UMI,270.0,43.65823,-79.3548,100.0,41.865,41.9,417,154.7,154.7
168,504,UMI,30.0,43.65823,-79.34809,100.0,43.172,43.2,458,187.41,187.41
168,505,UMI,150.0,43.65823,-79.34809,100.0,45.913,45.9,419,173.78,173.78
168,506,UMI,270.0,43.65823,-79.34809,100.0,47.517,47.5,425,176.07,176.07
169,507,UMI,30.0,43.65823,-79.34138,100.0,47.138,47.1,511,197.98,197.98
169,508,UMI,150.0,43.65823,-79.34138,100.0,43.153,43.2,443,169.17,169.17
169,509,UMI,270.0,43.65823,-79.34138,100.0,41.902,41.9,467,171.9,171.9
170,510,UMI,30.0,43.65823,-79.33467,100.0,52.99,53.0,459,201.06,201.06
170,511,UMI,150.0,43.65823,-79.33467,100.0,33.595,33.6,351,141.47,141.47
170,512,UMI,270.0,43.65823,-79.33467,100.0,43.61,43.6,422,165.83,165.83
171,513,UMI,30.0,43.65823,-79.32797,100.0,32.263,32.3,322,136.04,136.04
171,514,UMI,150.0,43.65823,-79.32797,100.0,23.168,23.2,232,98.25,98.25
171,515,UMI,270.0,43.65823,-79.32797,100.0,33.244,33.2,335,135.64,135.64
172,516,UMI,30.0,43.65823,-79.32126,100.0,27.192,27.2,245,102.57,102.57
172,517,UMI,150.0,43.65823,-79.32126,100.0,15.555,15.6,174,67.97,67.97
172,518,UMI,270.0,43.65823,-79.32126,100.0,21.793,21.8,229,86.5,86.5
173,519,UMI,30.0,43.65823,-79.31455,100.0,15.007,15.0,136,57.43,57.43
173,520,UMI,150.0,43.65823,-79.31455,100.0,11.365,11.4,101,40.44,40.44
173,521,UMI,270.0,43.65823,-79.31455,100.0,14.527,14.5,147,56.55,56.55
174,522,UMI,30.0,43.65823,-79.30784,100.0,12.032,12.0,109,49.45,49.45
174,523,UMI,150.0,43.65823,-79.30784,100.0,5.452,5.5,56,22.16,22.16
174,524,UMI,270.0,43.65823,-79.30784,100.0,10.328,10.3,79,38.07,38.07
175,525,UMI,30.0,43.66242,-79.48561,100.0,30.509,30.5,300,118.66,118.66
175,526,UMI,150.0,43.66242,-79.48561,100.0,24.754,24.8,293,103.5,103.5
175,527,UMI,270.0,43.66242,-79.48561,100.0,25.594,25.6,237,100.96,100.96
176,528,UMI,30.0,43.66242,-79.4789,100.0,62.555,62.6,518,220.1,220.1
176,529,UMI,150.0,43.66242,-79.4789,100.0,53.143,53.1,484,203.22,203.22
176,530,UMI,270.0,43.66242,-79.4789,100.0,38.65,38.7,425,153.0,153.0
177,531,UMI,30.0,43.66242,-79.47219,100.0,65.58,65.6,550,225.29,225.29
177,532,UMI,150.0,43.66242,-79.47219,100.0,51.108,51.1,516,190.66,190.66
177,533,UMI,270.0,43.66242,-79.47219,100.0,47.596,47.6,504,193.82,193.82
178,534,UMI,30.0,43.66242,-79.46548,100.0,57.176,57.2,522,203.27,203.27
178,535,UMI,150.0,43.66242,-79.46548,100.0,62.148,62.1,543,232.85,232.85
178,536,UMI,270.0,43.66242,-79.46548,100.0,50.865,50.9,486,194.11,194.11
179,537,UMI,30.0,43.66242,-79.45877,100.0,50.962,51.0,539,205.17,205.17
179,538,UMI,150.0,43.66242,-79.45877,100.0,58.843,58.8,551,216.93,216.93
179,539,UMI,270.0,43.66242,-79.45877,100.0,58.398,58.4,532,208.11,208.11
180,540,UMI,30.0,43.66242,-79.45207,100.0,48.93,48.9,514,204.01,204.01
180,541,UMI,150.0,43.66242,-79.45207,100.0,55.956,56.0,565,226.96,226.96
180,542,UMI,270.0,43.66242,-79.45207,100.0,54.72,54.7,537,206.84,206.84
181,543,UMI,30.0,43.66242,-79.44536,100.0,55.311,55.3,569,231.21,231.21
181,544,UMI,150.0,43.66242,-79.44536,100.0,58.429,58.4,557,220.1,220.1
181,545,UMI,270.0,43.66242,-79.44536,100.0,61.909,61.9,541,221.15,221.15
182,546,UMI,30.0,43.66242,-79.43865,100.0,60.707,60.7,569,219.98,219.98
182,547,UMI,150.0,43.66242,-79.43865,100.0,54.829,54.8,557,218.56,218.56
182,548,UMI,270.0,43.66242,-79.43865,100.0,73.956,74.0,625,259.38,259.38
183,549,UMI,30.0,43.66242,-79.43194,100.0,69.368,69.4,586,247.87,247.87
183,550,UMI,150.0,43.66242,-79.43194,100.0,62.764,62.8,616,246.11,246.11
183,551,UMI,270.0,43.66242,-79.43194,100.0,59.651,59.7,576,226.96,226.96
184,552,UMI,30.0,43.66242,-79.42523,100.0,61.559,61.6,577,235.27,235.27
184,553,UMI,150.0,43.66242,-79.42523,100.0,64.093,64.1,618,250.68,250.68
184,554,UMI,270.0,43.66242,-79.42523,100.0,69.286,69.3,563,224.41,224.41
185,555,UMI,30.0,43.66242,-79.41853,100.0,58.629,58.6,591,214.17,214.17
185,556,UMI,150.0,43.66242,-79.41853,100.0,53.131,53.1,554,202.05,202.05
185,557,UMI,270.0,43.66242,-79.41853,100.0,63.38,63.4,601,242.47,242.47
186,558,UMI,30.0,43.66242,-79.41182,100.0,58.209,58.2,589,217.17,217.17
186,559,UMI,150.0,43.66242,-79.41182,100.0,63.445,63.4,665,252.02,252.02
186,560,UMI,270.0,43.66242,-79.41182,100.0,60.872,60.9,601,230.79,230.79
187,561,UMI,30.0,43.66242,-79.40511,100.0,52.601,52.6,551,208.96,208.96
187,562,UMI,150.0,43.66242,-79.40511,100.0,57.85,57.8,561,224.68,224.68
187,563,UMI,270.0,43.66242,-79.40511,100.0,71.127,71.1,648,255.49,255.49
188,564,UMI,30.0,43.66242,-79.3984,100.0,49.421,49.4,433,180.8,180.8
188,565,UMI,150.0,43.66242,-79.3984,100.0,47.827,47.8,492,198.95,198.95
188,566,UMI,270.0,43.66242,-79.3984,100.0,54.61,54.6,537,205.87,205.87
189,567,UMI,30.0,43.66242,-79.39169,100.0,46.813,46.8,440,170.04,170.04
189,568,UMI,150.0,43.66242,-79.39169,100.0,50.529,50.5,451,188.75,188.75
189,569,UMI,270.0,43.66242,-79.39169,100.0,37.409,37.4,435,159.64,159.64
190,570,UMI,30.0,43.66242,-79.38498,100.0,52.435,52.4,471,190.86,190.86
190,571,UMI,150.0,43.66242,-79.38498,100.0,42.344,42.3,439,163.97,163.97
190,572,UMI,270.0,43.66242,-79.38498,100.0,41.39,41.4,409,162.53,162.53
191,573,UMI,30.0,43.66242,-79.37828,100.0,60.166,60.2,526,229.94,229.94
191,574,UMI,150.0,43.66242,-79.37828,100.0,45.865,45.9,530,183.18,183.18
191,575,UMI,270.0,43.66242,-79.37828,100.0,52.059,52.1,459,185.44,185.44
192,576,UMI,30.0,43.66242,-79.37157,100.0,70.693,70.7,606,238.35,238.35
192,577,UMI,150.0,43.66242,-79.37157,100.0,56.913,56.9,574,218.73,218.73
192,578,UMI,270.0,43.66242,-79.37157,100.0,55.229,55.2,540,222.96,222.96
193,579,UMI,30.0,43.66242,-79.36486,100.0,55.501,55.5,502,204.32,204.32
193,580,UMI,150.0,43.66242,-79.36486,100.0,46.697,46.7,520,191.91,191.91
193,581,UMI,270.0,43.66242,-79.36486,100.0,57.811,57.8,559,229.02,229.02
194,582,UMI,30.0,43.66242,-79.35815,100.0,39.675,39.7,386,153.56,153.56
194,583,UMI,150.0,43.66242,-79.35815,100.0,41.925,41.9,380,133.13,133.13
194,584,UMI,270.0,43.66242,-79.35815,100.0,49.205,49.2,431,187.05,187.05
195,585,UMI,30.0,43.66242,-79.35144,100.0,51.227,51.2,454,187.51,187.51
195,586,UMI,150.0,43.66242,-79.35144,100.0,45.815,45.8,474,178.19,178.19
195,587,UMI,270.0,43.66242,-79.35144,100.0,40.511,40.5,438,178.93,178.93
196,588,UMI,30.0,43.66242,-79.34474,100.0,62.02,62.0,593,247.26,247.26
196,589,UMI,150.0,43.66242,-79.34474,100.0,53.801,53.8,535,204.26,204.26
196,590,UMI,270.0,43.66242,-79.34474,100.0,60.381,60.4,534,234.63,234.63
197,591,UMI,30.0,43.66242,-79.33803,100.0,55.098,55.1,547,207.12,207.12
197,592,UMI,150.0,43.66242,-79.33803,100.0,64.376,64.4,553,211.9,211.9
197,593,UMI,270.0,43.66242,-79.33803,100.0,61.508,61.5,558,218.13,218.13
198,594,UMI,30.0,43.66242,-79.33132,100.0,60.337,60.3,568,224.93,224.93
198,595,UMI,150.0,43.66242,-79.33132,100.0,44.72,44.7,464,158.77,158.77
198,596,UMI,270.0,43.66242,-79.33132,100.0,54.524,54.5,539,199.5,199.5
199,597,UMI,30.0,43.66242,-79.32461,100.0,44.569,44.6,427,174.56,174.56
199,598,UMI,150.0,43.66242,-79.32461,100.0,36.443,36.4,340,148.5,148.5
199,599,UMI,270.0,43.66242,-79.32461,100.0,46.221,46.2,461,190.44,190.44
200,600,UMI,30.0,43.66242,-79.3179,100.0,33.63,33.6,299,116.2,116.2
200,601,UMI,150.0,43.66242,-79.3179,100.0,20.006,20.0,221,76.25,76.25
200,602,UMI,270.0,43.66242,-79.3179,100.0,35.769,35.8,323,130.88,130.88
201,603,UMI,30.0,43.66242,-79.31119,100.0,22.453,22.5,239,91.72,91.72
201,604,UMI,150.0,43.66242,-79.31119,100.0,14.902,14.9,179,70.55,70.55
201,605,UMI,270.0,43.66242,-79.31119,100.0,23.79,23.8,238,102.74,102.74
202,606,UMI,30.0,43.66242,-79.30449,100.0,18.793,18.8,179,73.76,73.76
202,607,UMI,150.0,43.66242,-79.30449,100.0,9.42,9.4,96,38.37,38.37
202,608,UMI,270.0,43.66242,-79.30449,100.0,19.95,20.0,173,77.58,77.58
203,609,UMI,30.0,43.66242,-79.29778,100.0,10.304,10.3,120,41.15,41.15
203,610,UMI,150.0,43.66242,-79.29778,100.0,8.28,8.3,84,38.34,38.34
203,611,UMI,270.0,43.66242,-79.29778,100.0,12.209,12.2,118,45.48,45.48
204,612,UMI,30.0,43.66662,-79.49567,100.0,25.332,25.3,245,98.18,98.18
204,613,UMI,150.0,43.66662,-79.49567,100.0,20.496,20.5,175,78.26,78.26
204,614,UMI,270.0,43.66662,-79.49567,100.0,21.121,21.1,179,69.89,69.89
205,615,UMI,30.0,43.66662,-79.48896,100.0,30.932,30.9,309,127.19,127.19
205,616,UMI,150.0,43.66662,-79.48896,100.0,19.687,19.7,223,88.24,88.24
205,617,UMI,270.0,43.66662,-79.48896,100.0,25.907,25.9,238,100.37,100.37
206,618,UMI,30.0,43.66662,-79.48225,100.0,37.084,37.1,376,158.87,158.87
206,619,UMI,150.0,43.66662,-79.48225,100.0,43.302,43.3,425,168.65,168.65
206,620,UMI,270.0,43.66662,-79.48225,100.0,33.13,33.1,302,117.74,117.74
207,621,UMI,30.0,43.66662,-79.47554,100.0,40.053,40.1,399,146.7,146.7
207,622,UMI,150.0,43.66662,-79.47554,100.0,45.322,45.3,459,187.95,187.95
207,623,UMI,270.0,43.66662,-79.47554,100.0,39.28,39.3,453,167.33,167.33
208,624,UMI,30.0,43.66662,-79.46884,100.0,42.302,42.3,419,163.68,163.68
208,625,UMI,150.0,43.66662,-79.46884,100.0,48.917,48.9,453,177.46,177.46
208,626,UMI,270.0,43.66662,-79.46884,100.0,46.963,47.0,421,187.33,187.33
209,627,UMI,30.0,43.66662,-79.46213,100.0,44.471,44.5,475,165.27,165.27
209,628,UMI,150.0,43.66662,-79.46213,100.0,57.811,57.8,524,215.45,215.45
209,629,UMI,270.0,43.66662,-79.46213,100.0,47.241,47.2,457,171.3,171.3
210,630,UMI,30.0,43.66662,-79.45542,100.0,55.755,55.8,534,216.1,216.1
210,631,UMI,150.0,43.66662,-79.45542,100.0,53.587,53.6,534,210.93,210.93
210,632,UMI,270.0,43.66662,-79.45542,100.0,56.115,56.1,506,198.1,198.1
211,633,UMI,30.0,43.66662,-79.44871,100.0,49.278,49.3,558,197.51,197.51
211,634,UMI,150.0,43.66662,-79.44871,100.0,65.334,65.3,558,235.17,235.17
211,635,UMI,270.0,43.66662,-79.44871,100.0,53.394,53.4,533,199.02,199.02
212,636,UMI,30.0,43.66662,-79.442,100.0,61.79,61.8,578,207.71,207.71
212,637,UMI,150.0,43.66662,-79.442,100.0,55.061,55.1,538,199.44,199.44
212,638,UMI,270.0,43.66662,-79.442,100.0,64.564,64.6,519,211.36,211.36
213,639,UMI,30.0,43.66662,-79.4353,100.0,55.261,55.3,556,210.36,210.36
213,640,UMI,150.0,43.66662,-79.4353,100.0,58.721,58.7,587,241.34,241.34
213,641,UMI,270.0,43.66662,-79.4353,100.0,51.369,51.4,512,210.21,210.21
214,642,UMI,30.0,43.66662,-79.42859,100.0,62.772,62.8,628,254.32,254.32
214,643,UMI,150.0,43.66662,-79.42859,100.0,56.341,56.3,591,237.37,237.37
214,644,UMI,270.0,43.66662,-79.42859,100.0,66.306,66.3,620,260.28,260.28
215,645,UMI,30.0,43.66662,-79.42188,100.0,59.47,59.5,591,245.89,245.89
215,646,UMI,150.0,43.66662,-79.42188,100.0,59.907,59.9,614,235.97,235.97
215,647,UMI,270.0,43.66662,-79.42188,100.0,61.267,61.3,589,219.93,219.93
216,648,UMI,30.0,43.66662,-79.41517,100.0,69.618,69.6,695,272.48,272.48
216,649,UMI,150.0,43.66662,-79.41517,100.0,57.566,57.6,608,233.96,233.96
216,650,UMI,270.0,43.66662,-79.41517,100.0,57.96,58.0,617,242.59,242.59
217,651,UMI,30.0,43.66662,-79.40846,100.0,67.632,67.6,646,247.77,247.77
217,652,UMI,150.0,43.66662,-79.40846,100.0,70.928,70.9,647,265.93,265.93
217,653,UMI,270.0,43.66662,-79.40846,100.0,63.579,63.6,623,250.85,250.85
218,654,UMI,30.0,43.66662,-79.40175,100.0,68.68,68.7,622,262.45,262.45
218,655,UMI,150.0,43.66662,-79.40175,100.0,61.039,61.0,574,235.26,235.26
218,656,UMI,270.0,43.66662,-79.40175,100.0,72.383,72.4,613,254.65,254.65
219,657,UMI,30.0,43.66662,-79.39505,100.0,52.396,52.4,495,210.19,210.19
219,658,UMI,150.0,43.66662,-79.39505,100.0,43.679,43.7,448,169.86,169.86
219,659,UMI,270.0,43.66662,-79.39505,100.0,53.439,53.4,528,211.71,211.71
220,660,UMI,30.0,43.66662,-79.38834,100.0,49.834,49.8,486,190.77,190.77
220,661,UMI,150.0,43.66662,-79.38834,100.0,45.873,45.9,436,182.22,182.22
220,662,UMI,270.0,43.66662,-79.38834,100.0,51.42,51.4,440,196.8,196.8
221,663,UMI,30.0,43.66662,-79.38163,100.0,58.129,58.1,519,197.61,197.61
221,664,UMI,150.0,43.66662,-79.38163,100.0,48.724,48.7,529,200.81,200.81
221,665,UMI,270.0,43.66662,-79.38163,100.0,47.13,47.1,493,175.56,175.56
222,666,UMI,30.0,43.66662,-79.37492,100.0,57.961,58.0,514,219.75,219.75
222,667,UMI,150.0,43.66662,-79.37492,100.0,63.447,63.4,577,231.46,231.46
222,668,UMI,270.0,43.66662,-79.37492,100.0,60.349,60.3,542,205.19,205.19
223,669,UMI,30.0,43.66662,-79.36821,100.0,58.99,59.0,489,210.26,210.26
223,670,UMI,150.0,43.66662,-79.36821,100.0,51.176,51.2,508,205.28,205.28
223,671,UMI,270.0,43.66662,-79.36821,100.0,54.82,54.8,498,200.83,200.83
224,672,UMI,30.0,43.66662,-79.36151,100.0,35.281,35.3,360,142.26,142.26
224,673,UMI,150.0,43.66662,-79.36151,100.0,37.485,37.5,390,143.39,143.39
224,674,UMI,270.0,43.66662,-79.36151,100.0,39.356,39.4,411,154.26,154.26
225,675,UMI,30.0,43.66662,-79.3548,100.0,34.955,35.0,382,154.32,154.32
225,676,UMI,150.0,43.66662,-79.3548,100.0,39.627,39.6,377,156.55,156.55
225,677,UMI,270.0,43.66662,-79.3548,100.0,37.179,37.2,347,145.88,145.88
226,678,UMI,30.0,43.66662,-79.34809,100.0,55.46,55.5,513,206.13,206.13
226,679,UMI,150.0,43.66662,-79.34809,100.0,60.394,60.4,568,211.16,211.16
226,680,UMI,270.0,43.66662,-79.34809,100.0,50.486,50.5,478,197.81,197.81
227,681,UMI,30.0,43.66662,-79.34138,100.0,65.033,65.0,610,245.14,245.14
227,682,UMI,150.0,43.66662,-79.34138,100.0,61.371,61.4,571,218.68,218.68
227,683,UMI,270.0,43.66662,-79.34138,100.0,55.262,55.3,573,215.31,215.31
228,684,UMI,30.0,43.66662,-79.33467,100.0,71.236,71.2,602,236.68,236.68
228,685,UMI,150.0,43.66662,-79.33467,100.0,58.74,58.7,593,217.96,217.96
228,686,UMI,270.0,43.66662,-79.33467,100.0,66.167,66.2,583,237.24,237.24
229,687,UMI,30.0,43.66662,-79.32797,100.0,68.472,68.5,612,250.9,250.9
229,688,UMI,150.0,43.66662,-79.32797,100.0,59.981,60.0,576,218.47,218.47
229,689,UMI,270.0,43.66662,-79.32797,100.0,61.596,61.6,585,232.47,232.47
230,690,UMI,30.0,43.66662,-79.32126,100.0,51.711,51.7,550,206.39,206.39
230,691,UMI,150.0,43.66662,-79.32126,100.0,47.648,47.6,437,183.73,183.73
230,692,UMI,270.0,43.66662,-79.32126,100.0,58.868,58.9,583,225.83,225.83
231,693,UMI,30.0,43.66662,-79.31455,100.0,53.966,54.0,476,195.21,195.21
231,694,UMI,150.0,43.66662,-79.31455,100.0,33.04,33.0,314,128.2,128.2
231,695,UMI,270.0,43.66662,-79.31455,100.0,48.047,48.0,439,172.25,172.25
232,696,UMI,30.0,43.66662,-79.30784,100.0,40.272,40.3,458,163.89,163.89
232,697,UMI,150.0,43.66662,-79.30784,100.0,28.195,28.2,298,111.59,111.59
232,698,UMI,270.0,43.66662,-79.30784,100.0,37.221,37.2,400,147.26,147.26
233,699,UMI,30.0,43.66662,-79.30113,100.0,33.966,34.0,352,131.65,131.65
233,700,UMI,150.0,43.66662,-79.30113,100.0,25.245,25.2,218,96.67,96.67
233,701,UMI,270.0,43.66662,-79.30113,100.0,32.088,32.1,310,125.34,125.34
234,702,UMI,30.0,43.66662,-79.29442,100.0,22.278,22.3,205,81.65,81.65
234,703,UMI,150.0,43.66662,-79.29442,100.0,16.742,16.7,146,57.08,57.08
234,704,UMI,270.0,43.66662,-79.29442,100.0,23.148,23.1,212,92.61,92.61
235,705,UMI,30.0,43.66662,-79.28772,100.0,15.639,15.6,146,61.53,61.53
235,706,UMI,150.0,43.66662,-79.28772,100.0,5.632,5.6,62,26.46,26.46
235,707,UMI,270.0,43.66662,-79.28772,100.0,10.082,10.1,113,46.22,46.22
236,708,UMI,30.0,43.66662,-79.28101,100.0,6.618,6.6,76,29.69,29.69
236,709,UMI,150.0,43.66662,-79.28101,100.0,3.21,3.2,36,16.27,16.27
236,710,UMI,270.0,43.66662,-79.28101,100.0,7.88,7.9,81,35.81,35.81
237,711,UMI,30.0,43.67081,-79.49902,100.0,32.339,32.3,293,116.32,116.32
237,712,UMI,150.0,43.67081,-79.49902,100.0,20.975,21.0,249,99.4,99.4
237,713,UMI,270.0,43.67081,-79.49902,100.0,22.346,22.3,259,98.85,98.85
238,714,UMI,30.0,43.67081,-79.49231,100.0,39.79,39.8,363,147.0,147.0
238,715,UMI,150.0,43.67081,-79.49231,100.0,31.095,31.1,313,126.77,126.77
238,716,UMI,270.0,43.67081,-79.49231,100.0,34.56,34.6,319,135.72,135.72
239,717,UMI,30.0,43.67081,-79.48561,100.0,36.748,36.7,379,152.72,152.72
239,718,UMI,150.0,43.67081,-79.48561,100.0,39.877,39.9,389,147.8,147.8
239,719,UMI,270.0,43.67081,-79.48561,100.0,38.856,38.9,394,145.24,145.24
240,720,UMI,30.0,43.67081,-79.4789,100.0,40.838,40.8,389,155.23,155.23
240,721,UMI,150.0,43.67081,-79.4789,100.0,38.425,38.4,398,153.34,153.34
240,722,UMI,270.0,43.67081,-79.4789,100.0,45.077,45.1,415,178.13,178.13
241,723,UMI,30.0,43.67081,-79.47219,100.0,35.861,35.9,363,136.63,136.63
241,724,UMI,150.0,43.67081,-79.47219,100.0,36.586,36.6,363,136.04,136.04
241,725,UMI,270.0,43.67081,-79.47219,100.0,38.675,38.7,374,137.58,137.58
242,726,UMI,30.0,43.67081,-79.46548,100.0,43.728,43.7,392,148.52,148.52
242,727,UMI,150.0,43.67081,-79.46548,100.0,47.662,47.7,452,174.99,174.99
242,728,UMI,270.0,43.67081,-79.46548,100.0,36.068,36.1,385,153.77,153.77
243,729,UMI,30.0,43.67081,-79.45877,100.0,62.328,62.3,554,221.52,221.52
243,730,UMI,150.0,43.67081,-79.45877,100.0,52.888,52.9,549,196.17,196.17
243,731,UMI,270.0,43.67081,-79.45877,100.0,58.077,58.1,530,222.01,222.01
244,732,UMI,30.0,43.67081,-79.45207,100.0,56.295,56.3,523,211.58,211.58
244,733,UMI,150.0,43.67081,-79.45207,100.0,56.878,56.9,551,209.83,209.83
244,734,UMI,270.0,43.67081,-79.45207,100.0,57.571,57.6,547,212.33,212.33
245,735,UMI,30.0,43.67081,-79.44536,100.0,61.872,61.9,605,248.91,248.91
245,736,UMI,150.0,43.67081,-79.44536,100.0,57.708,57.7,577,237.23,237.23
245,737,UMI,270.0,43.67081,-79.44536,100.0,50.219,50.2,577,204.67,204.67
246,738,UMI,30.0,43.67081,-79.43865,100.0,65.273,65.3,609,249.23,249.23
246,739,UMI,150.0,43.67081,-79.43865,100.0,66.464,66.5,576,232.83,232.83
246,740,UMI,270.0,43.67081,-79.43865,100.0,63.365,63.4,614,255.73,255.73
247,741,UMI,30.0,43.67081,-79.43194,100.0,67.603,67.6,605,258.79,258.79
247,742,UMI,150.0,43.67081,-79.43194,100.0,63.847,63.8,615,245.95,245.95
247,743,UMI,270.0,43.67081,-79.43194,100.0,74.002,74.0,626,272.48,272.48
248,744,UMI,30.0,43.67081,-79.42523,100.0,63.804,63.8,612,228.38,228.38
248,745,UMI,150.0,43.67081,-79.42523,100.0,59.926,59.9,604,231.55,231.55
248,746,UMI,270.0,43.67081,-79.42523,100.0,61.278,61.3,617,246.27,246.27
249,747,UMI,30.0,43.67081,-79.41853,100.0,56.44,56.4,581,222.65,222.65
249,748,UMI,150.0,43.67081,-79.41853,100.0,63.673,63.7,626,245.92,245.92
249,749,UMI,270.0,43.67081,-79.41853,100.0,60.352,60.4,598,232.34,232.34
250,750,UMI,30.0,43.67081,-79.41182,100.0,67.208,67.2,634,248.78,248.78
250,751,UMI,150.0,43.67081,-79.41182,100.0,56.643,56.6,605,245.64,245.64
250,752,UMI,270.0,43.67081,-79.41182,100.0,63.052,63.1,638,240.13,240.13
251,753,UMI,30.0,43.67081,-79.40511,100.0,68.298,68.3,662,251.09,251.09
251,754,UMI,150.0,43.67081,-79.40511,100.0,64.598,64.6,637,246.53,246.53
251,755,UMI,270.0,43.67081,-79.40511,100.0,74.135,74.1,633,251.89,251.89
252,756,UMI,30.0,43.67081,-79.3984,100.0,56.389,56.4,593,223.76,223.76
252,757,UMI,150.0,43.67081,-79.3984,100.0,52.739,52.7,582,225.27,225.27
252,758,UMI,270.0,43.67081,-79.3984,100.0,77.498,77.5,601,245.83,245.83
253,759,UMI,30.0,43.67081,-79.39169,100.0,54.997,55.0,562,216.44,216.44
253,760,UMI,150.0,43.67081,-79.39169,100.0,49.527,49.5,501,186.19,186.19
253,761,UMI,270.0,43.67081,-79.39169,100.0,53.284,53.3,515,202.56,202.56
254,762,UMI,30.0,43.67081,-79.38498,100.0,51.673,51.7,526,222.86,222.86
254,763,UMI,150.0,43.67081,-79.38498,100.0,56.538,56.5,521,211.05,211.05
254,764,UMI,270.0,43.67081,-79.38498,100.0,47.621,47.6,467,187.91,187.91
255,765,UMI,30.0,43.67081,-79.37828,100.0,54.146,54.1,477,192.15,192.15
255,766,UMI,150.0,43.67081,-79.37828,100.0,60.695,60.7,522,228.44,228.44
255,767,UMI,270.0,43.67081,-79.37828,100.0,49.611,49.6,568,196.21,196.21
256,768,UMI,30.0,43.67081,-79.37157,100.0,35.334,35.3,383,149.01,149.01
256,769,UMI,150.0,43.67081,-79.37157,100.0,40.636,40.6,403,156.08,156.08
256,770,UMI,270.0,43.67081,-79.37157,100.0,49.082,49.1,442,184.65,184.65
257,771,UMI,30.0,43.67081,-79.36486,100.0,25.952,26.0,273,101.32,101.32
257,772,UMI,150.0,43.67081,-79.36486,100.0,40.137,40.1,381,142.98,142.98
257,773,UMI,270.0,43.67081,-79.36486,100.0,34.5,34.5,321,141.32,141.32
258,774,UMI,30.0,43.67081,-79.35815,100.0,34.003,34.0,335,137.64,137.64
258,775,UMI,150.0,43.67081,-79.35815,100.0,34.697,34.7,358,140.17,140.17
258,776,UMI,270.0,43.67081,-79.35815,100.0,38.032,38.0,322,131.64,131.64
259,777,UMI,30.0,43.67081,-79.35144,100.0,56.294,56.3,529,212.25,212.25
259,778,UMI,150.0,43.67081,-79.35144,100.0,56.534,56.5,488,209.38,209.38
259,779,UMI,270.0,43.67081,-79.35144,100.0,42.368,42.4,421,164.94,164.94
260,780,UMI,30.0,43.67081,-79.34474,100.0,59.324,59.3,588,231.19,231.19
260,781,UMI,150.0,43.67081,-79.34474,100.0,58.606,58.6,527,219.34,219.34
260,782,UMI,270.0,43.67081,-79.34474,100.0,49.179,49.2,557,206.75,206.75
261,783,UMI,30.0,43.67081,-79.33803,100.0,65.617,65.6,601,221.34,221.34
261,784,UMI,150.0,43.67081,-79.33803,100.0,61.149,61.1,608,232.73,232.73
261,785,UMI,270.0,43.67081,-79.33803,100.0,61.061,61.1,581,219.56,219.56
262,786,UMI,30.0,43.67081,-79.33132,100.0,79.523,79.5,653,270.63,270.63
262,787,UMI,150.0,43.67081,-79.33132,100.0,56.576,56.6,619,226.74,226.74
262,788,UMI,270.0,43.67081,-79.33132,100.0,67.799,67.8,621,245.48,245.48
263,789,UMI,30.0,43.67081,-79.32461,100.0,66.739,66.7,619,253.23,253.23
263,790,UMI,150.0,43.67081,-79.32461,100.0,50.542,50.5,580,195.39,195.39
263,791,UMI,270.0,43.67081,-79.32461,100.0,62.423,62.4,666,250.25,250.25
264,792,UMI,30.0,43.67081,-79.3179,100.0,60.919,60.9,621,218.86,218.86
264,793,UMI,150.0,43.67081,-79.3179,100.0,59.866,59.9,569,223.83,223.83
264,794,UMI,270.0,43.67081,-79.3179,100.0,62.126,62.1,612,242.49,242.49
265,795,UMI,30.0,43.67081,-79.31119,100.0,64.292,64.3,577,231.49,231.49
265,796,UMI,150.0,43.67081,-79.31119,100.0,49.239,49.2,495,193.89,193.89
265,797,UMI,270.0,43.67081,-79.31119,100.0,59.607,59.6,552,233.5,233.5
266,798,UMI,30.0,43.67081,-79.30449,100.0,54.851,54.9,563,208.59,208.59
266,799,UMI,150.0,43.67081,-79.30449,100.0,47.133,47.1,461,176.09,176.09
266,800,UMI,270.0,43.67081,-79.30449,100.0,54.909,54.9,549,211.25,211.25
267,801,UMI,30.0,43.67081,-79.29778,100.0,40.634,40.6,414,170.43,170.43
267,802,UMI,150.0,43.67081,-79.29778,100.0,38.986,39.0,374,162.34,162.34
267,803,UMI,270.0,43.67081,-79.29778,100.0,48.125,48.1,413,170.1,170.1
268,804,UMI,30.0,43.67081,-79.29107,100.0,34.196,34.2,343,137.8,137.8
268,805,UMI,150.0,43.67081,-79.29107,100.0,30.162,30.2,276,117.07,117.07
268,806,UMI,270.0,43.67081,-79.29107,100.0,31.469,31.5,346,126.97,126.97
269,807,UMI,30.0,43.67081,-79.28436,100.0,34.004,34.0,271,116.07,116.07
269,808,UMI,150.0,43.67081,-79.28436,100.0,13.343,13.3,153,58.16,58.16
269,809,UMI,270.0,43.67081,-79.28436,100.0,28.794,28.8,269,123.14,123.14
270,810,UMI,30.0,43.67081,-79.27765,100.0,12.568,12.6,119,49.41,49.41
270,811,UMI,150.0,43.67081,-79.27765,100.0,6.673,6.7,81,29.87,29.87
270,812,UMI,270.0,43.67081,-79.27765,100.0,15.584,15.6,140,55.16,55.16
271,813,UMI,30.0,43.67501,-79.51579,100.0,20.618,20.6,252,89.03,89.03
271,814,UMI,150.0,43.67501,-79.51579,100.0,15.456,15.5,166,64.21,64.21
271,815,UMI,270.0,43.67501,-79.51579,100.0,18.844,18.8,194,72.05,72.05
272,816,UMI,30.0,43.67501,-79.50238,100.0,32.095,32.1,275,117.83,117.83
272,817,UMI,150.0,43.67501,-79.50238,100.0,27.376,27.4,237,99.57,99.57
272,818,UMI,270.0,43.67501,-79.50238,100.0,31.678,31.7,249,98.4,98.4
273,819,UMI,30.0,43.67501,-79.49567,100.0,38.161,38.2,371,138.95,138.95
273,820,UMI,150.0,43.67501,-79.49567,100.0,38.347,38.3,331,140.75,140.75
273,821,UMI,270.0,43.67501,-79.49567,100.0,40.852,40.9,295,129.14,129.14
274,822,UMI,30.0,43.67501,-79.48896,100.0,32.927,32.9,335,127.12,127.12
274,823,UMI,150.0,43.67501,-79.48896,100.0,32.062,32.1,335,124.76,124.76
274,824,UMI,270.0,43.67501,-79.48896,100.0,27.485,27.5,328,117.96,117.96
275,825,UMI,30.0,43.67501,-79.48225,100.0,43.839,43.8,411,172.62,172.62
275,826,UMI,150.0,43.67501,-79.48225,100.0,37.862,37.9,368,151.41,151.41
275,827,UMI,270.0,43.67501,-79.48225,100.0,39.532,39.5,363,136.6,136.6
276,828,UMI,30.0,43.67501,-79.47554,100.0,43.954,44.0,387,151.32,151.32
276,829,UMI,150.0,43.67501,-79.47554,100.0,36.206,36.2,369,142.47,142.47
276,830,UMI,270.0,43.67501,-79.47554,100.0,43.649,43.6,383,169.74,169.74
277,831,UMI,30.0,43.67501,-79.46884,100.0,47.254,47.3,400,171.06,171.06
277,832,UMI,150.0,43.67501,-79.46884,100.0,41.732,41.7,405,162.52,162.52
277,833,UMI,270.0,43.67501,-79.46884,100.0,38.435,38.4,398,159.43,159.43
278,834,UMI,30.0,43.67501,-79.46213,100.0,57.831,57.8,572,223.32,223.32
278,835,UMI,150.0,43.67501,-79.46213,100.0,53.772,53.8,523,203.44,203.44
278,836,UMI,270.0,43.67501,-79.46213,100.0,46.311,46.3,450,182.06,182.06
279,837,UMI,30.0,43.67501,-79.45542,100.0,49.074,49.1,524,203.06,203.06
279,838,UMI,150.0,43.67501,-79.45542,100.0,44.858,44.9,489,188.31,188.31
279,839,UMI,270.0,43.67501,-79.45542,100.0,56.505,56.5,543,214.58,214.58
280,840,UMI,30.0,43.67501,-79.44871,100.0,59.917,59.9,566,234.95,234.95
280,841,UMI,150.0,43.67501,-79.44871,100.0,57.757,57.8,591,229.27,229.27
280,842,UMI,270.0,43.67501,-79.44871,100.0,57.588,57.6,546,215.43,215.43
281,843,UMI,30.0,43.67501,-79.442,100.0,71.159,71.2,720,268.97,268.97
281,844,UMI,150.0,43.67501,-79.442,100.0,59.936,59.9,596,237.32,237.32
281,845,UMI,270.0,43.67501,-79.442,100.0,72.386,72.4,642,266.58,266.58
282,846,UMI,30.0,43.67501,-79.4353,100.0,62.663,62.7,672,248.46,248.46
282,847,UMI,150.0,43.67501,-79.4353,100.0,66.75,66.8,608,235.25,235.25
282,848,UMI,270.0,43.67501,-79.4353,100.0,56.202,56.2,626,229.05,229.05
283,849,UMI,30.0,43.67501,-79.42859,100.0,74.737,74.7,658,272.94,272.94
283,850,UMI,150.0,43.67501,-79.42859,100.0,64.318,64.3,629,235.35,235.35
283,851,UMI,270.0,43.67501,-79.42859,100.0,76.46,76.5,662,268.44,268.44
284,852,UMI,30.0,43.67501,-79.42188,100.0,59.548,59.5,595,218.6,218.6
284,853,UMI,150.0,43.67501,-79.42188,100.0,48.157,48.2,502,184.9,184.9
284,854,UMI,270.0,43.67501,-79.42188,100.0,60.661,60.7,609,233.45,233.45
285,855,UMI,30.0,43.67501,-79.41517,100.0,50.788,50.8,549,201.86,201.86
285,856,UMI,150.0,43.67501,-79.41517,100.0,62.528,62.5,571,232.02,232.02
285,857,UMI,270.0,43.67501,-79.41517,100.0,59.964,60.0,546,230.28,230.28
286,858,UMI,30.0,43.67501,-79.40846,100.0,65.633,65.6,608,262.3,262.3
286,859,UMI,150.0,43.67501,-79.40846,100.0,69.688,69.7,666,253.71,253.71
286,860,UMI,270.0,43.67501,-79.40846,100.0,65.015,65.0,595,249.07,249.07
287,861,UMI,30.0,43.67501,-79.40175,100.0,68.17,68.2,633,250.51,250.51
287,862,UMI,150.0,43.67501,-79.40175,100.0,68.375,68.4,665,271.1,271.1
287,863,UMI,270.0,43.67501,-79.40175,100.0,60.755,60.8,626,254.15,254.15
288,864,UMI,30.0,43.67501,-79.39505,100.0,64.361,64.4,621,248.73,248.73
288,865,UMI,150.0,43.67501,-79.39505,100.0,56.245,56.2,564,223.52,223.52
288,866,UMI,270.0,43.67501,-79.39505,100.0,57.124,57.1,605,220.6,220.6
289,867,UMI,30.0,43.67501,-79.38834,100.0,55.271,55.3,569,222.66,222.66
289,868,UMI,150.0,43.67501,-79.38834,100.0,60.104,60.1,576,227.24,227.24
289,869,UMI,270.0,43.67501,-79.38834,100.0,57.068,57.1,556,209.25,209.25
290,870,UMI,30.0,43.67501,-79.38163,100.0,55.231,55.2,524,230.2,230.2
290,871,UMI,150.0,43.67501,-79.38163,100.0,46.63,46.6,501,189.31,189.31
290,872,UMI,270.0,43.67501,-79.38163,100.0,50.591,50.6,490,196.07,196.07
291,873,UMI,30.0,43.67501,-79.37492,100.0,39.922,39.9,417,141.73,141.73
291,874,UMI,150.0,43.67501,-79.37492,100.0,41.277,41.3,419,170.08,170.08
291,875,UMI,270.0,43.67501,-79.37492,100.0,51.129,51.1,490,202.75,202.75
292,876,UMI,30.0,43.67501,-79.36821,100.0,34.756,34.8,291,119.61,119.61
292,877,UMI,150.0,43.67501,-79.36821,100.0,30.27,30.3,323,125.43,125.43
292,878,UMI,270.0,43.67501,-79.36821,100.0,41.048,41.0,375,159.35,159.35
293,879,UMI,30.0,43.67501,-79.36151,100.0,36.227,36.2,316,132.51,132.51
293,880,UMI,150.0,43.67501,-79.36151,100.0,33.649,33.6,285,120.43,120.43
293,881,UMI,270.0,43.67501,-79.36151,100.0,30.847,30.8,279,118.42,118.42
294,882,UMI,30.0,43.67501,-79.3548,100.0,54.421,54.4,502,199.36,199.36
294,883,UMI,150.0,43.67501,-79.3548,100.0,49.072,49.1,448,190.16,190.16
294,884,UMI,270.0,43.67501,-79.3548,100.0,41.633,41.6,413,160.31,160.31
295,885,UMI,30.0,43.67501,-79.34809,100.0,73.265,73.3,631,246.04,246.04
295,886,UMI,150.0,43.67501,-79.34809,100.0,54.747,54.7,522,218.3,218.3
295,887,UMI,270.0,43.67501,-79.34809,100.0,59.087,59.1,592,232.98,232.98
296,888,UMI,30.0,43.67501,-79.34138,100.0,72.055,72.1,635,259.68,259.68
296,889,UMI,150.0,43.67501,-79.34138,100.0,66.687,66.7,611,232.62,232.62
296,890,UMI,270.0,43.67501,-79.34138,100.0,61.825,61.8,573,236.72,236.72
297,891,UMI,30.0,43.67501,-79.33467,100.0,61.16,61.2,633,251.65,251.65
297,892,UMI,150.0,43.67501,-79.33467,100.0,62.485,62.5,633,238.2,238.2
297,893,UMI,270.0,43.67501,-79.33467,100.0,59.038,59.0,625,235.33,235.33
298,894,UMI,30.0,43.67501,-79.32797,100.0,64.281,64.3,611,246.27,246.27
298,895,UMI,150.0,43.67501,-79.32797,100.0,57.357,57.4,638,237.82,237.82
298,896,UMI,270.0,43.67501,-79.32797,100.0,64.852,64.9,640,253.07,253.07
299,897,UMI,30.0,43.67501,-79.32126,100.0,69.511,69.5,689,269.64,269.64
299,898,UMI,150.0,43.67501,-79.32126,100.0,73.035,73.0,623,274.27,274.27
299,899,UMI,270.0,43.67501,-79.32126,100.0,66.538,66.5,642,268.26,268.26
300,900,UMI,30.0,43.67501,-79.31455,100.0,65.431,65.4,602,243.57,243.57
300,901,UMI,150.0,43.67501,-79.31455,100.0,60.564,60.6,613,245.04,245.04
300,902,UMI,270.0,43.67501,-79.31455,100.0,69.895,69.9,599,246.35,246.35
301,903,UMI,30.0,43.67501,-79.30784,100.0,67.687,67.7,609,255.1,255.1
301,904,UMI,150.0,43.67501,-79.30784,100.0,59.485,59.5,589,216.69,216.69
301,905,UMI,270.0,43.67501,-79.30784,100.0,54.757,54.8,596,228.73,228.73
302,906,UMI,30.0,43.67501,-79.30113,100.0,67.524,67.5,629,257.87,257.87
302,907,UMI,150.0,43.67501,-79.30113,100.0,55.352,55.4,560,221.7,221.7
302,908,UMI,270.0,43.67501,-79.30113,100.0,72.229,72.2,655,249.76,249.76
303,909,UMI,30.0,43.67501,-79.29442,100.0,52.02,52.0,469,183.59,183.59
303,910,UMI,150.0,43.67501,-79.29442,100.0,40.693,40.7,413,170.07,170.07
303,911,UMI,270.0,43.67501,-79.29442,100.0,59.28,59.3,533,231.49,231.49
304,912,UMI,30.0,43.67501,-79.28772,100.0,47.299,47.3,442,167.66,167.66
304,913,UMI,150.0,43.67501,-79.28772,100.0,31.496,31.5,364,135.75,135.75
304,914,UMI,270.0,43.67501,-79.28772,100.0,50.881,50.9,450,188.43,188.43
305,915,UMI,30.0,43.67501,-79.28101,100.0,35.289,35.3,355,139.68,139.68
305,916,UMI,150.0,43.67501,-79.28101,100.0,25.117,25.1,267,103.55,103.55
305,917,UMI,270.0,43.67501,-79.28101,100.0,34.538,34.5,375,129.63,129.63
306,918,UMI,30.0,43.67501,-79.2743,100.0,12.439,12.4,137,51.31,51.31
306,919,UMI,150.0,43.67501,-79.2743,100.0,7.925,7.9,70,31.21,31.21
306,920,UMI,270.0,43.67501,-79.2743,100.0,17.55,17.6,197,74.47,74.47
307,921,UMI,30.0,43.6792,-79.53256,100.0,25.656,25.7,264,103.53,103.53
307,922,UMI,150.0,43.6792,-79.53256,100.0,18.738,18.7,194,74.31,74.31
307,923,UMI,270.0,43.6792,-79.53256,100.0,21.909,21.9,225,85.06,85.06
308,924,UMI,30.0,43.6792,-79.52586,100.0,30.151,30.2,319,116.52,116.52
308,925,UMI,150.0,43.6792,-79.52586,100.0,30.509,30.5,310,119.57,119.57
308,926,UMI,270.0,43.6792,-79.52586,100.0,25.82,25.8,257,103.43,103.43
309,927,UMI,30.0,43.6792,-79.51915,100.0,30.779,30.8,326,116.29,116.29
309,928,UMI,150.0,43.6792,-79.51915,100.0,25.571,25.6,268,100.81,100.81
309,929,UMI,270.0,43.6792,-79.51915,100.0,36.221,36.2,342,137.59,137.59
310,930,UMI,30.0,43.6792,-79.51244,100.0,21.512,21.5,244,90.63,90.63
310,931,UMI,150.0,43.6792,-79.51244,100.0,30.126,30.1,227,105.85,105.85
310,932,UMI,270.0,43.6792,-79.51244,100.0,28.588,28.6,299,109.39,109.39
311,933,UMI,30.0,43.6792,-79.50573,100.0,25.0,25.0,251,94.18,94.18
311,934,UMI,150.0,43.6792,-79.50573,100.0,23.475,23.5,265,102.64,102.64
311,935,UMI,270.0,43.6792,-79.50573,100.0,23.735,23.7,233,99.21,99.21
312,936,UMI,30.0,43.6792,-79.49902,100.0,28.47,28.5,298,116.69,116.69
312,937,UMI,150.0,43.6792,-79.49902,100.0,34.672,34.7,315,121.33,121.33
312,938,UMI,270.0,43.6792,-79.49902,100.0,27.801,27.8,259,117.62,117.62
313,939,UMI,30.0,43.6792,-79.49231,100.0,44.775,44.8,407,157.59,157.59
313,940,UMI,150.0,43.6792,-79.49231,100.0,43.243,43.2,426,158.89,158.89
313,941,UMI,270.0,43.6792,-79.49231,100.0,28.403,28.4,360,122.47,122.47
314,942,UMI,30.0,43.6792,-79.48561,100.0,55.882,55.9,442,200.53,200.53
314,943,UMI,150.0,43.6792,-79.48561,100.0,40.658,40.7,391,144.13,144.13
314,944,UMI,270.0,43.6792,-79.48561,100.0,43.3,43.3,456,170.74,170.74
315,945,UMI,30.0,43.6792,-79.4789,100.0,50.561,50.6,443,185.11,185.11
315,946,UMI,150.0,43.6792,-79.4789,100.0,45.766,45.8,431,162.59,162.59
315,947,UMI,270.0,43.6792,-79.4789,100.0,41.05,41.1,410,161.14,161.14
316,948,UMI,30.0,43.6792,-79.47219,100.0,49.038,49.0,451,187.28,187.28
316,949,UMI,150.0,43.6792,-79.47219,100.0,38.609,38.6,374,152.08,152.08
316,950,UMI,270.0,43.6792,-79.47219,100.0,46.659,46.7,411,176.85,176.85
317,951,UMI,30.0,43.6792,-79.46548,100.0,46.967,47.0,534,203.42,203.42
317,952,UMI,150.0,43.6792,-79.46548,100.0,45.005,45.0,504,187.94,187.94
317,953,UMI,270.0,43.6792,-79.46548,100.0,51.349,51.3,518,201.88,201.88
318,954,UMI,30.0,43.6792,-79.45877,100.0,58.437,58.4,600,228.54,228.54
318,955,UMI,150.0,43.6792,-79.45877,100.0,57.677,57.7,546,218.23,218.23
318,956,UMI,270.0,43.6792,-79.45877,100.0,57.101,57.1,554,222.23,222.23
319,957,UMI,30.0,43.6792,-79.45207,100.0,56.219,56.2,597,231.14,231.14
319,958,UMI,150.0,43.6792,-79.45207,100.0,56.167,56.2,564,222.54,222.54
319,959,UMI,270.0,43.6792,-79.45207,100.0,52.519,52.5,507,199.69,199.69
320,960,UMI,30.0,43.6792,-79.44536,100.0,64.915,64.9,626,244.85,244.85
320,961,UMI,150.0,43.6792,-79.44536,100.0,52.166,52.2,619,225.66,225.66
320,962,UMI,270.0,43.6792,-79.44536,100.0,67.362,67.4,640,278.98,278.98
321,963,UMI,30.0,43.6792,-79.43865,100.0,64.406,64.4,689,257.02,257.02
321,964,UMI,150.0,43.6792,-79.43865,100.0,72.052,72.1,661,264.52,264.52
321,965,UMI,270.0,43.6792,-79.43865,100.0,65.32,65.3,612,228.06,228.06
322,966,UMI,30.0,43.6792,-79.43194,100.0,69.992,70.0,672,277.35,277.35
322,967,UMI,150.0,43.6792,-79.43194,100.0,70.707,70.7,619,259.48,259.48
322,968,UMI,270.0,43.6792,-79.43194,100.0,63.775,63.8,665,250.14,250.14
323,969,UMI,30.0,43.6792,-79.42523,100.0,62.903,62.9,628,251.96,251.96
323,970,UMI,150.0,43.6792,-79.42523,100.0,53.48,53.5,552,208.42,208.42
323,971,UMI,270.0,43.6792,-79.42523,100.0,63.79,63.8,645,250.38,250.38
324,972,UMI,30.0,43.6792,-79.41853,100.0,55.763,55.8,543,225.82,225.82
324,973,UMI,150.0,43.6792,-79.41853,100.0,49.063,49.1,540,204.34,204.34
324,974,UMI,270.0,43.6792,-79.41853,100.0,52.654,52.7,561,206.69,206.69
325,975,UMI,30.0,43.6792,-79.41182,100.0,56.186,56.2,552,215.19,215.19
325,976,UMI,150.0,43.6792,-79.41182,100.0,66.98,67.0,537,218.33,218.33
325,977,UMI,270.0,43.6792,-79.41182,100.0,61.022,61.0,530,209.39,209.39
326,978,UMI,30.0,43.6792,-79.40511,100.0,86.826,86.8,643,281.77,281.77
326,979,UMI,150.0,43.6792,-79.40511,100.0,63.289,63.3,626,239.46,239.46
326,980,UMI,270.0,43.6792,-79.40511,100.0,60.858,60.9,609,228.19,228.19
327,981,UMI,30.0,43.6792,-79.3984,100.0,58.041,58.0,621,243.43,243.43
327,982,UMI,150.0,43.6792,-79.3984,100.0,64.111,64.1,635,238.69,238.69
327,983,UMI,270.0,43.6792,-79.3984,100.0,64.571,64.6,620,235.77,235.77
328,984,UMI,30.0,43.6792,-79.39169,100.0,53.958,54.0,526,219.97,219.97
328,985,UMI,150.0,43.6792,-79.39169,100.0,62.132,62.1,609,225.56,225.56
328,986,UMI,270.0,43.6792,-79.39169,100.0,67.142,67.1,599,235.48,235.48
329,987,UMI,30.0,43.6792,-79.38498,100.0,60.773,60.8,505,204.08,204.08
329,988,UMI,150.0,43.6792,-79.38498,100.0,57.035,57.0,572,214.44,214.44
329,989,UMI,270.0,43.6792,-79.38498,100.0,55.67,55.7,584,226.99,226.99
330,990,UMI,30.0,43.6792,-79.37828,100.0,47.88,47.9,466,192.67,192.67
330,991,UMI,150.0,43.6792,-79.37828,100.0,56.296,56.3,471,196.69,196.69
330,992,UMI,270.0,43.6792,-79.37828,100.0,50.195,50.2,474,196.88,196.88
331,993,UMI,30.0,43.6792,-79.37157,100.0,29.705,29.7,324,115.16,115.16
331,994,UMI,150.0,43.6792,-79.37157,100.0,33.017,33.0,347,139.43,139.43
331,995,UMI,270.0,43.6792,-79.37157,100.0,37.289,37.3,363,138.6,138.6
332,996,UMI,30.0,43.6792,-79.36486,100.0,25.118,25.1,258,101.11,101.11
332,997,UMI,150.0,43.6792,-79.36486,100.0,31.846,31.8,275,105.48,105.48
332,998,UMI,270.0,43.6792,-79.36486,100.0,30.239,30.2,260,103.3,103.3
333,999,UMI,30.0,43.6792,-79.35815,100.0,46.984,47.0,428,174.21,174.21
333,1000,UMI,150.0,43.6792,-79.35815,100.0,31.458,31.5,383,131.37,131.37
333,1001,UMI,270.0,43.6792,-79.35815,100.0,29.494,29.5,325,125.61,125.61
334,1002,UMI,30.0,43.6792,-79.35144,100.0,57.817,57.8,567,231.46,231.46
334,1003,UMI,150.0,43.6792,-79.35144,100.0,61.312,61.3,591,229.52,229.52
334,1004,UMI,270.0,43.6792,-79.35144,100.0,50.823,50.8,506,203.96,203.96
335,1005,UMI,30.0,43.6792,-79.34474,100.0,75.206,75.2,664,270.63,270.63
335,1006,UMI,150.0,43.6792,-79.34474,100.0,72.79,72.8,650,289.71,289.71
335,1007,UMI,270.0,43.6792,-79.34474,100.0,65.009,65.0,619,244.6,244.6
336,1008,UMI,30.0,43.6792,-79.33803,100.0,75.756,75.8,696,284.48,284.48
336,1009,UMI,150.0,43.6792,-79.33803,100.0,64.534,64.5,631,257.95,257.95
336,1010,UMI,270.0,43.6792,-79.33803,100.0,63.271,63.3,631,235.7,235.7
337,1011,UMI,30.0,43.6792,-79.33132,100.0,66.372,66.4,587,237.22,237.22
337,1012,UMI,150.0,43.6792,-79.33132,100.0,54.969,55.0,576,224.15,224.15
337,1013,UMI,270.0,43.6792,-79.33132,100.0,67.878,67.9,620,253.97,253.97
338,1014,UMI,30.0,43.6792,-79.32461,100.0,58.13,58.1,640,237.34,237.34
338,1015,UMI,150.0,43.6792,-79.32461,100.0,65.721,65.7,607,241.21,241.21
338,1016,UMI,270.0,43.6792,-79.32461,100.0,71.196,71.2,617,270.72,270.72
339,1017,UMI,30.0,43.6792,-79.3179,100.0,68.22,68.2,603,241.32,241.32
339,1018,UMI,150.0,43.6792,-79.3179,100.0,65.556,65.6,644,261.93,261.93
339,1019,UMI,270.0,43.6792,-79.3179,100.0,59.128,59.1,621,236.35,236.35
340,1020,UMI,30.0,43.6792,-79.31119,100.0,75.136,75.1,645,274.52,274.52
340,1021,UMI,150.0,43.6792,-79.31119,100.0,65.033,65.0,650,252.53,252.53
340,1022,UMI,270.0,43.6792,-79.31119,100.0,70.408,70.4,640,262.2,262.2
341,1023,UMI,30.0,43.6792,-79.30449,100.0,69.926,69.9,665,263.92,263.92
341,1024,UMI,150.0,43.6792,-79.30449,100.0,62.905,62.9,657,258.93,258.93
341,1025,UMI,270.0,43.6792,-79.30449,100.0,66.901,66.9,654,262.74,262.74
342,1026,UMI,30.0,43.6792,-79.29778,100.0,74.594,74.6,662,262.2,262.2
342,1027,UMI,150.0,43.6792,-79.29778,100.0,57.003,57.0,600,237.93,237.93
342,1028,UMI,270.0,43.6792,-79.29778,100.0,62.959,63.0,653,255.91,255.91
343,1029,UMI,30.0,43.6792,-79.29107,100.0,54.38,54.4,570,224.0,224.0
343,1030,UMI,150.0,43.6792,-79.29107,100.0,56.821,56.8,552,234.16,234.16
343,1031,UMI,270.0,43.6792,-79.29107,100.0,59.292,59.3,537,223.63,223.63
344,1032,UMI,30.0,43.6792,-79.28436,100.0,56.827,56.8,460,201.59,201.59
344,1033,UMI,150.0,43.6792,-79.28436,100.0,53.674,53.7,458,177.51,177.51
344,1034,UMI,270.0,43.6792,-79.28436,100.0,52.383,52.4,540,212.45,212.45
345,1035,UMI,30.0,43.6792,-79.27765,100.0,26.837,26.8,295,111.45,111.45
345,1036,UMI,150.0,43.6792,-79.27765,100.0,22.888,22.9,272,95.42,95.42
345,1037,UMI,270.0,43.6792,-79.27765,100.0,36.223,36.2,403,147.8,147.8
346,1038,UMI,30.0,43.6792,-79.27095,100.0,14.19,14.2,145,53.74,53.74
346,1039,UMI,150.0,43.6792,-79.27095,100.0,10.534,10.5,102,45.34,45.34
346,1040,UMI,270.0,43.6792,-79.27095,100.0,20.501,20.5,198,82.08,82.08
347,1041,UMI,30.0,43.6834,-79.54933,100.0,33.872,33.9,306,122.44,122.44
347,1042,UMI,150.0,43.6834,-79.54933,100.0,24.678,24.7,206,91.75,91.75
347,1043,UMI,270.0,43.6834,-79.54933,100.0,16.395,16.4,183,66.69,66.69
348,1044,UMI,30.0,43.6834,-79.54263,100.0,42.8,42.8,372,154.54,154.54
348,1045,UMI,150.0,43.6834,-79.54263,100.0,28.303,28.3,279,104.87,104.87
348,1046,UMI,270.0,43.6834,-79.54263,100.0,25.633,25.6,258,109.66,109.66
349,1047,UMI,30.0,43.6834,-79.53592,100.0,42.225,42.2,415,164.37,164.37
349,1048,UMI,150.0,43.6834,-79.53592,100.0,31.343,31.3,342,125.98,125.98
349,1049,UMI,270.0,43.6834,-79.53592,100.0,39.999,40.0,396,151.83,151.83
350,1050,UMI,30.0,43.6834,-79.52921,100.0,36.458,36.5,394,155.13,155.13
350,1051,UMI,150.0,43.6834,-79.52921,100.0,32.209,32.2,316,126.49,126.49
350,1052,UMI,270.0,43.6834,-79.52921,100.0,37.895,37.9,376,148.48,148.48
351,1053,UMI,30.0,43.6834,-79.5225,100.0,35.58,35.6,364,138.14,138.14
351,1054,UMI,150.0,43.6834,-79.5225,100.0,33.494,33.5,345,132.06,132.06
351,1055,UMI,270.0,43.6834,-79.5225,100.0,36.287,36.3,349,131.63,131.63
352,1056,UMI,30.0,43.6834,-79.51579,100.0,33.486,33.5,281,118.92,118.92
352,1057,UMI,150.0,43.6834,-79.51579,100.0,27.574,27.6,300,112.39,112.39
352,1058,UMI,270.0,43.6834,-79.51579,100.0,32.524,32.5,327,125.52,125.52
353,1059,UMI,30.0,43.6834,-79.50238,100.0,19.577,19.6,228,89.98,89.98
353,1060,UMI,150.0,43.6834,-79.50238,100.0,23.236,23.2,239,91.55,91.55
353,1061,UMI,270.0,43.6834,-79.50238,100.0,20.815,20.8,178,65.63,65.63
354,1062,UMI,30.0,43.6834,-79.49567,100.0,37.401,37.4,295,137.73,137.73
354,1063,UMI,150.0,43.6834,-79.49567,100.0,29.954,30.0,308,121.35,121.35
354,1064,UMI,270.0,43.6834,-79.49567,100.0,26.021,26.0,257,97.54,97.54
355,1065,UMI,30.0,43.6834,-79.48896,100.0,48.286,48.3,404,158.3,158.3
355,1066,UMI,150.0,43.6834,-79.48896,100.0,38.625,38.6,373,142.66,142.66
355,1067,UMI,270.0,43.6834,-79.48896,100.0,36.124,36.1,378,139.33,139.33
356,1068,UMI,30.0,43.6834,-79.48225,100.0,36.606,36.6,363,150.81,150.81
356,1069,UMI,150.0,43.6834,-79.48225,100.0,44.301,44.3,423,157.18,157.18
356,1070,UMI,270.0,43.6834,-79.48225,100.0,44.579,44.6,440,162.67,162.67
357,1071,UMI,30.0,43.6834,-79.47554,100.0,46.03,46.0,463,170.09,170.09
357,1072,UMI,150.0,43.6834,-79.47554,100.0,47.026,47.0,451,180.32,180.32
357,1073,UMI,270.0,43.6834,-79.47554,100.0,33.2,33.2,361,141.39,141.39
358,1074,UMI,30.0,43.6834,-79.46884,100.0,52.729,52.7,546,208.58,208.58
358,1075,UMI,150.0,43.6834,-79.46884,100.0,54.355,54.4,549,221.97,221.97
358,1076,UMI,270.0,43.6834,-79.46884,100.0,50.624,50.6,483,195.59,195.59
359,1077,UMI,30.0,43.6834,-79.46213,100.0,50.573,50.6,546,199.23,199.23
359,1078,UMI,150.0,43.6834,-79.46213,100.0,63.131,63.1,582,231.29,231.29
359,1079,UMI,270.0,43.6834,-79.46213,100.0,61.769,61.8,560,223.04,223.04
360,1080,UMI,30.0,43.6834,-79.45542,100.0,61.035,61.0,519,214.06,214.06
360,1081,UMI,150.0,43.6834,-79.45542,100.0,55.896,55.9,537,213.95,213.95
360,1082,UMI,270.0,43.6834,-79.45542,100.0,54.327,54.3,546,192.37,192.37
361,1083,UMI,30.0,43.6834,-79.44871,100.0,69.445,69.4,630,252.16,252.16
361,1084,UMI,150.0,43.6834,-79.44871,100.0,60.678,60.7,596,238.57,238.57
361,1085,UMI,270.0,43.6834,-79.44871,100.0,60.38,60.4,587,230.04,230.04
362,1086,UMI,30.0,43.6834,-79.442,100.0,71.318,71.3,645,254.27,254.27
362,1087,UMI,150.0,43.6834,-79.442,100.0,66.923,66.9,635,242.8,242.8
362,1088,UMI,270.0,43.6834,-79.442,100.0,69.179,69.2,662,256.02,256.02
363,1089,UMI,30.0,43.6834,-79.4353,100.0,68.106,68.1,598,250.47,250.47
363,1090,UMI,150.0,43.6834,-79.4353,100.0,63.933,63.9,668,256.18,256.18
363,1091,UMI,270.0,43.6834,-79.4353,100.0,73.007,73.0,699,292.26,292.26
364,1092,UMI,30.0,43.6834,-79.42859,100.0,75.395,75.4,686,274.36,274.36
364,1093,UMI,150.0,43.6834,-79.42859,100.0,61.188,61.2,670,253.93,253.93
364,1094,UMI,270.0,43.6834,-79.42859,100.0,71.116,71.1,652,265.45,265.45
365,1095,UMI,30.0,43.6834,-79.42188,100.0,61.646,61.6,608,234.14,234.14
365,1096,UMI,150.0,43.6834,-79.42188,100.0,60.191,60.2,599,241.0,241.0
365,1097,UMI,270.0,43.6834,-79.42188,100.0,52.811,52.8,574,210.57,210.57
366,1098,UMI,30.0,43.6834,-79.41517,100.0,63.433,63.4,554,235.05,235.05
366,1099,UMI,150.0,43.6834,-79.41517,100.0,57.539,57.5,565,228.21,228.21
366,1100,UMI,270.0,43.6834,-79.41517,100.0,58.772,58.8,570,232.71,232.71
367,1101,UMI,30.0,43.6834,-79.40846,100.0,64.54,64.5,591,237.11,237.11
367,1102,UMI,150.0,43.6834,-79.40846,100.0,68.174,68.2,543,237.49,237.49
367,1103,UMI,270.0,43.6834,-79.40846,100.0,55.165,55.2,544,199.77,199.77
368,1104,UMI,30.0,43.6834,-79.40175,100.0,58.141,58.1,610,220.78,220.78
368,1105,UMI,150.0,43.6834,-79.40175,100.0,66.955,67.0,614,260.73,260.73
368,1106,UMI,270.0,43.6834,-79.40175,100.0,63.665,63.7,632,248.9,248.9
369,1107,UMI,30.0,43.6834,-79.39505,100.0,59.75,59.8,517,221.38,221.38
369,1108,UMI,150.0,43.6834,-79.39505,100.0,58.686,58.7,588,233.45,233.45
369,1109,UMI,270.0,43.6834,-79.39505,100.0,71.64,71.6,651,257.85,257.85
370,1110,UMI,30.0,43.6834,-79.38834,100.0,55.223,55.2,540,202.84,202.84
370,1111,UMI,150.0,43.6834,-79.38834,100.0,62.279,62.3,544,214.92,214.92
370,1112,UMI,270.0,43.6834,-79.38834,100.0,54.835,54.8,506,196.88,196.88
371,1113,UMI,30.0,43.6834,-79.38163,100.0,47.193,47.2,489,181.36,181.36
371,1114,UMI,150.0,43.6834,-79.38163,100.0,53.26,53.3,511,198.56,198.56
371,1115,UMI,270.0,43.6834,-79.38163,100.0,58.448,58.4,507,216.29,216.29
372,1116,UMI,30.0,43.6834,-79.37492,100.0,51.934,51.9,500,204.77,204.77
372,1117,UMI,150.0,43.6834,-79.37492,100.0,42.203,42.2,401,155.76,155.76
372,1118,UMI,270.0,43.6834,-79.37492,100.0,52.516,52.5,516,190.11,190.11
373,1119,UMI,30.0,43.6834,-79.36821,100.0,28.555,28.6,242,104.18,104.18
373,1120,UMI,150.0,43.6834,-79.36821,100.0,32.767,32.8,283,118.37,118.37
373,1121,UMI,270.0,43.6834,-79.36821,100.0,38.945,38.9,354,141.29,141.29
374,1122,UMI,30.0,43.6834,-79.36151,100.0,27.522,27.5,288,101.64,101.64
374,1123,UMI,150.0,43.6834,-79.36151,100.0,29.306,29.3,301,110.09,110.09
374,1124,UMI,270.0,43.6834,-79.36151,100.0,25.366,25.4,257,85.48,85.48
375,1125,UMI,30.0,43.6834,-79.3548,100.0,60.16,60.2,518,207.48,207.48
375,1126,UMI,150.0,43.6834,-79.3548,100.0,50.034,50.0,556,204.1,204.1
375,1127,UMI,270.0,43.6834,-79.3548,100.0,42.412,42.4,434,168.4,168.4
376,1128,UMI,30.0,43.6834,-79.34809,100.0,70.205,70.2,658,259.81,259.81
376,1129,UMI,150.0,43.6834,-79.34809,100.0,58.546,58.5,585,220.72,220.72
376,1130,UMI,270.0,43.6834,-79.34809,100.0,72.69,72.7,633,261.41,261.41
377,1131,UMI,30.0,43.6834,-79.34138,100.0,70.073,70.1,659,263.58,263.58
377,1132,UMI,150.0,43.6834,-79.34138,100.0,62.934,62.9,653,245.78,245.78
377,1133,UMI,270.0,43.6834,-79.34138,100.0,67.076,67.1,651,257.22,257.22
378,1134,UMI,30.0,43.6834,-79.33467,100.0,65.235,65.2,640,248.55,248.55
378,1135,UMI,150.0,43.6834,-79.33467,100.0,63.138,63.1,622,235.9,235.9
378,1136,UMI,270.0,43.6834,-79.33467,100.0,70.452,70.5,657,272.68,272.68
379,1137,UMI,30.0,43.6834,-79.32797,100.0,70.088,70.1,643,262.29,262.29
379,1138,UMI,150.0,43.6834,-79.32797,100.0,63.634,63.6,621,245.74,245.74
379,1139,UMI,270.0,43.6834,-79.32797,100.0,78.387,78.4,615,281.83,281.83
380,1140,UMI,30.0,43.6834,-79.32126,100.0,60.839,60.8,642,243.7,243.7
380,1141,UMI,150.0,43.6834,-79.32126,100.0,68.041,68.0,657,257.32,257.32
380,1142,UMI,270.0,43.6834,-79.32126,100.0,65.778,65.8,616,255.16,255.16
381,1143,UMI,30.0,43.6834,-79.31455,100.0,62.856,62.9,652,251.64,251.64
381,1144,UMI,150.0,43.6834,-79.31455,100.0,60.63,60.6,649,235.49,235.49
381,1145,UMI,270.0,43.6834,-79.31455,100.0,65.159,65.2,648,247.18,247.18
382,1146,UMI,30.0,43.6834,-79.30784,100.0,74.815,74.8,669,265.29,265.29
382,1147,UMI,150.0,43.6834,-79.30784,100.0,84.207,84.2,667,288.98,288.98
382,1148,UMI,270.0,43.6834,-79.30784,100.0,68.174,68.2,678,271.15,271.15
383,1149,UMI,30.0,43.6834,-79.30113,100.0,71.777,71.8,618,248.6,248.6
383,1150,UMI,150.0,43.6834,-79.30113,100.0,59.587,59.6,602,234.51,234.51
383,1151,UMI,270.0,43.6834,-79.30113,100.0,64.34,64.3,610,242.13,242.13
384,1152,UMI,30.0,43.6834,-79.29442,100.0,55.168,55.2,586,224.93,224.93
384,1153,UMI,150.0,43.6834,-79.29442,100.0,57.558,57.6,580,232.84,232.84
384,1154,UMI,270.0,43.6834,-79.29442,100.0,61.145,61.1,604,230.4,230.4
385,1155,UMI,30.0,43.6834,-79.28772,100.0,55.459,55.5,567,223.99,223.99
385,1156,UMI,150.0,43.6834,-79.28772,100.0,59.105,59.1,583,230.8,230.8
385,1157,UMI,270.0,43.6834,-79.28772,100.0,59.684,59.7,602,243.36,243.36
386,1158,UMI,30.0,43.6834,-79.28101,100.0,46.355,46.4,466,177.85,177.85
386,1159,UMI,150.0,43.6834,-79.28101,100.0,45.874,45.9,467,179.02,179.02
386,1160,UMI,270.0,43.6834,-79.28101,100.0,54.224,54.2,551,223.49,223.49
387,1161,UMI,30.0,43.6834,-79.2743,100.0,35.496,35.5,342,127.02,127.02
387,1162,UMI,150.0,43.6834,-79.2743,100.0,28.627,28.6,282,108.46,108.46
387,1163,UMI,270.0,43.6834,-79.2743,100.0,41.746,41.7,400,152.55,152.55
388,1164,UMI,30.0,43.6834,-79.26759,100.0,14.166,14.2,169,57.83,57.83
388,1165,UMI,150.0,43.6834,-79.26759,100.0,12.713,12.7,120,47.66,47.66
388,1166,UMI,270.0,43.6834,-79.26759,100.0,17.411,17.4,197,70.82,70.82
389,1167,UMI,30.0,43.6834,-79.26088,100.0,3.566,3.6,43,14.57,14.57
389,1168,UMI,150.0,43.6834,-79.26088,100.0,2.692,2.7,30,8.58,8.58
389,1169,UMI,270.0,43.6834,-79.26088,100.0,12.446,12.4,85,46.07,46.07
390,1170,UMI,30.0,43.68759,-79.5594,100.0,33.123,33.1,342,138.38,138.38
390,1171,UMI,150.0,43.68759,-79.5594,100.0,23.463,23.5,225,103.34,103.34
390,1172,UMI,270.0,43.68759,-79.5594,100.0,17.205,17.2,208,84.37,84.37
391,1173,UMI,30.0,43.68759,-79.55269,100.0,28.868,28.9,338,128.36,128.36
391,1174,UMI,150.0,43.68759,-79.55269,100.0,35.318,35.3,334,129.06,129.06
391,1175,UMI,270.0,43.68759,-79.55269,100.0,40.072,40.1,352,158.11,158.11
392,1176,UMI,30.0,43.68759,-79.54598,100.0,37.658,37.7,391,148.13,148.13
392,1177,UMI,150.0,43.68759,-79.54598,100.0,43.461,43.5,371,146.08,146.08
392,1178,UMI,270.0,43.68759,-79.54598,100.0,40.701,40.7,397,170.94,170.94
393,1179,UMI,30.0,43.68759,-79.53927,100.0,49.079,49.1,462,183.84,183.84
393,1180,UMI,150.0,43.68759,-79.53927,100.0,51.7,51.7,466,195.2,195.2
393,1181,UMI,270.0,43.68759,-79.53927,100.0,43.87,43.9,423,159.26,159.26
394,1182,UMI,30.0,43.68759,-79.53256,100.0,41.056,41.1,424,160.47,160.47
394,1183,UMI,150.0,43.68759,-79.53256,100.0,42.181,42.2,450,164.49,164.49
394,1184,UMI,270.0,43.68759,-79.53256,100.0,46.096,46.1,473,180.3,180.3
395,1185,UMI,30.0,43.68759,-79.52586,100.0,53.366,53.4,447,174.34,174.34
395,1186,UMI,150.0,43.68759,-79.52586,100.0,42.716,42.7,438,173.74,173.74
395,1187,UMI,270.0,43.68759,-79.52586,100.0,44.584,44.6,427,169.59,169.59
396,1188,UMI,30.0,43.68759,-79.51915,100.0,30.965,31.0,323,118.83,118.83
396,1189,UMI,150.0,43.68759,-79.51915,100.0,29.966,30.0,316,120.31,120.31
396,1190,UMI,270.0,43.68759,-79.51915,100.0,38.57,38.6,382,146.11,146.11
397,1191,UMI,30.0,43.68759,-79.51244,100.0,20.793,20.8,227,90.48,90.48
397,1192,UMI,150.0,43.68759,-79.51244,100.0,23.807,23.8,243,94.57,94.57
397,1193,UMI,270.0,43.68759,-79.51244,100.0,22.555,22.6,252,94.58,94.58
398,1194,UMI,30.0,43.68759,-79.50573,100.0,30.137,30.1,271,119.73,119.73
398,1195,UMI,150.0,43.68759,-79.50573,100.0,25.732,25.7,258,105.47,105.47
398,1196,UMI,270.0,43.68759,-79.50573,100.0,30.054,30.1,268,103.12,103.12
399,1197,UMI,30.0,43.68759,-79.49902,100.0,40.505,40.5,345,133.81,133.81
399,1198,UMI,150.0,43.68759,-79.49902,100.0,33.178,33.2,269,115.58,115.58
399,1199,UMI,270.0,43.68759,-79.49902,100.0,32.062,32.1,255,99.51,99.51
400,1200,UMI,30.0,43.68759,-79.49231,100.0,38.501,38.5,359,149.63,149.63
400,1201,UMI,150.0,43.68759,-79.49231,100.0,35.65,35.7,366,148.79,148.79
400,1202,UMI,270.0,43.68759,-79.49231,100.0,31.988,32.0,308,115.05,115.05
401,1203,UMI,30.0,43.68759,-79.48561,100.0,36.234,36.2,329,137.23,137.23
401,1204,UMI,150.0,43.68759,-79.48561,100.0,37.605,37.6,350,132.71,132.71
401,1205,UMI,270.0,43.68759,-79.48561,100.0,38.892,38.9,357,141.64,141.64
402,1206,UMI,30.0,43.68759,-79.4789,100.0,46.26,46.3,433,178.47,178.47
402,1207,UMI,150.0,43.68759,-79.4789,100.0,44.397,44.4,407,159.14,159.14
402,1208,UMI,270.0,43.68759,-79.4789,100.0,32.727,32.7,348,142.83,142.83
403,1209,UMI,30.0,43.68759,-79.47219,100.0,54.446,54.4,553,212.93,212.93
403,1210,UMI,150.0,43.68759,-79.47219,100.0,62.328,62.3,548,216.36,216.36
403,1211,UMI,270.0,43.68759,-79.47219,100.0,52.024,52.0,550,201.93,201.93
404,1212,UMI,30.0,43.68759,-79.46548,100.0,69.536,69.5,583,247.31,247.31
404,1213,UMI,150.0,43.68759,-79.46548,100.0,64.966,65.0,562,218.14,218.14
404,1214,UMI,270.0,43.68759,-79.46548,100.0,56.95,57.0,560,217.63,217.63
405,1215,UMI,30.0,43.68759,-79.45877,100.0,54.586,54.6,545,216.99,216.99
405,1216,UMI,150.0,43.68759,-79.45877,100.0,57.614,57.6,578,226.75,226.75
405,1217,UMI,270.0,43.68759,-79.45877,100.0,58.291,58.3,559,220.17,220.17
406,1218,UMI,30.0,43.68759,-79.45207,100.0,63.17,63.2,612,245.42,245.42
406,1219,UMI,150.0,43.68759,-79.45207,100.0,61.071,61.1,610,251.38,251.38
406,1220,UMI,270.0,43.68759,-79.45207,100.0,61.566,61.6,574,233.19,233.19
407,1221,UMI,30.0,43.68759,-79.44536,100.0,76.249,76.2,720,272.54,272.54
407,1222,UMI,150.0,43.68759,-79.44536,100.0,83.915,83.9,701,287.74,287.74
407,1223,UMI,270.0,43.68759,-79.44536,100.0,69.646,69.6,680,262.07,262.07
408,1224,UMI,30.0,43.68759,-79.43865,100.0,71.336,71.3,648,270.03,270.03
408,1225,UMI,150.0,43.68759,-79.43865,100.0,70.036,70.0,643,268.33,268.33
408,1226,UMI,270.0,43.68759,-79.43865,100.0,60.158,60.2,623,248.41,248.41
409,1227,UMI,30.0,43.68759,-79.43194,100.0,78.109,78.1,664,262.91,262.91
409,1228,UMI,150.0,43.68759,-79.43194,100.0,69.3,69.3,615,236.2,236.2
409,1229,UMI,270.0,43.68759,-79.43194,100.0,66.291,66.3,655,255.24,255.24
410,1230,UMI,30.0,43.68759,-79.42523,100.0,58.655,58.7,583,224.24,224.24
410,1231,UMI,150.0,43.68759,-79.42523,100.0,57.251,57.3,595,230.12,230.12
410,1232,UMI,270.0,43.68759,-79.42523,100.0,69.01,69.0,676,267.13,267.13
411,1233,UMI,30.0,43.68759,-79.41853,100.0,64.282,64.3,595,248.34,248.34
411,1234,UMI,150.0,43.68759,-79.41853,100.0,59.262,59.3,585,220.8,220.8
411,1235,UMI,270.0,43.68759,-79.41853,100.0,56.173,56.2,575,225.34,225.34
412,1236,UMI,30.0,43.68759,-79.41182,100.0,61.87,61.9,592,244.47,244.47
412,1237,UMI,150.0,43.68759,-79.41182,100.0,54.53,54.5,531,216.37,216.37
412,1238,UMI,270.0,43.68759,-79.41182,100.0,59.989,60.0,591,233.15,233.15
413,1239,UMI,30.0,43.68759,-79.40511,100.0,71.127,71.1,637,248.55,248.55
413,1240,UMI,150.0,43.68759,-79.40511,100.0,59.595,59.6,617,227.89,227.89
413,1241,UMI,270.0,43.68759,-79.40511,100.0,57.614,57.6,597,234.92,234.92
414,1242,UMI,30.0,43.68759,-79.3984,100.0,50.812,50.8,502,206.36,206.36
414,1243,UMI,150.0,43.68759,-79.3984,100.0,54.749,54.7,542,208.57,208.57
414,1244,UMI,270.0,43.68759,-79.3984,100.0,55.404,55.4,564,222.85,222.85
415,1245,UMI,30.0,43.68759,-79.39169,100.0,48.305,48.3,502,201.77,201.77
415,1246,UMI,150.0,43.68759,-79.39169,100.0,41.893,41.9,438,168.2,168.2
415,1247,UMI,270.0,43.68759,-79.39169,100.0,50.212,50.2,513,191.8,191.8
416,1248,UMI,30.0,43.68759,-79.38498,100.0,46.413,46.4,453,174.15,174.15
416,1249,UMI,150.0,43.68759,-79.38498,100.0,44.559,44.6,459,173.39,173.39
416,1250,UMI,270.0,43.68759,-79.38498,100.0,52.369,52.4,425,174.61,174.61
417,1251,UMI,30.0,43.68759,-79.37828,100.0,45.864,45.9,465,176.77,176.77
417,1252,UMI,150.0,43.68759,-79.37828,100.0,52.692,52.7,481,201.27,201.27
417,1253,UMI,270.0,43.68759,-79.37828,100.0,55.399,55.4,519,215.92,215.92
418,1254,UMI,30.0,43.68759,-79.37157,100.0,36.566,36.6,375,124.93,124.93
418,1255,UMI,150.0,43.68759,-79.37157,100.0,33.499,33.5,329,137.84,137.84
418,1256,UMI,270.0,43.68759,-79.37157,100.0,42.318,42.3,400,157.51,157.51
419,1257,UMI,30.0,43.68759,-79.36486,100.0,27.879,27.9,263,96.77,96.77
419,1258,UMI,150.0,43.68759,-79.36486,100.0,23.797,23.8,242,93.05,93.05
419,1259,UMI,270.0,43.68759,-79.36486,100.0,29.765,29.8,254,96.76,96.76
420,1260,UMI,30.0,43.68759,-79.35815,100.0,38.847,38.8,353,144.2,144.2
420,1261,UMI,150.0,43.68759,-79.35815,100.0,37.918,37.9,395,157.4,157.4
420,1262,UMI,270.0,43.68759,-79.35815,100.0,31.438,31.4,269,96.76,96.76
421,1263,UMI,30.0,43.68759,-79.35144,100.0,55.996,56.0,529,202.15,202.15
421,1264,UMI,150.0,43.68759,-79.35144,100.0,59.353,59.4,573,224.91,224.91
421,1265,UMI,270.0,43.68759,-79.35144,100.0,44.904,44.9,462,176.1,176.1
422,1266,UMI,30.0,43.68759,-79.34474,100.0,58.565,58.6,583,239.81,239.81
422,1267,UMI,150.0,43.68759,-79.34474,100.0,62.594,62.6,635,243.36,243.36
422,1268,UMI,270.0,43.68759,-79.34474,100.0,61.641,61.6,606,246.19,246.19
423,1269,UMI,30.0,43.68759,-79.33803,100.0,60.356,60.4,645,244.47,244.47
423,1270,UMI,150.0,43.68759,-79.33803,100.0,61.32,61.3,631,241.6,241.6
423,1271,UMI,270.0,43.68759,-79.33803,100.0,54.144,54.1,591,221.48,221.48
424,1272,UMI,30.0,43.68759,-79.33132,100.0,67.645,67.6,635,263.71,263.71
424,1273,UMI,150.0,43.68759,-79.33132,100.0,57.344,57.3,600,236.7,236.7
424,1274,UMI,270.0,43.68759,-79.33132,100.0,63.544,63.5,590,231.63,231.63
425,1275,UMI,30.0,43.68759,-79.32461,100.0,55.426,55.4,613,218.31,218.31
425,1276,UMI,150.0,43.68759,-79.32461,100.0,69.861,69.9,658,255.77,255.77
425,1277,UMI,270.0,43.68759,-79.32461,100.0,57.764,57.8,643,225.99,225.99
426,1278,UMI,30.0,43.68759,-79.3179,100.0,62.306,62.3,657,253.47,253.47
426,1279,UMI,150.0,43.68759,-79.3179,100.0,71.187,71.2,653,273.12,273.12
426,1280,UMI,270.0,43.68759,-79.3179,100.0,72.712,72.7,635,272.29,272.29
427,1281,UMI,30.0,43.68759,-79.31119,100.0,74.273,74.3,679,274.74,274.74
427,1282,UMI,150.0,43.68759,-79.31119,100.0,71.327,71.3,649,266.25,266.25
427,1283,UMI,270.0,43.68759,-79.31119,100.0,64.707,64.7,610,237.98,237.98
428,1284,UMI,30.0,43.68759,-79.30449,100.0,68.351,68.4,642,258.6,258.6
428,1285,UMI,150.0,43.68759,-79.30449,100.0,56.864,56.9,624,216.2,216.2
428,1286,UMI,270.0,43.68759,-79.30449,100.0,65.726,65.7,658,246.11,246.11
429,1287,UMI,30.0,43.68759,-79.29778,100.0,66.161,66.2,579,236.04,236.04
429,1288,UMI,150.0,43.68759,-79.29778,100.0,67.082,67.1,625,246.16,246.16
429,1289,UMI,270.0,43.68759,-79.29778,100.0,59.551,59.6,616,237.96,237.96
430,1290,UMI,30.0,43.68759,-79.29107,100.0,50.208,50.2,482,191.41,191.41
430,1291,UMI,150.0,43.68759,-79.29107,100.0,59.969,60.0,565,217.04,217.04
430,1292,UMI,270.0,43.68759,-79.29107,100.0,59.04,59.0,514,213.58,213.58
431,1293,UMI,30.0,43.68759,-79.28436,100.0,67.322,67.3,490,215.59,215.59
431,1294,UMI,150.0,43.68759,-79.28436,100.0,51.222,51.2,518,190.04,190.04
431,1295,UMI,270.0,43.68759,-79.28436,100.0,64.173,64.2,503,205.93,205.93
432,1296,UMI,30.0,43.68759,-79.27765,100.0,42.623,42.6,448,175.17,175.17
432,1297,UMI,150.0,43.68759,-79.27765,100.0,40.533,40.5,461,160.7,160.7
432,1298,UMI,270.0,43.68759,-79.27765,100.0,47.314,47.3,476,168.32,168.32
433,1299,UMI,30.0,43.68759,-79.27095,100.0,34.668,34.7,360,157.91,157.91
433,1300,UMI,150.0,43.68759,-79.27095,100.0,33.125,33.1,287,117.92,117.92
433,1301,UMI,270.0,43.68759,-79.27095,100.0,41.291,41.3,415,158.88,158.88
434,1302,UMI,30.0,43.68759,-79.26424,100.0,22.63,22.6,197,85.08,85.08
434,1303,UMI,150.0,43.68759,-79.26424,100.0,15.2,15.2,134,51.36,51.36
434,1304,UMI,270.0,43.68759,-79.26424,100.0,20.596,20.6,235,89.19,89.19
435,1305,UMI,30.0,43.68759,-79.25753,100.0,5.514,5.5,66,23.75,23.75
435,1306,UMI,150.0,43.68759,-79.25753,100.0,2.834,2.8,36,15.96,15.96
435,1307,UMI,270.0,43.68759,-79.25753,100.0,7.889,7.9,88,30.01,30.01
436,1308,UMI,30.0,43.69179,-79.57617,100.0,8.079,8.1,91,34.62,34.62
436,1309,UMI,150.0,43.69179,-79.57617,100.0,6.742,6.7,49,21.04,21.04
436,1310,UMI,270.0,43.69179,-79.57617,100.0,7.468,7.5,53,23.49,23.49
437,1311,UMI,30.0,43.69179,-79.56946,100.0,18.392,18.4,168,66.4,66.4
437,1312,UMI,150.0,43.69179,-79.56946,100.0,15.756,15.8,153,62.97,62.97
437,1313,UMI,270.0,43.69179,-79.56946,100.0,10.901,10.9,107,40.87,40.87
438,1314,UMI,30.0,43.69179,-79.56275,100.0,33.485,33.5,338,126.67,126.67
438,1315,UMI,150.0,43.69179,-79.56275,100.0,34.106,34.1,344,130.76,130.76
438,1316,UMI,270.0,43.69179,-79.56275,100.0,28.964,29.0,313,117.58,117.58
439,1317,UMI,30.0,43.69179,-79.55604,100.0,37.919,37.9,385,146.62,146.62
439,1318,UMI,150.0,43.69179,-79.55604,100.0,32.299,32.3,376,145.82,145.82
439,1319,UMI,270.0,43.69179,-79.55604,100.0,36.976,37.0,377,143.29,143.29
440,1320,UMI,30.0,43.69179,-79.54933,100.0,42.097,42.1,417,170.17,170.17
440,1321,UMI,150.0,43.69179,-79.54933,100.0,41.987,42.0,389,160.23,160.23
440,1322,UMI,270.0,43.69179,-79.54933,100.0,40.06,40.1,389,150.16,150.16
441,1323,UMI,30.0,43.69179,-79.54263,100.0,46.026,46.0,443,181.2,181.2
441,1324,UMI,150.0,43.69179,-79.54263,100.0,49.41,49.4,481,188.11,188.11
441,1325,UMI,270.0,43.69179,-79.54263,100.0,50.111,50.1,462,191.72,191.72
442,1326,UMI,30.0,43.69179,-79.53592,100.0,48.854,48.9,420,162.06,162.06
442,1327,UMI,150.0,43.69179,-79.53592,100.0,40.112,40.1,466,163.05,163.05
442,1328,UMI,270.0,43.69179,-79.53592,100.0,40.805,40.8,429,163.06,163.06
443,1329,UMI,30.0,43.69179,-79.52921,100.0,45.276,45.3,420,176.59,176.59
443,1330,UMI,150.0,43.69179,-79.52921,100.0,47.271,47.3,437,183.37,183.37
443,1331,UMI,270.0,43.69179,-79.52921,100.0,37.579,37.6,407,155.7,155.7
444,1332,UMI,30.0,43.69179,-79.5225,100.0,46.536,46.5,397,159.82,159.82
444,1333,UMI,150.0,43.69179,-79.5225,100.0,41.705,41.7,377,162.51,162.51
444,1334,UMI,270.0,43.69179,-79.5225,100.0,35.077,35.1,389,142.28,142.28
445,1335,UMI,30.0,43.69179,-79.51579,100.0,36.655,36.7,327,131.2,131.2
445,1336,UMI,150.0,43.69179,-79.51579,100.0,31.949,31.9,288,113.47,113.47
445,1337,UMI,270.0,43.69179,-79.51579,100.0,42.614,42.6,400,162.06,162.06
446,1338,UMI,30.0,43.69179,-79.50909,100.0,36.654,36.7,343,138.54,138.54
446,1339,UMI,150.0,43.69179,-79.50909,100.0,32.621,32.6,266,107.71,107.71
446,1340,UMI,270.0,43.69179,-79.50909,100.0,30.831,30.8,272,111.46,111.46
447,1341,UMI,30.0,43.69179,-79.50238,100.0,37.136,37.1,387,145.05,145.05
447,1342,UMI,150.0,43.69179,-79.50238,100.0,36.562,36.6,345,131.08,131.08
447,1343,UMI,270.0,43.69179,-79.50238,100.0,33.528,33.5,325,133.53,133.53
448,1344,UMI,30.0,43.69179,-79.49567,100.0,38.474,38.5,365,149.11,149.11
448,1345,UMI,150.0,43.69179,-79.49567,100.0,40.327,40.3,348,142.95,142.95
448,1346,UMI,270.0,43.69179,-79.49567,100.0,38.541,38.5,391,153.28,153.28
449,1347,UMI,30.0,43.69179,-79.48896,100.0,30.411,30.4,343,122.62,122.62
449,1348,UMI,150.0,43.69179,-79.48896,100.0,33.093,33.1,356,134.25,134.25
449,1349,UMI,270.0,43.69179,-79.48896,100.0,32.487,32.5,348,136.13,136.13
450,1350,UMI,30.0,43.69179,-79.48225,100.0,34.272,34.3,393,137.07,137.07
450,1351,UMI,150.0,43.69179,-79.48225,100.0,34.538,34.5,353,146.62,146.62
450,1352,UMI,270.0,43.69179,-79.48225,100.0,30.727,30.7,307,122.34,122.34
451,1353,UMI,30.0,43.69179,-79.47554,100.0,51.13,51.1,535,217.66,217.66
451,1354,UMI,150.0,43.69179,-79.47554,100.0,52.219,52.2,461,186.4,186.4
451,1355,UMI,270.0,43.69179,-79.47554,100.0,34.461,34.5,403,148.98,148.98
452,1356,UMI,30.0,43.69179,-79.46884,100.0,47.568,47.6,490,198.85,198.85
452,1357,UMI,150.0,43.69179,-79.46884,100.0,54.049,54.0,547,219.84,219.84
452,1358,UMI,270.0,43.69179,-79.46884,100.0,66.972,67.0,573,242.7,242.7
453,1359,UMI,30.0,43.69179,-79.46213,100.0,57.666,57.7,492,199.01,199.01
453,1360,UMI,150.0,43.69179,-79.46213,100.0,47.407,47.4,543,196.38,196.38
453,1361,UMI,270.0,43.69179,-79.46213,100.0,56.512,56.5,551,220.31,220.31
454,1362,UMI,30.0,43.69179,-79.45542,100.0,57.166,57.2,561,218.08,218.08
454,1363,UMI,150.0,43.69179,-79.45542,100.0,58.528,58.5,609,228.22,228.22
454,1364,UMI,270.0,43.69179,-79.45542,100.0,46.819,46.8,517,205.79,205.79
455,1365,UMI,30.0,43.69179,-79.44871,100.0,64.229,64.2,618,243.78,243.78
455,1366,UMI,150.0,43.69179,-79.44871,100.0,71.367,71.4,685,260.86,260.86
455,1367,UMI,270.0,43.69179,-79.44871,100.0,63.825,63.8,629,258.4,258.4
456,1368,UMI,30.0,43.69179,-79.442,100.0,60.191,60.2,643,240.93,240.93
456,1369,UMI,150.0,43.69179,-79.442,100.0,60.974,61.0,646,233.35,233.35
456,1370,UMI,270.0,43.69179,-79.442,100.0,65.83,65.8,600,231.02,231.02
457,1371,UMI,30.0,43.69179,-79.4353,100.0,65.043,65.0,619,272.13,272.13
457,1372,UMI,150.0,43.69179,-79.4353,100.0,66.152,66.2,620,248.33,248.33
457,1373,UMI,270.0,43.69179,-79.4353,100.0,71.406,71.4,689,271.74,271.74
458,1374,UMI,30.0,43.69179,-79.42859,100.0,57.68,57.7,614,228.43,228.43
458,1375,UMI,150.0,43.69179,-79.42859,100.0,54.261,54.3,588,229.04,229.04
458,1376,UMI,270.0,43.69179,-79.42859,100.0,61.872,61.9,556,220.4,220.4
459,1377,UMI,30.0,43.69179,-79.42188,100.0,71.106,71.1,643,263.63,263.63
459,1378,UMI,150.0,43.69179,-79.42188,100.0,60.766,60.8,553,213.86,213.86
459,1379,UMI,270.0,43.69179,-79.42188,100.0,58.843,58.8,598,226.49,226.49
460,1380,UMI,30.0,43.69179,-79.41517,100.0,60.868,60.9,567,220.33,220.33
460,1381,UMI,150.0,43.69179,-79.41517,100.0,67.018,67.0,616,252.77,252.77
460,1382,UMI,270.0,43.69179,-79.41517,100.0,72.16,72.2,620,244.85,244.85
461,1383,UMI,30.0,43.69179,-79.40846,100.0,69.264,69.3,639,264.17,264.17
461,1384,UMI,150.0,43.69179,-79.40846,100.0,61.319,61.3,588,233.77,233.77
461,1385,UMI,270.0,43.69179,-79.40846,100.0,58.349,58.3,579,226.36,226.36
462,1386,UMI,30.0,43.69179,-79.40175,100.0,57.088,57.1,558,210.59,210.59
462,1387,UMI,150.0,43.69179,-79.40175,100.0,70.747,70.7,558,243.36,243.36
462,1388,UMI,270.0,43.69179,-79.40175,100.0,64.979,65.0,631,247.34,247.34
463,1389,UMI,30.0,43.69179,-79.39505,100.0,40.748,40.7,412,168.27,168.27
463,1390,UMI,150.0,43.69179,-79.39505,100.0,43.896,43.9,469,187.71,187.71
463,1391,UMI,270.0,43.69179,-79.39505,100.0,55.633,55.6,506,206.68,206.68
464,1392,UMI,30.0,43.69179,-79.38834,100.0,39.542,39.5,419,159.15,159.15
464,1393,UMI,150.0,43.69179,-79.38834,100.0,43.508,43.5,434,179.34,179.34
464,1394,UMI,270.0,43.69179,-79.38834,100.0,40.804,40.8,397,150.36,150.36
465,1395,UMI,30.0,43.69179,-79.38163,100.0,41.09,41.1,417,164.97,164.97
465,1396,UMI,150.0,43.69179,-79.38163,100.0,38.0,38.0,415,150.14,150.14
465,1397,UMI,270.0,43.69179,-79.38163,100.0,48.578,48.6,456,168.69,168.69
466,1398,UMI,30.0,43.69179,-79.37492,100.0,41.432,41.4,390,151.06,151.06
466,1399,UMI,150.0,43.69179,-79.37492,100.0,41.807,41.8,410,157.78,157.78
466,1400,UMI,270.0,43.69179,-79.37492,100.0,50.222,50.2,458,195.68,195.68
467,1401,UMI,30.0,43.69179,-79.36821,100.0,32.988,33.0,345,138.6,138.6
467,1402,UMI,150.0,43.69179,-79.36821,100.0,24.275,24.3,276,100.17,100.17
467,1403,UMI,270.0,43.69179,-79.36821,100.0,36.027,36.0,356,133.54,133.54
468,1404,UMI,30.0,43.69179,-79.36151,100.0,26.078,26.1,244,93.53,93.53
468,1405,UMI,150.0,43.69179,-79.36151,100.0,30.73,30.7,277,108.79,108.79
468,1406,UMI,270.0,43.69179,-79.36151,100.0,26.374,26.4,260,104.32,104.32
469,1407,UMI,30.0,43.69179,-79.3548,100.0,38.156,38.2,385,157.56,157.56
469,1408,UMI,150.0,43.69179,-79.3548,100.0,47.566,47.6,458,169.46,169.46
469,1409,UMI,270.0,43.69179,-79.3548,100.0,35.445,35.4,334,137.44,137.44
470,1410,UMI,30.0,43.69179,-79.34809,100.0,55.394,55.4,518,230.3,230.3
470,1411,UMI,150.0,43.69179,-79.34809,100.0,52.065,52.1,532,199.77,199.77
470,1412,UMI,270.0,43.69179,-79.34809,100.0,39.848,39.8,441,145.09,145.09
471,1413,UMI,30.0,43.69179,-79.34138,100.0,52.526,52.5,488,199.58,199.58
471,1414,UMI,150.0,43.69179,-79.34138,100.0,69.423,69.4,607,245.83,245.83
471,1415,UMI,270.0,43.69179,-79.34138,100.0,63.301,63.3,536,231.74,231.74
472,1416,UMI,30.0,43.69179,-79.33467,100.0,62.008,62.0,540,217.63,217.63
472,1417,UMI,150.0,43.69179,-79.33467,100.0,59.053,59.1,615,241.8,241.8
472,1418,UMI,270.0,43.69179,-79.33467,100.0,60.862,60.9,556,232.14,232.14
473,1419,UMI,30.0,43.69179,-79.32797,100.0,63.092,63.1,561,223.5,223.5
473,1420,UMI,150.0,43.69179,-79.32797,100.0,58.634,58.6,566,222.27,222.27
473,1421,UMI,270.0,43.69179,-79.32797,100.0,53.206,53.2,565,206.78,206.78
474,1422,UMI,30.0,43.69179,-79.32126,100.0,60.002,60.0,590,235.68,235.68
474,1423,UMI,150.0,43.69179,-79.32126,100.0,66.504,66.5,607,255.0,255.0
474,1424,UMI,270.0,43.69179,-79.32126,100.0,53.891,53.9,580,230.58,230.58
475,1425,UMI,30.0,43.69179,-79.31455,100.0,62.355,62.4,607,244.01,244.01
475,1426,UMI,150.0,43.69179,-79.31455,100.0,84.191,84.2,680,281.14,281.14
475,1427,UMI,270.0,43.69179,-79.31455,100.0,67.568,67.6,662,252.74,252.74
476,1428,UMI,30.0,43.69179,-79.30784,100.0,70.237,70.2,655,263.22,263.22
476,1429,UMI,150.0,43.69179,-79.30784,100.0,65.076,65.1,631,251.62,251.62
476,1430,UMI,270.0,43.69179,-79.30784,100.0,68.026,68.0,696,270.27,270.27
477,1431,UMI,30.0,43.69179,-79.30113,100.0,56.308,56.3,571,229.28,229.28
477,1432,UMI,150.0,43.69179,-79.30113,100.0,56.991,57.0,589,229.46,229.46
477,1433,UMI,270.0,43.69179,-79.30113,100.0,58.96,59.0,598,224.36,224.36
478,1434,UMI,30.0,43.69179,-79.29442,100.0,47.964,48.0,461,184.93,184.93
478,1435,UMI,150.0,43.69179,-79.29442,100.0,57.385,57.4,583,218.01,218.01
478,1436,UMI,270.0,43.69179,-79.29442,100.0,49.792,49.8,554,212.17,212.17
479,1437,UMI,30.0,43.69179,-79.28772,100.0,46.34,46.3,456,178.65,178.65
479,1438,UMI,150.0,43.69179,-79.28772,100.0,41.198,41.2,418,163.22,163.22
479,1439,UMI,270.0,43.69179,-79.28772,100.0,52.657,52.7,508,214.93,214.93
480,1440,UMI,30.0,43.69179,-79.28101,100.0,54.974,55.0,449,189.28,189.28
480,1441,UMI,150.0,43.69179,-79.28101,100.0,41.079,41.1,436,168.31,168.31
480,1442,UMI,270.0,43.69179,-79.28101,100.0,50.332,50.3,491,207.22,207.22
481,1443,UMI,30.0,43.69179,-79.2743,100.0,49.196,49.2,473,179.7,179.7
481,1444,UMI,150.0,43.69179,-79.2743,100.0,47.245,47.2,455,181.83,181.83
481,1445,UMI,270.0,43.69179,-79.2743,100.0,55.342,55.3,506,204.5,204.5
482,1446,UMI,30.0,43.69179,-79.26759,100.0,40.616,40.6,431,160.68,160.68
482,1447,UMI,150.0,43.69179,-79.26759,100.0,32.345,32.3,353,136.6,136.6
482,1448,UMI,270.0,43.69179,-79.26759,100.0,46.814,46.8,470,189.8,189.8
483,1449,UMI,30.0,43.69179,-79.26088,100.0,18.276,18.3,192,80.22,80.22
483,1450,UMI,150.0,43.69179,-79.26088,100.0,11.284,11.3,145,51.78,51.78
483,1451,UMI,270.0,43.69179,-79.26088,100.0,26.503,26.5,254,93.6,93.6
484,1452,UMI,30.0,43.69179,-79.25418,100.0,7.602,7.6,70,29.1,29.1
484,1453,UMI,150.0,43.69179,-79.25418,100.0,3.225,3.2,50,16.48,16.48
484,1454,UMI,270.0,43.69179,-79.25418,100.0,12.436,12.4,120,48.78,48.78
485,1455,UMI,30.0,43.69598,-79.58623,100.0,8.946,8.9,98,34.19,34.19
485,1456,UMI,150.0,43.69598,-79.58623,100.0,6.843,6.8,56,27.0,27.0
485,1457,UMI,270.0,43.69598,-79.58623,100.0,5.69,5.7,60,21.91,21.91
486,1458,UMI,30.0,43.69598,-79.57952,100.0,14.646,14.6,97,49.9,49.9
486,1459,UMI,150.0,43.69598,-79.57952,100.0,6.656,6.7,71,33.33,33.33
486,1460,UMI,270.0,43.69598,-79.57952,100.0,7.947,7.9,80,27.71,27.71
487,1461,UMI,30.0,43.69598,-79.57281,100.0,10.726,10.7,115,42.61,42.61
487,1462,UMI,150.0,43.69598,-79.57281,100.0,10.613,10.6,134,41.04,41.04
487,1463,UMI,270.0,43.69598,-79.57281,100.0,6.209,6.2,75,25.99,25.99
488,1464,UMI,30.0,43.69598,-79.5661,100.0,30.768,30.8,243,94.68,94.68
488,1465,UMI,150.0,43.69598,-79.5661,100.0,36.062,36.1,287,126.65,126.65
488,1466,UMI,270.0,43.69598,-79.5661,100.0,18.333,18.3,178,71.72,71.72
489,1467,UMI,30.0,43.69598,-79.5594,100.0,32.196,32.2,364,125.62,125.62
489,1468,UMI,150.0,43.69598,-79.5594,100.0,37.415,37.4,393,151.23,151.23
489,1469,UMI,270.0,43.69598,-79.5594,100.0,31.108,31.1,344,130.76,130.76
490,1470,UMI,30.0,43.69598,-79.55269,100.0,36.818,36.8,345,135.41,135.41
490,1471,UMI,150.0,43.69598,-79.55269,100.0,33.746,33.7,356,148.88,148.88
490,1472,UMI,270.0,43.69598,-79.55269,100.0,41.35,41.4,395,167.98,167.98
491,1473,UMI,30.0,43.69598,-79.54598,100.0,38.569,38.6,343,129.31,129.31
491,1474,UMI,150.0,43.69598,-79.54598,100.0,30.435,30.4,327,118.09,118.09
491,1475,UMI,270.0,43.69598,-79.54598,100.0,36.837,36.8,331,137.79,137.79
492,1476,UMI,30.0,43.69598,-79.53927,100.0,42.12,42.1,361,145.34,145.34
492,1477,UMI,150.0,43.69598,-79.53927,100.0,49.674,49.7,421,174.2,174.2
492,1478,UMI,270.0,43.69598,-79.53927,100.0,29.936,29.9,358,130.4,130.4
493,1479,UMI,30.0,43.69598,-79.53256,100.0,31.659,31.7,378,128.66,128.66
493,1480,UMI,150.0,43.69598,-79.53256,100.0,33.883,33.9,388,134.4,134.4
493,1481,UMI,270.0,43.69598,-79.53256,100.0,38.615,38.6,352,142.52,142.52
494,1482,UMI,30.0,43.69598,-79.52586,100.0,40.468,40.5,430,154.27,154.27
494,1483,UMI,150.0,43.69598,-79.52586,100.0,44.305,44.3,444,169.37,169.37
494,1484,UMI,270.0,43.69598,-79.52586,100.0,49.249,49.2,450,186.03,186.03
495,1485,UMI,30.0,43.69598,-79.51915,100.0,38.182,38.2,391,145.68,145.68
495,1486,UMI,150.0,43.69598,-79.51915,100.0,43.054,43.1,384,160.43,160.43
495,1487,UMI,270.0,43.69598,-79.51915,100.0,40.708,40.7,406,153.64,153.64
496,1488,UMI,30.0,43.69598,-79.51244,100.0,38.621,38.6,404,148.32,148.32
496,1489,UMI,150.0,43.69598,-79.51244,100.0,31.032,31.0,315,109.82,109.82
496,1490,UMI,270.0,43.69598,-79.51244,100.0,36.822,36.8,352,135.05,135.05
497,1491,UMI,30.0,43.69598,-79.50573,100.0,48.606,48.6,451,179.27,179.27
497,1492,UMI,150.0,43.69598,-79.50573,100.0,42.992,43.0,386,142.93,142.93
497,1493,UMI,270.0,43.69598,-79.50573,100.0,37.931,37.9,380,155.55,155.55
498,1494,UMI,30.0,43.69598,-79.49902,100.0,49.583,49.6,470,186.56,186.56
498,1495,UMI,150.0,43.69598,-79.49902,100.0,43.043,43.0,438,174.93,174.93
498,1496,UMI,270.0,43.69598,-79.49902,100.0,48.077,48.1,424,163.25,163.25
499,1497,UMI,30.0,43.69598,-79.49231,100.0,47.58,47.6,398,166.69,166.69
499,1498,UMI,150.0,43.69598,-79.49231,100.0,37.917,37.9,367,133.13,133.13
499,1499,UMI,270.0,43.69598,-79.49231,100.0,35.814,35.8,404,145.83,145.83
500,1500,UMI,30.0,43.69598,-79.48561,100.0,45.393,45.4,438,179.91,179.91
500,1501,UMI,150.0,43.69598,-79.48561,100.0,36.22,36.2,353,144.77,144.77
500,1502,UMI,270.0,43.69598,-79.48561,100.0,38.347,38.3,351,152.76,152.76
501,1503,UMI,30.0,43.69598,-79.4789,100.0,48.832,48.8,449,175.09,175.09
501,1504,UMI,150.0,43.69598,-79.4789,100.0,45.81,45.8,485,193.74,193.74
501,1505,UMI,270.0,43.69598,-79.4789,100.0,52.515,52.5,461,182.99,182.99
502,1506,UMI,30.0,43.69598,-79.47219,100.0,41.155,41.2,450,169.43,169.43
502,1507,UMI,150.0,43.69598,-79.47219,100.0,52.309,52.3,504,207.48,207.48
502,1508,UMI,270.0,43.69598,-79.47219,100.0,46.683,46.7,461,184.71,184.71
503,1509,UMI,30.0,43.69598,-79.46548,100.0,37.968,38.0,375,158.08,158.08
503,1510,UMI,150.0,43.69598,-79.46548,100.0,48.976,49.0,475,193.73,193.73
503,1511,UMI,270.0,43.69598,-79.46548,100.0,48.851,48.9,473,184.52,184.52
504,1512,UMI,30.0,43.69598,-79.45877,100.0,53.753,53.8,476,189.33,189.33
504,1513,UMI,150.0,43.69598,-79.45877,100.0,56.458,56.5,522,216.95,216.95
504,1514,UMI,270.0,43.69598,-79.45877,100.0,50.894,50.9,474,186.32,186.32
505,1515,UMI,30.0,43.69598,-79.45207,100.0,61.18,61.2,570,215.5,215.5
505,1516,UMI,150.0,43.69598,-79.45207,100.0,61.627,61.6,595,241.39,241.39
505,1517,UMI,270.0,43.69598,-79.45207,100.0,58.594,58.6,551,216.36,216.36
506,1518,UMI,30.0,43.69598,-79.44536,100.0,61.751,61.8,624,253.04,253.04
506,1519,UMI,150.0,43.69598,-79.44536,100.0,63.618,63.6,617,249.64,249.64
506,1520,UMI,270.0,43.69598,-79.44536,100.0,61.517,61.5,613,257.11,257.11
507,1521,UMI,30.0,43.69598,-79.43865,100.0,64.895,64.9,624,256.02,256.02
507,1522,UMI,150.0,43.69598,-79.43865,100.0,79.293,79.3,679,276.57,276.57
507,1523,UMI,270.0,43.69598,-79.43865,100.0,72.766,72.8,631,261.52,261.52
508,1524,UMI,30.0,43.69598,-79.43194,100.0,60.503,60.5,603,227.73,227.73
508,1525,UMI,150.0,43.69598,-79.43194,100.0,51.196,51.2,582,216.19,216.19
508,1526,UMI,270.0,43.69598,-79.43194,100.0,66.738,66.7,609,237.84,237.84
509,1527,UMI,30.0,43.69598,-79.42523,100.0,74.639,74.6,628,271.82,271.82
509,1528,UMI,150.0,43.69598,-79.42523,100.0,62.714,62.7,617,254.46,254.46
509,1529,UMI,270.0,43.69598,-79.42523,100.0,70.466,70.5,661,272.45,272.45
510,1530,UMI,30.0,43.69598,-79.41853,100.0,66.439,66.4,676,250.33,250.33
510,1531,UMI,150.0,43.69598,-79.41853,100.0,69.254,69.3,667,271.83,271.83
510,1532,UMI,270.0,43.69598,-79.41853,100.0,56.836,56.8,608,231.98,231.98
511,1533,UMI,30.0,43.69598,-79.41182,100.0,66.0,66.0,675,248.21,248.21
511,1534,UMI,150.0,43.69598,-79.41182,100.0,59.714,59.7,607,234.39,234.39
511,1535,UMI,270.0,43.69598,-79.41182,100.0,61.56,61.6,641,246.9,246.9
512,1536,UMI,30.0,43.69598,-79.40511,100.0,69.678,69.7,648,266.68,266.68
512,1537,UMI,150.0,43.69598,-79.40511,100.0,60.589,60.6,591,235.25,235.25
512,1538,UMI,270.0,43.69598,-79.40511,100.0,67.78,67.8,601,235.23,235.23
513,1539,UMI,30.0,43.69598,-79.3984,100.0,61.076,61.1,541,212.58,212.58
513,1540,UMI,150.0,43.69598,-79.3984,100.0,61.31,61.3,492,206.1,206.1
513,1541,UMI,270.0,43.69598,-79.3984,100.0,60.149,60.1,601,242.97,242.97
514,1542,UMI,30.0,43.69598,-79.39169,100.0,50.613,50.6,452,187.6,187.6
514,1543,UMI,150.0,43.69598,-79.39169,100.0,42.69,42.7,390,153.74,153.74
514,1544,UMI,270.0,43.69598,-79.39169,100.0,52.754,52.8,451,187.92,187.92
515,1545,UMI,30.0,43.69598,-79.38498,100.0,48.769,48.8,414,188.53,188.53
515,1546,UMI,150.0,43.69598,-79.38498,100.0,42.51,42.5,401,154.05,154.05
515,1547,UMI,270.0,43.69598,-79.38498,100.0,39.744,39.7,397,164.69,164.69
516,1548,UMI,30.0,43.69598,-79.37828,100.0,35.065,35.1,392,145.8,145.8
516,1549,UMI,150.0,43.69598,-79.37828,100.0,34.164,34.2,399,146.38,146.38
516,1550,UMI,270.0,43.69598,-79.37828,100.0,40.015,40.0,412,151.98,151.98
517,1551,UMI,30.0,43.69598,-79.37157,100.0,41.131,41.1,407,167.71,167.71
517,1552,UMI,150.0,43.69598,-79.37157,100.0,51.109,51.1,402,155.42,155.42
517,1553,UMI,270.0,43.69598,-79.37157,100.0,37.943,37.9,425,150.44,150.44
518,1554,UMI,30.0,43.69598,-79.36486,100.0,27.838,27.8,306,115.08,115.08
518,1555,UMI,150.0,43.69598,-79.36486,100.0,28.051,28.1,297,115.85,115.85
518,1556,UMI,270.0,43.69598,-79.36486,100.0,29.681,29.7,365,114.05,114.05
519,1557,UMI,30.0,43.69598,-79.35815,100.0,27.449,27.4,255,110.05,110.05
519,1558,UMI,150.0,43.69598,-79.35815,100.0,26.542,26.5,264,112.17,112.17
519,1559,UMI,270.0,43.69598,-79.35815,100.0,26.811,26.8,245,110.13,110.13
520,1560,UMI,30.0,43.69598,-79.35144,100.0,34.662,34.7,291,111.26,111.26
520,1561,UMI,150.0,43.69598,-79.35144,100.0,49.09,49.1,413,165.2,165.2
520,1562,UMI,270.0,43.69598,-79.35144,100.0,27.915,27.9,298,107.08,107.08
521,1563,UMI,30.0,43.69598,-79.34474,100.0,29.224,29.2,327,124.33,124.33
521,1564,UMI,150.0,43.69598,-79.34474,100.0,46.075,46.1,435,174.6,174.6
521,1565,UMI,270.0,43.69598,-79.34474,100.0,40.522,40.5,387,160.58,160.58
522,1566,UMI,30.0,43.69598,-79.33803,100.0,42.544,42.5,386,166.22,166.22
522,1567,UMI,150.0,43.69598,-79.33803,100.0,46.205,46.2,471,192.13,192.13
522,1568,UMI,270.0,43.69598,-79.33803,100.0,40.789,40.8,417,154.57,154.57
523,1569,UMI,30.0,43.69598,-79.33132,100.0,45.742,45.7,413,155.75,155.75
523,1570,UMI,150.0,43.69598,-79.33132,100.0,52.772,52.8,485,196.06,196.06
523,1571,UMI,270.0,43.69598,-79.33132,100.0,49.579,49.6,469,194.21,194.21
524,1572,UMI,30.0,43.69598,-79.32461,100.0,49.297,49.3,521,193.24,193.24
524,1573,UMI,150.0,43.69598,-79.32461,100.0,65.871,65.9,542,216.81,216.81
524,1574,UMI,270.0,43.69598,-79.32461,100.0,41.917,41.9,451,172.98,172.98
525,1575,UMI,30.0,43.69598,-79.3179,100.0,50.26,50.3,532,207.15,207.15
525,1576,UMI,150.0,43.69598,-79.3179,100.0,69.733,69.7,612,248.19,248.19
525,1577,UMI,270.0,43.69598,-79.3179,100.0,56.904,56.9,548,232.13,232.13
526,1578,UMI,30.0,43.69598,-79.31119,100.0,51.994,52.0,519,198.91,198.91
526,1579,UMI,150.0,43.69598,-79.31119,100.0,62.612,62.6,581,239.72,239.72
526,1580,UMI,270.0,43.69598,-79.31119,100.0,52.896,52.9,523,201.85,201.85
527,1581,UMI,30.0,43.69598,-79.30449,100.0,51.576,51.6,511,202.46,202.46
527,1582,UMI,150.0,43.69598,-79.30449,100.0,62.447,62.4,586,238.72,238.72
527,1583,UMI,270.0,43.69598,-79.30449,100.0,52.473,52.5,539,222.38,222.38
528,1584,UMI,30.0,43.69598,-79.29778,100.0,42.37,42.4,450,178.4,178.4
528,1585,UMI,150.0,43.69598,-79.29778,100.0,60.776,60.8,511,233.77,233.77
528,1586,UMI,270.0,43.69598,-79.29778,100.0,55.539,55.5,497,203.84,203.84
529,1587,UMI,30.0,43.69598,-79.29107,100.0,46.483,46.5,422,170.89,170.89
529,1588,UMI,150.0,43.69598,-79.29107,100.0,43.074,43.1,449,172.01,172.01
529,1589,UMI,270.0,43.69598,-79.29107,100.0,53.842,53.8,475,191.27,191.27
530,1590,UMI,30.0,43.69598,-79.28436,100.0,48.249,48.2,472,197.61,197.61
530,1591,UMI,150.0,43.69598,-79.28436,100.0,49.863,49.9,492,187.97,187.97
530,1592,UMI,270.0,43.69598,-79.28436,100.0,47.636,47.6,472,180.77,180.77
531,1593,UMI,30.0,43.69598,-79.27765,100.0,45.627,45.6,504,181.72,181.72
531,1594,UMI,150.0,43.69598,-79.27765,100.0,57.557,57.6,528,222.63,222.63
531,1595,UMI,270.0,43.69598,-79.27765,100.0,54.681,54.7,534,212.26,212.26
532,1596,UMI,30.0,43.69598,-79.27095,100.0,52.364,52.4,486,172.12,172.12
532,1597,UMI,150.0,43.69598,-79.27095,100.0,46.22,46.2,496,183.83,183.83
532,1598,UMI,270.0,43.69598,-79.27095,100.0,59.181,59.2,520,212.11,212.11
533,1599,UMI,30.0,43.69598,-79.26424,100.0,37.715,37.7,361,152.77,152.77
533,1600,UMI,150.0,43.69598,-79.26424,100.0,30.685,30.7,318,121.62,121.62
533,1601,UMI,270.0,43.69598,-79.26424,100.0,46.504,46.5,438,186.91,186.91
534,1602,UMI,30.0,43.69598,-79.25753,100.0,25.044,25.0,222,97.84,97.84
534,1603,UMI,150.0,43.69598,-79.25753,100.0,15.93,15.9,156,65.3,65.3
534,1604,UMI,270.0,43.69598,-79.25753,100.0,25.568,25.6,260,109.07,109.07
535,1605,UMI,30.0,43.69598,-79.25082,100.0,12.783,12.8,119,43.81,43.81
535,1606,UMI,150.0,43.69598,-79.25082,100.0,7.734,7.7,77,32.25,32.25
535,1607,UMI,270.0,43.69598,-79.25082,100.0,16.245,16.2,149,63.67,63.67
536,1608,UMI,30.0,43.69598,-79.24411,100.0,6.074,6.1,70,26.06,26.06
536,1609,UMI,150.0,43.69598,-79.24411,100.0,2.931,2.9,26,9.82,9.82
536,1610,UMI,270.0,43.69598,-79.24411,100.0,4.953,5.0,66,23.49,23.49
537,1611,UMI,30.0,43.70018,-79.59629,100.0,4.86,4.9,54,21.86,21.86
537,1612,UMI,150.0,43.70018,-79.59629,100.0,4.402,4.4,52,20.2,20.2
537,1613,UMI,270.0,43.70018,-79.59629,100.0,4.835,4.8,53,20.71,20.71
538,1614,UMI,30.0,43.70018,-79.58958,100.0,11.839,11.8,87,37.34,37.34
538,1615,UMI,150.0,43.70018,-79.58958,100.0,4.753,4.8,63,21.58,21.58
538,1616,UMI,270.0,43.70018,-79.58958,100.0,9.285,9.3,71,37.61,37.61
539,1617,UMI,30.0,43.70018,-79.58287,100.0,8.625,8.6,92,35.29,35.29
539,1618,UMI,150.0,43.70018,-79.58287,100.0,9.448,9.4,96,34.13,34.13
539,1619,UMI,270.0,43.70018,-79.58287,100.0,6.956,7.0,85,33.16,33.16
540,1620,UMI,30.0,43.70018,-79.57617,100.0,10.422,10.4,124,46.37,46.37
540,1621,UMI,150.0,43.70018,-79.57617,100.0,10.674,10.7,104,40.01,40.01
540,1622,UMI,270.0,43.70018,-79.57617,100.0,7.899,7.9,100,37.16,37.16
541,1623,UMI,30.0,43.70018,-79.56946,100.0,15.883,15.9,184,70.64,70.64
541,1624,UMI,150.0,43.70018,-79.56946,100.0,15.647,15.6,192,63.8,63.8
541,1625,UMI,270.0,43.70018,-79.56946,100.0,13.737,13.7,137,54.76,54.76
542,1626,UMI,30.0,43.70018,-79.56275,100.0,25.079,25.1,240,94.07,94.07
542,1627,UMI,150.0,43.70018,-79.56275,100.0,26.439,26.4,250,106.93,106.93
542,1628,UMI,270.0,43.70018,-79.56275,100.0,19.27,19.3,207,74.11,74.11
543,1629,UMI,30.0,43.70018,-79.55604,100.0,30.649,30.6,296,125.65,125.65
543,1630,UMI,150.0,43.70018,-79.55604,100.0,33.135,33.1,355,130.03,130.03
543,1631,UMI,270.0,43.70018,-79.55604,100.0,34.917,34.9,340,133.99,133.99
544,1632,UMI,30.0,43.70018,-79.54933,100.0,27.747,27.7,266,106.76,106.76
544,1633,UMI,150.0,43.70018,-79.54933,100.0,35.157,35.2,354,141.51,141.51
544,1634,UMI,270.0,43.70018,-79.54933,100.0,34.216,34.2,324,133.21,133.21
545,1635,UMI,30.0,43.70018,-79.54263,100.0,18.896,18.9,249,78.86,78.86
545,1636,UMI,150.0,43.70018,-79.54263,100.0,37.114,37.1,340,120.38,120.38
545,1637,UMI,270.0,43.70018,-79.54263,100.0,38.478,38.5,319,151.91,151.91
546,1638,UMI,30.0,43.70018,-79.53592,100.0,26.409,26.4,241,91.29,91.29
546,1639,UMI,150.0,43.70018,-79.53592,100.0,38.703,38.7,319,140.53,140.53
546,1640,UMI,270.0,43.70018,-79.53592,100.0,27.77,27.8,275,111.23,111.23
547,1641,UMI,30.0,43.70018,-79.52921,100.0,43.342,43.3,406,166.08,166.08
547,1642,UMI,150.0,43.70018,-79.52921,100.0,46.992,47.0,410,182.87,182.87
547,1643,UMI,270.0,43.70018,-79.52921,100.0,38.558,38.6,414,161.19,161.19
548,1644,UMI,30.0,43.70018,-79.5225,100.0,47.024,47.0,437,171.99,171.99
548,1645,UMI,150.0,43.70018,-79.5225,100.0,44.686,44.7,411,159.78,159.78
548,1646,UMI,270.0,43.70018,-79.5225,100.0,45.668,45.7,414,165.25,165.25
549,1647,UMI,30.0,43.70018,-79.51579,100.0,40.214,40.2,413,144.56,144.56
549,1648,UMI,150.0,43.70018,-79.51579,100.0,32.42,32.4,357,133.31,133.31
549,1649,UMI,270.0,43.70018,-79.51579,100.0,38.271,38.3,402,154.71,154.71
550,1650,UMI,30.0,43.70018,-79.50909,100.0,50.819,50.8,482,179.31,179.31
550,1651,UMI,150.0,43.70018,-79.50909,100.0,49.571,49.6,427,164.19,164.19
550,1652,UMI,270.0,43.70018,-79.50909,100.0,40.617,40.6,400,158.97,158.97
551,1653,UMI,30.0,43.70018,-79.50238,100.0,54.995,55.0,521,197.05,197.05
551,1654,UMI,150.0,43.70018,-79.50238,100.0,50.06,50.1,474,183.69,183.69
551,1655,UMI,270.0,43.70018,-79.50238,100.0,52.27,52.3,519,202.0,202.0
552,1656,UMI,30.0,43.70018,-79.49567,100.0,45.673,45.7,454,180.14,180.14
552,1657,UMI,150.0,43.70018,-79.49567,100.0,49.492,49.5,438,190.27,190.27
552,1658,UMI,270.0,43.70018,-79.49567,100.0,47.159,47.2,482,178.92,178.92
553,1659,UMI,30.0,43.70018,-79.48896,100.0,46.418,46.4,433,173.15,173.15
553,1660,UMI,150.0,43.70018,-79.48896,100.0,45.909,45.9,405,167.2,167.2
553,1661,UMI,270.0,43.70018,-79.48896,100.0,43.979,44.0,439,171.57,171.57
554,1662,UMI,30.0,43.70018,-79.48225,100.0,50.364,50.4,471,192.2,192.2
554,1663,UMI,150.0,43.70018,-79.48225,100.0,42.239,42.2,435,178.63,178.63
554,1664,UMI,270.0,43.70018,-79.48225,100.0,39.995,40.0,447,168.25,168.25
555,1665,UMI,30.0,43.70018,-79.47554,100.0,38.854,38.9,412,150.84,150.84
555,1666,UMI,150.0,43.70018,-79.47554,100.0,50.898,50.9,443,191.4,191.4
555,1667,UMI,270.0,43.70018,-79.47554,100.0,47.133,47.1,434,194.98,194.98
556,1668,UMI,30.0,43.70018,-79.46884,100.0,36.371,36.4,349,136.4,136.4
556,1669,UMI,150.0,43.70018,-79.46884,100.0,41.681,41.7,368,155.8,155.8
556,1670,UMI,270.0,43.70018,-79.46884,100.0,38.203,38.2,373,146.13,146.13
557,1671,UMI,30.0,43.70018,-79.46213,100.0,41.847,41.8,407,156.61,156.61
557,1672,UMI,150.0,43.70018,-79.46213,100.0,39.355,39.4,382,143.63,143.63
557,1673,UMI,270.0,43.70018,-79.46213,100.0,35.228,35.2,350,142.1,142.1
558,1674,UMI,30.0,43.70018,-79.45542,100.0,48.413,48.4,463,179.98,179.98
558,1675,UMI,150.0,43.70018,-79.45542,100.0,51.949,51.9,482,198.82,198.82
558,1676,UMI,270.0,43.70018,-79.45542,100.0,45.214,45.2,425,166.35,166.35
559,1677,UMI,30.0,43.70018,-79.44871,100.0,64.396,64.4,641,255.85,255.85
559,1678,UMI,150.0,43.70018,-79.44871,100.0,59.33,59.3,630,226.75,226.75
559,1679,UMI,270.0,43.70018,-79.44871,100.0,60.819,60.8,596,233.92,233.92
560,1680,UMI,30.0,43.70018,-79.442,100.0,65.111,65.1,625,239.91,239.91
560,1681,UMI,150.0,43.70018,-79.442,100.0,76.326,76.3,666,281.33,281.33
560,1682,UMI,270.0,43.70018,-79.442,100.0,67.018,67.0,609,244.34,244.34
561,1683,UMI,30.0,43.70018,-79.4353,100.0,64.973,65.0,639,268.48,268.48
561,1684,UMI,150.0,43.70018,-79.4353,100.0,70.617,70.6,637,278.0,278.0
561,1685,UMI,270.0,43.70018,-79.4353,100.0,65.829,65.8,640,242.71,242.71
562,1686,UMI,30.0,43.70018,-79.42859,100.0,59.11,59.1,589,236.64,236.64
562,1687,UMI,150.0,43.70018,-79.42859,100.0,78.638,78.6,684,285.99,285.99
562,1688,UMI,270.0,43.70018,-79.42859,100.0,59.857,59.9,669,253.72,253.72
563,1689,UMI,30.0,43.70018,-79.42188,100.0,71.507,71.5,623,262.77,262.77
563,1690,UMI,150.0,43.70018,-79.42188,100.0,66.117,66.1,652,248.14,248.14
563,1691,UMI,270.0,43.70018,-79.42188,100.0,66.677,66.7,681,263.59,263.59
564,1692,UMI,30.0,43.70018,-79.41517,100.0,63.998,64.0,638,260.0,260.0
564,1693,UMI,150.0,43.70018,-79.41517,100.0,64.439,64.4,673,259.5,259.5
564,1694,UMI,270.0,43.70018,-79.41517,100.0,70.927,70.9,646,279.3,279.3
565,1695,UMI,30.0,43.70018,-79.40846,100.0,72.145,72.1,648,268.63,268.63
565,1696,UMI,150.0,43.70018,-79.40846,100.0,71.297,71.3,660,251.78,251.78
565,1697,UMI,270.0,43.70018,-79.40846,100.0,66.411,66.4,679,282.06,282.06
566,1698,UMI,30.0,43.70018,-79.40175,100.0,65.408,65.4,558,237.34,237.34
566,1699,UMI,150.0,43.70018,-79.40175,100.0,59.005,59.0,604,248.7,248.7
566,1700,UMI,270.0,43.70018,-79.40175,100.0,62.2,62.2,600,235.95,235.95
567,1701,UMI,30.0,43.70018,-79.39505,100.0,51.339,51.3,573,201.44,201.44
567,1702,UMI,150.0,43.70018,-79.39505,100.0,46.112,46.1,500,187.51,187.51
567,1703,UMI,270.0,43.70018,-79.39505,100.0,56.75,56.7,535,210.71,210.71
568,1704,UMI,30.0,43.70018,-79.38834,100.0,49.466,49.5,461,195.16,195.16
568,1705,UMI,150.0,43.70018,-79.38834,100.0,40.796,40.8,424,162.01,162.01
568,1706,UMI,270.0,43.70018,-79.38834,100.0,54.174,54.2,484,209.92,209.92
569,1707,UMI,30.0,43.70018,-79.38163,100.0,44.33,44.3,487,185.84,185.84
569,1708,UMI,150.0,43.70018,-79.38163,100.0,51.185,51.2,443,178.93,178.93
569,1709,UMI,270.0,43.70018,-79.38163,100.0,53.955,54.0,497,198.53,198.53
570,1710,UMI,30.0,43.70018,-79.37492,100.0,51.907,51.9,483,194.65,194.65
570,1711,UMI,150.0,43.70018,-79.37492,100.0,57.602,57.6,440,181.74,181.74
570,1712,UMI,270.0,43.70018,-79.37492,100.0,46.265,46.3,475,182.85,182.85
571,1713,UMI,30.0,43.70018,-79.36821,100.0,53.463,53.5,504,200.35,200.35
571,1714,UMI,150.0,43.70018,-79.36821,100.0,43.338,43.3,408,163.22,163.22
571,1715,UMI,270.0,43.70018,-79.36821,100.0,50.594,50.6,427,172.22,172.22
572,1716,UMI,30.0,43.70018,-79.36151,100.0,35.008,35.0,321,129.98,129.98
572,1717,UMI,150.0,43.70018,-79.36151,100.0,29.166,29.2,299,120.15,120.15
572,1718,UMI,270.0,43.70018,-79.36151,100.0,42.895,42.9,390,151.67,151.67
573,1719,UMI,30.0,43.70018,-79.3548,100.0,29.507,29.5,229,92.25,92.25
573,1720,UMI,150.0,43.70018,-79.3548,100.0,34.047,34.0,277,115.13,115.13
573,1721,UMI,270.0,43.70018,-79.3548,100.0,24.731,24.7,257,98.26,98.26
574,1722,UMI,30.0,43.70018,-79.34809,100.0,22.351,22.4,238,83.98,83.98
574,1723,UMI,150.0,43.70018,-79.34809,100.0,34.474,34.5,286,118.17,118.17
574,1724,UMI,270.0,43.70018,-79.34809,100.0,23.188,23.2,241,101.09,101.09
575,1725,UMI,30.0,43.70018,-79.34138,100.0,22.983,23.0,224,86.37,86.37
575,1726,UMI,150.0,43.70018,-79.34138,100.0,29.872,29.9,326,126.43,126.43
575,1727,UMI,270.0,43.70018,-79.34138,100.0,24.45,24.4,246,102.61,102.61
576,1728,UMI,30.0,43.70018,-79.33467,100.0,26.502,26.5,272,109.65,109.65
576,1729,UMI,150.0,43.70018,-79.33467,100.0,34.861,34.9,305,133.03,133.03
576,1730,UMI,270.0,43.70018,-79.33467,100.0,30.265,30.3,289,109.13,109.13
577,1731,UMI,30.0,43.70018,-79.32797,100.0,26.604,26.6,300,111.69,111.69
577,1732,UMI,150.0,43.70018,-79.32797,100.0,41.294,41.3,394,153.77,153.77
577,1733,UMI,270.0,43.70018,-79.32797,100.0,28.948,28.9,303,113.38,113.38
578,1734,UMI,30.0,43.70018,-79.32126,100.0,40.849,40.8,373,141.05,141.05
578,1735,UMI,150.0,43.70018,-79.32126,100.0,57.696,57.7,515,211.25,211.25
578,1736,UMI,270.0,43.70018,-79.32126,100.0,42.537,42.5,427,151.96,151.96
579,1737,UMI,30.0,43.70018,-79.31455,100.0,47.114,47.1,426,173.45,173.45
579,1738,UMI,150.0,43.70018,-79.31455,100.0,51.908,51.9,486,172.23,172.23
579,1739,UMI,270.0,43.70018,-79.31455,100.0,39.828,39.8,404,151.84,151.84
580,1740,UMI,30.0,43.70018,-79.30784,100.0,51.431,51.4,550,200.94,200.94
580,1741,UMI,150.0,43.70018,-79.30784,100.0,62.572,62.6,508,226.38,226.38
580,1742,UMI,270.0,43.70018,-79.30784,100.0,49.958,50.0,523,205.93,205.93
581,1743,UMI,30.0,43.70018,-79.30113,100.0,51.609,51.6,499,198.28,198.28
581,1744,UMI,150.0,43.70018,-79.30113,100.0,57.266,57.3,519,204.25,204.25
581,1745,UMI,270.0,43.70018,-79.30113,100.0,53.139,53.1,519,216.21,216.21
582,1746,UMI,30.0,43.70018,-79.29442,100.0,55.068,55.1,553,220.55,220.55
582,1747,UMI,150.0,43.70018,-79.29442,100.0,50.417,50.4,501,199.13,199.13
582,1748,UMI,270.0,43.70018,-79.29442,100.0,51.033,51.0,501,192.62,192.62
583,1749,UMI,30.0,43.70018,-79.28772,100.0,51.421,51.4,492,196.74,196.74
583,1750,UMI,150.0,43.70018,-79.28772,100.0,39.952,40.0,396,153.19,153.19
583,1751,UMI,270.0,43.70018,-79.28772,100.0,45.269,45.3,459,178.09,178.09
584,1752,UMI,30.0,43.70018,-79.28101,100.0,43.064,43.1,408,161.43,161.43
584,1753,UMI,150.0,43.70018,-79.28101,100.0,56.402,56.4,498,194.36,194.36
584,1754,UMI,270.0,43.70018,-79.28101,100.0,47.988,48.0,446,183.19,183.19
585,1755,UMI,30.0,43.70018,-79.2743,100.0,46.973,47.0,509,195.18,195.18
585,1756,UMI,150.0,43.70018,-79.2743,100.0,46.081,46.1,517,186.02,186.02
585,1757,UMI,270.0,43.70018,-79.2743,100.0,58.698,58.7,467,200.79,200.79
586,1758,UMI,30.0,43.70018,-79.26759,100.0,45.287,45.3,459,169.94,169.94
586,1759,UMI,150.0,43.70018,-79.26759,100.0,52.698,52.7,435,195.6,195.6
586,1760,UMI,270.0,43.70018,-79.26759,100.0,50.333,50.3,483,198.33,198.33
587,1761,UMI,30.0,43.70018,-79.26088,100.0,38.849,38.8,408,151.03,151.03
587,1762,UMI,150.0,43.70018,-79.26088,100.0,33.955,34.0,387,148.72,148.72
587,1763,UMI,270.0,43.70018,-79.26088,100.0,54.02,54.0,456,183.22,183.22
588,1764,UMI,30.0,43.70018,-79.25418,100.0,36.671,36.7,332,127.65,127.65
588,1765,UMI,150.0,43.70018,-79.25418,100.0,24.266,24.3,224,90.56,90.56
588,1766,UMI,270.0,43.70018,-79.25418,100.0,36.381,36.4,300,118.56,118.56
589,1767,UMI,30.0,43.70018,-79.24747,100.0,24.196,24.2,221,98.14,98.14
589,1768,UMI,150.0,43.70018,-79.24747,100.0,12.129,12.1,125,48.08,48.08
589,1769,UMI,270.0,43.70018,-79.24747,100.0,20.196,20.2,223,78.89,78.89
590,1770,UMI,30.0,43.70018,-79.24076,100.0,12.747,12.7,78,28.08,28.08
590,1771,UMI,150.0,43.70018,-79.24076,100.0,5.556,5.6,44,18.72,18.72
590,1772,UMI,270.0,43.70018,-79.24076,100.0,14.597,14.6,112,45.65,45.65
591,1773,UMI,30.0,43.70437,-79.59965,100.0,6.408,6.4,62,23.73,23.73
591,1774,UMI,150.0,43.70437,-79.59965,100.0,4.462,4.5,55,18.26,18.26
591,1775,UMI,270.0,43.70437,-79.59965,100.0,5.731,5.7,61,22.29,22.29
592,1776,UMI,30.0,43.70437,-79.59294,100.0,7.492,7.5,92,31.38,31.38
592,1777,UMI,150.0,43.70437,-79.59294,100.0,6.631,6.6,70,30.51,30.51
592,1778,UMI,270.0,43.70437,-79.59294,100.0,5.203,5.2,71,22.81,22.81
593,1779,UMI,30.0,43.70437,-79.58623,100.0,9.923,9.9,92,40.79,40.79
593,1780,UMI,150.0,43.70437,-79.58623,100.0,9.103,9.1,90,29.53,29.53
593,1781,UMI,270.0,43.70437,-79.58623,100.0,10.173,10.2,87,40.21,40.21
594,1782,UMI,30.0,43.70437,-79.57952,100.0,8.526,8.5,100,38.22,38.22
594,1783,UMI,150.0,43.70437,-79.57952,100.0,16.802,16.8,117,45.83,45.83
594,1784,UMI,270.0,43.70437,-79.57952,100.0,12.786,12.8,126,48.28,48.28
595,1785,UMI,30.0,43.70437,-79.57281,100.0,9.918,9.9,124,46.67,46.67
595,1786,UMI,150.0,43.70437,-79.57281,100.0,12.046,12.0,115,45.63,45.63
595,1787,UMI,270.0,43.70437,-79.57281,100.0,11.438,11.4,115,47.84,47.84
596,1788,UMI,30.0,43.70437,-79.5661,100.0,17.697,17.7,158,63.1,63.1
596,1789,UMI,150.0,43.70437,-79.5661,100.0,19.236,19.2,183,64.26,64.26
596,1790,UMI,270.0,43.70437,-79.5661,100.0,18.315,18.3,163,72.99,72.99
597,1791,UMI,30.0,43.70437,-79.5594,100.0,19.327,19.3,216,84.68,84.68
597,1792,UMI,150.0,43.70437,-79.5594,100.0,23.364,23.4,244,91.02,91.02
597,1793,UMI,270.0,43.70437,-79.5594,100.0,24.218,24.2,192,91.93,91.93
598,1794,UMI,30.0,43.70437,-79.55269,100.0,24.073,24.1,219,89.1,89.1
598,1795,UMI,150.0,43.70437,-79.55269,100.0,30.512,30.5,279,110.09,110.09
598,1796,UMI,270.0,43.70437,-79.55269,100.0,30.243,30.2,257,102.11,102.11
599,1797,UMI,30.0,43.70437,-79.54598,100.0,18.497,18.5,177,74.23,74.23
599,1798,UMI,150.0,43.70437,-79.54598,100.0,22.474,22.5,219,79.91,79.91
599,1799,UMI,270.0,43.70437,-79.54598,100.0,22.01,22.0,242,91.44,91.44
600,1800,UMI,30.0,43.70437,-79.53927,100.0,19.228,19.2,183,68.41,68.41
600,1801,UMI,150.0,43.70437,-79.53927,100.0,20.81,20.8,222,86.74,86.74
600,1802,UMI,270.0,43.70437,-79.53927,100.0,21.337,21.3,193,78.32,78.32
601,1803,UMI,30.0,43.70437,-79.53256,100.0,28.377,28.4,302,110.55,110.55
601,1804,UMI,150.0,43.70437,-79.53256,100.0,31.677,31.7,303,119.68,119.68
601,1805,UMI,270.0,43.70437,-79.53256,100.0,25.89,25.9,246,99.86,99.86
602,1806,UMI,30.0,43.70437,-79.52586,100.0,42.272,42.3,424,169.21,169.21
602,1807,UMI,150.0,43.70437,-79.52586,100.0,48.709,48.7,422,179.72,179.72
602,1808,UMI,270.0,43.70437,-79.52586,100.0,36.121,36.1,365,143.43,143.43
603,1809,UMI,30.0,43.70437,-79.51915,100.0,53.033,53.0,473,184.21,184.21
603,1810,UMI,150.0,43.70437,-79.51915,100.0,49.502,49.5,477,197.63,197.63
603,1811,UMI,270.0,43.70437,-79.51915,100.0,46.473,46.5,463,162.8,162.8
604,1812,UMI,30.0,43.70437,-79.51244,100.0,46.06,46.1,498,186.42,186.42
604,1813,UMI,150.0,43.70437,-79.51244,100.0,48.012,48.0,490,203.15,203.15
604,1814,UMI,270.0,43.70437,-79.51244,100.0,49.692,49.7,478,199.35,199.35
605,1815,UMI,30.0,43.70437,-79.50573,100.0,58.003,58.0,506,191.43,191.43
605,1816,UMI,150.0,43.70437,-79.50573,100.0,51.601,51.6,500,199.84,199.84
605,1817,UMI,270.0,43.70437,-79.50573,100.0,47.293,47.3,479,191.33,191.33
606,1818,UMI,30.0,43.70437,-79.49902,100.0,57.545,57.5,454,180.91,180.91
606,1819,UMI,150.0,43.70437,-79.49902,100.0,52.583,52.6,529,203.8,203.8
606,1820,UMI,270.0,43.70437,-79.49902,100.0,37.715,37.7,430,152.84,152.84
607,1821,UMI,30.0,43.70437,-79.49231,100.0,46.985,47.0,469,168.46,168.46
607,1822,UMI,150.0,43.70437,-79.49231,100.0,45.964,46.0,441,174.85,174.85
607,1823,UMI,270.0,43.70437,-79.49231,100.0,37.3,37.3,413,145.83,145.83
608,1824,UMI,30.0,43.70437,-79.48561,100.0,50.348,50.3,525,191.12,191.12
608,1825,UMI,150.0,43.70437,-79.48561,100.0,45.94,45.9,471,190.3,190.3
608,1826,UMI,270.0,43.70437,-79.48561,100.0,49.106,49.1,507,193.76,193.76
609,1827,UMI,30.0,43.70437,-79.4789,100.0,38.913,38.9,431,156.34,156.34
609,1828,UMI,150.0,43.70437,-79.4789,100.0,48.322,48.3,442,186.51,186.51
609,1829,UMI,270.0,43.70437,-79.4789,100.0,42.526,42.5,478,182.56,182.56
610,1830,UMI,30.0,43.70437,-79.47219,100.0,40.02,40.0,345,145.16,145.16
610,1831,UMI,150.0,43.70437,-79.47219,100.0,34.525,34.5,388,147.57,147.57
610,1832,UMI,270.0,43.70437,-79.47219,100.0,39.919,39.9,413,150.2,150.2
611,1833,UMI,30.0,43.70437,-79.46548,100.0,43.209,43.2,426,153.22,153.22
611,1834,UMI,150.0,43.70437,-79.46548,100.0,32.823,32.8,353,128.09,128.09
611,1835,UMI,270.0,43.70437,-79.46548,100.0,41.357,41.4,370,147.72,147.72
612,1836,UMI,30.0,43.70437,-79.45877,100.0,49.553,49.6,431,183.03,183.03
612,1837,UMI,150.0,43.70437,-79.45877,100.0,47.815,47.8,416,164.68,164.68
612,1838,UMI,270.0,43.70437,-79.45877,100.0,38.644,38.6,384,142.38,142.38
613,1839,UMI,30.0,43.70437,-79.45207,100.0,55.141,55.1,571,214.87,214.87
613,1840,UMI,150.0,43.70437,-79.45207,100.0,57.096,57.1,563,227.41,227.41
613,1841,UMI,270.0,43.70437,-79.45207,100.0,45.016,45.0,473,165.92,165.92
614,1842,UMI,30.0,43.70437,-79.44536,100.0,57.316,57.3,602,234.32,234.32
614,1843,UMI,150.0,43.70437,-79.44536,100.0,67.071,67.1,627,249.16,249.16
614,1844,UMI,270.0,43.70437,-79.44536,100.0,66.753,66.8,610,248.92,248.92
615,1845,UMI,30.0,43.70437,-79.43865,100.0,61.568,61.6,583,222.71,222.71
615,1846,UMI,150.0,43.70437,-79.43865,100.0,58.125,58.1,583,227.13,227.13
615,1847,UMI,270.0,43.70437,-79.43865,100.0,65.773,65.8,576,226.18,226.18
616,1848,UMI,30.0,43.70437,-79.43194,100.0,68.346,68.3,675,261.15,261.15
616,1849,UMI,150.0,43.70437,-79.43194,100.0,65.644,65.6,630,244.27,244.27
616,1850,UMI,270.0,43.70437,-79.43194,100.0,64.646,64.6,644,254.82,254.82
617,1851,UMI,30.0,43.70437,-79.42523,100.0,60.546,60.5,598,242.98,242.98
617,1852,UMI,150.0,43.70437,-79.42523,100.0,69.51,69.5,643,254.47,254.47
617,1853,UMI,270.0,43.70437,-79.42523,100.0,64.09,64.1,611,231.73,231.73
618,1854,UMI,30.0,43.70437,-79.41853,100.0,67.239,67.2,634,269.29,269.29
618,1855,UMI,150.0,43.70437,-79.41853,100.0,62.57,62.6,587,241.07,241.07
618,1856,UMI,270.0,43.70437,-79.41853,100.0,65.944,65.9,618,233.33,233.33
619,1857,UMI,30.0,43.70437,-79.41182,100.0,56.143,56.1,644,243.74,243.74
619,1858,UMI,150.0,43.70437,-79.41182,100.0,65.423,65.4,640,254.65,254.65
619,1859,UMI,270.0,43.70437,-79.41182,100.0,70.323,70.3,609,256.1,256.1
620,1860,UMI,30.0,43.70437,-79.40511,100.0,67.873,67.9,632,262.62,262.62
620,1861,UMI,150.0,43.70437,-79.40511,100.0,67.645,67.6,661,271.78,271.78
620,1862,UMI,270.0,43.70437,-79.40511,100.0,62.492,62.5,640,245.06,245.06
621,1863,UMI,30.0,43.70437,-79.3984,100.0,53.288,53.3,568,199.26,199.26
621,1864,UMI,150.0,43.70437,-79.3984,100.0,68.243,68.2,599,254.54,254.54
621,1865,UMI,270.0,43.70437,-79.3984,100.0,62.085,62.1,630,249.37,249.37
622,1866,UMI,30.0,43.70437,-79.39169,100.0,57.232,57.2,572,235.05,235.05
622,1867,UMI,150.0,43.70437,-79.39169,100.0,61.609,61.6,555,240.39,240.39
622,1868,UMI,270.0,43.70437,-79.39169,100.0,55.033,55.0,548,209.44,209.44
623,1869,UMI,30.0,43.70437,-79.38498,100.0,61.101,61.1,589,235.58,235.58
623,1870,UMI,150.0,43.70437,-79.38498,100.0,48.539,48.5,491,189.08,189.08
623,1871,UMI,270.0,43.70437,-79.38498,100.0,60.334,60.3,571,232.75,232.75
624,1872,UMI,30.0,43.70437,-79.37828,100.0,56.886,56.9,566,210.73,210.73
624,1873,UMI,150.0,43.70437,-79.37828,100.0,50.35,50.4,537,198.65,198.65
624,1874,UMI,270.0,43.70437,-79.37828,100.0,52.137,52.1,525,208.25,208.25
625,1875,UMI,30.0,43.70437,-79.37157,100.0,56.778,56.8,579,210.54,210.54
625,1876,UMI,150.0,43.70437,-79.37157,100.0,50.632,50.6,509,205.18,205.18
625,1877,UMI,270.0,43.70437,-79.37157,100.0,52.08,52.1,510,216.94,216.94
626,1878,UMI,30.0,43.70437,-79.36486,100.0,39.248,39.2,439,158.59,158.59
626,1879,UMI,150.0,43.70437,-79.36486,100.0,46.22,46.2,460,171.38,171.38
626,1880,UMI,270.0,43.70437,-79.36486,100.0,49.018,49.0,512,203.86,203.86
627,1881,UMI,30.0,43.70437,-79.35815,100.0,27.881,27.9,285,109.33,109.33
627,1882,UMI,150.0,43.70437,-79.35815,100.0,32.951,33.0,293,122.21,122.21
627,1883,UMI,270.0,43.70437,-79.35815,100.0,36.753,36.8,348,136.81,136.81
628,1884,UMI,30.0,43.70437,-79.35144,100.0,22.683,22.7,216,93.39,93.39
628,1885,UMI,150.0,43.70437,-79.35144,100.0,24.754,24.8,237,91.44,91.44
628,1886,UMI,270.0,43.70437,-79.35144,100.0,31.884,31.9,241,102.03,102.03
629,1887,UMI,30.0,43.70437,-79.34474,100.0,19.827,19.8,200,89.97,89.97
629,1888,UMI,150.0,43.70437,-79.34474,100.0,21.578,21.6,235,89.34,89.34
629,1889,UMI,270.0,43.70437,-79.34474,100.0,23.813,23.8,220,89.17,89.17
630,1890,UMI,30.0,43.70437,-79.33803,100.0,16.876,16.9,180,61.93,61.93
630,1891,UMI,150.0,43.70437,-79.33803,100.0,19.942,19.9,186,81.26,81.26
630,1892,UMI,270.0,43.70437,-79.33803,100.0,18.781,18.8,204,75.97,75.97
631,1893,UMI,30.0,43.70437,-79.33132,100.0,22.062,22.1,221,98.6,98.6
631,1894,UMI,150.0,43.70437,-79.33132,100.0,20.508,20.5,244,86.38,86.38
631,1895,UMI,270.0,43.70437,-79.33132,100.0,17.499,17.5,177,70.21,70.21
632,1896,UMI,30.0,43.70437,-79.32461,100.0,29.882,29.9,313,116.74,116.74
632,1897,UMI,150.0,43.70437,-79.32461,100.0,38.485,38.5,358,145.87,145.87
632,1898,UMI,270.0,43.70437,-79.32461,100.0,32.618,32.6,304,116.94,116.94
633,1899,UMI,30.0,43.70437,-79.3179,100.0,41.954,42.0,359,137.85,137.85
633,1900,UMI,150.0,43.70437,-79.3179,100.0,35.745,35.7,378,144.98,144.98
633,1901,UMI,270.0,43.70437,-79.3179,100.0,31.837,31.8,347,127.26,127.26
634,1902,UMI,30.0,43.70437,-79.31119,100.0,48.506,48.5,486,197.7,197.7
634,1903,UMI,150.0,43.70437,-79.31119,100.0,40.855,40.9,420,167.58,167.58
634,1904,UMI,270.0,43.70437,-79.31119,100.0,41.974,42.0,391,158.64,158.64
635,1905,UMI,30.0,43.70437,-79.30449,100.0,52.233,52.2,554,208.95,208.95
635,1906,UMI,150.0,43.70437,-79.30449,100.0,55.039,55.0,552,197.18,197.18
635,1907,UMI,270.0,43.70437,-79.30449,100.0,55.293,55.3,531,215.6,215.6
636,1908,UMI,30.0,43.70437,-79.29778,100.0,53.931,53.9,549,199.48,199.48
636,1909,UMI,150.0,43.70437,-79.29778,100.0,53.603,53.6,581,225.57,225.57
636,1910,UMI,270.0,43.70437,-79.29778,100.0,61.279,61.3,606,243.68,243.68
637,1911,UMI,30.0,43.70437,-79.29107,100.0,62.602,62.6,578,237.59,237.59
637,1912,UMI,150.0,43.70437,-79.29107,100.0,54.575,54.6,525,203.88,203.88
637,1913,UMI,270.0,43.70437,-79.29107,100.0,69.582,69.6,624,263.24,263.24
638,1914,UMI,30.0,43.70437,-79.28436,100.0,41.802,41.8,442,175.67,175.67
638,1915,UMI,150.0,43.70437,-79.28436,100.0,41.043,41.0,411,158.03,158.03
638,1916,UMI,270.0,43.70437,-79.28436,100.0,48.76,48.8,533,200.11,200.11
639,1917,UMI,30.0,43.70437,-79.27765,100.0,36.778,36.8,411,156.52,156.52
639,1918,UMI,150.0,43.70437,-79.27765,100.0,47.317,47.3,449,167.94,167.94
639,1919,UMI,270.0,43.70437,-79.27765,100.0,46.723,46.7,419,143.63,143.63
640,1920,UMI,30.0,43.70437,-79.27095,100.0,50.053,50.1,460,197.44,197.44
640,1921,UMI,150.0,43.70437,-79.27095,100.0,51.158,51.2,493,196.66,196.66
640,1922,UMI,270.0,43.70437,-79.27095,100.0,48.917,48.9,485,193.43,193.43
641,1923,UMI,30.0,43.70437,-79.26424,100.0,48.864,48.9,507,192.42,192.42
641,1924,UMI,150.0,43.70437,-79.26424,100.0,59.589,59.6,501,209.2,209.2
641,1925,UMI,270.0,43.70437,-79.26424,100.0,45.738,45.7,464,184.53,184.53
642,1926,UMI,30.0,43.70437,-79.25753,100.0,56.495,56.5,490,199.0,199.0
642,1927,UMI,150.0,43.70437,-79.25753,100.0,46.989,47.0,402,162.21,162.21
642,1928,UMI,270.0,43.70437,-79.25753,100.0,46.795,46.8,486,184.5,184.5
643,1929,UMI,30.0,43.70437,-79.25082,100.0,40.688,40.7,392,155.64,155.64
643,1930,UMI,150.0,43.70437,-79.25082,100.0,36.26,36.3,325,129.76,129.76
643,1931,UMI,270.0,43.70437,-79.25082,100.0,43.005,43.0,393,168.54,168.54
644,1932,UMI,30.0,43.70437,-79.24411,100.0,33.069,33.1,245,106.91,106.91
644,1933,UMI,150.0,43.70437,-79.24411,100.0,21.953,22.0,174,76.4,76.4
644,1934,UMI,270.0,43.70437,-79.24411,100.0,25.46,25.5,300,110.73,110.73
645,1935,UMI,30.0,43.70437,-79.23741,100.0,9.249,9.2,85,32.61,32.61
645,1936,UMI,150.0,43.70437,-79.23741,100.0,5.315,5.3,70,25.51,25.51
645,1937,UMI,270.0,43.70437,-79.23741,100.0,9.927,9.9,118,44.34,44.34
646,1938,UMI,30.0,43.70857,-79.603,100.0,5.619,5.6,63,20.53,20.53
646,1939,UMI,150.0,43.70857,-79.603,100.0,3.898,3.9,50,18.21,18.21
646,1940,UMI,270.0,43.70857,-79.603,100.0,1.694,1.7,37,8.9,8.9
647,1941,UMI,30.0,43.70857,-79.59629,100.0,15.451,15.5,88,39.19,39.19
647,1942,UMI,150.0,43.70857,-79.59629,100.0,9.92,9.9,82,41.13,41.13
647,1943,UMI,270.0,43.70857,-79.59629,100.0,5.482,5.5,50,19.34,19.34
648,1944,UMI,30.0,43.70857,-79.58958,100.0,14.573,14.6,121,42.97,42.97
648,1945,UMI,150.0,43.70857,-79.58958,100.0,6.28,6.3,98,26.48,26.48
648,1946,UMI,270.0,43.70857,-79.58958,100.0,6.968,7.0,77,29.76,29.76
649,1947,UMI,30.0,43.70857,-79.58287,100.0,10.997,11.0,135,43.54,43.54
649,1948,UMI,150.0,43.70857,-79.58287,100.0,8.578,8.6,95,27.71,27.71
649,1949,UMI,270.0,43.70857,-79.58287,100.0,10.267,10.3,126,44.5,44.5
650,1950,UMI,30.0,43.70857,-79.57617,100.0,18.722,18.7,168,67.92,67.92
650,1951,UMI,150.0,43.70857,-79.57617,100.0,11.752,11.8,126,48.99,48.99
650,1952,UMI,270.0,43.70857,-79.57617,100.0,17.991,18.0,171,70.49,70.49
651,1953,UMI,30.0,43.70857,-79.56946,100.0,21.901,21.9,206,74.75,74.75
651,1954,UMI,150.0,43.70857,-79.56946,100.0,14.833,14.8,146,57.62,57.62
651,1955,UMI,270.0,43.70857,-79.56946,100.0,18.931,18.9,180,69.28,69.28
652,1956,UMI,30.0,43.70857,-79.56275,100.0,22.796,22.8,206,77.17,77.17
652,1957,UMI,150.0,43.70857,-79.56275,100.0,17.755,17.8,183,73.05,73.05
652,1958,UMI,270.0,43.70857,-79.56275,100.0,21.29,21.3,194,79.28,79.28
653,1959,UMI,30.0,43.70857,-79.55604,100.0,20.902,20.9,179,83.66,83.66
653,1960,UMI,150.0,43.70857,-79.55604,100.0,18.512,18.5,193,78.4,78.4
653,1961,UMI,270.0,43.70857,-79.55604,100.0,18.799,18.8,203,76.14,76.14
654,1962,UMI,30.0,43.70857,-79.54933,100.0,20.377,20.4,197,85.4,85.4
654,1963,UMI,150.0,43.70857,-79.54933,100.0,24.332,24.3,208,76.58,76.58
654,1964,UMI,270.0,43.70857,-79.54933,100.0,21.322,21.3,206,79.08,79.08
655,1965,UMI,30.0,43.70857,-79.54263,100.0,14.71,14.7,150,61.6,61.6
655,1966,UMI,150.0,43.70857,-79.54263,100.0,13.927,13.9,161,56.39,56.39
655,1967,UMI,270.0,43.70857,-79.54263,100.0,23.618,23.6,193,81.91,81.91
656,1968,UMI,30.0,43.70857,-79.53592,100.0,24.436,24.4,222,84.28,84.28
656,1969,UMI,150.0,43.70857,-79.53592,100.0,27.21,27.2,223,101.04,101.04
656,1970,UMI,270.0,43.70857,-79.53592,100.0,18.068,18.1,180,63.12,63.12
657,1971,UMI,30.0,43.70857,-79.52921,100.0,39.854,39.9,342,141.45,141.45
657,1972,UMI,150.0,43.70857,-79.52921,100.0,33.671,33.7,353,140.96,140.96
657,1973,UMI,270.0,43.70857,-79.52921,100.0,26.941,26.9,279,103.75,103.75
658,1974,UMI,30.0,43.70857,-79.5225,100.0,45.298,45.3,410,156.71,156.71
658,1975,UMI,150.0,43.70857,-79.5225,100.0,50.131,50.1,486,177.52,177.52
658,1976,UMI,270.0,43.70857,-79.5225,100.0,42.015,42.0,414,147.04,147.04
659,1977,UMI,30.0,43.70857,-79.51579,100.0,46.104,46.1,430,177.69,177.69
659,1978,UMI,150.0,43.70857,-79.51579,100.0,65.609,65.6,473,204.75,204.75
659,1979,UMI,270.0,43.70857,-79.51579,100.0,48.708,48.7,431,187.19,187.19
660,1980,UMI,30.0,43.70857,-79.50909,100.0,40.039,40.0,415,151.65,151.65
660,1981,UMI,150.0,43.70857,-79.50909,100.0,51.879,51.9,473,189.27,189.27
660,1982,UMI,270.0,43.70857,-79.50909,100.0,38.071,38.1,441,160.98,160.98
661,1983,UMI,30.0,43.70857,-79.50238,100.0,42.106,42.1,412,156.21,156.21
661,1984,UMI,150.0,43.70857,-79.50238,100.0,43.357,43.4,487,175.87,175.87
661,1985,UMI,270.0,43.70857,-79.50238,100.0,50.842,50.8,462,188.27,188.27
662,1986,UMI,30.0,43.70857,-79.49567,100.0,58.073,58.1,536,229.79,229.79
662,1987,UMI,150.0,43.70857,-79.49567,100.0,55.014,55.0,467,190.94,190.94
662,1988,UMI,270.0,43.70857,-79.49567,100.0,54.533,54.5,523,212.87,212.87
663,1989,UMI,30.0,43.70857,-79.48896,100.0,58.213,58.2,555,229.92,229.92
663,1990,UMI,150.0,43.70857,-79.48896,100.0,50.493,50.5,498,200.37,200.37
663,1991,UMI,270.0,43.70857,-79.48896,100.0,59.395,59.4,521,207.67,207.67
664,1992,UMI,30.0,43.70857,-79.48225,100.0,57.587,57.6,552,232.79,232.79
664,1993,UMI,150.0,43.70857,-79.48225,100.0,48.847,48.8,502,190.66,190.66
664,1994,UMI,270.0,43.70857,-79.48225,100.0,62.767,62.8,557,226.65,226.65
665,1995,UMI,30.0,43.70857,-79.47554,100.0,38.613,38.6,392,155.33,155.33
665,1996,UMI,150.0,43.70857,-79.47554,100.0,45.381,45.4,448,176.4,176.4
665,1997,UMI,270.0,43.70857,-79.47554,100.0,40.889,40.9,430,159.36,159.36
666,1998,UMI,30.0,43.70857,-79.46884,100.0,39.81,39.8,397,156.17,156.17
666,1999,UMI,150.0,43.70857,-79.46884,100.0,42.279,42.3,423,167.88,167.88
666,2000,UMI,270.0,43.70857,-79.46884,100.0,28.475,28.5,359,113.78,113.78
667,2001,UMI,30.0,43.70857,-79.46213,100.0,51.255,51.3,435,175.64,175.64
667,2002,UMI,150.0,43.70857,-79.46213,100.0,53.672,53.7,460,187.55,187.55
667,2003,UMI,270.0,43.70857,-79.46213,100.0,47.83,47.8,444,163.81,163.81
668,2004,UMI,30.0,43.70857,-79.45542,100.0,48.041,48.0,455,179.74,179.74
668,2005,UMI,150.0,43.70857,-79.45542,100.0,53.812,53.8,494,198.18,198.18
668,2006,UMI,270.0,43.70857,-79.45542,100.0,39.934,39.9,433,164.68,164.68
669,2007,UMI,30.0,43.70857,-79.44871,100.0,62.741,62.7,609,259.47,259.47
669,2008,UMI,150.0,43.70857,-79.44871,100.0,70.345,70.3,632,272.17,272.17
669,2009,UMI,270.0,43.70857,-79.44871,100.0,58.71,58.7,544,233.5,233.5
670,2010,UMI,30.0,43.70857,-79.442,100.0,58.078,58.1,597,231.2,231.2
670,2011,UMI,150.0,43.70857,-79.442,100.0,57.951,58.0,568,204.01,204.01
670,2012,UMI,270.0,43.70857,-79.442,100.0,55.342,55.3,555,213.03,213.03
671,2013,UMI,30.0,43.70857,-79.4353,100.0,61.33,61.3,605,232.58,232.58
671,2014,UMI,150.0,43.70857,-79.4353,100.0,62.249,62.2,651,238.57,238.57
671,2015,UMI,270.0,43.70857,-79.4353,100.0,74.03,74.0,625,274.43,274.43
672,2016,UMI,30.0,43.70857,-79.42859,100.0,66.322,66.3,599,234.29,234.29
672,2017,UMI,150.0,43.70857,-79.42859,100.0,63.509,63.5,629,244.38,244.38
672,2018,UMI,270.0,43.70857,-79.42859,100.0,58.15,58.1,577,211.65,211.65
673,2019,UMI,30.0,43.70857,-79.42188,100.0,59.052,59.1,615,242.95,242.95
673,2020,UMI,150.0,43.70857,-79.42188,100.0,67.307,67.3,624,250.75,250.75
673,2021,UMI,270.0,43.70857,-79.42188,100.0,65.262,65.3,605,253.74,253.74
674,2022,UMI,30.0,43.70857,-79.41517,100.0,70.429,70.4,640,248.81,248.81
674,2023,UMI,150.0,43.70857,-79.41517,100.0,68.843,68.8,632,245.51,245.51
674,2024,UMI,270.0,43.70857,-79.41517,100.0,69.265,69.3,628,250.13,250.13
675,2025,UMI,30.0,43.70857,-79.40846,100.0,79.589,79.6,670,266.3,266.3
675,2026,UMI,150.0,43.70857,-79.40846,100.0,68.68,68.7,644,243.63,243.63
675,2027,UMI,270.0,43.70857,-79.40846,100.0,69.591,69.6,643,250.9,250.9
676,2028,UMI,30.0,43.70857,-79.40175,100.0,62.703,62.7,615,233.78,233.78
676,2029,UMI,150.0,43.70857,-79.40175,100.0,65.708,65.7,573,246.13,246.13
676,2030,UMI,270.0,43.70857,-79.40175,100.0,62.53,62.5,628,238.65,238.65
677,2031,UMI,30.0,43.70857,-79.39505,100.0,59.793,59.8,593,228.61,228.61
677,2032,UMI,150.0,43.70857,-79.39505,100.0,63.63,63.6,557,217.54,217.54
677,2033,UMI,270.0,43.70857,-79.39505,100.0,55.028,55.0,559,219.95,219.95
678,2034,UMI,30.0,43.70857,-79.38834,100.0,51.494,51.5,591,222.79,222.79
678,2035,UMI,150.0,43.70857,-79.38834,100.0,65.38,65.4,597,242.16,242.16
678,2036,UMI,270.0,43.70857,-79.38834,100.0,54.366,54.4,544,224.84,224.84
679,2037,UMI,30.0,43.70857,-79.38163,100.0,76.634,76.6,625,260.34,260.34
679,2038,UMI,150.0,43.70857,-79.38163,100.0,57.686,57.7,565,226.26,226.26
679,2039,UMI,270.0,43.70857,-79.38163,100.0,63.568,63.6,595,234.8,234.8
680,2040,UMI,30.0,43.70857,-79.37492,100.0,53.171,53.2,535,209.09,209.09
680,2041,UMI,150.0,43.70857,-79.37492,100.0,59.847,59.8,625,247.96,247.96
680,2042,UMI,270.0,43.70857,-79.37492,100.0,58.986,59.0,583,223.82,223.82
681,2043,UMI,30.0,43.70857,-79.36821,100.0,51.972,52.0,496,206.79,206.79
681,2044,UMI,150.0,43.70857,-79.36821,100.0,48.324,48.3,512,195.0,195.0
681,2045,UMI,270.0,43.70857,-79.36821,100.0,54.458,54.5,575,227.65,227.65
682,2046,UMI,30.0,43.70857,-79.36151,100.0,38.471,38.5,356,151.06,151.06
682,2047,UMI,150.0,43.70857,-79.36151,100.0,40.074,40.1,395,152.54,152.54
682,2048,UMI,270.0,43.70857,-79.36151,100.0,50.484,50.5,472,202.71,202.71
683,2049,UMI,30.0,43.70857,-79.3548,100.0,21.638,21.6,237,86.95,86.95
683,2050,UMI,150.0,43.70857,-79.3548,100.0,27.879,27.9,219,85.65,85.65
683,2051,UMI,270.0,43.70857,-79.3548,100.0,25.808,25.8,293,113.07,113.07
684,2052,UMI,30.0,43.70857,-79.34809,100.0,16.676,16.7,170,69.0,69.0
684,2053,UMI,150.0,43.70857,-79.34809,100.0,23.274,23.3,214,88.82,88.82
684,2054,UMI,270.0,43.70857,-79.34809,100.0,16.017,16.0,191,63.36,63.36
685,2055,UMI,30.0,43.70857,-79.34138,100.0,18.836,18.8,143,68.87,68.87
685,2056,UMI,150.0,43.70857,-79.34138,100.0,13.295,13.3,154,52.58,52.58
685,2057,UMI,270.0,43.70857,-79.34138,100.0,15.15,15.1,157,56.56,56.56
686,2058,UMI,30.0,43.70857,-79.33467,100.0,21.137,21.1,185,69.43,69.43
686,2059,UMI,150.0,43.70857,-79.33467,100.0,17.041,17.0,169,69.15,69.15
686,2060,UMI,270.0,43.70857,-79.33467,100.0,16.918,16.9,179,66.11,66.11
687,2061,UMI,30.0,43.70857,-79.32797,100.0,22.335,22.3,218,81.34,81.34
687,2062,UMI,150.0,43.70857,-79.32797,100.0,30.104,30.1,238,104.16,104.16
687,2063,UMI,270.0,43.70857,-79.32797,100.0,16.888,16.9,192,69.23,69.23
688,2064,UMI,30.0,43.70857,-79.32126,100.0,24.481,24.5,252,104.43,104.43
688,2065,UMI,150.0,43.70857,-79.32126,100.0,35.219,35.2,335,137.62,137.62
688,2066,UMI,270.0,43.70857,-79.32126,100.0,26.67,26.7,256,108.9,108.9
689,2067,UMI,30.0,43.70857,-79.31455,100.0,36.91,36.9,322,131.62,131.62
689,2068,UMI,150.0,43.70857,-79.31455,100.0,32.677,32.7,343,133.87,133.87
689,2069,UMI,270.0,43.70857,-79.31455,100.0,34.883,34.9,351,146.55,146.55
690,2070,UMI,30.0,43.70857,-79.30784,100.0,51.482,51.5,486,199.18,199.18
690,2071,UMI,150.0,43.70857,-79.30784,100.0,53.976,54.0,505,214.21,214.21
690,2072,UMI,270.0,43.70857,-79.30784,100.0,44.599,44.6,460,179.56,179.56
691,2073,UMI,30.0,43.70857,-79.30113,100.0,73.791,73.8,667,274.01,274.01
691,2074,UMI,150.0,43.70857,-79.30113,100.0,66.905,66.9,601,237.26,237.26
691,2075,UMI,270.0,43.70857,-79.30113,100.0,61.901,61.9,606,236.44,236.44
692,2076,UMI,30.0,43.70857,-79.29442,100.0,55.192,55.2,577,213.18,213.18
692,2077,UMI,150.0,43.70857,-79.29442,100.0,63.478,63.5,616,234.31,234.31
692,2078,UMI,270.0,43.70857,-79.29442,100.0,67.441,67.4,609,237.82,237.82
693,2079,UMI,30.0,43.70857,-79.28772,100.0,52.081,52.1,468,202.81,202.81
693,2080,UMI,150.0,43.70857,-79.28772,100.0,49.761,49.8,486,197.28,197.28
693,2081,UMI,270.0,43.70857,-79.28772,100.0,52.82,52.8,550,189.01,189.01
694,2082,UMI,30.0,43.70857,-79.28101,100.0,36.711,36.7,372,144.51,144.51
694,2083,UMI,150.0,43.70857,-79.28101,100.0,34.187,34.2,360,134.38,134.38
694,2084,UMI,270.0,43.70857,-79.28101,100.0,40.792,40.8,409,157.79,157.79
695,2085,UMI,30.0,43.70857,-79.2743,100.0,39.207,39.2,422,173.25,173.25
695,2086,UMI,150.0,43.70857,-79.2743,100.0,50.487,50.5,483,193.78,193.78
695,2087,UMI,270.0,43.70857,-79.2743,100.0,34.289,34.3,386,142.02,142.02
696,2088,UMI,30.0,43.70857,-79.26759,100.0,52.788,52.8,500,196.27,196.27
696,2089,UMI,150.0,43.70857,-79.26759,100.0,50.165,50.2,477,177.94,177.94
696,2090,UMI,270.0,43.70857,-79.26759,100.0,43.137,43.1,428,179.97,179.97
697,2091,UMI,30.0,43.70857,-79.26088,100.0,58.279,58.3,561,227.61,227.61
697,2092,UMI,150.0,43.70857,-79.26088,100.0,56.957,57.0,536,213.89,213.89
697,2093,UMI,270.0,43.70857,-79.26088,100.0,49.009,49.0,479,184.03,184.03
698,2094,UMI,30.0,43.70857,-79.25418,100.0,60.505,60.5,505,200.03,200.03
698,2095,UMI,150.0,43.70857,-79.25418,100.0,53.485,53.5,498,210.79,210.79
698,2096,UMI,270.0,43.70857,-79.25418,100.0,58.17,58.2,523,217.94,217.94
699,2097,UMI,30.0,43.70857,-79.24747,100.0,39.072,39.1,439,160.3,160.3
699,2098,UMI,150.0,43.70857,-79.24747,100.0,35.257,35.3,367,133.35,133.35
699,2099,UMI,270.0,43.70857,-79.24747,100.0,38.6,38.6,410,147.54,147.54
700,2100,UMI,30.0,43.70857,-79.24076,100.0,20.373,20.4,198,80.26,80.26
700,2101,UMI,150.0,43.70857,-79.24076,100.0,11.019,11.0,146,48.94,48.94
700,2102,UMI,270.0,43.70857,-79.24076,100.0,27.84,27.8,269,105.98,105.98
701,2103,UMI,30.0,43.70857,-79.23405,100.0,8.7,8.7,119,33.73,33.73
701,2104,UMI,150.0,43.70857,-79.23405,100.0,6.369,6.4,99,31.08,31.08
701,2105,UMI,270.0,43.70857,-79.23405,100.0,13.25,13.3,131,54.64,54.64
702,2106,UMI,30.0,43.71277,-79.59965,100.0,6.815,6.8,76,33.22,33.22
702,2107,UMI,150.0,43.71277,-79.59965,100.0,8.554,8.6,66,24.42,24.42
702,2108,UMI,270.0,43.71277,-79.59965,100.0,10.562,10.6,83,31.48,31.48
703,2109,UMI,30.0,43.71277,-79.59294,100.0,15.434,15.4,145,52.34,52.34
703,2110,UMI,150.0,43.71277,-79.59294,100.0,10.888,10.9,94,39.95,39.95
703,2111,UMI,270.0,43.71277,-79.59294,100.0,8.972,9.0,88,36.48,36.48
704,2112,UMI,30.0,43.71277,-79.58623,100.0,24.52,24.5,214,80.5,80.5
704,2113,UMI,150.0,43.71277,-79.58623,100.0,15.601,15.6,143,49.48,49.48
704,2114,UMI,270.0,43.71277,-79.58623,100.0,14.463,14.5,161,65.77,65.77
705,2115,UMI,30.0,43.71277,-79.57952,100.0,19.02,19.0,199,74.78,74.78
705,2116,UMI,150.0,43.71277,-79.57952,100.0,18.96,19.0,173,64.92,64.92
705,2117,UMI,270.0,43.71277,-79.57952,100.0,21.03,21.0,194,77.92,77.92
706,2118,UMI,30.0,43.71277,-79.57281,100.0,27.927,27.9,233,87.87,87.87
706,2119,UMI,150.0,43.71277,-79.57281,100.0,25.017,25.0,207,89.02,89.02
706,2120,UMI,270.0,43.71277,-79.57281,100.0,17.299,17.3,172,67.88,67.88
707,2121,UMI,30.0,43.71277,-79.5661,100.0,30.497,30.5,306,115.27,115.27
707,2122,UMI,150.0,43.71277,-79.5661,100.0,23.734,23.7,225,92.43,92.43
707,2123,UMI,270.0,43.71277,-79.5661,100.0,24.239,24.2,241,108.72,108.72
708,2124,UMI,30.0,43.71277,-79.5594,100.0,27.366,27.4,272,112.3,112.3
708,2125,UMI,150.0,43.71277,-79.5594,100.0,22.158,22.2,203,70.44,70.44
708,2126,UMI,270.0,43.71277,-79.5594,100.0,23.316,23.3,246,83.12,83.12
709,2127,UMI,30.0,43.71277,-79.55269,100.0,25.533,25.5,280,104.97,104.97
709,2128,UMI,150.0,43.71277,-79.55269,100.0,19.814,19.8,234,84.78,84.78
709,2129,UMI,270.0,43.71277,-79.55269,100.0,16.835,16.8,201,68.57,68.57
710,2130,UMI,30.0,43.71277,-79.54598,100.0,19.09,19.1,228,86.44,86.44
710,2131,UMI,150.0,43.71277,-79.54598,100.0,22.652,22.7,171,61.22,61.22
710,2132,UMI,270.0,43.71277,-79.54598,100.0,23.183,23.2,238,90.25,90.25
711,2133,UMI,30.0,43.71277,-79.53927,100.0,21.782,21.8,185,73.15,73.15
711,2134,UMI,150.0,43.71277,-79.53927,100.0,21.032,21.0,191,78.27,78.27
711,2135,UMI,270.0,43.71277,-79.53927,100.0,16.606,16.6,173,72.32,72.32
712,2136,UMI,30.0,43.71277,-79.53256,100.0,28.074,28.1,268,119.97,119.97
712,2137,UMI,150.0,43.71277,-79.53256,100.0,29.049,29.0,265,111.84,111.84
712,2138,UMI,270.0,43.71277,-79.53256,100.0,19.425,19.4,216,87.1,87.1
713,2139,UMI,30.0,43.71277,-79.52586,100.0,33.7,33.7,330,137.7,137.7
713,2140,UMI,150.0,43.71277,-79.52586,100.0,39.584,39.6,379,149.37,149.37
713,2141,UMI,270.0,43.71277,-79.52586,100.0,34.158,34.2,340,144.02,144.02
714,2142,UMI,30.0,43.71277,-79.51915,100.0,26.105,26.1,287,120.94,120.94
714,2143,UMI,150.0,43.71277,-79.51915,100.0,40.385,40.4,397,154.2,154.2
714,2144,UMI,270.0,43.71277,-79.51915,100.0,32.594,32.6,362,142.18,142.18
715,2145,UMI,30.0,43.71277,-79.51244,100.0,28.467,28.5,286,114.09,114.09
715,2146,UMI,150.0,43.71277,-79.51244,100.0,37.283,37.3,372,134.89,134.89
715,2147,UMI,270.0,43.71277,-79.51244,100.0,29.677,29.7,323,136.21,136.21
716,2148,UMI,30.0,43.71277,-79.50573,100.0,46.153,46.2,436,166.22,166.22
716,2149,UMI,150.0,43.71277,-79.50573,100.0,42.232,42.2,406,162.52,162.52
716,2150,UMI,270.0,43.71277,-79.50573,100.0,30.145,30.1,319,117.31,117.31
717,2151,UMI,30.0,43.71277,-79.49902,100.0,53.553,53.6,492,209.58,209.58
717,2152,UMI,150.0,43.71277,-79.49902,100.0,51.53,51.5,504,198.4,198.4
717,2153,UMI,270.0,43.71277,-79.49902,100.0,58.082,58.1,519,205.93,205.93
718,2154,UMI,30.0,43.71277,-79.49231,100.0,51.986,52.0,547,204.16,204.16
718,2155,UMI,150.0,43.71277,-79.49231,100.0,62.848,62.8,579,225.96,225.96
718,2156,UMI,270.0,43.71277,-79.49231,100.0,53.319,53.3,502,204.65,204.65
719,2157,UMI,30.0,43.71277,-79.48561,100.0,57.565,57.6,561,238.37,238.37
719,2158,UMI,150.0,43.71277,-79.48561,100.0,52.833,52.8,555,203.94,203.94
719,2159,UMI,270.0,43.71277,-79.48561,100.0,46.628,46.6,510,194.3,194.3
720,2160,UMI,30.0,43.71277,-79.4789,100.0,50.775,50.8,519,205.81,205.81
720,2161,UMI,150.0,43.71277,-79.4789,100.0,54.731,54.7,467,202.85,202.85
720,2162,UMI,270.0,43.71277,-79.4789,100.0,57.503,57.5,499,210.06,210.06
721,2163,UMI,30.0,43.71277,-79.47219,100.0,38.382,38.4,374,158.76,158.76
721,2164,UMI,150.0,43.71277,-79.47219,100.0,39.02,39.0,371,137.34,137.34
721,2165,UMI,270.0,43.71277,-79.47219,100.0,39.201,39.2,383,138.47,138.47
722,2166,UMI,30.0,43.71277,-79.46548,100.0,30.142,30.1,318,113.04,113.04
722,2167,UMI,150.0,43.71277,-79.46548,100.0,48.759,48.8,416,166.86,166.86
722,2168,UMI,270.0,43.71277,-79.46548,100.0,37.896,37.9,354,154.46,154.46
723,2169,UMI,30.0,43.71277,-79.45877,100.0,45.972,46.0,408,168.97,168.97
723,2170,UMI,150.0,43.71277,-79.45877,100.0,45.479,45.5,447,156.26,156.26
723,2171,UMI,270.0,43.71277,-79.45877,100.0,44.444,44.4,444,180.19,180.19
724,2172,UMI,30.0,43.71277,-79.45207,100.0,60.555,60.6,533,205.43,205.43
724,2173,UMI,150.0,43.71277,-79.45207,100.0,59.366,59.4,546,216.52,216.52
724,2174,UMI,270.0,43.71277,-79.45207,100.0,58.924,58.9,483,211.87,211.87
725,2175,UMI,30.0,43.71277,-79.44536,100.0,50.607,50.6,490,184.77,184.77
725,2176,UMI,150.0,43.71277,-79.44536,100.0,54.576,54.6,576,223.84,223.84
725,2177,UMI,270.0,43.71277,-79.44536,100.0,56.622,56.6,539,202.56,202.56
726,2178,UMI,30.0,43.71277,-79.43865,100.0,56.805,56.8,560,230.13,230.13
726,2179,UMI,150.0,43.71277,-79.43865,100.0,69.17,69.2,579,251.45,251.45
726,2180,UMI,270.0,43.71277,-79.43865,100.0,57.533,57.5,540,227.23,227.23
727,2181,UMI,30.0,43.71277,-79.43194,100.0,70.732,70.7,596,263.57,263.57
727,2182,UMI,150.0,43.71277,-79.43194,100.0,60.095,60.1,620,222.02,222.02
727,2183,UMI,270.0,43.71277,-79.43194,100.0,62.051,62.1,617,244.34,244.34
728,2184,UMI,30.0,43.71277,-79.42523,100.0,67.191,67.2,607,258.39,258.39
728,2185,UMI,150.0,43.71277,-79.42523,100.0,60.549,60.5,614,241.1,241.1
728,2186,UMI,270.0,43.71277,-79.42523,100.0,71.106,71.1,635,251.37,251.37
729,2187,UMI,30.0,43.71277,-79.41853,100.0,73.019,73.0,638,253.08,253.08
729,2188,UMI,150.0,43.71277,-79.41853,100.0,73.744,73.7,655,269.84,269.84
729,2189,UMI,270.0,43.71277,-79.41853,100.0,53.041,53.0,564,213.33,213.33
730,2190,UMI,30.0,43.71277,-79.41182,100.0,57.633,57.6,588,218.57,218.57
730,2191,UMI,150.0,43.71277,-79.41182,100.0,62.274,62.3,607,233.99,233.99
730,2192,UMI,270.0,43.71277,-79.41182,100.0,64.37,64.4,635,238.67,238.67
731,2193,UMI,30.0,43.71277,-79.40511,100.0,69.178,69.2,666,246.65,246.65
731,2194,UMI,150.0,43.71277,-79.40511,100.0,62.102,62.1,619,230.77,230.77
731,2195,UMI,270.0,43.71277,-79.40511,100.0,66.853,66.9,631,242.06,242.06
732,2196,UMI,30.0,43.71277,-79.3984,100.0,59.495,59.5,595,220.23,220.23
732,2197,UMI,150.0,43.71277,-79.3984,100.0,56.123,56.1,582,220.92,220.92
732,2198,UMI,270.0,43.71277,-79.3984,100.0,55.265,55.3,584,222.48,222.48
733,2199,UMI,30.0,43.71277,-79.39169,100.0,64.541,64.5,561,237.38,237.38
733,2200,UMI,150.0,43.71277,-79.39169,100.0,60.454,60.5,560,226.19,226.19
733,2201,UMI,270.0,43.71277,-79.39169,100.0,58.237,58.2,569,217.33,217.33
734,2202,UMI,30.0,43.71277,-79.38498,100.0,52.561,52.6,513,214.01,214.01
734,2203,UMI,150.0,43.71277,-79.38498,100.0,62.934,62.9,536,218.56,218.56
734,2204,UMI,270.0,43.71277,-79.38498,100.0,50.618,50.6,515,201.8,201.8
735,2205,UMI,30.0,43.71277,-79.37828,100.0,49.071,49.1,506,180.96,180.96
735,2206,UMI,150.0,43.71277,-79.37828,100.0,61.375,61.4,541,223.3,223.3
735,2207,UMI,270.0,43.71277,-79.37828,100.0,52.9,52.9,533,209.54,209.54
736,2208,UMI,30.0,43.71277,-79.37157,100.0,53.621,53.6,526,198.36,198.36
736,2209,UMI,150.0,43.71277,-79.37157,100.0,49.412,49.4,560,213.77,213.77
736,2210,UMI,270.0,43.71277,-79.37157,100.0,56.487,56.5,532,215.2,215.2
737,2211,UMI,30.0,43.71277,-79.36486,100.0,39.474,39.5,381,149.88,149.88
737,2212,UMI,150.0,43.71277,-79.36486,100.0,48.306,48.3,409,170.85,170.85
737,2213,UMI,270.0,43.71277,-79.36486,100.0,56.153,56.2,492,204.76,204.76
738,2214,UMI,30.0,43.71277,-79.35815,100.0,31.662,31.7,292,120.64,120.64
738,2215,UMI,150.0,43.71277,-79.35815,100.0,28.501,28.5,259,103.97,103.97
738,2216,UMI,270.0,43.71277,-79.35815,100.0,33.406,33.4,307,124.84,124.84
739,2217,UMI,30.0,43.71277,-79.35144,100.0,18.805,18.8,188,71.01,71.01
739,2218,UMI,150.0,43.71277,-79.35144,100.0,21.849,21.8,161,67.1,67.1
739,2219,UMI,270.0,43.71277,-79.35144,100.0,25.386,25.4,242,101.43,101.43
740,2220,UMI,30.0,43.71277,-79.34474,100.0,14.178,14.2,150,54.81,54.81
740,2221,UMI,150.0,43.71277,-79.34474,100.0,16.137,16.1,141,62.21,62.21
740,2222,UMI,270.0,43.71277,-79.34474,100.0,15.557,15.6,153,60.26,60.26
741,2223,UMI,30.0,43.71277,-79.33803,100.0,12.552,12.6,142,51.36,51.36
741,2224,UMI,150.0,43.71277,-79.33803,100.0,13.337,13.3,151,54.14,54.14
741,2225,UMI,270.0,43.71277,-79.33803,100.0,13.743,13.7,149,55.2,55.2
742,2226,UMI,30.0,43.71277,-79.33132,100.0,27.588,27.6,223,100.89,100.89
742,2227,UMI,150.0,43.71277,-79.33132,100.0,20.595,20.6,202,82.27,82.27
742,2228,UMI,270.0,43.71277,-79.33132,100.0,16.038,16.0,175,70.2,70.2
743,2229,UMI,30.0,43.71277,-79.32461,100.0,13.938,13.9,169,54.39,54.39
743,2230,UMI,150.0,43.71277,-79.32461,100.0,23.931,23.9,251,99.47,99.47
743,2231,UMI,270.0,43.71277,-79.32461,100.0,25.135,25.1,231,97.36,97.36
744,2232,UMI,30.0,43.71277,-79.3179,100.0,29.361,29.4,274,108.45,108.45
744,2233,UMI,150.0,43.71277,-79.3179,100.0,32.565,32.6,275,110.97,110.97
744,2234,UMI,270.0,43.71277,-79.3179,100.0,24.119,24.1,205,74.74,74.74
745,2235,UMI,30.0,43.71277,-79.31119,100.0,40.991,41.0,373,155.7,155.7
745,2236,UMI,150.0,43.71277,-79.31119,100.0,37.481,37.5,393,151.12,151.12
745,2237,UMI,270.0,43.71277,-79.31119,100.0,34.546,34.5,338,141.07,141.07
746,2238,UMI,30.0,43.71277,-79.30449,100.0,57.72,57.7,553,215.33,215.33
746,2239,UMI,150.0,43.71277,-79.30449,100.0,59.545,59.5,608,235.71,235.71
746,2240,UMI,270.0,43.71277,-79.30449,100.0,51.684,51.7,491,197.91,197.91
747,2241,UMI,30.0,43.71277,-79.29778,100.0,61.307,61.3,583,235.68,235.68
747,2242,UMI,150.0,43.71277,-79.29778,100.0,63.334,63.3,583,240.26,240.26
747,2243,UMI,270.0,43.71277,-79.29778,100.0,65.711,65.7,635,235.75,235.75
748,2244,UMI,30.0,43.71277,-79.29107,100.0,63.277,63.3,526,220.45,220.45
748,2245,UMI,150.0,43.71277,-79.29107,100.0,44.211,44.2,548,187.27,187.27
748,2246,UMI,270.0,43.71277,-79.29107,100.0,68.051,68.1,599,242.48,242.48
749,2247,UMI,30.0,43.71277,-79.28436,100.0,37.783,37.8,378,139.35,139.35
749,2248,UMI,150.0,43.71277,-79.28436,100.0,37.424,37.4,382,162.33,162.33
749,2249,UMI,270.0,43.71277,-79.28436,100.0,50.645,50.6,469,193.02,193.02
750,2250,UMI,30.0,43.71277,-79.27765,100.0,35.581,35.6,352,136.27,136.27
750,2251,UMI,150.0,43.71277,-79.27765,100.0,37.77,37.8,379,149.84,149.84
750,2252,UMI,270.0,43.71277,-79.27765,100.0,31.439,31.4,334,120.25,120.25
751,2253,UMI,30.0,43.71277,-79.27095,100.0,36.723,36.7,358,142.66,142.66
751,2254,UMI,150.0,43.71277,-79.27095,100.0,47.144,47.1,422,173.0,173.0
751,2255,UMI,270.0,43.71277,-79.27095,100.0,34.847,34.8,357,141.55,141.55
752,2256,UMI,30.0,43.71277,-79.26424,100.0,45.291,45.3,446,188.08,188.08
752,2257,UMI,150.0,43.71277,-79.26424,100.0,45.588,45.6,468,169.83,169.83
752,2258,UMI,270.0,43.71277,-79.26424,100.0,44.795,44.8,425,175.19,175.19
753,2259,UMI,30.0,43.71277,-79.25753,100.0,45.887,45.9,479,186.16,186.16
753,2260,UMI,150.0,43.71277,-79.25753,100.0,57.1,57.1,549,229.78,229.78
753,2261,UMI,270.0,43.71277,-79.25753,100.0,47.09,47.1,477,189.92,189.92
754,2262,UMI,30.0,43.71277,-79.25082,100.0,48.71,48.7,475,186.39,186.39
754,2263,UMI,150.0,43.71277,-79.25082,100.0,50.442,50.4,499,208.32,208.32
754,2264,UMI,270.0,43.71277,-79.25082,100.0,52.9,52.9,538,184.24,184.24
755,2265,UMI,30.0,43.71277,-79.24411,100.0,42.487,42.5,373,168.89,168.89
755,2266,UMI,150.0,43.71277,-79.24411,100.0,38.691,38.7,377,161.85,161.85
755,2267,UMI,270.0,43.71277,-79.24411,100.0,48.067,48.1,438,176.52,176.52
756,2268,UMI,30.0,43.71277,-79.23741,100.0,26.463,26.5,274,111.51,111.51
756,2269,UMI,150.0,43.71277,-79.23741,100.0,17.743,17.7,204,78.25,78.25
756,2270,UMI,270.0,43.71277,-79.23741,100.0,27.676,27.7,278,102.66,102.66
757,2271,UMI,30.0,43.71277,-79.2307,100.0,15.35,15.3,179,66.47,66.47
757,2272,UMI,150.0,43.71277,-79.2307,100.0,12.533,12.5,120,51.97,51.97
757,2273,UMI,270.0,43.71277,-79.2307,100.0,20.114,20.1,189,74.3,74.3
758,2274,UMI,30.0,43.71277,-79.22399,100.0,2.62,2.6,44,12.29,12.29
758,2275,UMI,150.0,43.71277,-79.22399,100.0,3.074,3.1,40,18.09,18.09
758,2276,UMI,270.0,43.71277,-79.22399,100.0,6.736,6.7,66,24.72,24.72
759,2277,UMI,30.0,43.71696,-79.59629,100.0,11.153,11.2,136,48.35,48.35
759,2278,UMI,150.0,43.71696,-79.59629,100.0,11.355,11.4,99,38.88,38.88
759,2279,UMI,270.0,43.71696,-79.59629,100.0,9.285,9.3,100,37.29,37.29
760,2280,UMI,30.0,43.71696,-79.58958,100.0,26.226,26.2,275,102.32,102.32
760,2281,UMI,150.0,43.71696,-79.58958,100.0,17.745,17.7,188,72.84,72.84
760,2282,UMI,270.0,43.71696,-79.58958,100.0,20.288,20.3,215,78.39,78.39
761,2283,UMI,30.0,43.71696,-79.58287,100.0,29.745,29.7,302,115.91,115.91
761,2284,UMI,150.0,43.71696,-79.58287,100.0,19.312,19.3,235,87.75,87.75
761,2285,UMI,270.0,43.71696,-79.58287,100.0,21.53,21.5,278,90.14,90.14
762,2286,UMI,30.0,43.71696,-79.57617,100.0,28.628,28.6,299,110.48,110.48
762,2287,UMI,150.0,43.71696,-79.57617,100.0,27.28,27.3,264,110.58,110.58
762,2288,UMI,270.0,43.71696,-79.57617,100.0,30.291,30.3,251,102.91,102.91
763,2289,UMI,30.0,43.71696,-79.56946,100.0,40.27,40.3,361,152.66,152.66
763,2290,UMI,150.0,43.71696,-79.56946,100.0,32.701,32.7,334,126.1,126.1
763,2291,UMI,270.0,43.71696,-79.56946,100.0,23.682,23.7,268,96.54,96.54
764,2292,UMI,30.0,43.71696,-79.56275,100.0,36.583,36.6,342,133.23,133.23
764,2293,UMI,150.0,43.71696,-79.56275,100.0,29.412,29.4,300,121.3,121.3
764,2294,UMI,270.0,43.71696,-79.56275,100.0,40.681,40.7,408,166.4,166.4
765,2295,UMI,30.0,43.71696,-79.55604,100.0,39.764,39.8,334,128.47,128.47
765,2296,UMI,150.0,43.71696,-79.55604,100.0,26.947,26.9,267,100.91,100.91
765,2297,UMI,270.0,43.71696,-79.55604,100.0,33.61,33.6,320,122.97,122.97
766,2298,UMI,30.0,43.71696,-79.54933,100.0,23.625,23.6,258,95.94,95.94
766,2299,UMI,150.0,43.71696,-79.54933,100.0,29.141,29.1,266,110.89,110.89
766,2300,UMI,270.0,43.71696,-79.54933,100.0,37.068,37.1,288,126.08,126.08
767,2301,UMI,30.0,43.71696,-79.54263,100.0,24.57,24.6,204,85.91,85.91
767,2302,UMI,150.0,43.71696,-79.54263,100.0,20.223,20.2,158,74.09,74.09
767,2303,UMI,270.0,43.71696,-79.54263,100.0,19.363,19.4,210,80.44,80.44
768,2304,UMI,30.0,43.71696,-79.53592,100.0,30.766,30.8,275,117.03,117.03
768,2305,UMI,150.0,43.71696,-79.53592,100.0,28.42,28.4,250,107.89,107.89
768,2306,UMI,270.0,43.71696,-79.53592,100.0,19.177,19.2,189,87.06,87.06
769,2307,UMI,30.0,43.71696,-79.52921,100.0,27.279,27.3,279,113.44,113.44
769,2308,UMI,150.0,43.71696,-79.52921,100.0,29.167,29.2,287,109.16,109.16
769,2309,UMI,270.0,43.71696,-79.52921,100.0,29.476,29.5,277,122.42,122.42
770,2310,UMI,30.0,43.71696,-79.5225,100.0,25.461,25.5,248,97.49,97.49
770,2311,UMI,150.0,43.71696,-79.5225,100.0,28.169,28.2,301,111.24,111.24
770,2312,UMI,270.0,43.71696,-79.5225,100.0,32.659,32.7,277,118.73,118.73
771,2313,UMI,30.0,43.71696,-79.51579,100.0,23.94,23.9,259,98.09,98.09
771,2314,UMI,150.0,43.71696,-79.51579,100.0,32.535,32.5,271,120.54,120.54
771,2315,UMI,270.0,43.71696,-79.51579,100.0,24.09,24.1,253,94.68,94.68
772,2316,UMI,30.0,43.71696,-79.50909,100.0,37.321,37.3,341,119.16,119.16
772,2317,UMI,150.0,43.71696,-79.50909,100.0,39.275,39.3,294,148.04,148.04
772,2318,UMI,270.0,43.71696,-79.50909,100.0,25.772,25.8,241,90.5,90.5
773,2319,UMI,30.0,43.71696,-79.50238,100.0,44.554,44.6,432,165.21,165.21
773,2320,UMI,150.0,43.71696,-79.50238,100.0,42.001,42.0,451,177.41,177.41
773,2321,UMI,270.0,43.71696,-79.50238,100.0,37.788,37.8,386,142.69,142.69
774,2322,UMI,30.0,43.71696,-79.49567,100.0,52.399,52.4,490,180.33,180.33
774,2323,UMI,150.0,43.71696,-79.49567,100.0,41.509,41.5,450,162.03,162.03
774,2324,UMI,270.0,43.71696,-79.49567,100.0,52.759,52.8,488,191.38,191.38
775,2325,UMI,30.0,43.71696,-79.48896,100.0,44.965,45.0,490,178.6,178.6
775,2326,UMI,150.0,43.71696,-79.48896,100.0,56.308,56.3,481,207.55,207.55
775,2327,UMI,270.0,43.71696,-79.48896,100.0,50.196,50.2,507,206.28,206.28
776,2328,UMI,30.0,43.71696,-79.48225,100.0,45.642,45.6,481,186.23,186.23
776,2329,UMI,150.0,43.71696,-79.48225,100.0,57.448,57.4,547,218.37,218.37
776,2330,UMI,270.0,43.71696,-79.48225,100.0,57.523,57.5,550,231.65,231.65
777,2331,UMI,30.0,43.71696,-79.47554,100.0,42.523,42.5,398,161.31,161.31
777,2332,UMI,150.0,43.71696,-79.47554,100.0,44.008,44.0,448,167.71,167.71
777,2333,UMI,270.0,43.71696,-79.47554,100.0,41.826,41.8,490,173.09,173.09
778,2334,UMI,30.0,43.71696,-79.46884,100.0,28.394,28.4,299,114.35,114.35
778,2335,UMI,150.0,43.71696,-79.46884,100.0,28.005,28.0,298,116.38,116.38
778,2336,UMI,270.0,43.71696,-79.46884,100.0,33.47,33.5,333,128.38,128.38
779,2337,UMI,30.0,43.71696,-79.46213,100.0,30.705,30.7,320,123.52,123.52
779,2338,UMI,150.0,43.71696,-79.46213,100.0,35.587,35.6,370,136.51,136.51
779,2339,UMI,270.0,43.71696,-79.46213,100.0,36.777,36.8,303,132.49,132.49
780,2340,UMI,30.0,43.71696,-79.45542,100.0,40.034,40.0,383,156.36,156.36
780,2341,UMI,150.0,43.71696,-79.45542,100.0,45.416,45.4,423,158.04,158.04
780,2342,UMI,270.0,43.71696,-79.45542,100.0,32.053,32.1,322,131.81,131.81
781,2343,UMI,30.0,43.71696,-79.44871,100.0,47.332,47.3,429,170.03,170.03
781,2344,UMI,150.0,43.71696,-79.44871,100.0,51.339,51.3,514,195.74,195.74
781,2345,UMI,270.0,43.71696,-79.44871,100.0,56.621,56.6,472,198.74,198.74
782,2346,UMI,30.0,43.71696,-79.442,100.0,48.128,48.1,464,184.05,184.05
782,2347,UMI,150.0,43.71696,-79.442,100.0,47.85,47.8,536,194.99,194.99
782,2348,UMI,270.0,43.71696,-79.442,100.0,51.769,51.8,484,193.85,193.85
783,2349,UMI,30.0,43.71696,-79.4353,100.0,64.183,64.2,600,244.96,244.96
783,2350,UMI,150.0,43.71696,-79.4353,100.0,61.744,61.7,594,243.46,243.46
783,2351,UMI,270.0,43.71696,-79.4353,100.0,63.171,63.2,605,249.38,249.38
784,2352,UMI,30.0,43.71696,-79.42859,100.0,61.592,61.6,615,218.28,218.28
784,2353,UMI,150.0,43.71696,-79.42859,100.0,60.632,60.6,630,254.54,254.54
784,2354,UMI,270.0,43.71696,-79.42859,100.0,56.518,56.5,613,225.67,225.67
785,2355,UMI,30.0,43.71696,-79.42188,100.0,66.844,66.8,637,261.29,261.29
785,2356,UMI,150.0,43.71696,-79.42188,100.0,61.17,61.2,629,241.2,241.2
785,2357,UMI,270.0,43.71696,-79.42188,100.0,72.29,72.3,643,265.65,265.65
786,2358,UMI,30.0,43.71696,-79.41517,100.0,71.13,71.1,578,245.05,245.05
786,2359,UMI,150.0,43.71696,-79.41517,100.0,64.608,64.6,613,237.4,237.4
786,2360,UMI,270.0,43.71696,-79.41517,100.0,69.067,69.1,637,262.55,262.55
787,2361,UMI,30.0,43.71696,-79.40846,100.0,55.972,56.0,573,226.05,226.05
787,2362,UMI,150.0,43.71696,-79.40846,100.0,65.989,66.0,567,218.52,218.52
787,2363,UMI,270.0,43.71696,-79.40846,100.0,57.776,57.8,606,234.87,234.87
788,2364,UMI,30.0,43.71696,-79.40175,100.0,60.104,60.1,586,233.83,233.83
788,2365,UMI,150.0,43.71696,-79.40175,100.0,58.153,58.2,602,222.73,222.73
788,2366,UMI,270.0,43.71696,-79.40175,100.0,67.892,67.9,641,248.23,248.23
789,2367,UMI,30.0,43.71696,-79.39505,100.0,58.83,58.8,550,221.21,221.21
789,2368,UMI,150.0,43.71696,-79.39505,100.0,72.251,72.3,601,250.0,250.0
789,2369,UMI,270.0,43.71696,-79.39505,100.0,59.27,59.3,592,220.26,220.26
790,2370,UMI,30.0,43.71696,-79.38834,100.0,43.827,43.8,480,183.16,183.16
790,2371,UMI,150.0,43.71696,-79.38834,100.0,51.439,51.4,487,205.45,205.45
790,2372,UMI,270.0,43.71696,-79.38834,100.0,54.512,54.5,505,209.29,209.29
791,2373,UMI,30.0,43.71696,-79.38163,100.0,36.424,36.4,394,143.45,143.45
791,2374,UMI,150.0,43.71696,-79.38163,100.0,39.244,39.2,423,167.15,167.15
791,2375,UMI,270.0,43.71696,-79.38163,100.0,50.242,50.2,500,195.35,195.35
792,2376,UMI,30.0,43.71696,-79.37492,100.0,34.792,34.8,373,150.15,150.15
792,2377,UMI,150.0,43.71696,-79.37492,100.0,57.63,57.6,507,190.63,190.63
792,2378,UMI,270.0,43.71696,-79.37492,100.0,60.407,60.4,475,211.94,211.94
793,2379,UMI,30.0,43.71696,-79.36821,100.0,30.524,30.5,320,116.79,116.79
793,2380,UMI,150.0,43.71696,-79.36821,100.0,41.374,41.4,424,175.8,175.8
793,2381,UMI,270.0,43.71696,-79.36821,100.0,41.19,41.2,420,169.21,169.21
794,2382,UMI,30.0,43.71696,-79.36151,100.0,31.992,32.0,287,116.51,116.51
794,2383,UMI,150.0,43.71696,-79.36151,100.0,30.13,30.1,338,125.13,125.13
794,2384,UMI,270.0,43.71696,-79.36151,100.0,38.056,38.1,351,139.71,139.71
795,2385,UMI,30.0,43.71696,-79.3548,100.0,20.996,21.0,177,87.06,87.06
795,2386,UMI,150.0,43.71696,-79.3548,100.0,17.445,17.4,167,66.54,66.54
795,2387,UMI,270.0,43.71696,-79.3548,100.0,23.34,23.3,244,90.29,90.29
796,2388,UMI,30.0,43.71696,-79.34809,100.0,18.844,18.8,156,66.68,66.68
796,2389,UMI,150.0,43.71696,-79.34809,100.0,15.233,15.2,154,64.06,64.06
796,2390,UMI,270.0,43.71696,-79.34809,100.0,17.037,17.0,183,66.55,66.55
797,2391,UMI,30.0,43.71696,-79.34138,100.0,14.105,14.1,171,60.15,60.15
797,2392,UMI,150.0,43.71696,-79.34138,100.0,13.878,13.9,132,49.88,49.88
797,2393,UMI,270.0,43.71696,-79.34138,100.0,19.241,19.2,186,76.78,76.78
798,2394,UMI,30.0,43.71696,-79.33467,100.0,24.297,24.3,208,89.83,89.83
798,2395,UMI,150.0,43.71696,-79.33467,100.0,21.481,21.5,185,74.04,74.04
798,2396,UMI,270.0,43.71696,-79.33467,100.0,16.42,16.4,181,59.17,59.17
799,2397,UMI,30.0,43.71696,-79.32797,100.0,21.619,21.6,211,86.82,86.82
799,2398,UMI,150.0,43.71696,-79.32797,100.0,19.454,19.5,224,80.67,80.67
799,2399,UMI,270.0,43.71696,-79.32797,100.0,20.715,20.7,223,86.6,86.6
800,2400,UMI,30.0,43.71696,-79.32126,100.0,19.332,19.3,182,74.44,74.44
800,2401,UMI,150.0,43.71696,-79.32126,100.0,21.847,21.8,207,81.07,81.07
800,2402,UMI,270.0,43.71696,-79.32126,100.0,16.492,16.5,170,69.22,69.22
801,2403,UMI,30.0,43.71696,-79.31455,100.0,29.611,29.6,269,107.63,107.63
801,2404,UMI,150.0,43.71696,-79.31455,100.0,27.744,27.7,295,110.5,110.5
801,2405,UMI,270.0,43.71696,-79.31455,100.0,18.064,18.1,219,72.27,72.27
802,2406,UMI,30.0,43.71696,-79.30784,100.0,40.209,40.2,424,153.31,153.31
802,2407,UMI,150.0,43.71696,-79.30784,100.0,43.742,43.7,455,173.18,173.18
802,2408,UMI,270.0,43.71696,-79.30784,100.0,31.808,31.8,334,123.78,123.78
803,2409,UMI,30.0,43.71696,-79.30113,100.0,46.88,46.9,521,187.37,187.37
803,2410,UMI,150.0,43.71696,-79.30113,100.0,69.204,69.2,582,255.22,255.22
803,2411,UMI,270.0,43.71696,-79.30113,100.0,54.682,54.7,502,214.66,214.66
804,2412,UMI,30.0,43.71696,-79.29442,100.0,45.953,46.0,476,183.4,183.4
804,2413,UMI,150.0,43.71696,-79.29442,100.0,56.272,56.3,508,202.56,202.56
804,2414,UMI,270.0,43.71696,-79.29442,100.0,53.991,54.0,553,211.09,211.09
805,2415,UMI,30.0,43.71696,-79.28772,100.0,43.027,43.0,333,136.61,136.61
805,2416,UMI,150.0,43.71696,-79.28772,100.0,42.433,42.4,404,158.29,158.29
805,2417,UMI,270.0,43.71696,-79.28772,100.0,44.287,44.3,460,181.65,181.65
806,2418,UMI,30.0,43.71696,-79.28101,100.0,33.633,33.6,305,122.64,122.64
806,2419,UMI,150.0,43.71696,-79.28101,100.0,34.272,34.3,341,135.57,135.57
806,2420,UMI,270.0,43.71696,-79.28101,100.0,38.853,38.9,362,136.15,136.15
807,2421,UMI,30.0,43.71696,-79.2743,100.0,35.334,35.3,325,126.71,126.71
807,2422,UMI,150.0,43.71696,-79.2743,100.0,34.362,34.4,349,139.12,139.12
807,2423,UMI,270.0,43.71696,-79.2743,100.0,34.684,34.7,335,132.86,132.86
808,2424,UMI,30.0,43.71696,-79.26759,100.0,32.916,32.9,318,135.16,135.16
808,2425,UMI,150.0,43.71696,-79.26759,100.0,39.754,39.8,358,138.27,138.27
808,2426,UMI,270.0,43.71696,-79.26759,100.0,26.856,26.9,316,111.56,111.56
809,2427,UMI,30.0,43.71696,-79.26088,100.0,42.373,42.4,400,172.53,172.53
809,2428,UMI,150.0,43.71696,-79.26088,100.0,46.5,46.5,431,169.79,169.79
809,2429,UMI,270.0,43.71696,-79.26088,100.0,36.51,36.5,384,152.37,152.37
810,2430,UMI,30.0,43.71696,-79.25418,100.0,50.916,50.9,480,189.89,189.89
810,2431,UMI,150.0,43.71696,-79.25418,100.0,55.308,55.3,527,207.32,207.32
810,2432,UMI,270.0,43.71696,-79.25418,100.0,55.1,55.1,473,187.29,187.29
811,2433,UMI,30.0,43.71696,-79.24747,100.0,46.728,46.7,453,182.79,182.79
811,2434,UMI,150.0,43.71696,-79.24747,100.0,49.177,49.2,474,195.49,195.49
811,2435,UMI,270.0,43.71696,-79.24747,100.0,54.594,54.6,489,208.45,208.45
812,2436,UMI,30.0,43.71696,-79.24076,100.0,40.389,40.4,374,147.96,147.96
812,2437,UMI,150.0,43.71696,-79.24076,100.0,38.717,38.7,368,150.51,150.51
812,2438,UMI,270.0,43.71696,-79.24076,100.0,36.381,36.4,380,145.87,145.87
813,2439,UMI,30.0,43.71696,-79.23405,100.0,40.751,40.8,382,151.37,151.37
813,2440,UMI,150.0,43.71696,-79.23405,100.0,31.134,31.1,315,132.78,132.78
813,2441,UMI,270.0,43.71696,-79.23405,100.0,35.942,35.9,348,133.11,133.11
814,2442,UMI,30.0,43.71696,-79.22734,100.0,23.335,23.3,202,80.34,80.34
814,2443,UMI,150.0,43.71696,-79.22734,100.0,16.02,16.0,121,55.46,55.46
814,2444,UMI,270.0,43.71696,-79.22734,100.0,25.024,25.0,249,99.09,99.09
815,2445,UMI,30.0,43.71696,-79.22063,100.0,5.776,5.8,64,23.98,23.98
815,2446,UMI,150.0,43.71696,-79.22063,100.0,3.067,3.1,34,13.55,13.55
815,2447,UMI,270.0,43.71696,-79.22063,100.0,9.698,9.7,75,36.63,36.63
816,2448,UMI,30.0,43.72116,-79.59965,100.0,12.031,12.0,148,54.5,54.5
816,2449,UMI,150.0,43.72116,-79.59965,100.0,16.167,16.2,124,45.82,45.82
816,2450,UMI,270.0,43.72116,-79.59965,100.0,10.838,10.8,109,41.02,41.02
817,2451,UMI,30.0,43.72116,-79.59294,100.0,33.781,33.8,256,107.39,107.39
817,2452,UMI,150.0,43.72116,-79.59294,100.0,22.627,22.6,229,79.75,79.75
817,2453,UMI,270.0,43.72116,-79.59294,100.0,17.628,17.6,159,68.89,68.89
818,2454,UMI,30.0,43.72116,-79.58623,100.0,37.252,37.3,341,138.24,138.24
818,2455,UMI,150.0,43.72116,-79.58623,100.0,35.02,35.0,326,120.33,120.33
818,2456,UMI,270.0,43.72116,-79.58623,100.0,29.665,29.7,296,111.89,111.89
819,2457,UMI,30.0,43.72116,-79.57952,100.0,31.761,31.8,358,132.29,132.29
819,2458,UMI,150.0,43.72116,-79.57952,100.0,25.979,26.0,298,103.83,103.83
819,2459,UMI,270.0,43.72116,-79.57952,100.0,37.49,37.5,340,137.55,137.55
820,2460,UMI,30.0,43.72116,-79.57281,100.0,36.26,36.3,355,141.72,141.72
820,2461,UMI,150.0,43.72116,-79.57281,100.0,30.323,30.3,342,129.47,129.47
820,2462,UMI,270.0,43.72116,-79.57281,100.0,28.111,28.1,303,116.5,116.5
821,2463,UMI,30.0,43.72116,-79.5661,100.0,44.28,44.3,366,163.92,163.92
821,2464,UMI,150.0,43.72116,-79.5661,100.0,32.145,32.1,351,129.57,129.57
821,2465,UMI,270.0,43.72116,-79.5661,100.0,36.028,36.0,372,150.56,150.56
822,2466,UMI,30.0,43.72116,-79.5594,100.0,37.25,37.3,326,129.42,129.42
822,2467,UMI,150.0,43.72116,-79.5594,100.0,26.445,26.4,322,107.4,107.4
822,2468,UMI,270.0,43.72116,-79.5594,100.0,32.45,32.4,361,130.59,130.59
823,2469,UMI,30.0,43.72116,-79.55269,100.0,33.93,33.9,259,95.63,95.63
823,2470,UMI,150.0,43.72116,-79.55269,100.0,26.05,26.0,266,102.12,102.12
823,2471,UMI,270.0,43.72116,-79.55269,100.0,34.928,34.9,345,122.66,122.66
824,2472,UMI,30.0,43.72116,-79.54598,100.0,25.687,25.7,216,90.49,90.49
824,2473,UMI,150.0,43.72116,-79.54598,100.0,23.837,23.8,218,82.88,82.88
824,2474,UMI,270.0,43.72116,-79.54598,100.0,26.328,26.3,260,100.4,100.4
825,2475,UMI,30.0,43.72116,-79.53927,100.0,22.792,22.8,244,88.16,88.16
825,2476,UMI,150.0,43.72116,-79.53927,100.0,29.134,29.1,287,117.81,117.81
825,2477,UMI,270.0,43.72116,-79.53927,100.0,19.954,20.0,208,83.94,83.94
826,2478,UMI,30.0,43.72116,-79.53256,100.0,36.598,36.6,298,128.6,128.6
826,2479,UMI,150.0,43.72116,-79.53256,100.0,33.937,33.9,313,132.53,132.53
826,2480,UMI,270.0,43.72116,-79.53256,100.0,36.433,36.4,313,126.86,126.86
827,2481,UMI,30.0,43.72116,-79.52586,100.0,32.613,32.6,254,109.73,109.73
827,2482,UMI,150.0,43.72116,-79.52586,100.0,22.293,22.3,238,89.62,89.62
827,2483,UMI,270.0,43.72116,-79.52586,100.0,27.113,27.1,257,105.9,105.9
828,2484,UMI,30.0,43.72116,-79.51915,100.0,30.064,30.1,272,117.42,117.42
828,2485,UMI,150.0,43.72116,-79.51915,100.0,36.636,36.6,307,131.68,131.68
828,2486,UMI,270.0,43.72116,-79.51915,100.0,30.582,30.6,261,101.1,101.1
829,2487,UMI,30.0,43.72116,-79.51244,100.0,31.337,31.3,302,113.72,113.72
829,2488,UMI,150.0,43.72116,-79.51244,100.0,30.47,30.5,306,120.44,120.44
829,2489,UMI,270.0,43.72116,-79.51244,100.0,30.431,30.4,299,114.56,114.56
830,2490,UMI,30.0,43.72116,-79.50573,100.0,50.776,50.8,504,200.11,200.11
830,2491,UMI,150.0,43.72116,-79.50573,100.0,47.183,47.2,442,176.97,176.97
830,2492,UMI,270.0,43.72116,-79.50573,100.0,42.295,42.3,406,163.32,163.32
831,2493,UMI,30.0,43.72116,-79.49902,100.0,62.262,62.3,482,207.51,207.51
831,2494,UMI,150.0,43.72116,-79.49902,100.0,51.759,51.8,489,205.21,205.21
831,2495,UMI,270.0,43.72116,-79.49902,100.0,47.296,47.3,464,176.84,176.84
832,2496,UMI,30.0,43.72116,-79.49231,100.0,45.307,45.3,417,188.12,188.12
832,2497,UMI,150.0,43.72116,-79.49231,100.0,44.998,45.0,459,168.99,168.99
832,2498,UMI,270.0,43.72116,-79.49231,100.0,47.115,47.1,472,189.7,189.7
833,2499,UMI,30.0,43.72116,-79.48561,100.0,38.778,38.8,397,150.97,150.97
833,2500,UMI,150.0,43.72116,-79.48561,100.0,48.46,48.5,517,194.89,194.89
833,2501,UMI,270.0,43.72116,-79.48561,100.0,53.446,53.4,448,177.64,177.64
834,2502,UMI,30.0,43.72116,-79.4789,100.0,45.675,45.7,430,180.14,180.14
834,2503,UMI,150.0,43.72116,-79.4789,100.0,41.401,41.4,420,169.38,169.38
834,2504,UMI,270.0,43.72116,-79.4789,100.0,46.527,46.5,465,180.62,180.62
835,2505,UMI,30.0,43.72116,-79.47219,100.0,40.607,40.6,322,145.29,145.29
835,2506,UMI,150.0,43.72116,-79.47219,100.0,37.385,37.4,336,143.94,143.94
835,2507,UMI,270.0,43.72116,-79.47219,100.0,45.33,45.3,409,165.5,165.5
836,2508,UMI,30.0,43.72116,-79.46548,100.0,34.021,34.0,316,128.98,128.98
836,2509,UMI,150.0,43.72116,-79.46548,100.0,27.599,27.6,315,120.12,120.12
836,2510,UMI,270.0,43.72116,-79.46548,100.0,32.234,32.2,287,110.13,110.13
837,2511,UMI,30.0,43.72116,-79.45877,100.0,43.702,43.7,355,163.0,163.0
837,2512,UMI,150.0,43.72116,-79.45877,100.0,33.379,33.4,341,130.29,130.29
837,2513,UMI,270.0,43.72116,-79.45877,100.0,36.031,36.0,358,144.67,144.67
838,2514,UMI,30.0,43.72116,-79.45207,100.0,38.246,38.2,387,154.1,154.1
838,2515,UMI,150.0,43.72116,-79.45207,100.0,45.309,45.3,426,166.84,166.84
838,2516,UMI,270.0,43.72116,-79.45207,100.0,43.037,43.0,368,154.52,154.52
839,2517,UMI,30.0,43.72116,-79.44536,100.0,48.395,48.4,457,192.18,192.18
839,2518,UMI,150.0,43.72116,-79.44536,100.0,39.039,39.0,436,170.85,170.85
839,2519,UMI,270.0,43.72116,-79.44536,100.0,39.374,39.4,398,157.93,157.93
840,2520,UMI,30.0,43.72116,-79.43865,100.0,56.841,56.8,581,225.43,225.43
840,2521,UMI,150.0,43.72116,-79.43865,100.0,52.717,52.7,564,196.19,196.19
840,2522,UMI,270.0,43.72116,-79.43865,100.0,49.529,49.5,535,206.74,206.74
841,2523,UMI,30.0,43.72116,-79.43194,100.0,61.973,62.0,608,248.95,248.95
841,2524,UMI,150.0,43.72116,-79.43194,100.0,60.787,60.8,603,232.16,232.16
841,2525,UMI,270.0,43.72116,-79.43194,100.0,58.35,58.3,561,238.47,238.47
842,2526,UMI,30.0,43.72116,-79.42523,100.0,62.649,62.6,625,244.92,244.92
842,2527,UMI,150.0,43.72116,-79.42523,100.0,59.647,59.6,639,235.19,235.19
842,2528,UMI,270.0,43.72116,-79.42523,100.0,63.745,63.7,563,224.69,224.69
843,2529,UMI,30.0,43.72116,-79.41853,100.0,56.732,56.7,600,225.63,225.63
843,2530,UMI,150.0,43.72116,-79.41853,100.0,60.082,60.1,617,235.32,235.32
843,2531,UMI,270.0,43.72116,-79.41853,100.0,60.055,60.1,592,225.55,225.55
844,2532,UMI,30.0,43.72116,-79.41182,100.0,61.509,61.5,603,230.4,230.4
844,2533,UMI,150.0,43.72116,-79.41182,100.0,60.472,60.5,553,220.97,220.97
844,2534,UMI,270.0,43.72116,-79.41182,100.0,65.262,65.3,565,228.51,228.51
845,2535,UMI,30.0,43.72116,-79.40511,100.0,68.879,68.9,595,259.32,259.32
845,2536,UMI,150.0,43.72116,-79.40511,100.0,63.841,63.8,612,239.6,239.6
845,2537,UMI,270.0,43.72116,-79.40511,100.0,51.569,51.6,553,212.52,212.52
846,2538,UMI,30.0,43.72116,-79.3984,100.0,58.895,58.9,616,233.41,233.41
846,2539,UMI,150.0,43.72116,-79.3984,100.0,52.951,53.0,550,209.96,209.96
846,2540,UMI,270.0,43.72116,-79.3984,100.0,60.36,60.4,576,247.32,247.32
847,2541,UMI,30.0,43.72116,-79.39169,100.0,51.934,51.9,508,213.92,213.92
847,2542,UMI,150.0,43.72116,-79.39169,100.0,50.731,50.7,501,192.82,192.82
847,2543,UMI,270.0,43.72116,-79.39169,100.0,57.673,57.7,532,217.97,217.97
848,2544,UMI,30.0,43.72116,-79.38498,100.0,48.373,48.4,474,183.78,183.78
848,2545,UMI,150.0,43.72116,-79.38498,100.0,59.401,59.4,502,207.98,207.98
848,2546,UMI,270.0,43.72116,-79.38498,100.0,53.441,53.4,511,204.67,204.67
849,2547,UMI,30.0,43.72116,-79.37828,100.0,29.824,29.8,333,119.39,119.39
849,2548,UMI,150.0,43.72116,-79.37828,100.0,38.081,38.1,360,135.61,135.61
849,2549,UMI,270.0,43.72116,-79.37828,100.0,40.429,40.4,412,170.5,170.5
850,2550,UMI,30.0,43.72116,-79.37157,100.0,30.614,30.6,271,117.53,117.53
850,2551,UMI,150.0,43.72116,-79.37157,100.0,27.232,27.2,306,111.68,111.68
850,2552,UMI,270.0,43.72116,-79.37157,100.0,30.685,30.7,305,118.22,118.22
851,2553,UMI,30.0,43.72116,-79.36486,100.0,21.749,21.7,221,84.18,84.18
851,2554,UMI,150.0,43.72116,-79.36486,100.0,29.971,30.0,288,118.51,118.51
851,2555,UMI,270.0,43.72116,-79.36486,100.0,29.083,29.1,261,107.63,107.63
852,2556,UMI,30.0,43.72116,-79.35815,100.0,18.956,19.0,161,67.18,67.18
852,2557,UMI,150.0,43.72116,-79.35815,100.0,21.752,21.8,218,86.88,86.88
852,2558,UMI,270.0,43.72116,-79.35815,100.0,25.216,25.2,234,98.42,98.42
853,2559,UMI,30.0,43.72116,-79.35144,100.0,15.379,15.4,176,63.1,63.1
853,2560,UMI,150.0,43.72116,-79.35144,100.0,15.93,15.9,174,62.19,62.19
853,2561,UMI,270.0,43.72116,-79.35144,100.0,20.748,20.7,192,69.04,69.04
854,2562,UMI,30.0,43.72116,-79.34474,100.0,19.114,19.1,199,68.32,68.32
854,2563,UMI,150.0,43.72116,-79.34474,100.0,16.667,16.7,174,77.64,77.64
854,2564,UMI,270.0,43.72116,-79.34474,100.0,19.842,19.8,211,77.63,77.63
855,2565,UMI,30.0,43.72116,-79.33803,100.0,22.005,22.0,207,78.01,78.01
855,2566,UMI,150.0,43.72116,-79.33803,100.0,19.078,19.1,219,77.31,77.31
855,2567,UMI,270.0,43.72116,-79.33803,100.0,25.816,25.8,228,83.17,83.17
856,2568,UMI,30.0,43.72116,-79.33132,100.0,20.523,20.5,198,83.21,83.21
856,2569,UMI,150.0,43.72116,-79.33132,100.0,25.125,25.1,222,91.36,91.36
856,2570,UMI,270.0,43.72116,-79.33132,100.0,22.998,23.0,219,90.06,90.06
857,2571,UMI,30.0,43.72116,-79.32461,100.0,16.094,16.1,173,72.26,72.26
857,2572,UMI,150.0,43.72116,-79.32461,100.0,19.518,19.5,176,73.57,73.57
857,2573,UMI,270.0,43.72116,-79.32461,100.0,21.88,21.9,178,66.28,66.28
858,2574,UMI,30.0,43.72116,-79.3179,100.0,22.01,22.0,235,88.87,88.87
858,2575,UMI,150.0,43.72116,-79.3179,100.0,19.606,19.6,204,68.86,68.86
858,2576,UMI,270.0,43.72116,-79.3179,100.0,19.779,19.8,190,75.43,75.43
859,2577,UMI,30.0,43.72116,-79.31119,100.0,42.885,42.9,383,164.02,164.02
859,2578,UMI,150.0,43.72116,-79.31119,100.0,35.292,35.3,338,133.97,133.97
859,2579,UMI,270.0,43.72116,-79.31119,100.0,27.94,27.9,318,113.4,113.4
860,2580,UMI,30.0,43.72116,-79.30449,100.0,45.437,45.4,442,159.3,159.3
860,2581,UMI,150.0,43.72116,-79.30449,100.0,50.3,50.3,485,195.45,195.45
860,2582,UMI,270.0,43.72116,-79.30449,100.0,46.387,46.4,419,167.68,167.68
861,2583,UMI,30.0,43.72116,-79.29778,100.0,39.176,39.2,380,145.04,145.04
861,2584,UMI,150.0,43.72116,-79.29778,100.0,45.294,45.3,447,165.88,165.88
861,2585,UMI,270.0,43.72116,-79.29778,100.0,42.341,42.3,428,168.84,168.84
862,2586,UMI,30.0,43.72116,-79.29107,100.0,35.135,35.1,321,119.93,119.93
862,2587,UMI,150.0,43.72116,-79.29107,100.0,36.403,36.4,385,153.08,153.08
862,2588,UMI,270.0,43.72116,-79.29107,100.0,37.891,37.9,371,146.33,146.33
863,2589,UMI,30.0,43.72116,-79.28436,100.0,29.807,29.8,308,116.86,116.86
863,2590,UMI,150.0,43.72116,-79.28436,100.0,43.277,43.3,357,150.71,150.71
863,2591,UMI,270.0,43.72116,-79.28436,100.0,35.669,35.7,331,134.33,134.33
864,2592,UMI,30.0,43.72116,-79.27765,100.0,36.335,36.3,331,130.9,130.9
864,2593,UMI,150.0,43.72116,-79.27765,100.0,33.609,33.6,312,122.95,122.95
864,2594,UMI,270.0,43.72116,-79.27765,100.0,27.413,27.4,300,113.1,113.1
865,2595,UMI,30.0,43.72116,-79.27095,100.0,40.076,40.1,363,138.73,138.73
865,2596,UMI,150.0,43.72116,-79.27095,100.0,33.358,33.4,297,118.21,118.21
865,2597,UMI,270.0,43.72116,-79.27095,100.0,42.662,42.7,327,148.21,148.21
866,2598,UMI,30.0,43.72116,-79.26424,100.0,44.483,44.5,382,151.07,151.07
866,2599,UMI,150.0,43.72116,-79.26424,100.0,34.353,34.4,337,126.12,126.12
866,2600,UMI,270.0,43.72116,-79.26424,100.0,27.068,27.1,297,106.69,106.69
867,2601,UMI,30.0,43.72116,-79.25753,100.0,43.339,43.3,477,166.54,166.54
867,2602,UMI,150.0,43.72116,-79.25753,100.0,48.353,48.4,482,190.31,190.31
867,2603,UMI,270.0,43.72116,-79.25753,100.0,47.483,47.5,437,186.19,186.19
868,2604,UMI,30.0,43.72116,-79.25082,100.0,57.101,57.1,486,214.08,214.08
868,2605,UMI,150.0,43.72116,-79.25082,100.0,52.553,52.6,491,207.34,207.34
868,2606,UMI,270.0,43.72116,-79.25082,100.0,53.99,54.0,486,191.78,191.78
869,2607,UMI,30.0,43.72116,-79.24411,100.0,48.924,48.9,485,197.6,197.6
869,2608,UMI,150.0,43.72116,-79.24411,100.0,44.772,44.8,401,170.22,170.22
869,2609,UMI,270.0,43.72116,-79.24411,100.0,52.742,52.7,452,199.12,199.12
870,2610,UMI,30.0,43.72116,-79.23741,100.0,44.037,44.0,440,171.24,171.24
870,2611,UMI,150.0,43.72116,-79.23741,100.0,45.744,45.7,449,186.32,186.32
870,2612,UMI,270.0,43.72116,-79.23741,100.0,48.693,48.7,477,182.43,182.43
871,2613,UMI,30.0,43.72116,-79.2307,100.0,44.032,44.0,356,151.18,151.18
871,2614,UMI,150.0,43.72116,-79.2307,100.0,29.747,29.7,323,125.77,125.77
871,2615,UMI,270.0,43.72116,-79.2307,100.0,37.753,37.8,393,144.47,144.47
872,2616,UMI,30.0,43.72116,-79.22399,100.0,20.542,20.5,169,73.63,73.63
872,2617,UMI,150.0,43.72116,-79.22399,100.0,15.81,15.8,132,47.59,47.59
872,2618,UMI,270.0,43.72116,-79.22399,100.0,28.2,28.2,251,97.43,97.43
873,2619,UMI,30.0,43.72535,-79.603,100.0,18.4,18.4,166,70.9,70.9
873,2620,UMI,150.0,43.72535,-79.603,100.0,20.701,20.7,175,71.26,71.26
873,2621,UMI,270.0,43.72535,-79.603,100.0,7.859,7.9,110,36.96,36.96
874,2622,UMI,30.0,43.72535,-79.58958,100.0,26.846,26.8,258,101.58,101.58
874,2623,UMI,150.0,43.72535,-79.58958,100.0,31.57,31.6,315,135.21,135.21
874,2624,UMI,270.0,43.72535,-79.58958,100.0,24.022,24.0,256,95.58,95.58
875,2625,UMI,30.0,43.72535,-79.58287,100.0,34.913,34.9,349,140.28,140.28
875,2626,UMI,150.0,43.72535,-79.58287,100.0,39.629,39.6,367,148.89,148.89
875,2627,UMI,270.0,43.72535,-79.58287,100.0,33.063,33.1,338,130.33,130.33
876,2628,UMI,30.0,43.72535,-79.57617,100.0,32.831,32.8,345,129.87,129.87
876,2629,UMI,150.0,43.72535,-79.57617,100.0,38.098,38.1,380,149.48,149.48
876,2630,UMI,270.0,43.72535,-79.57617,100.0,39.129,39.1,395,155.51,155.51
877,2631,UMI,30.0,43.72535,-79.56946,100.0,41.046,41.0,443,172.0,172.0
877,2632,UMI,150.0,43.72535,-79.56946,100.0,42.639,42.6,407,149.93,149.93
877,2633,UMI,270.0,43.72535,-79.56946,100.0,36.28,36.3,385,144.02,144.02
878,2634,UMI,30.0,43.72535,-79.56275,100.0,32.072,32.1,349,131.74,131.74
878,2635,UMI,150.0,43.72535,-79.56275,100.0,32.953,33.0,352,136.02,136.02
878,2636,UMI,270.0,43.72535,-79.56275,100.0,34.246,34.2,398,138.36,138.36
879,2637,UMI,30.0,43.72535,-79.55604,100.0,27.73,27.7,267,96.42,96.42
879,2638,UMI,150.0,43.72535,-79.55604,100.0,28.45,28.4,285,111.23,111.23
879,2639,UMI,270.0,43.72535,-79.55604,100.0,32.726,32.7,318,130.95,130.95
880,2640,UMI,30.0,43.72535,-79.54933,100.0,20.54,20.5,202,80.71,80.71
880,2641,UMI,150.0,43.72535,-79.54933,100.0,21.305,21.3,211,82.85,82.85
880,2642,UMI,270.0,43.72535,-79.54933,100.0,31.814,31.8,258,112.47,112.47
881,2643,UMI,30.0,43.72535,-79.54263,100.0,16.501,16.5,200,63.76,63.76
881,2644,UMI,150.0,43.72535,-79.54263,100.0,19.755,19.8,178,72.43,72.43
881,2645,UMI,270.0,43.72535,-79.54263,100.0,16.682,16.7,169,58.84,58.84
882,2646,UMI,30.0,43.72535,-79.53592,100.0,32.807,32.8,264,103.69,103.69
882,2647,UMI,150.0,43.72535,-79.53592,100.0,27.405,27.4,278,106.23,106.23
882,2648,UMI,270.0,43.72535,-79.53592,100.0,21.838,21.8,235,93.34,93.34
883,2649,UMI,30.0,43.72535,-79.52921,100.0,29.733,29.7,283,113.95,113.95
883,2650,UMI,150.0,43.72535,-79.52921,100.0,26.999,27.0,264,99.82,99.82
883,2651,UMI,270.0,43.72535,-79.52921,100.0,29.89,29.9,304,121.48,121.48
884,2652,UMI,30.0,43.72535,-79.5225,100.0,23.284,23.3,255,94.15,94.15
884,2653,UMI,150.0,43.72535,-79.5225,100.0,32.812,32.8,278,118.17,118.17
884,2654,UMI,270.0,43.72535,-79.5225,100.0,22.906,22.9,245,91.29,91.29
885,2655,UMI,30.0,43.72535,-79.51579,100.0,33.646,33.6,311,122.21,122.21
885,2656,UMI,150.0,43.72535,-79.51579,100.0,38.76,38.8,296,139.07,139.07
885,2657,UMI,270.0,43.72535,-79.51579,100.0,28.598,28.6,290,113.1,113.1
886,2658,UMI,30.0,43.72535,-79.50909,100.0,48.737,48.7,469,180.34,180.34
886,2659,UMI,150.0,43.72535,-79.50909,100.0,40.045,40.0,415,151.15,151.15
886,2660,UMI,270.0,43.72535,-79.50909,100.0,40.409,40.4,394,148.76,148.76
887,2661,UMI,30.0,43.72535,-79.50238,100.0,44.061,44.1,478,183.71,183.71
887,2662,UMI,150.0,43.72535,-79.50238,100.0,62.533,62.5,516,215.6,215.6
887,2663,UMI,270.0,43.72535,-79.50238,100.0,48.885,48.9,496,189.35,189.35
888,2664,UMI,30.0,43.72535,-79.49567,100.0,47.942,47.9,422,175.71,175.71
888,2665,UMI,150.0,43.72535,-79.49567,100.0,47.909,47.9,476,203.52,203.52
888,2666,UMI,270.0,43.72535,-79.49567,100.0,53.208,53.2,505,205.16,205.16
889,2667,UMI,30.0,43.72535,-79.48896,100.0,40.635,40.6,432,156.86,156.86
889,2668,UMI,150.0,43.72535,-79.48896,100.0,37.541,37.5,394,162.64,162.64
889,2669,UMI,270.0,43.72535,-79.48896,100.0,52.532,52.5,479,192.55,192.55
890,2670,UMI,30.0,43.72535,-79.48225,100.0,46.956,47.0,390,166.99,166.99
890,2671,UMI,150.0,43.72535,-79.48225,100.0,36.727,36.7,362,137.62,137.62
890,2672,UMI,270.0,43.72535,-79.48225,100.0,46.646,46.6,417,170.03,170.03
891,2673,UMI,30.0,43.72535,-79.47554,100.0,34.186,34.2,351,142.73,142.73
891,2674,UMI,150.0,43.72535,-79.47554,100.0,36.362,36.4,391,139.64,139.64
891,2675,UMI,270.0,43.72535,-79.47554,100.0,35.417,35.4,385,147.71,147.71
892,2676,UMI,30.0,43.72535,-79.46884,100.0,37.263,37.3,356,141.78,141.78
892,2677,UMI,150.0,43.72535,-79.46884,100.0,32.213,32.2,335,131.1,131.1
892,2678,UMI,270.0,43.72535,-79.46884,100.0,41.46,41.5,354,151.34,151.34
893,2679,UMI,30.0,43.72535,-79.46213,100.0,39.845,39.8,333,136.86,136.86
893,2680,UMI,150.0,43.72535,-79.46213,100.0,41.073,41.1,387,167.13,167.13
893,2681,UMI,270.0,43.72535,-79.46213,100.0,32.555,32.6,345,132.81,132.81
894,2682,UMI,30.0,43.72535,-79.45542,100.0,27.232,27.2,275,111.89,111.89
894,2683,UMI,150.0,43.72535,-79.45542,100.0,36.819,36.8,315,132.13,132.13
894,2684,UMI,270.0,43.72535,-79.45542,100.0,31.521,31.5,313,128.31,128.31
895,2685,UMI,30.0,43.72535,-79.44871,100.0,31.744,31.7,291,119.22,119.22
895,2686,UMI,150.0,43.72535,-79.44871,100.0,36.18,36.2,341,136.53,136.53
895,2687,UMI,270.0,43.72535,-79.44871,100.0,26.843,26.8,273,99.03,99.03
896,2688,UMI,30.0,43.72535,-79.442,100.0,45.191,45.2,456,184.79,184.79
896,2689,UMI,150.0,43.72535,-79.442,100.0,49.08,49.1,444,171.24,171.24
896,2690,UMI,270.0,43.72535,-79.442,100.0,36.489,36.5,398,134.81,134.81
897,2691,UMI,30.0,43.72535,-79.4353,100.0,60.038,60.0,552,223.05,223.05
897,2692,UMI,150.0,43.72535,-79.4353,100.0,72.828,72.8,633,269.3,269.3
897,2693,UMI,270.0,43.72535,-79.4353,100.0,51.455,51.5,535,200.32,200.32
898,2694,UMI,30.0,43.72535,-79.42859,100.0,63.603,63.6,643,251.53,251.53
898,2695,UMI,150.0,43.72535,-79.42859,100.0,56.022,56.0,591,221.32,221.32
898,2696,UMI,270.0,43.72535,-79.42859,100.0,65.291,65.3,644,267.18,267.18
899,2697,UMI,30.0,43.72535,-79.42188,100.0,70.573,70.6,604,250.39,250.39
899,2698,UMI,150.0,43.72535,-79.42188,100.0,59.041,59.0,581,230.74,230.74
899,2699,UMI,270.0,43.72535,-79.42188,100.0,67.738,67.7,655,265.22,265.22
900,2700,UMI,30.0,43.72535,-79.41517,100.0,49.007,49.0,544,193.52,193.52
900,2701,UMI,150.0,43.72535,-79.41517,100.0,64.917,64.9,608,227.58,227.58
900,2702,UMI,270.0,43.72535,-79.41517,100.0,56.042,56.0,557,221.89,221.89
901,2703,UMI,30.0,43.72535,-79.40846,100.0,73.422,73.4,642,254.89,254.89
901,2704,UMI,150.0,43.72535,-79.40846,100.0,55.97,56.0,608,217.44,217.44
901,2705,UMI,270.0,43.72535,-79.40846,100.0,63.913,63.9,602,241.5,241.5
902,2706,UMI,30.0,43.72535,-79.40175,100.0,65.549,65.5,567,233.08,233.08
902,2707,UMI,150.0,43.72535,-79.40175,100.0,61.822,61.8,545,234.38,234.38
902,2708,UMI,270.0,43.72535,-79.40175,100.0,64.499,64.5,623,242.54,242.54
903,2709,UMI,30.0,43.72535,-79.39505,100.0,62.97,63.0,536,208.34,208.34
903,2710,UMI,150.0,43.72535,-79.39505,100.0,62.927,62.9,553,226.85,226.85
903,2711,UMI,270.0,43.72535,-79.39505,100.0,66.693,66.7,571,238.99,238.99
904,2712,UMI,30.0,43.72535,-79.38834,100.0,42.045,42.0,462,170.59,170.59
904,2713,UMI,150.0,43.72535,-79.38834,100.0,53.033,53.0,487,203.92,203.92
904,2714,UMI,270.0,43.72535,-79.38834,100.0,56.334,56.3,485,187.92,187.92
905,2715,UMI,30.0,43.72535,-79.38163,100.0,29.155,29.2,333,125.8,125.8
905,2716,UMI,150.0,43.72535,-79.38163,100.0,42.813,42.8,395,160.19,160.19
905,2717,UMI,270.0,43.72535,-79.38163,100.0,42.243,42.2,414,159.81,159.81
906,2718,UMI,30.0,43.72535,-79.37492,100.0,24.177,24.2,220,87.26,87.26
906,2719,UMI,150.0,43.72535,-79.37492,100.0,29.578,29.6,239,99.55,99.55
906,2720,UMI,270.0,43.72535,-79.37492,100.0,34.517,34.5,295,130.2,130.2
907,2721,UMI,30.0,43.72535,-79.36821,100.0,20.934,20.9,217,76.03,76.03
907,2722,UMI,150.0,43.72535,-79.36821,100.0,22.379,22.4,226,84.42,84.42
907,2723,UMI,270.0,43.72535,-79.36821,100.0,26.505,26.5,220,92.12,92.12
908,2724,UMI,30.0,43.72535,-79.36151,100.0,26.177,26.2,244,95.89,95.89
908,2725,UMI,150.0,43.72535,-79.36151,100.0,23.293,23.3,208,79.26,79.26
908,2726,UMI,270.0,43.72535,-79.36151,100.0,24.735,24.7,241,90.91,90.91
909,2727,UMI,30.0,43.72535,-79.3548,100.0,18.551,18.6,217,78.45,78.45
909,2728,UMI,150.0,43.72535,-79.3548,100.0,21.952,22.0,207,84.37,84.37
909,2729,UMI,270.0,43.72535,-79.3548,100.0,32.675,32.7,240,105.59,105.59
910,2730,UMI,30.0,43.72535,-79.34809,100.0,22.453,22.5,234,94.93,94.93
910,2731,UMI,150.0,43.72535,-79.34809,100.0,24.662,24.7,208,97.38,97.38
910,2732,UMI,270.0,43.72535,-79.34809,100.0,28.517,28.5,237,100.42,100.42
911,2733,UMI,30.0,43.72535,-79.34138,100.0,31.842,31.8,281,103.09,103.09
911,2734,UMI,150.0,43.72535,-79.34138,100.0,33.371,33.4,255,111.76,111.76
911,2735,UMI,270.0,43.72535,-79.34138,100.0,34.351,34.4,275,123.98,123.98
912,2736,UMI,30.0,43.72535,-79.33467,100.0,22.905,22.9,218,86.81,86.81
912,2737,UMI,150.0,43.72535,-79.33467,100.0,19.604,19.6,213,78.51,78.51
912,2738,UMI,270.0,43.72535,-79.33467,100.0,26.398,26.4,250,102.01,102.01
913,2739,UMI,30.0,43.72535,-79.32797,100.0,19.122,19.1,224,78.01,78.01
913,2740,UMI,150.0,43.72535,-79.32797,100.0,23.056,23.1,187,86.42,86.42
913,2741,UMI,270.0,43.72535,-79.32797,100.0,16.587,16.6,174,70.78,70.78
914,2742,UMI,30.0,43.72535,-79.32126,100.0,23.298,23.3,213,94.49,94.49
914,2743,UMI,150.0,43.72535,-79.32126,100.0,27.326,27.3,239,105.58,105.58
914,2744,UMI,270.0,43.72535,-79.32126,100.0,18.286,18.3,186,64.79,64.79
915,2745,UMI,30.0,43.72535,-79.31455,100.0,34.77,34.8,367,140.84,140.84
915,2746,UMI,150.0,43.72535,-79.31455,100.0,36.725,36.7,295,118.93,118.93
915,2747,UMI,270.0,43.72535,-79.31455,100.0,31.523,31.5,270,113.95,113.95
916,2748,UMI,30.0,43.72535,-79.30784,100.0,42.47,42.5,429,158.33,158.33
916,2749,UMI,150.0,43.72535,-79.30784,100.0,41.653,41.7,419,163.65,163.65
916,2750,UMI,270.0,43.72535,-79.30784,100.0,42.683,42.7,390,172.52,172.52
917,2751,UMI,30.0,43.72535,-79.30113,100.0,35.603,35.6,396,148.81,148.81
917,2752,UMI,150.0,43.72535,-79.30113,100.0,33.959,34.0,353,133.18,133.18
917,2753,UMI,270.0,43.72535,-79.30113,100.0,42.273,42.3,386,165.28,165.28
918,2754,UMI,30.0,43.72535,-79.29442,100.0,30.485,30.5,277,112.74,112.74
918,2755,UMI,150.0,43.72535,-79.29442,100.0,26.492,26.5,293,108.39,108.39
918,2756,UMI,270.0,43.72535,-79.29442,100.0,32.603,32.6,342,133.34,133.34
919,2757,UMI,30.0,43.72535,-79.28772,100.0,24.576,24.6,274,101.89,101.89
919,2758,UMI,150.0,43.72535,-79.28772,100.0,32.06,32.1,328,132.2,132.2
919,2759,UMI,270.0,43.72535,-79.28772,100.0,27.31,27.3,273,118.04,118.04
920,2760,UMI,30.0,43.72535,-79.28101,100.0,35.636,35.6,325,134.76,134.76
920,2761,UMI,150.0,43.72535,-79.28101,100.0,34.992,35.0,311,123.98,123.98
920,2762,UMI,270.0,43.72535,-79.28101,100.0,35.825,35.8,318,129.2,129.2
921,2763,UMI,30.0,43.72535,-79.2743,100.0,38.998,39.0,411,162.63,162.63
921,2764,UMI,150.0,43.72535,-79.2743,100.0,29.209,29.2,339,114.14,114.14
921,2765,UMI,270.0,43.72535,-79.2743,100.0,41.012,41.0,342,148.17,148.17
922,2766,UMI,30.0,43.72535,-79.26759,100.0,45.968,46.0,415,159.98,159.98
922,2767,UMI,150.0,43.72535,-79.26759,100.0,35.06,35.1,384,136.0,136.0
922,2768,UMI,270.0,43.72535,-79.26759,100.0,41.508,41.5,397,156.88,156.88
923,2769,UMI,30.0,43.72535,-79.26088,100.0,48.305,48.3,443,183.84,183.84
923,2770,UMI,150.0,43.72535,-79.26088,100.0,46.22,46.2,485,180.47,180.47
923,2771,UMI,270.0,43.72535,-79.26088,100.0,43.89,43.9,445,162.09,162.09
924,2772,UMI,30.0,43.72535,-79.25418,100.0,47.011,47.0,474,190.01,190.01
924,2773,UMI,150.0,43.72535,-79.25418,100.0,48.236,48.2,465,179.54,179.54
924,2774,UMI,270.0,43.72535,-79.25418,100.0,61.533,61.5,520,195.91,195.91
925,2775,UMI,30.0,43.72535,-79.24747,100.0,48.137,48.1,400,167.13,167.13
925,2776,UMI,150.0,43.72535,-79.24747,100.0,50.084,50.1,481,203.93,203.93
925,2777,UMI,270.0,43.72535,-79.24747,100.0,51.885,51.9,454,179.73,179.73
926,2778,UMI,30.0,43.72535,-79.24076,100.0,55.88,55.9,485,203.88,203.88
926,2779,UMI,150.0,43.72535,-79.24076,100.0,49.468,49.5,490,199.44,199.44
926,2780,UMI,270.0,43.72535,-79.24076,100.0,42.403,42.4,422,152.36,152.36
927,2781,UMI,30.0,43.72535,-79.23405,100.0,44.491,44.5,491,183.94,183.94
927,2782,UMI,150.0,43.72535,-79.23405,100.0,46.447,46.4,440,196.29,196.29
927,2783,UMI,270.0,43.72535,-79.23405,100.0,51.024,51.0,482,183.37,183.37
928,2784,UMI,30.0,43.72535,-79.22734,100.0,30.78,30.8,345,130.27,130.27
928,2785,UMI,150.0,43.72535,-79.22734,100.0,28.075,28.1,272,102.43,102.43
928,2786,UMI,270.0,43.72535,-79.22734,100.0,41.171,41.2,409,167.0,167.0
929,2787,UMI,30.0,43.72535,-79.22063,100.0,16.249,16.2,164,72.34,72.34
929,2788,UMI,150.0,43.72535,-79.22063,100.0,14.665,14.7,149,58.84,58.84
929,2789,UMI,270.0,43.72535,-79.22063,100.0,25.235,25.2,239,95.37,95.37
930,2790,UMI,30.0,43.72535,-79.21393,100.0,11.274,11.3,88,43.67,43.67
930,2791,UMI,150.0,43.72535,-79.21393,100.0,5.185,5.2,62,22.28,22.28
930,2792,UMI,270.0,43.72535,-79.21393,100.0,8.595,8.6,90,33.4,33.4
931,2793,UMI,30.0,43.72955,-79.60635,100.0,20.426,20.4,195,77.63,77.63
931,2794,UMI,150.0,43.72955,-79.60635,100.0,11.344,11.3,132,45.53,45.53
931,2795,UMI,270.0,43.72955,-79.60635,100.0,12.049,12.0,107,49.63,49.63
932,2796,UMI,30.0,43.72955,-79.59965,100.0,29.103,29.1,267,115.14,115.14
932,2797,UMI,150.0,43.72955,-79.59965,100.0,18.75,18.7,205,79.02,79.02
932,2798,UMI,270.0,43.72955,-79.59965,100.0,15.701,15.7,180,60.73,60.73
933,2799,UMI,30.0,43.72955,-79.59294,100.0,31.437,31.4,323,127.39,127.39
933,2800,UMI,150.0,43.72955,-79.59294,100.0,29.162,29.2,315,124.14,124.14
933,2801,UMI,270.0,43.72955,-79.59294,100.0,31.703,31.7,321,136.13,136.13
934,2802,UMI,30.0,43.72955,-79.58623,100.0,27.487,27.5,301,115.06,115.06
934,2803,UMI,150.0,43.72955,-79.58623,100.0,28.398,28.4,294,110.29,110.29
934,2804,UMI,270.0,43.72955,-79.58623,100.0,44.114,44.1,308,140.1,140.1
935,2805,UMI,30.0,43.72955,-79.57952,100.0,27.774,27.8,306,110.21,110.21
935,2806,UMI,150.0,43.72955,-79.57952,100.0,35.854,35.9,331,135.05,135.05
935,2807,UMI,270.0,43.72955,-79.57952,100.0,36.779,36.8,312,124.4,124.4
936,2808,UMI,30.0,43.72955,-79.57281,100.0,37.13,37.1,369,152.98,152.98
936,2809,UMI,150.0,43.72955,-79.57281,100.0,39.241,39.2,373,140.82,140.82
936,2810,UMI,270.0,43.72955,-79.57281,100.0,36.259,36.3,337,132.96,132.96
937,2811,UMI,30.0,43.72955,-79.5661,100.0,39.613,39.6,335,143.96,143.96
937,2812,UMI,150.0,43.72955,-79.5661,100.0,38.383,38.4,381,146.85,146.85
937,2813,UMI,270.0,43.72955,-79.5661,100.0,42.475,42.5,397,148.45,148.45
938,2814,UMI,30.0,43.72955,-79.5594,100.0,29.552,29.6,272,114.58,114.58
938,2815,UMI,150.0,43.72955,-79.5594,100.0,35.418,35.4,268,112.12,112.12
938,2816,UMI,270.0,43.72955,-79.5594,100.0,31.846,31.8,312,132.72,132.72
939,2817,UMI,30.0,43.72955,-79.55269,100.0,21.381,21.4,189,78.34,78.34
939,2818,UMI,150.0,43.72955,-79.55269,100.0,20.579,20.6,208,83.13,83.13
939,2819,UMI,270.0,43.72955,-79.55269,100.0,20.194,20.2,241,91.03,91.03
940,2820,UMI,30.0,43.72955,-79.54598,100.0,20.164,20.2,192,83.66,83.66
940,2821,UMI,150.0,43.72955,-79.54598,100.0,22.733,22.7,181,79.57,79.57
940,2822,UMI,270.0,43.72955,-79.54598,100.0,24.41,24.4,225,89.06,89.06
941,2823,UMI,30.0,43.72955,-79.53927,100.0,16.91,16.9,195,78.13,78.13
941,2824,UMI,150.0,43.72955,-79.53927,100.0,30.258,30.3,234,106.54,106.54
941,2825,UMI,270.0,43.72955,-79.53927,100.0,19.496,19.5,173,70.72,70.72
942,2826,UMI,30.0,43.72955,-79.53256,100.0,29.886,29.9,286,120.94,120.94
942,2827,UMI,150.0,43.72955,-79.53256,100.0,25.052,25.1,248,84.04,84.04
942,2828,UMI,270.0,43.72955,-79.53256,100.0,19.718,19.7,252,89.83,89.83
943,2829,UMI,30.0,43.72955,-79.52586,100.0,25.227,25.2,234,86.49,86.49
943,2830,UMI,150.0,43.72955,-79.52586,100.0,27.619,27.6,238,98.21,98.21
943,2831,UMI,270.0,43.72955,-79.52586,100.0,21.969,22.0,231,82.37,82.37
944,2832,UMI,30.0,43.72955,-79.51915,100.0,24.99,25.0,246,103.38,103.38
944,2833,UMI,150.0,43.72955,-79.51915,100.0,27.444,27.4,256,109.66,109.66
944,2834,UMI,270.0,43.72955,-79.51915,100.0,26.384,26.4,241,105.86,105.86
945,2835,UMI,30.0,43.72955,-79.51244,100.0,37.898,37.9,355,143.6,143.6
945,2836,UMI,150.0,43.72955,-79.51244,100.0,34.569,34.6,362,135.55,135.55
945,2837,UMI,270.0,43.72955,-79.51244,100.0,28.056,28.1,344,113.19,113.19
946,2838,UMI,30.0,43.72955,-79.50573,100.0,44.239,44.2,444,176.23,176.23
946,2839,UMI,150.0,43.72955,-79.50573,100.0,47.073,47.1,443,171.44,171.44
946,2840,UMI,270.0,43.72955,-79.50573,100.0,50.178,50.2,449,175.68,175.68
947,2841,UMI,30.0,43.72955,-79.49902,100.0,48.538,48.5,405,165.48,165.48
947,2842,UMI,150.0,43.72955,-79.49902,100.0,43.634,43.6,444,164.79,164.79
947,2843,UMI,270.0,43.72955,-79.49902,100.0,45.499,45.5,440,177.59,177.59
948,2844,UMI,30.0,43.72955,-79.49231,100.0,46.13,46.1,459,186.52,186.52
948,2845,UMI,150.0,43.72955,-79.49231,100.0,44.602,44.6,447,168.97,168.97
948,2846,UMI,270.0,43.72955,-79.49231,100.0,50.444,50.4,481,196.66,196.66
949,2847,UMI,30.0,43.72955,-79.48561,100.0,44.987,45.0,432,176.33,176.33
949,2848,UMI,150.0,43.72955,-79.48561,100.0,42.011,42.0,448,166.12,166.12
949,2849,UMI,270.0,43.72955,-79.48561,100.0,43.92,43.9,445,171.15,171.15
950,2850,UMI,30.0,43.72955,-79.4789,100.0,41.721,41.7,325,117.51,117.51
950,2851,UMI,150.0,43.72955,-79.4789,100.0,38.057,38.1,340,127.2,127.2
950,2852,UMI,270.0,43.72955,-79.4789,100.0,38.017,38.0,386,148.73,148.73
951,2853,UMI,30.0,43.72955,-79.47219,100.0,33.868,33.9,352,138.52,138.52
951,2854,UMI,150.0,43.72955,-79.47219,100.0,37.252,37.3,397,145.09,145.09
951,2855,UMI,270.0,43.72955,-79.47219,100.0,38.806,38.8,363,149.17,149.17
952,2856,UMI,30.0,43.72955,-79.46548,100.0,34.66,34.7,364,149.77,149.77
952,2857,UMI,150.0,43.72955,-79.46548,100.0,39.651,39.7,326,150.16,150.16
952,2858,UMI,270.0,43.72955,-79.46548,100.0,40.985,41.0,362,144.09,144.09
953,2859,UMI,30.0,43.72955,-79.45877,100.0,27.785,27.8,295,105.43,105.43
953,2860,UMI,150.0,43.72955,-79.45877,100.0,28.954,29.0,307,113.94,113.94
953,2861,UMI,270.0,43.72955,-79.45877,100.0,37.092,37.1,342,138.47,138.47
954,2862,UMI,30.0,43.72955,-79.45207,100.0,21.274,21.3,233,91.07,91.07
954,2863,UMI,150.0,43.72955,-79.45207,100.0,20.472,20.5,216,80.49,80.49
954,2864,UMI,270.0,43.72955,-79.45207,100.0,30.308,30.3,251,100.58,100.58
955,2865,UMI,30.0,43.72955,-79.44536,100.0,32.807,32.8,333,125.06,125.06
955,2866,UMI,150.0,43.72955,-79.44536,100.0,31.199,31.2,328,122.2,122.2
955,2867,UMI,270.0,43.72955,-79.44536,100.0,29.358,29.4,292,112.61,112.61
956,2868,UMI,30.0,43.72955,-79.43865,100.0,56.355,56.4,509,219.49,219.49
956,2869,UMI,150.0,43.72955,-79.43865,100.0,49.553,49.6,452,194.61,194.61
956,2870,UMI,270.0,43.72955,-79.43865,100.0,39.314,39.3,419,167.01,167.01
957,2871,UMI,30.0,43.72955,-79.43194,100.0,62.881,62.9,580,230.38,230.38
957,2872,UMI,150.0,43.72955,-79.43194,100.0,63.718,63.7,613,252.99,252.99
957,2873,UMI,270.0,43.72955,-79.43194,100.0,52.059,52.1,528,212.42,212.42
958,2874,UMI,30.0,43.72955,-79.42523,100.0,71.46,71.5,646,264.71,264.71
958,2875,UMI,150.0,43.72955,-79.42523,100.0,67.707,67.7,585,260.86,260.86
958,2876,UMI,270.0,43.72955,-79.42523,100.0,62.934,62.9,618,256.45,256.45
959,2877,UMI,30.0,43.72955,-79.41853,100.0,51.559,51.6,572,212.31,212.31
959,2878,UMI,150.0,43.72955,-79.41853,100.0,70.552,70.6,620,259.9,259.9
959,2879,UMI,270.0,43.72955,-79.41853,100.0,63.816,63.8,644,242.13,242.13
960,2880,UMI,30.0,43.72955,-79.41182,100.0,63.617,63.6,609,267.22,267.22
960,2881,UMI,150.0,43.72955,-79.41182,100.0,64.62,64.6,619,255.53,255.53
960,2882,UMI,270.0,43.72955,-79.41182,100.0,59.0,59.0,557,227.01,227.01
961,2883,UMI,30.0,43.72955,-79.40511,100.0,54.512,54.5,548,206.78,206.78
961,2884,UMI,150.0,43.72955,-79.40511,100.0,60.967,61.0,594,239.86,239.86
961,2885,UMI,270.0,43.72955,-79.40511,100.0,56.624,56.6,561,215.36,215.36
962,2886,UMI,30.0,43.72955,-79.3984,100.0,50.558,50.6,467,198.04,198.04
962,2887,UMI,150.0,43.72955,-79.3984,100.0,55.346,55.3,617,224.91,224.91
962,2888,UMI,270.0,43.72955,-79.3984,100.0,60.515,60.5,558,211.48,211.48
963,2889,UMI,30.0,43.72955,-79.39169,100.0,41.28,41.3,383,149.72,149.72
963,2890,UMI,150.0,43.72955,-79.39169,100.0,40.712,40.7,433,160.95,160.95
963,2891,UMI,270.0,43.72955,-79.39169,100.0,49.761,49.8,462,184.93,184.93
964,2892,UMI,30.0,43.72955,-79.38498,100.0,24.829,24.8,277,101.59,101.59
964,2893,UMI,150.0,43.72955,-79.38498,100.0,36.81,36.8,339,133.22,133.22
964,2894,UMI,270.0,43.72955,-79.38498,100.0,37.738,37.7,338,141.26,141.26
965,2895,UMI,30.0,43.72955,-79.37828,100.0,24.622,24.6,248,95.03,95.03
965,2896,UMI,150.0,43.72955,-79.37828,100.0,25.582,25.6,246,89.99,89.99
965,2897,UMI,270.0,43.72955,-79.37828,100.0,21.222,21.2,255,94.39,94.39
966,2898,UMI,30.0,43.72955,-79.37157,100.0,23.53,23.5,238,78.6,78.6
966,2899,UMI,150.0,43.72955,-79.37157,100.0,24.451,24.5,205,90.89,90.89
966,2900,UMI,270.0,43.72955,-79.37157,100.0,20.907,20.9,222,83.69,83.69
967,2901,UMI,30.0,43.72955,-79.36486,100.0,25.182,25.2,278,101.57,101.57
967,2902,UMI,150.0,43.72955,-79.36486,100.0,24.835,24.8,230,101.6,101.6
967,2903,UMI,270.0,43.72955,-79.36486,100.0,27.05,27.0,237,103.01,103.01
968,2904,UMI,30.0,43.72955,-79.35815,100.0,35.444,35.4,339,135.62,135.62
968,2905,UMI,150.0,43.72955,-79.35815,100.0,27.459,27.5,265,111.31,111.31
968,2906,UMI,270.0,43.72955,-79.35815,100.0,27.172,27.2,289,107.46,107.46
969,2907,UMI,30.0,43.72955,-79.35144,100.0,32.189,32.2,328,129.29,129.29
969,2908,UMI,150.0,43.72955,-79.35144,100.0,27.291,27.3,284,110.19,110.19
969,2909,UMI,270.0,43.72955,-79.35144,100.0,24.901,24.9,273,100.51,100.51
970,2910,UMI,30.0,43.72955,-79.34474,100.0,39.851,39.9,385,157.7,157.7
970,2911,UMI,150.0,43.72955,-79.34474,100.0,35.708,35.7,346,134.43,134.43
970,2912,UMI,270.0,43.72955,-79.34474,100.0,38.558,38.6,367,151.22,151.22
971,2913,UMI,30.0,43.72955,-79.33803,100.0,31.341,31.3,284,105.37,105.37
971,2914,UMI,150.0,43.72955,-79.33803,100.0,28.21,28.2,263,111.65,111.65
971,2915,UMI,270.0,43.72955,-79.33803,100.0,37.559,37.6,368,132.51,132.51
972,2916,UMI,30.0,43.72955,-79.33132,100.0,16.855,16.9,196,72.83,72.83
972,2917,UMI,150.0,43.72955,-79.33132,100.0,20.672,20.7,225,84.45,84.45
972,2918,UMI,270.0,43.72955,-79.33132,100.0,24.067,24.1,240,95.78,95.78
973,2919,UMI,30.0,43.72955,-79.32461,100.0,27.979,28.0,215,90.05,90.05
973,2920,UMI,150.0,43.72955,-79.32461,100.0,19.393,19.4,205,83.55,83.55
973,2921,UMI,270.0,43.72955,-79.32461,100.0,21.834,21.8,195,84.84,84.84
974,2922,UMI,30.0,43.72955,-79.3179,100.0,31.216,31.2,341,120.08,120.08
974,2923,UMI,150.0,43.72955,-79.3179,100.0,30.681,30.7,310,116.22,116.22
974,2924,UMI,270.0,43.72955,-79.3179,100.0,24.115,24.1,263,97.27,97.27
975,2925,UMI,30.0,43.72955,-79.31119,100.0,45.454,45.5,466,184.12,184.12
975,2926,UMI,150.0,43.72955,-79.31119,100.0,46.651,46.7,462,179.6,179.6
975,2927,UMI,270.0,43.72955,-79.31119,100.0,36.636,36.6,414,147.22,147.22
976,2928,UMI,30.0,43.72955,-79.30449,100.0,42.539,42.5,467,167.21,167.21
976,2929,UMI,150.0,43.72955,-79.30449,100.0,48.4,48.4,423,176.92,176.92
976,2930,UMI,270.0,43.72955,-79.30449,100.0,43.353,43.4,464,175.12,175.12
977,2931,UMI,30.0,43.72955,-79.29778,100.0,32.367,32.4,327,124.5,124.5
977,2932,UMI,150.0,43.72955,-79.29778,100.0,36.809,36.8,340,128.64,128.64
977,2933,UMI,270.0,43.72955,-79.29778,100.0,38.315,38.3,369,147.19,147.19
978,2934,UMI,30.0,43.72955,-79.29107,100.0,30.823,30.8,321,131.21,131.21
978,2935,UMI,150.0,43.72955,-79.29107,100.0,25.153,25.2,276,108.07,108.07
978,2936,UMI,270.0,43.72955,-79.29107,100.0,26.786,26.8,293,106.8,106.8
979,2937,UMI,30.0,43.72955,-79.28436,100.0,25.995,26.0,292,103.7,103.7
979,2938,UMI,150.0,43.72955,-79.28436,100.0,25.96,26.0,283,109.38,109.38
979,2939,UMI,270.0,43.72955,-79.28436,100.0,20.128,20.1,248,89.54,89.54
980,2940,UMI,30.0,43.72955,-79.27765,100.0,41.966,42.0,390,151.39,151.39
980,2941,UMI,150.0,43.72955,-79.27765,100.0,38.401,38.4,373,147.11,147.11
980,2942,UMI,270.0,43.72955,-79.27765,100.0,29.846,29.8,285,118.55,118.55
981,2943,UMI,30.0,43.72955,-79.27095,100.0,46.638,46.6,467,176.86,176.86
981,2944,UMI,150.0,43.72955,-79.27095,100.0,36.971,37.0,369,139.8,139.8
981,2945,UMI,270.0,43.72955,-79.27095,100.0,44.758,44.8,411,169.84,169.84
982,2946,UMI,30.0,43.72955,-79.26424,100.0,47.326,47.3,483,191.97,191.97
982,2947,UMI,150.0,43.72955,-79.26424,100.0,45.984,46.0,455,181.48,181.48
982,2948,UMI,270.0,43.72955,-79.26424,100.0,44.968,45.0,484,181.65,181.65
983,2949,UMI,30.0,43.72955,-79.25753,100.0,50.554,50.6,506,205.14,205.14
983,2950,UMI,150.0,43.72955,-79.25753,100.0,48.156,48.2,484,193.79,193.79
983,2951,UMI,270.0,43.72955,-79.25753,100.0,51.995,52.0,488,193.53,193.53
984,2952,UMI,30.0,43.72955,-79.25082,100.0,48.663,48.7,478,190.91,190.91
984,2953,UMI,150.0,43.72955,-79.25082,100.0,52.723,52.7,488,198.71,198.71
984,2954,UMI,270.0,43.72955,-79.25082,100.0,52.914,52.9,525,207.14,207.14
985,2955,UMI,30.0,43.72955,-79.24411,100.0,44.66,44.7,453,169.89,169.89
985,2956,UMI,150.0,43.72955,-79.24411,100.0,50.137,50.1,444,171.13,171.13
985,2957,UMI,270.0,43.72955,-79.24411,100.0,44.609,44.6,431,156.79,156.79
986,2958,UMI,30.0,43.72955,-79.23741,100.0,49.519,49.5,452,190.82,190.82
986,2959,UMI,150.0,43.72955,-79.23741,100.0,56.661,56.7,534,214.06,214.06
986,2960,UMI,270.0,43.72955,-79.23741,100.0,47.919,47.9,471,192.85,192.85
987,2961,UMI,30.0,43.72955,-79.2307,100.0,43.51,43.5,504,176.04,176.04
987,2962,UMI,150.0,43.72955,-79.2307,100.0,43.057,43.1,411,164.47,164.47
987,2963,UMI,270.0,43.72955,-79.2307,100.0,54.816,54.8,482,198.23,198.23
988,2964,UMI,30.0,43.72955,-79.22399,100.0,42.598,42.6,345,136.23,136.23
988,2965,UMI,150.0,43.72955,-79.22399,100.0,32.77,32.8,274,112.09,112.09
988,2966,UMI,270.0,43.72955,-79.22399,100.0,46.618,46.6,372,153.57,153.57
989,2967,UMI,30.0,43.72955,-79.21728,100.0,19.869,19.9,251,88.42,88.42
989,2968,UMI,150.0,43.72955,-79.21728,100.0,13.859,13.9,123,54.29,54.29
989,2969,UMI,270.0,43.72955,-79.21728,100.0,31.565,31.6,240,106.32,106.32
990,2970,UMI,30.0,43.72955,-79.21057,100.0,15.275,15.3,114,44.48,44.48
990,2971,UMI,150.0,43.72955,-79.21057,100.0,5.753,5.8,57,22.49,22.49
990,2972,UMI,270.0,43.72955,-79.21057,100.0,15.513,15.5,144,54.31,54.31
991,2973,UMI,30.0,43.72955,-79.20386,100.0,3.879,3.9,49,18.22,18.22
991,2974,UMI,150.0,43.72955,-79.20386,100.0,3.106,3.1,38,16.02,16.02
991,2975,UMI,270.0,43.72955,-79.20386,100.0,5.548,5.5,63,23.32,23.32
992,2976,UMI,30.0,43.73374,-79.603,100.0,28.985,29.0,268,108.57,108.57
992,2977,UMI,150.0,43.73374,-79.603,100.0,29.295,29.3,271,105.19,105.19
992,2978,UMI,270.0,43.73374,-79.603,100.0,22.108,22.1,216,83.17,83.17
993,2979,UMI,30.0,43.73374,-79.59629,100.0,35.1,35.1,380,147.37,147.37
993,2980,UMI,150.0,43.73374,-79.59629,100.0,39.919,39.9,353,148.94,148.94
993,2981,UMI,270.0,43.73374,-79.59629,100.0,30.069,30.1,333,127.58,127.58
994,2982,UMI,30.0,43.73374,-79.58958,100.0,36.591,36.6,320,131.44,131.44
994,2983,UMI,150.0,43.73374,-79.58958,100.0,36.389,36.4,308,132.49,132.49
994,2984,UMI,270.0,43.73374,-79.58958,100.0,34.914,34.9,340,120.61,120.61
995,2985,UMI,30.0,43.73374,-79.58287,100.0,23.936,23.9,265,99.61,99.61
995,2986,UMI,150.0,43.73374,-79.58287,100.0,29.598,29.6,256,107.44,107.44
995,2987,UMI,270.0,43.73374,-79.58287,100.0,31.054,31.1,305,120.01,120.01
996,2988,UMI,30.0,43.73374,-79.57617,100.0,33.157,33.2,317,122.38,122.38
996,2989,UMI,150.0,43.73374,-79.57617,100.0,32.352,32.4,337,130.64,130.64
996,2990,UMI,270.0,43.73374,-79.57617,100.0,30.052,30.1,296,117.32,117.32
997,2991,UMI,30.0,43.73374,-79.56946,100.0,28.287,28.3,275,106.88,106.88
997,2992,UMI,150.0,43.73374,-79.56946,100.0,34.687,34.7,352,136.55,136.55
997,2993,UMI,270.0,43.73374,-79.56946,100.0,43.184,43.2,386,161.03,161.03
998,2994,UMI,30.0,43.73374,-79.56275,100.0,29.078,29.1,285,122.16,122.16
998,2995,UMI,150.0,43.73374,-79.56275,100.0,33.196,33.2,316,122.66,122.66
998,2996,UMI,270.0,43.73374,-79.56275,100.0,28.246,28.2,296,116.78,116.78
999,2997,UMI,30.0,43.73374,-79.55604,100.0,33.584,33.6,316,136.95,136.95
999,2998,UMI,150.0,43.73374,-79.55604,100.0,24.286,24.3,276,100.44,100.44
999,2999,UMI,270.0,43.73374,-79.55604,100.0,32.236,32.2,331,119.36,119.36
1000,3000,UMI,30.0,43.73374,-79.54933,100.0,21.79,21.8,224,75.78,75.78
1000,3001,UMI,150.0,43.73374,-79.54933,100.0,24.962,25.0,204,87.09,87.09
1000,3002,UMI,270.0,43.73374,-79.54933,100.0,32.673,32.7,236,99.68,99.68
1001,3003,UMI,30.0,43.73374,-79.54263,100.0,25.133,25.1,263,103.03,103.03
1001,3004,UMI,150.0,43.73374,-79.54263,100.0,17.094,17.1,205,77.59,77.59
1001,3005,UMI,270.0,43.73374,-79.54263,100.0,19.738,19.7,197,82.59,82.59
1002,3006,UMI,30.0,43.73374,-79.53592,100.0,30.927,30.9,303,118.77,118.77
1002,3007,UMI,150.0,43.73374,-79.53592,100.0,29.475,29.5,267,102.53,102.53
1002,3008,UMI,270.0,43.73374,-79.53592,100.0,29.405,29.4,269,118.62,118.62
1003,3009,UMI,30.0,43.73374,-79.52921,100.0,21.204,21.2,254,86.08,86.08
1003,3010,UMI,150.0,43.73374,-79.52921,100.0,28.444,28.4,251,110.95,110.95
1003,3011,UMI,270.0,43.73374,-79.52921,100.0,31.75,31.8,299,120.33,120.33
1004,3012,UMI,30.0,43.73374,-79.5225,100.0,23.372,23.4,239,97.79,97.79
1004,3013,UMI,150.0,43.73374,-79.5225,100.0,19.365,19.4,221,76.95,76.95
1004,3014,UMI,270.0,43.73374,-79.5225,100.0,25.74,25.7,224,89.05,89.05
1005,3015,UMI,30.0,43.73374,-79.51579,100.0,28.622,28.6,263,107.64,107.64
1005,3016,UMI,150.0,43.73374,-79.51579,100.0,22.903,22.9,240,85.11,85.11
1005,3017,UMI,270.0,43.73374,-79.51579,100.0,29.66,29.7,223,95.82,95.82
1006,3018,UMI,30.0,43.73374,-79.50909,100.0,32.57,32.6,365,142.4,142.4
1006,3019,UMI,150.0,43.73374,-79.50909,100.0,44.717,44.7,352,150.7,150.7
1006,3020,UMI,270.0,43.73374,-79.50909,100.0,36.091,36.1,313,135.41,135.41
1007,3021,UMI,30.0,43.73374,-79.50238,100.0,40.652,40.7,342,143.74,143.74
1007,3022,UMI,150.0,43.73374,-79.50238,100.0,34.926,34.9,386,147.03,147.03
1007,3023,UMI,270.0,43.73374,-79.50238,100.0,38.323,38.3,360,145.18,145.18
1008,3024,UMI,30.0,43.73374,-79.49567,100.0,35.13,35.1,335,138.98,138.98
1008,3025,UMI,150.0,43.73374,-79.49567,100.0,51.139,51.1,383,156.38,156.38
1008,3026,UMI,270.0,43.73374,-79.49567,100.0,32.939,32.9,338,124.2,124.2
1009,3027,UMI,30.0,43.73374,-79.48896,100.0,36.812,36.8,389,141.95,141.95
1009,3028,UMI,150.0,43.73374,-79.48896,100.0,43.113,43.1,418,179.01,179.01
1009,3029,UMI,270.0,43.73374,-79.48896,100.0,40.348,40.3,411,152.66,152.66
1010,3030,UMI,30.0,43.73374,-79.48225,100.0,29.721,29.7,281,112.95,112.95
1010,3031,UMI,150.0,43.73374,-79.48225,100.0,35.401,35.4,360,136.96,136.96
1010,3032,UMI,270.0,43.73374,-79.48225,100.0,35.584,35.6,353,123.03,123.03
1011,3033,UMI,30.0,43.73374,-79.47554,100.0,30.242,30.2,272,107.15,107.15
1011,3034,UMI,150.0,43.73374,-79.47554,100.0,32.569,32.6,305,119.07,119.07
1011,3035,UMI,270.0,43.73374,-79.47554,100.0,29.095,29.1,276,111.46,111.46
1012,3036,UMI,30.0,43.73374,-79.46884,100.0,30.122,30.1,308,122.5,122.5
1012,3037,UMI,150.0,43.73374,-79.46884,100.0,36.25,36.3,327,126.68,126.68
1012,3038,UMI,270.0,43.73374,-79.46884,100.0,36.54,36.5,294,120.97,120.97
1013,3039,UMI,30.0,43.73374,-79.46213,100.0,25.892,25.9,266,99.53,99.53
1013,3040,UMI,150.0,43.73374,-79.46213,100.0,40.159,40.2,329,145.24,145.24
1013,3041,UMI,270.0,43.73374,-79.46213,100.0,28.011,28.0,319,123.04,123.04
1014,3042,UMI,30.0,43.73374,-79.45542,100.0,23.223,23.2,231,88.08,88.08
1014,3043,UMI,150.0,43.73374,-79.45542,100.0,24.494,24.5,235,86.44,86.44
1014,3044,UMI,270.0,43.73374,-79.45542,100.0,25.702,25.7,237,90.81,90.81
1015,3045,UMI,30.0,43.73374,-79.44871,100.0,31.561,31.6,333,125.37,125.37
1015,3046,UMI,150.0,43.73374,-79.44871,100.0,25.368,25.4,258,97.91,97.91
1015,3047,UMI,270.0,43.73374,-79.44871,100.0,32.916,32.9,281,119.51,119.51
1016,3048,UMI,30.0,43.73374,-79.442,100.0,44.909,44.9,455,160.81,160.81
1016,3049,UMI,150.0,43.73374,-79.442,100.0,40.379,40.4,427,168.43,168.43
1016,3050,UMI,270.0,43.73374,-79.442,100.0,39.203,39.2,380,155.68,155.68
1017,3051,UMI,30.0,43.73374,-79.4353,100.0,58.643,58.6,530,221.39,221.39
1017,3052,UMI,150.0,43.73374,-79.4353,100.0,55.476,55.5,545,225.62,225.62
1017,3053,UMI,270.0,43.73374,-79.4353,100.0,44.667,44.7,457,174.73,174.73
1018,3054,UMI,30.0,43.73374,-79.42859,100.0,65.465,65.5,586,234.17,234.17
1018,3055,UMI,150.0,43.73374,-79.42859,100.0,54.187,54.2,564,216.52,216.52
1018,3056,UMI,270.0,43.73374,-79.42859,100.0,59.195,59.2,601,242.45,242.45
1019,3057,UMI,30.0,43.73374,-79.42188,100.0,60.397,60.4,593,241.22,241.22
1019,3058,UMI,150.0,43.73374,-79.42188,100.0,63.522,63.5,589,245.72,245.72
1019,3059,UMI,270.0,43.73374,-79.42188,100.0,53.857,53.9,559,212.19,212.19
1020,3060,UMI,30.0,43.73374,-79.41517,100.0,57.45,57.5,565,221.22,221.22
1020,3061,UMI,150.0,43.73374,-79.41517,100.0,66.127,66.1,603,253.87,253.87
1020,3062,UMI,270.0,43.73374,-79.41517,100.0,57.329,57.3,577,220.7,220.7
1021,3063,UMI,30.0,43.73374,-79.40846,100.0,53.458,53.5,538,213.93,213.93
1021,3064,UMI,150.0,43.73374,-79.40846,100.0,56.071,56.1,589,228.67,228.67
1021,3065,UMI,270.0,43.73374,-79.40846,100.0,58.588,58.6,568,236.09,236.09
1022,3066,UMI,30.0,43.73374,-79.40175,100.0,44.119,44.1,480,180.31,180.31
1022,3067,UMI,150.0,43.73374,-79.40175,100.0,56.69,56.7,482,191.57,191.57
1022,3068,UMI,270.0,43.73374,-79.40175,100.0,52.382,52.4,517,194.35,194.35
1023,3069,UMI,30.0,43.73374,-79.39505,100.0,31.631,31.6,348,124.27,124.27
1023,3070,UMI,150.0,43.73374,-79.39505,100.0,46.1,46.1,430,162.08,162.08
1023,3071,UMI,270.0,43.73374,-79.39505,100.0,48.264,48.3,442,174.76,174.76
1024,3072,UMI,30.0,43.73374,-79.38834,100.0,28.464,28.5,268,101.52,101.52
1024,3073,UMI,150.0,43.73374,-79.38834,100.0,34.809,34.8,296,121.23,121.23
1024,3074,UMI,270.0,43.73374,-79.38834,100.0,36.022,36.0,345,151.22,151.22
1025,3075,UMI,30.0,43.73374,-79.38163,100.0,29.304,29.3,267,106.7,106.7
1025,3076,UMI,150.0,43.73374,-79.38163,100.0,23.128,23.1,245,96.57,96.57
1025,3077,UMI,270.0,43.73374,-79.38163,100.0,26.88,26.9,229,94.63,94.63
1026,3078,UMI,30.0,43.73374,-79.37492,100.0,27.956,28.0,282,110.35,110.35
1026,3079,UMI,150.0,43.73374,-79.37492,100.0,20.96,21.0,234,92.65,92.65
1026,3080,UMI,270.0,43.73374,-79.37492,100.0,26.652,26.7,239,95.24,95.24
1027,3081,UMI,30.0,43.73374,-79.36821,100.0,31.397,31.4,341,123.49,123.49
1027,3082,UMI,150.0,43.73374,-79.36821,100.0,30.674,30.7,270,108.45,108.45
1027,3083,UMI,270.0,43.73374,-79.36821,100.0,30.254,30.3,288,114.56,114.56
1028,3084,UMI,30.0,43.73374,-79.36151,100.0,35.4,35.4,380,149.29,149.29
1028,3085,UMI,150.0,43.73374,-79.36151,100.0,28.868,28.9,287,117.53,117.53
1028,3086,UMI,270.0,43.73374,-79.36151,100.0,36.033,36.0,292,125.26,125.26
1029,3087,UMI,30.0,43.73374,-79.3548,100.0,48.527,48.5,457,169.82,169.82
1029,3088,UMI,150.0,43.73374,-79.3548,100.0,35.954,36.0,361,133.37,133.37
1029,3089,UMI,270.0,43.73374,-79.3548,100.0,39.597,39.6,364,148.51,148.51
1030,3090,UMI,30.0,43.73374,-79.34809,100.0,39.221,39.2,407,154.83,154.83
1030,3091,UMI,150.0,43.73374,-79.34809,100.0,44.687,44.7,424,168.0,168.0
1030,3092,UMI,270.0,43.73374,-79.34809,100.0,45.198,45.2,458,167.18,167.18
1031,3093,UMI,30.0,43.73374,-79.34138,100.0,41.114,41.1,376,160.12,160.12
1031,3094,UMI,150.0,43.73374,-79.34138,100.0,32.939,32.9,320,128.18,128.18
1031,3095,UMI,270.0,43.73374,-79.34138,100.0,41.822,41.8,395,148.32,148.32
1032,3096,UMI,30.0,43.73374,-79.33467,100.0,21.876,21.9,224,97.81,97.81
1032,3097,UMI,150.0,43.73374,-79.33467,100.0,23.133,23.1,236,94.09,94.09
1032,3098,UMI,270.0,43.73374,-79.33467,100.0,28.154,28.2,314,110.87,110.87
1033,3099,UMI,30.0,43.73374,-79.32797,100.0,23.203,23.2,220,78.84,78.84
1033,3100,UMI,150.0,43.73374,-79.32797,100.0,23.838,23.8,222,85.97,85.97
1033,3101,UMI,270.0,43.73374,-79.32797,100.0,24.249,24.2,192,78.78,78.78
1034,3102,UMI,30.0,43.73374,-79.32126,100.0,37.017,37.0,320,135.41,135.41
1034,3103,UMI,150.0,43.73374,-79.32126,100.0,24.72,24.7,287,108.54,108.54
1034,3104,UMI,270.0,43.73374,-79.32126,100.0,24.244,24.2,267,100.82,100.82
1035,3105,UMI,30.0,43.73374,-79.31455,100.0,49.729,49.7,470,190.64,190.64
1035,3106,UMI,150.0,43.73374,-79.31455,100.0,52.409,52.4,464,195.92,195.92
1035,3107,UMI,270.0,43.73374,-79.31455,100.0,37.362,37.4,406,159.05,159.05
1036,3108,UMI,30.0,43.73374,-79.30784,100.0,59.245,59.2,547,218.23,218.23
1036,3109,UMI,150.0,43.73374,-79.30784,100.0,51.768,51.8,547,214.88,214.88
1036,3110,UMI,270.0,43.73374,-79.30784,100.0,54.91,54.9,498,183.55,183.55
1037,3111,UMI,30.0,43.73374,-79.30113,100.0,54.825,54.8,498,188.49,188.49
1037,3112,UMI,150.0,43.73374,-79.30113,100.0,46.38,46.4,474,179.97,179.97
1037,3113,UMI,270.0,43.73374,-79.30113,100.0,54.621,54.6,511,186.26,186.26
1038,3114,UMI,30.0,43.73374,-79.29442,100.0,42.113,42.1,404,162.62,162.62
1038,3115,UMI,150.0,43.73374,-79.29442,100.0,40.028,40.0,338,148.69,148.69
1038,3116,UMI,270.0,43.73374,-79.29442,100.0,44.147,44.1,409,171.33,171.33
1039,3117,UMI,30.0,43.73374,-79.28772,100.0,36.337,36.3,302,113.69,113.69
1039,3118,UMI,150.0,43.73374,-79.28772,100.0,27.814,27.8,285,113.99,113.99
1039,3119,UMI,270.0,43.73374,-79.28772,100.0,33.206,33.2,296,114.05,114.05
1040,3120,UMI,30.0,43.73374,-79.28101,100.0,37.009,37.0,364,145.6,145.6
1040,3121,UMI,150.0,43.73374,-79.28101,100.0,33.945,33.9,360,131.86,131.86
1040,3122,UMI,270.0,43.73374,-79.28101,100.0,28.836,28.8,303,112.97,112.97
1041,3123,UMI,30.0,43.73374,-79.2743,100.0,51.423,51.4,485,200.49,200.49
1041,3124,UMI,150.0,43.73374,-79.2743,100.0,43.991,44.0,476,179.41,179.41
1041,3125,UMI,270.0,43.73374,-79.2743,100.0,52.292,52.3,473,191.1,191.1
1042,3126,UMI,30.0,43.73374,-79.26759,100.0,50.567,50.6,511,210.01,210.01
1042,3127,UMI,150.0,43.73374,-79.26759,100.0,54.714,54.7,500,203.18,203.18
1042,3128,UMI,270.0,43.73374,-79.26759,100.0,51.817,51.8,516,208.76,208.76
1043,3129,UMI,30.0,43.73374,-79.26088,100.0,56.481,56.5,540,225.58,225.58
1043,3130,UMI,150.0,43.73374,-79.26088,100.0,54.881,54.9,521,183.28,183.28
1043,3131,UMI,270.0,43.73374,-79.26088,100.0,49.424,49.4,493,196.15,196.15
1044,3132,UMI,30.0,43.73374,-79.25418,100.0,50.088,50.1,527,198.18,198.18
1044,3133,UMI,150.0,43.73374,-79.25418,100.0,53.795,53.8,530,208.53,208.53
1044,3134,UMI,270.0,43.73374,-79.25418,100.0,55.814,55.8,540,206.34,206.34
1045,3135,UMI,30.0,43.73374,-79.24747,100.0,55.33,55.3,472,199.9,199.9
1045,3136,UMI,150.0,43.73374,-79.24747,100.0,46.709,46.7,473,183.06,183.06
1045,3137,UMI,270.0,43.73374,-79.24747,100.0,54.27,54.3,531,199.73,199.73
1046,3138,UMI,30.0,43.73374,-79.24076,100.0,44.98,45.0,416,169.81,169.81
1046,3139,UMI,150.0,43.73374,-79.24076,100.0,47.065,47.1,392,162.98,162.98
1046,3140,UMI,270.0,43.73374,-79.24076,100.0,48.512,48.5,423,190.96,190.96
1047,3141,UMI,30.0,43.73374,-79.23405,100.0,49.783,49.8,481,186.35,186.35
1047,3142,UMI,150.0,43.73374,-79.23405,100.0,50.339,50.3,503,203.99,203.99
1047,3143,UMI,270.0,43.73374,-79.23405,100.0,43.887,43.9,488,178.44,178.44
1048,3144,UMI,30.0,43.73374,-79.22734,100.0,43.052,43.1,479,185.07,185.07
1048,3145,UMI,150.0,43.73374,-79.22734,100.0,43.465,43.5,394,157.15,157.15
1048,3146,UMI,270.0,43.73374,-79.22734,100.0,48.633,48.6,478,194.97,194.97
1049,3147,UMI,30.0,43.73374,-79.22063,100.0,39.944,39.9,418,165.03,165.03
1049,3148,UMI,150.0,43.73374,-79.22063,100.0,28.219,28.2,297,125.84,125.84
1049,3149,UMI,270.0,43.73374,-79.22063,100.0,42.305,42.3,381,146.38,146.38
1050,3150,UMI,30.0,43.73374,-79.21393,100.0,34.043,34.0,336,134.32,134.32
1050,3151,UMI,150.0,43.73374,-79.21393,100.0,18.588,18.6,224,76.08,76.08
1050,3152,UMI,270.0,43.73374,-79.21393,100.0,33.047,33.0,321,131.93,131.93
1051,3153,UMI,30.0,43.73374,-79.20722,100.0,18.819,18.8,192,74.95,74.95
1051,3154,UMI,150.0,43.73374,-79.20722,100.0,10.653,10.7,106,46.57,46.57
1051,3155,UMI,270.0,43.73374,-79.20722,100.0,26.844,26.8,232,101.17,101.17
1052,3156,UMI,30.0,43.73374,-79.20051,100.0,14.244,14.2,95,43.5,43.5
1052,3157,UMI,150.0,43.73374,-79.20051,100.0,3.631,3.6,44,17.93,17.93
1052,3158,UMI,270.0,43.73374,-79.20051,100.0,8.555,8.6,108,35.95,35.95
1053,3159,UMI,30.0,43.73794,-79.60635,100.0,18.302,18.3,182,66.91,66.91
1053,3160,UMI,150.0,43.73794,-79.60635,100.0,22.3,22.3,203,83.88,83.88
1053,3161,UMI,270.0,43.73794,-79.60635,100.0,11.782,11.8,133,52.55,52.55
1054,3162,UMI,30.0,43.73794,-79.59965,100.0,40.62,40.6,409,160.71,160.71
1054,3163,UMI,150.0,43.73794,-79.59965,100.0,39.766,39.8,345,158.66,158.66
1054,3164,UMI,270.0,43.73794,-79.59965,100.0,25.999,26.0,268,104.08,104.08
1055,3165,UMI,30.0,43.73794,-79.59294,100.0,35.462,35.5,368,149.42,149.42
1055,3166,UMI,150.0,43.73794,-79.59294,100.0,30.62,30.6,330,131.47,131.47
1055,3167,UMI,270.0,43.73794,-79.59294,100.0,35.311,35.3,374,147.48,147.48
1056,3168,UMI,30.0,43.73794,-79.58623,100.0,29.591,29.6,312,114.1,114.1
1056,3169,UMI,150.0,43.73794,-79.58623,100.0,36.995,37.0,316,136.66,136.66
1056,3170,UMI,270.0,43.73794,-79.58623,100.0,36.899,36.9,377,138.91,138.91
1057,3171,UMI,30.0,43.73794,-79.57952,100.0,33.987,34.0,323,127.27,127.27
1057,3172,UMI,150.0,43.73794,-79.57952,100.0,32.844,32.8,344,137.6,137.6
1057,3173,UMI,270.0,43.73794,-79.57952,100.0,33.073,33.1,342,132.32,132.32
1058,3174,UMI,30.0,43.73794,-79.57281,100.0,30.678,30.7,284,109.46,109.46
1058,3175,UMI,150.0,43.73794,-79.57281,100.0,30.901,30.9,290,117.8,117.8
1058,3176,UMI,270.0,43.73794,-79.57281,100.0,31.048,31.0,296,119.3,119.3
1059,3177,UMI,30.0,43.73794,-79.5661,100.0,28.867,28.9,276,101.65,101.65
1059,3178,UMI,150.0,43.73794,-79.5661,100.0,25.301,25.3,277,100.65,100.65
1059,3179,UMI,270.0,43.73794,-79.5661,100.0,29.211,29.2,269,108.93,108.93
1060,3180,UMI,30.0,43.73794,-79.5594,100.0,24.986,25.0,273,104.0,104.0
1060,3181,UMI,150.0,43.73794,-79.5594,100.0,26.709,26.7,306,108.38,108.38
1060,3182,UMI,270.0,43.73794,-79.5594,100.0,29.133,29.1,258,117.44,117.44
1061,3183,UMI,30.0,43.73794,-79.55269,100.0,29.504,29.5,249,106.24,106.24
1061,3184,UMI,150.0,43.73794,-79.55269,100.0,27.227,27.2,246,107.32,107.32
1061,3185,UMI,270.0,43.73794,-79.55269,100.0,30.799,30.8,306,122.63,122.63
1062,3186,UMI,30.0,43.73794,-79.54598,100.0,30.871,30.9,290,112.91,112.91
1062,3187,UMI,150.0,43.73794,-79.54598,100.0,30.602,30.6,268,117.13,117.13
1062,3188,UMI,270.0,43.73794,-79.54598,100.0,27.587,27.6,237,88.18,88.18
1063,3189,UMI,30.0,43.73794,-79.53927,100.0,31.088,31.1,331,118.89,118.89
1063,3190,UMI,150.0,43.73794,-79.53927,100.0,28.483,28.5,290,109.56,109.56
1063,3191,UMI,270.0,43.73794,-79.53927,100.0,37.036,37.0,318,130.9,130.9
1064,3192,UMI,30.0,43.73794,-79.53256,100.0,23.856,23.9,222,82.83,82.83
1064,3193,UMI,150.0,43.73794,-79.53256,100.0,31.111,31.1,275,110.59,110.59
1064,3194,UMI,270.0,43.73794,-79.53256,100.0,27.056,27.1,276,105.31,105.31
1065,3195,UMI,30.0,43.73794,-79.52586,100.0,32.402,32.4,304,132.56,132.56
1065,3196,UMI,150.0,43.73794,-79.52586,100.0,16.709,16.7,213,72.23,72.23
1065,3197,UMI,270.0,43.73794,-79.52586,100.0,22.779,22.8,227,84.8,84.8
1066,3198,UMI,30.0,43.73794,-79.51915,100.0,29.747,29.7,346,121.99,121.99
1066,3199,UMI,150.0,43.73794,-79.51915,100.0,27.509,27.5,257,101.99,101.99
1066,3200,UMI,270.0,43.73794,-79.51915,100.0,36.719,36.7,291,123.91,123.91
1067,3201,UMI,30.0,43.73794,-79.51244,100.0,33.916,33.9,367,145.11,145.11
1067,3202,UMI,150.0,43.73794,-79.51244,100.0,37.055,37.1,333,146.87,146.87
1067,3203,UMI,270.0,43.73794,-79.51244,100.0,29.873,29.9,285,119.55,119.55
1068,3204,UMI,30.0,43.73794,-79.50573,100.0,40.073,40.1,404,163.61,163.61
1068,3205,UMI,150.0,43.73794,-79.50573,100.0,39.005,39.0,383,153.54,153.54
1068,3206,UMI,270.0,43.73794,-79.50573,100.0,46.076,46.1,438,186.91,186.91
1069,3207,UMI,30.0,43.73794,-79.49902,100.0,28.844,28.8,322,120.48,120.48
1069,3208,UMI,150.0,43.73794,-79.49902,100.0,37.861,37.9,332,133.83,133.83
1069,3209,UMI,270.0,43.73794,-79.49902,100.0,38.636,38.6,382,134.97,134.97
1070,3210,UMI,30.0,43.73794,-79.49231,100.0,28.716,28.7,305,120.73,120.73
1070,3211,UMI,150.0,43.73794,-79.49231,100.0,44.867,44.9,356,153.43,153.43
1070,3212,UMI,270.0,43.73794,-79.49231,100.0,29.01,29.0,292,113.61,113.61
1071,3213,UMI,30.0,43.73794,-79.48561,100.0,22.407,22.4,241,95.48,95.48
1071,3214,UMI,150.0,43.73794,-79.48561,100.0,34.383,34.4,287,113.3,113.3
1071,3215,UMI,270.0,43.73794,-79.48561,100.0,33.743,33.7,329,138.78,138.78
1072,3216,UMI,30.0,43.73794,-79.4789,100.0,19.28,19.3,179,61.87,61.87
1072,3217,UMI,150.0,43.73794,-79.4789,100.0,25.106,25.1,217,92.99,92.99
1072,3218,UMI,270.0,43.73794,-79.4789,100.0,18.396,18.4,176,74.34,74.34
1073,3219,UMI,30.0,43.73794,-79.47219,100.0,23.134,23.1,196,77.83,77.83
1073,3220,UMI,150.0,43.73794,-79.47219,100.0,23.417,23.4,213,83.82,83.82
1073,3221,UMI,270.0,43.73794,-79.47219,100.0,30.717,30.7,212,92.31,92.31
1074,3222,UMI,30.0,43.73794,-79.46548,100.0,22.244,22.2,219,89.69,89.69
1074,3223,UMI,150.0,43.73794,-79.46548,100.0,28.323,28.3,298,107.24,107.24
1074,3224,UMI,270.0,43.73794,-79.46548,100.0,24.138,24.1,250,100.23,100.23
1075,3225,UMI,30.0,43.73794,-79.45877,100.0,16.999,17.0,218,74.69,74.69
1075,3226,UMI,150.0,43.73794,-79.45877,100.0,21.159,21.2,223,84.75,84.75
1075,3227,UMI,270.0,43.73794,-79.45877,100.0,19.134,19.1,215,73.73,73.73
1076,3228,UMI,30.0,43.73794,-79.45207,100.0,33.908,33.9,352,136.31,136.31
1076,3229,UMI,150.0,43.73794,-79.45207,100.0,30.203,30.2,268,106.28,106.28
1076,3230,UMI,270.0,43.73794,-79.45207,100.0,25.419,25.4,247,91.8,91.8
1077,3231,UMI,30.0,43.73794,-79.44536,100.0,53.746,53.7,519,201.01,201.01
1077,3232,UMI,150.0,43.73794,-79.44536,100.0,49.583,49.6,472,183.74,183.74
1077,3233,UMI,270.0,43.73794,-79.44536,100.0,45.554,45.6,441,169.08,169.08
1078,3234,UMI,30.0,43.73794,-79.43865,100.0,51.575,51.6,542,198.26,198.26
1078,3235,UMI,150.0,43.73794,-79.43865,100.0,57.579,57.6,527,226.59,226.59
1078,3236,UMI,270.0,43.73794,-79.43865,100.0,50.182,50.2,483,186.41,186.41
1079,3237,UMI,30.0,43.73794,-79.43194,100.0,51.857,51.9,517,185.19,185.19
1079,3238,UMI,150.0,43.73794,-79.43194,100.0,52.282,52.3,533,205.76,205.76
1079,3239,UMI,270.0,43.73794,-79.43194,100.0,47.223,47.2,528,195.54,195.54
1080,3240,UMI,30.0,43.73794,-79.42523,100.0,38.414,38.4,461,161.38,161.38
1080,3241,UMI,150.0,43.73794,-79.42523,100.0,58.162,58.2,557,216.82,216.82
1080,3242,UMI,270.0,43.73794,-79.42523,100.0,55.061,55.1,517,212.39,212.39
1081,3243,UMI,30.0,43.73794,-79.41853,100.0,47.471,47.5,475,169.01,169.01
1081,3244,UMI,150.0,43.73794,-79.41853,100.0,53.6,53.6,494,190.65,190.65
1081,3245,UMI,270.0,43.73794,-79.41853,100.0,44.104,44.1,471,174.31,174.31
1082,3246,UMI,30.0,43.73794,-79.41182,100.0,43.275,43.3,441,185.52,185.52
1082,3247,UMI,150.0,43.73794,-79.41182,100.0,54.657,54.7,523,206.27,206.27
1082,3248,UMI,270.0,43.73794,-79.41182,100.0,45.876,45.9,489,182.22,182.22
1083,3249,UMI,30.0,43.73794,-79.40511,100.0,49.368,49.4,390,158.51,158.51
1083,3250,UMI,150.0,43.73794,-79.40511,100.0,46.921,46.9,488,179.98,179.98
1083,3251,UMI,270.0,43.73794,-79.40511,100.0,50.031,50.0,455,178.55,178.55
1084,3252,UMI,30.0,43.73794,-79.3984,100.0,45.838,45.8,372,153.25,153.25
1084,3253,UMI,150.0,43.73794,-79.3984,100.0,39.944,39.9,393,171.24,171.24
1084,3254,UMI,270.0,43.73794,-79.3984,100.0,43.312,43.3,428,161.83,161.83
1085,3255,UMI,30.0,43.73794,-79.39169,100.0,41.731,41.7,351,143.52,143.52
1085,3256,UMI,150.0,43.73794,-79.39169,100.0,36.395,36.4,299,133.18,133.18
1085,3257,UMI,270.0,43.73794,-79.39169,100.0,32.535,32.5,329,127.16,127.16
1086,3258,UMI,30.0,43.73794,-79.38498,100.0,34.803,34.8,333,124.64,124.64
1086,3259,UMI,150.0,43.73794,-79.38498,100.0,27.777,27.8,262,104.16,104.16
1086,3260,UMI,270.0,43.73794,-79.38498,100.0,24.502,24.5,270,105.49,105.49
1087,3261,UMI,30.0,43.73794,-79.37828,100.0,31.972,32.0,327,123.25,123.25
1087,3262,UMI,150.0,43.73794,-79.37828,100.0,30.289,30.3,298,122.08,122.08
1087,3263,UMI,270.0,43.73794,-79.37828,100.0,28.334,28.3,318,113.68,113.68
1088,3264,UMI,30.0,43.73794,-79.37157,100.0,36.112,36.1,349,141.25,141.25
1088,3265,UMI,150.0,43.73794,-79.37157,100.0,34.077,34.1,340,122.64,122.64
1088,3266,UMI,270.0,43.73794,-79.37157,100.0,35.97,36.0,324,137.28,137.28
1089,3267,UMI,30.0,43.73794,-79.36486,100.0,45.352,45.4,477,179.32,179.32
1089,3268,UMI,150.0,43.73794,-79.36486,100.0,40.444,40.4,364,145.57,145.57
1089,3269,UMI,270.0,43.73794,-79.36486,100.0,38.385,38.4,405,148.88,148.88
1090,3270,UMI,30.0,43.73794,-79.35815,100.0,53.073,53.1,492,189.07,189.07
1090,3271,UMI,150.0,43.73794,-79.35815,100.0,36.207,36.2,427,145.02,145.02
1090,3272,UMI,270.0,43.73794,-79.35815,100.0,46.933,46.9,477,183.71,183.71
1091,3273,UMI,30.0,43.73794,-79.35144,100.0,50.81,50.8,467,195.02,195.02
1091,3274,UMI,150.0,43.73794,-79.35144,100.0,46.24,46.2,492,192.83,192.83
1091,3275,UMI,270.0,43.73794,-79.35144,100.0,48.193,48.2,442,176.29,176.29
1092,3276,UMI,30.0,43.73794,-79.34474,100.0,38.462,38.5,373,138.97,138.97
1092,3277,UMI,150.0,43.73794,-79.34474,100.0,38.473,38.5,361,145.94,145.94
1092,3278,UMI,270.0,43.73794,-79.34474,100.0,47.775,47.8,421,169.85,169.85
1093,3279,UMI,30.0,43.73794,-79.33803,100.0,27.562,27.6,284,104.13,104.13
1093,3280,UMI,150.0,43.73794,-79.33803,100.0,26.216,26.2,266,107.89,107.89
1093,3281,UMI,270.0,43.73794,-79.33803,100.0,39.165,39.2,349,129.26,129.26
1094,3282,UMI,30.0,43.73794,-79.33132,100.0,23.312,23.3,249,98.36,98.36
1094,3283,UMI,150.0,43.73794,-79.33132,100.0,21.744,21.7,219,98.04,98.04
1094,3284,UMI,270.0,43.73794,-79.33132,100.0,22.78,22.8,228,86.21,86.21
1095,3285,UMI,30.0,43.73794,-79.32461,100.0,34.107,34.1,328,131.55,131.55
1095,3286,UMI,150.0,43.73794,-79.32461,100.0,27.896,27.9,307,110.19,110.19
1095,3287,UMI,270.0,43.73794,-79.32461,100.0,27.942,27.9,259,96.74,96.74
1096,3288,UMI,30.0,43.73794,-79.3179,100.0,53.801,53.8,478,203.07,203.07
1096,3289,UMI,150.0,43.73794,-79.3179,100.0,39.774,39.8,406,150.37,150.37
1096,3290,UMI,270.0,43.73794,-79.3179,100.0,28.62,28.6,345,119.82,119.82
1097,3291,UMI,30.0,43.73794,-79.31119,100.0,49.041,49.0,545,202.47,202.47
1097,3292,UMI,150.0,43.73794,-79.31119,100.0,56.476,56.5,552,211.99,211.99
1097,3293,UMI,270.0,43.73794,-79.31119,100.0,55.149,55.1,520,214.16,214.16
1098,3294,UMI,30.0,43.73794,-79.30449,100.0,59.013,59.0,555,227.52,227.52
1098,3295,UMI,150.0,43.73794,-79.30449,100.0,67.252,67.3,576,247.01,247.01
1098,3296,UMI,270.0,43.73794,-79.30449,100.0,63.489,63.5,602,241.61,241.61
1099,3297,UMI,30.0,43.73794,-79.29778,100.0,50.894,50.9,522,207.56,207.56
1099,3298,UMI,150.0,43.73794,-79.29778,100.0,44.148,44.1,489,192.04,192.04
1099,3299,UMI,270.0,43.73794,-79.29778,100.0,58.627,58.6,519,209.37,209.37
1100,3300,UMI,30.0,43.73794,-79.29107,100.0,42.205,42.2,443,169.43,169.43
1100,3301,UMI,150.0,43.73794,-79.29107,100.0,33.323,33.3,349,130.14,130.14
1100,3302,UMI,270.0,43.73794,-79.29107,100.0,47.107,47.1,480,189.84,189.84
1101,3303,UMI,30.0,43.73794,-79.28436,100.0,39.616,39.6,353,154.94,154.94
1101,3304,UMI,150.0,43.73794,-79.28436,100.0,38.374,38.4,346,129.69,129.69
1101,3305,UMI,270.0,43.73794,-79.28436,100.0,27.002,27.0,332,115.85,115.85
1102,3306,UMI,30.0,43.73794,-79.27765,100.0,49.942,49.9,477,196.58,196.58
1102,3307,UMI,150.0,43.73794,-79.27765,100.0,43.658,43.7,461,179.29,179.29
1102,3308,UMI,270.0,43.73794,-79.27765,100.0,36.84,36.8,420,154.47,154.47
1103,3309,UMI,30.0,43.73794,-79.27095,100.0,56.249,56.2,528,222.03,222.03
1103,3310,UMI,150.0,43.73794,-79.27095,100.0,52.099,52.1,495,217.84,217.84
1103,3311,UMI,270.0,43.73794,-79.27095,100.0,50.827,50.8,500,191.9,191.9
1104,3312,UMI,30.0,43.73794,-79.26424,100.0,49.687,49.7,519,196.19,196.19
1104,3313,UMI,150.0,43.73794,-79.26424,100.0,45.73,45.7,506,179.73,179.73
1104,3314,UMI,270.0,43.73794,-79.26424,100.0,50.642,50.6,512,197.5,197.5
1105,3315,UMI,30.0,43.73794,-79.25753,100.0,53.466,53.5,555,204.75,204.75
1105,3316,UMI,150.0,43.73794,-79.25753,100.0,56.016,56.0,509,207.29,207.29
1105,3317,UMI,270.0,43.73794,-79.25753,100.0,57.409,57.4,507,205.17,205.17
1106,3318,UMI,30.0,43.73794,-79.25082,100.0,58.123,58.1,511,221.37,221.37
1106,3319,UMI,150.0,43.73794,-79.25082,100.0,55.188,55.2,493,206.94,206.94
1106,3320,UMI,270.0,43.73794,-79.25082,100.0,45.278,45.3,490,183.85,183.85
1107,3321,UMI,30.0,43.73794,-79.24411,100.0,52.014,52.0,514,192.26,192.26
1107,3322,UMI,150.0,43.73794,-79.24411,100.0,48.323,48.3,462,180.48,180.48
1107,3323,UMI,270.0,43.73794,-79.24411,100.0,51.233,51.2,491,192.19,192.19
1108,3324,UMI,30.0,43.73794,-79.23741,100.0,45.477,45.5,452,188.7,188.7
1108,3325,UMI,150.0,43.73794,-79.23741,100.0,47.115,47.1,454,182.28,182.28
1108,3326,UMI,270.0,43.73794,-79.23741,100.0,43.516,43.5,444,160.12,160.12
1109,3327,UMI,30.0,43.73794,-79.2307,100.0,51.907,51.9,528,212.03,212.03
1109,3328,UMI,150.0,43.73794,-79.2307,100.0,45.868,45.9,463,170.82,170.82
1109,3329,UMI,270.0,43.73794,-79.2307,100.0,46.301,46.3,491,188.53,188.53
1110,3330,UMI,30.0,43.73794,-79.22399,100.0,50.351,50.4,479,196.2,196.2
1110,3331,UMI,150.0,43.73794,-79.22399,100.0,45.544,45.5,455,175.81,175.81
1110,3332,UMI,270.0,43.73794,-79.22399,100.0,50.742,50.7,510,200.8,200.8
1111,3333,UMI,30.0,43.73794,-79.21728,100.0,48.121,48.1,428,178.25,178.25
1111,3334,UMI,150.0,43.73794,-79.21728,100.0,42.056,42.1,406,164.73,164.73
1111,3335,UMI,270.0,43.73794,-79.21728,100.0,44.138,44.1,445,168.66,168.66
1112,3336,UMI,30.0,43.73794,-79.21057,100.0,38.712,38.7,377,160.81,160.81
1112,3337,UMI,150.0,43.73794,-79.21057,100.0,33.033,33.0,334,128.01,128.01
1112,3338,UMI,270.0,43.73794,-79.21057,100.0,35.09,35.1,403,143.46,143.46
1113,3339,UMI,30.0,43.73794,-79.20386,100.0,23.825,23.8,277,108.27,108.27
1113,3340,UMI,150.0,43.73794,-79.20386,100.0,15.902,15.9,181,70.13,70.13
1113,3341,UMI,270.0,43.73794,-79.20386,100.0,30.447,30.4,304,117.22,117.22
1114,3342,UMI,30.0,43.73794,-79.19716,100.0,13.336,13.3,129,47.85,47.85
1114,3343,UMI,150.0,43.73794,-79.19716,100.0,10.027,10.0,81,37.66,37.66
1114,3344,UMI,270.0,43.73794,-79.19716,100.0,15.833,15.8,137,60.13,60.13
1115,3345,UMI,30.0,43.74213,-79.603,100.0,32.122,32.1,287,121.05,121.05
1115,3346,UMI,150.0,43.74213,-79.603,100.0,32.885,32.9,286,106.24,106.24
1115,3347,UMI,270.0,43.74213,-79.603,100.0,17.929,17.9,173,70.78,70.78
1116,3348,UMI,30.0,43.74213,-79.59629,100.0,39.43,39.4,403,158.31,158.31
1116,3349,UMI,150.0,43.74213,-79.59629,100.0,34.731,34.7,332,134.25,134.25
1116,3350,UMI,270.0,43.74213,-79.59629,100.0,39.746,39.7,363,157.08,157.08
1117,3351,UMI,30.0,43.74213,-79.58958,100.0,25.403,25.4,287,100.24,100.24
1117,3352,UMI,150.0,43.74213,-79.58958,100.0,31.507,31.5,293,115.66,115.66
1117,3353,UMI,270.0,43.74213,-79.58958,100.0,39.465,39.5,384,154.13,154.13
1118,3354,UMI,30.0,43.74213,-79.58287,100.0,33.231,33.2,272,106.25,106.25
1118,3355,UMI,150.0,43.74213,-79.58287,100.0,29.923,29.9,272,112.14,112.14
1118,3356,UMI,270.0,43.74213,-79.58287,100.0,29.138,29.1,270,98.51,98.51
1119,3357,UMI,30.0,43.74213,-79.57617,100.0,29.378,29.4,257,102.91,102.91
1119,3358,UMI,150.0,43.74213,-79.57617,100.0,32.4,32.4,279,108.86,108.86
1119,3359,UMI,270.0,43.74213,-79.57617,100.0,31.315,31.3,284,119.39,119.39
1120,3360,UMI,30.0,43.74213,-79.56946,100.0,26.557,26.6,263,98.95,98.95
1120,3361,UMI,150.0,43.74213,-79.56946,100.0,32.828,32.8,293,124.54,124.54
1120,3362,UMI,270.0,43.74213,-79.56946,100.0,25.361,25.4,298,106.23,106.23
1121,3363,UMI,30.0,43.74213,-79.56275,100.0,30.981,31.0,266,111.4,111.4
1121,3364,UMI,150.0,43.74213,-79.56275,100.0,25.486,25.5,225,90.21,90.21
1121,3365,UMI,270.0,43.74213,-79.56275,100.0,27.732,27.7,247,93.23,93.23
1122,3366,UMI,30.0,43.74213,-79.55604,100.0,27.192,27.2,264,104.18,104.18
1122,3367,UMI,150.0,43.74213,-79.55604,100.0,26.98,27.0,261,104.28,104.28
1122,3368,UMI,270.0,43.74213,-79.55604,100.0,28.092,28.1,246,101.81,101.81
1123,3369,UMI,30.0,43.74213,-79.54933,100.0,23.371,23.4,243,89.54,89.54
1123,3370,UMI,150.0,43.74213,-79.54933,100.0,29.722,29.7,255,105.11,105.11
1123,3371,UMI,270.0,43.74213,-79.54933,100.0,25.302,25.3,250,94.32,94.32
1124,3372,UMI,30.0,43.74213,-79.54263,100.0,27.897,27.9,291,115.28,115.28
1124,3373,UMI,150.0,43.74213,-79.54263,100.0,31.599,31.6,324,124.03,124.03
1124,3374,UMI,270.0,43.74213,-79.54263,100.0,27.945,27.9,241,100.39,100.39
1125,3375,UMI,30.0,43.74213,-79.53592,100.0,26.06,26.1,261,110.34,110.34
1125,3376,UMI,150.0,43.74213,-79.53592,100.0,24.002,24.0,269,89.49,89.49
1125,3377,UMI,270.0,43.74213,-79.53592,100.0,31.611,31.6,306,134.28,134.28
1126,3378,UMI,30.0,43.74213,-79.52921,100.0,27.706,27.7,268,108.97,108.97
1126,3379,UMI,150.0,43.74213,-79.52921,100.0,29.252,29.3,257,101.81,101.81
1126,3380,UMI,270.0,43.74213,-79.52921,100.0,21.018,21.0,217,88.66,88.66
1127,3381,UMI,30.0,43.74213,-79.5225,100.0,34.535,34.5,329,137.24,137.24
1127,3382,UMI,150.0,43.74213,-79.5225,100.0,37.938,37.9,355,141.08,141.08
1127,3383,UMI,270.0,43.74213,-79.5225,100.0,30.5,30.5,300,106.15,106.15
1128,3384,UMI,30.0,43.74213,-79.51579,100.0,44.172,44.2,418,172.55,172.55
1128,3385,UMI,150.0,43.74213,-79.51579,100.0,37.505,37.5,362,136.06,136.06
1128,3386,UMI,270.0,43.74213,-79.51579,100.0,40.884,40.9,404,152.29,152.29
1129,3387,UMI,30.0,43.74213,-79.50909,100.0,51.288,51.3,445,182.78,182.78
1129,3388,UMI,150.0,43.74213,-79.50909,100.0,43.466,43.5,415,167.12,167.12
1129,3389,UMI,270.0,43.74213,-79.50909,100.0,44.674,44.7,443,187.16,187.16
1130,3390,UMI,30.0,43.74213,-79.50238,100.0,46.572,46.6,389,178.57,178.57
1130,3391,UMI,150.0,43.74213,-79.50238,100.0,35.306,35.3,376,143.4,143.4
1130,3392,UMI,270.0,43.74213,-79.50238,100.0,36.979,37.0,429,143.71,143.71
1131,3393,UMI,30.0,43.74213,-79.49567,100.0,37.386,37.4,318,125.06,125.06
1131,3394,UMI,150.0,43.74213,-79.49567,100.0,31.57,31.6,318,124.5,124.5
1131,3395,UMI,270.0,43.74213,-79.49567,100.0,36.955,37.0,378,146.54,146.54
1132,3396,UMI,30.0,43.74213,-79.48896,100.0,35.549,35.5,273,127.27,127.27
1132,3397,UMI,150.0,43.74213,-79.48896,100.0,23.875,23.9,250,102.2,102.2
1132,3398,UMI,270.0,43.74213,-79.48896,100.0,31.195,31.2,329,129.17,129.17
1133,3399,UMI,30.0,43.74213,-79.48225,100.0,15.832,15.8,143,60.35,60.35
1133,3400,UMI,150.0,43.74213,-79.48225,100.0,20.67,20.7,170,76.44,76.44
1133,3401,UMI,270.0,43.74213,-79.48225,100.0,17.897,17.9,201,68.43,68.43
1134,3402,UMI,30.0,43.74213,-79.47554,100.0,18.849,18.8,144,64.68,64.68
1134,3403,UMI,150.0,43.74213,-79.47554,100.0,16.469,16.5,146,61.94,61.94
1134,3404,UMI,270.0,43.74213,-79.47554,100.0,13.172,13.2,140,52.36,52.36
1135,3405,UMI,30.0,43.74213,-79.46884,100.0,11.994,12.0,152,55.61,55.61
1135,3406,UMI,150.0,43.74213,-79.46884,100.0,18.402,18.4,171,71.94,71.94
1135,3407,UMI,270.0,43.74213,-79.46884,100.0,19.652,19.7,177,70.73,70.73
1136,3408,UMI,30.0,43.74213,-79.46213,100.0,16.641,16.6,193,71.7,71.7
1136,3409,UMI,150.0,43.74213,-79.46213,100.0,18.748,18.7,198,77.95,77.95
1136,3410,UMI,270.0,43.74213,-79.46213,100.0,18.35,18.3,169,66.07,66.07
1137,3411,UMI,30.0,43.74213,-79.45542,100.0,34.898,34.9,274,121.64,121.64
1137,3412,UMI,150.0,43.74213,-79.45542,100.0,25.201,25.2,269,102.81,102.81
1137,3413,UMI,270.0,43.74213,-79.45542,100.0,26.968,27.0,214,99.38,99.38
1138,3414,UMI,30.0,43.74213,-79.44871,100.0,40.561,40.6,419,162.96,162.96
1138,3415,UMI,150.0,43.74213,-79.44871,100.0,45.697,45.7,425,175.58,175.58
1138,3416,UMI,270.0,43.74213,-79.44871,100.0,40.993,41.0,350,157.26,157.26
1139,3417,UMI,30.0,43.74213,-79.442,100.0,61.118,61.1,519,223.93,223.93
1139,3418,UMI,150.0,43.74213,-79.442,100.0,54.634,54.6,554,217.95,217.95
1139,3419,UMI,270.0,43.74213,-79.442,100.0,56.984,57.0,515,215.18,215.18
1140,3420,UMI,30.0,43.74213,-79.4353,100.0,55.479,55.5,452,191.59,191.59
1140,3421,UMI,150.0,43.74213,-79.4353,100.0,62.13,62.1,546,222.5,222.5
1140,3422,UMI,270.0,43.74213,-79.4353,100.0,51.275,51.3,544,211.95,211.95
1141,3423,UMI,30.0,43.74213,-79.42859,100.0,39.796,39.8,420,162.7,162.7
1141,3424,UMI,150.0,43.74213,-79.42859,100.0,53.881,53.9,481,204.4,204.4
1141,3425,UMI,270.0,43.74213,-79.42859,100.0,40.759,40.8,463,175.27,175.27
1142,3426,UMI,30.0,43.74213,-79.42188,100.0,35.586,35.6,360,137.75,137.75
1142,3427,UMI,150.0,43.74213,-79.42188,100.0,39.915,39.9,374,148.6,148.6
1142,3428,UMI,270.0,43.74213,-79.42188,100.0,42.651,42.7,400,160.48,160.48
1143,3429,UMI,30.0,43.74213,-79.41517,100.0,29.865,29.9,315,106.48,106.48
1143,3430,UMI,150.0,43.74213,-79.41517,100.0,42.905,42.9,466,168.09,168.09
1143,3431,UMI,270.0,43.74213,-79.41517,100.0,43.599,43.6,402,156.48,156.48
1144,3432,UMI,30.0,43.74213,-79.40846,100.0,38.433,38.4,326,137.56,137.56
1144,3433,UMI,150.0,43.74213,-79.40846,100.0,39.004,39.0,383,135.52,135.52
1144,3434,UMI,270.0,43.74213,-79.40846,100.0,34.65,34.6,316,120.63,120.63
1145,3435,UMI,30.0,43.74213,-79.40175,100.0,38.238,38.2,412,149.81,149.81
1145,3436,UMI,150.0,43.74213,-79.40175,100.0,40.126,40.1,423,168.87,168.87
1145,3437,UMI,270.0,43.74213,-79.40175,100.0,36.277,36.3,370,138.42,138.42
1146,3438,UMI,30.0,43.74213,-79.39505,100.0,43.816,43.8,433,176.74,176.74
1146,3439,UMI,150.0,43.74213,-79.39505,100.0,35.102,35.1,372,143.86,143.86
1146,3440,UMI,270.0,43.74213,-79.39505,100.0,42.416,42.4,410,161.68,161.68
1147,3441,UMI,30.0,43.74213,-79.38834,100.0,42.877,42.9,418,162.6,162.6
1147,3442,UMI,150.0,43.74213,-79.38834,100.0,38.249,38.2,372,140.68,140.68
1147,3443,UMI,270.0,43.74213,-79.38834,100.0,35.483,35.5,366,140.61,140.61
1148,3444,UMI,30.0,43.74213,-79.38163,100.0,36.69,36.7,389,147.71,147.71
1148,3445,UMI,150.0,43.74213,-79.38163,100.0,35.509,35.5,351,140.42,140.42
1148,3446,UMI,270.0,43.74213,-79.38163,100.0,33.822,33.8,339,122.22,122.22
1149,3447,UMI,30.0,43.74213,-79.37492,100.0,45.773,45.8,426,164.53,164.53
1149,3448,UMI,150.0,43.74213,-79.37492,100.0,40.572,40.6,385,161.36,161.36
1149,3449,UMI,270.0,43.74213,-79.37492,100.0,37.159,37.2,375,149.53,149.53
1150,3450,UMI,30.0,43.74213,-79.36821,100.0,57.936,57.9,578,209.12,209.12
1150,3451,UMI,150.0,43.74213,-79.36821,100.0,40.575,40.6,412,160.48,160.48
1150,3452,UMI,270.0,43.74213,-79.36821,100.0,47.576,47.6,419,164.68,164.68
1151,3453,UMI,30.0,43.74213,-79.36151,100.0,60.812,60.8,542,208.06,208.06
1151,3454,UMI,150.0,43.74213,-79.36151,100.0,53.403,53.4,507,193.25,193.25
1151,3455,UMI,270.0,43.74213,-79.36151,100.0,59.482,59.5,555,229.33,229.33
1152,3456,UMI,30.0,43.74213,-79.3548,100.0,59.754,59.8,518,216.27,216.27
1152,3457,UMI,150.0,43.74213,-79.3548,100.0,56.481,56.5,473,204.01,204.01
1152,3458,UMI,270.0,43.74213,-79.3548,100.0,51.282,51.3,507,197.98,197.98
1153,3459,UMI,30.0,43.74213,-79.34809,100.0,41.146,41.1,385,158.53,158.53
1153,3460,UMI,150.0,43.74213,-79.34809,100.0,51.36,51.4,400,164.71,164.71
1153,3461,UMI,270.0,43.74213,-79.34809,100.0,45.539,45.5,450,172.75,172.75
1154,3462,UMI,30.0,43.74213,-79.34138,100.0,36.91,36.9,322,133.87,133.87
1154,3463,UMI,150.0,43.74213,-79.34138,100.0,35.687,35.7,332,139.55,139.55
1154,3464,UMI,270.0,43.74213,-79.34138,100.0,36.895,36.9,385,138.97,138.97
1155,3465,UMI,30.0,43.74213,-79.33467,100.0,30.921,30.9,278,113.33,113.33
1155,3466,UMI,150.0,43.74213,-79.33467,100.0,19.281,19.3,244,88.71,88.71
1155,3467,UMI,270.0,43.74213,-79.33467,100.0,30.478,30.5,288,118.65,118.65
1156,3468,UMI,30.0,43.74213,-79.32797,100.0,38.986,39.0,364,146.29,146.29
1156,3469,UMI,150.0,43.74213,-79.32797,100.0,36.788,36.8,365,141.58,141.58
1156,3470,UMI,270.0,43.74213,-79.32797,100.0,28.568,28.6,296,114.05,114.05
1157,3471,UMI,30.0,43.74213,-79.32126,100.0,48.349,48.3,503,182.56,182.56
1157,3472,UMI,150.0,43.74213,-79.32126,100.0,48.863,48.9,435,190.66,190.66
1157,3473,UMI,270.0,43.74213,-79.32126,100.0,45.23,45.2,452,184.56,184.56
1158,3474,UMI,30.0,43.74213,-79.31455,100.0,55.045,55.0,496,190.14,190.14
1158,3475,UMI,150.0,43.74213,-79.31455,100.0,53.264,53.3,514,207.04,207.04
1158,3476,UMI,270.0,43.74213,-79.31455,100.0,49.104,49.1,494,186.89,186.89
1159,3477,UMI,30.0,43.74213,-79.30784,100.0,57.857,57.9,539,218.89,218.89
1159,3478,UMI,150.0,43.74213,-79.30784,100.0,55.906,55.9,575,221.76,221.76
1159,3479,UMI,270.0,43.74213,-79.30784,100.0,57.195,57.2,524,221.34,221.34
1160,3480,UMI,30.0,43.74213,-79.30113,100.0,56.625,56.6,556,218.05,218.05
1160,3481,UMI,150.0,43.74213,-79.30113,100.0,62.93,62.9,586,239.87,239.87
1160,3482,UMI,270.0,43.74213,-79.30113,100.0,62.939,62.9,550,211.66,211.66
1161,3483,UMI,30.0,43.74213,-79.29442,100.0,48.855,48.9,464,183.42,183.42
1161,3484,UMI,150.0,43.74213,-79.29442,100.0,56.551,56.6,480,204.29,204.29
1161,3485,UMI,270.0,43.74213,-79.29442,100.0,64.488,64.5,567,224.98,224.98
1162,3486,UMI,30.0,43.74213,-79.28772,100.0,36.433,36.4,381,147.39,147.39
1162,3487,UMI,150.0,43.74213,-79.28772,100.0,32.949,32.9,346,137.21,137.21
1162,3488,UMI,270.0,43.74213,-79.28772,100.0,46.429,46.4,445,183.86,183.86
1163,3489,UMI,30.0,43.74213,-79.28101,100.0,41.739,41.7,436,162.13,162.13
1163,3490,UMI,150.0,43.74213,-79.28101,100.0,43.154,43.2,383,161.02,161.02
1163,3491,UMI,270.0,43.74213,-79.28101,100.0,33.501,33.5,350,132.82,132.82
1164,3492,UMI,30.0,43.74213,-79.2743,100.0,41.06,41.1,428,166.17,166.17
1164,3493,UMI,150.0,43.74213,-79.2743,100.0,50.438,50.4,461,186.61,186.61
1164,3494,UMI,270.0,43.74213,-79.2743,100.0,43.107,43.1,432,167.58,167.58
1165,3495,UMI,30.0,43.74213,-79.26759,100.0,44.598,44.6,450,183.2,183.2
1165,3496,UMI,150.0,43.74213,-79.26759,100.0,48.178,48.2,456,190.01,190.01
1165,3497,UMI,270.0,43.74213,-79.26759,100.0,48.85,48.9,482,196.29,196.29
1166,3498,UMI,30.0,43.74213,-79.26088,100.0,49.634,49.6,460,183.92,183.92
1166,3499,UMI,150.0,43.74213,-79.26088,100.0,61.98,62.0,518,214.86,214.86
1166,3500,UMI,270.0,43.74213,-79.26088,100.0,53.212,53.2,477,197.71,197.71
1167,3501,UMI,30.0,43.74213,-79.25418,100.0,49.803,49.8,550,201.05,201.05
1167,3502,UMI,150.0,43.74213,-79.25418,100.0,55.594,55.6,526,214.14,214.14
1167,3503,UMI,270.0,43.74213,-79.25418,100.0,51.456,51.5,547,207.57,207.57
1168,3504,UMI,30.0,43.74213,-79.24747,100.0,47.155,47.2,473,197.66,197.66
1168,3505,UMI,150.0,43.74213,-79.24747,100.0,51.903,51.9,519,207.22,207.22
1168,3506,UMI,270.0,43.74213,-79.24747,100.0,52.792,52.8,503,187.19,187.19
1169,3507,UMI,30.0,43.74213,-79.24076,100.0,48.646,48.6,474,183.78,183.78
1169,3508,UMI,150.0,43.74213,-79.24076,100.0,62.26,62.3,465,207.6,207.6
1169,3509,UMI,270.0,43.74213,-79.24076,100.0,51.727,51.7,471,192.94,192.94
1170,3510,UMI,30.0,43.74213,-79.23405,100.0,52.961,53.0,495,189.65,189.65
1170,3511,UMI,150.0,43.74213,-79.23405,100.0,42.831,42.8,442,162.53,162.53
1170,3512,UMI,270.0,43.74213,-79.23405,100.0,63.912,63.9,500,231.04,231.04
1171,3513,UMI,30.0,43.74213,-79.22734,100.0,46.203,46.2,471,181.09,181.09
1171,3514,UMI,150.0,43.74213,-79.22734,100.0,52.119,52.1,473,193.06,193.06
1171,3515,UMI,270.0,43.74213,-79.22734,100.0,50.835,50.8,482,206.94,206.94
1172,3516,UMI,30.0,43.74213,-79.22063,100.0,39.648,39.6,431,156.48,156.48
1172,3517,UMI,150.0,43.74213,-79.22063,100.0,41.314,41.3,446,172.37,172.37
1172,3518,UMI,270.0,43.74213,-79.22063,100.0,51.831,51.8,428,184.79,184.79
1173,3519,UMI,30.0,43.74213,-79.21393,100.0,44.512,44.5,426,168.94,168.94
1173,3520,UMI,150.0,43.74213,-79.21393,100.0,44.455,44.5,407,163.75,163.75
1173,3521,UMI,270.0,43.74213,-79.21393,100.0,40.331,40.3,382,162.75,162.75
1174,3522,UMI,30.0,43.74213,-79.20722,100.0,36.52,36.5,397,137.91,137.91
1174,3523,UMI,150.0,43.74213,-79.20722,100.0,39.567,39.6,387,154.37,154.37
1174,3524,UMI,270.0,43.74213,-79.20722,100.0,39.069,39.1,418,154.92,154.92
1175,3525,UMI,30.0,43.74213,-79.20051,100.0,31.0,31.0,320,122.47,122.47
1175,3526,UMI,150.0,43.74213,-79.20051,100.0,25.944,25.9,236,95.34,95.34
1175,3527,UMI,270.0,43.74213,-79.20051,100.0,37.255,37.3,348,140.48,140.48
1176,3528,UMI,30.0,43.74213,-79.1938,100.0,13.252,13.3,151,57.79,57.79
1176,3529,UMI,150.0,43.74213,-79.1938,100.0,7.228,7.2,70,22.67,22.67
1176,3530,UMI,270.0,43.74213,-79.1938,100.0,16.124,16.1,166,66.23,66.23
1177,3531,UMI,30.0,43.74633,-79.60635,100.0,27.68,27.7,245,95.33,95.33
1177,3532,UMI,150.0,43.74633,-79.60635,100.0,21.75,21.8,189,74.12,74.12
1177,3533,UMI,270.0,43.74633,-79.60635,100.0,13.125,13.1,150,58.05,58.05
1178,3534,UMI,30.0,43.74633,-79.59965,100.0,37.291,37.3,351,129.37,129.37
1178,3535,UMI,150.0,43.74633,-79.59965,100.0,41.532,41.5,383,154.41,154.41
1178,3536,UMI,270.0,43.74633,-79.59965,100.0,28.123,28.1,299,113.45,113.45
1179,3537,UMI,30.0,43.74633,-79.59294,100.0,35.228,35.2,379,143.98,143.98
1179,3538,UMI,150.0,43.74633,-79.59294,100.0,34.6,34.6,392,139.87,139.87
1179,3539,UMI,270.0,43.74633,-79.59294,100.0,41.022,41.0,341,141.71,141.71
1180,3540,UMI,30.0,43.74633,-79.58623,100.0,31.96,32.0,305,131.04,131.04
1180,3541,UMI,150.0,43.74633,-79.58623,100.0,31.721,31.7,269,101.82,101.82
1180,3542,UMI,270.0,43.74633,-79.58623,100.0,43.148,43.1,310,139.17,139.17
1181,3543,UMI,30.0,43.74633,-79.57952,100.0,19.119,19.1,179,76.52,76.52
1181,3544,UMI,150.0,43.74633,-79.57952,100.0,22.454,22.5,232,84.93,84.93
1181,3545,UMI,270.0,43.74633,-79.57952,100.0,18.981,19.0,210,77.23,77.23
1182,3546,UMI,30.0,43.74633,-79.57281,100.0,20.261,20.3,213,80.6,80.6
1182,3547,UMI,150.0,43.74633,-79.57281,100.0,19.892,19.9,211,75.35,75.35
1182,3548,UMI,270.0,43.74633,-79.57281,100.0,22.461,22.5,198,79.05,79.05
1183,3549,UMI,30.0,43.74633,-79.5661,100.0,26.018,26.0,276,109.26,109.26
1183,3550,UMI,150.0,43.74633,-79.5661,100.0,26.576,26.6,234,104.96,104.96
1183,3551,UMI,270.0,43.74633,-79.5661,100.0,22.752,22.8,260,90.55,90.55
1184,3552,UMI,30.0,43.74633,-79.5594,100.0,27.252,27.3,316,109.16,109.16
1184,3553,UMI,150.0,43.74633,-79.5594,100.0,24.02,24.0,285,103.71,103.71
1184,3554,UMI,270.0,43.74633,-79.5594,100.0,32.763,32.8,298,119.7,119.7
1185,3555,UMI,30.0,43.74633,-79.55269,100.0,29.415,29.4,302,110.16,110.16
1185,3556,UMI,150.0,43.74633,-79.55269,100.0,26.684,26.7,251,99.44,99.44
1185,3557,UMI,270.0,43.74633,-79.55269,100.0,22.175,22.2,240,84.4,84.4
1186,3558,UMI,30.0,43.74633,-79.54598,100.0,29.074,29.1,256,110.42,110.42
1186,3559,UMI,150.0,43.74633,-79.54598,100.0,24.589,24.6,286,103.88,103.88
1186,3560,UMI,270.0,43.74633,-79.54598,100.0,30.176,30.2,261,102.8,102.8
1187,3561,UMI,30.0,43.74633,-79.53927,100.0,21.117,21.1,231,96.14,96.14
1187,3562,UMI,150.0,43.74633,-79.53927,100.0,31.321,31.3,269,114.37,114.37
1187,3563,UMI,270.0,43.74633,-79.53927,100.0,28.151,28.2,315,119.02,119.02
1188,3564,UMI,30.0,43.74633,-79.53256,100.0,22.611,22.6,180,78.63,78.63
1188,3565,UMI,150.0,43.74633,-79.53256,100.0,28.128,28.1,242,105.27,105.27
1188,3566,UMI,270.0,43.74633,-79.53256,100.0,29.974,30.0,250,104.92,104.92
1189,3567,UMI,30.0,43.74633,-79.52586,100.0,28.082,28.1,308,118.76,118.76
1189,3568,UMI,150.0,43.74633,-79.52586,100.0,23.261,23.3,295,96.66,96.66
1189,3569,UMI,270.0,43.74633,-79.52586,100.0,24.307,24.3,224,97.69,97.69
1190,3570,UMI,30.0,43.74633,-79.51915,100.0,44.232,44.2,442,168.82,168.82
1190,3571,UMI,150.0,43.74633,-79.51915,100.0,50.147,50.1,459,191.07,191.07
1190,3572,UMI,270.0,43.74633,-79.51915,100.0,31.104,31.1,364,128.53,128.53
1191,3573,UMI,30.0,43.74633,-79.51244,100.0,51.839,51.8,472,185.05,185.05
1191,3574,UMI,150.0,43.74633,-79.51244,100.0,50.34,50.3,475,179.89,179.89
1191,3575,UMI,270.0,43.74633,-79.51244,100.0,47.206,47.2,438,181.63,181.63
1192,3576,UMI,30.0,43.74633,-79.50573,100.0,44.732,44.7,431,168.3,168.3
1192,3577,UMI,150.0,43.74633,-79.50573,100.0,48.529,48.5,444,181.0,181.0
1192,3578,UMI,270.0,43.74633,-79.50573,100.0,54.491,54.5,489,211.54,211.54
1193,3579,UMI,30.0,43.74633,-79.49902,100.0,45.055,45.1,377,154.55,154.55
1193,3580,UMI,150.0,43.74633,-79.49902,100.0,39.383,39.4,396,143.15,143.15
1193,3581,UMI,270.0,43.74633,-79.49902,100.0,46.975,47.0,387,165.77,165.77
1194,3582,UMI,30.0,43.74633,-79.49231,100.0,35.603,35.6,351,137.8,137.8
1194,3583,UMI,150.0,43.74633,-79.49231,100.0,33.354,33.4,336,141.01,141.01
1194,3584,UMI,270.0,43.74633,-79.49231,100.0,45.719,45.7,391,163.28,163.28
1195,3585,UMI,30.0,43.74633,-79.48561,100.0,21.198,21.2,212,81.08,81.08
1195,3586,UMI,150.0,43.74633,-79.48561,100.0,19.431,19.4,188,68.77,68.77
1195,3587,UMI,270.0,43.74633,-79.48561,100.0,22.239,22.2,270,91.08,91.08
1196,3588,UMI,30.0,43.74633,-79.4789,100.0,13.105,13.1,125,45.68,45.68
1196,3589,UMI,150.0,43.74633,-79.4789,100.0,17.812,17.8,158,68.37,68.37
1196,3590,UMI,270.0,43.74633,-79.4789,100.0,19.305,19.3,163,70.08,70.08
1197,3591,UMI,30.0,43.74633,-79.47219,100.0,9.409,9.4,120,40.98,40.98
1197,3592,UMI,150.0,43.74633,-79.47219,100.0,14.715,14.7,139,62.68,62.68
1197,3593,UMI,270.0,43.74633,-79.47219,100.0,14.227,14.2,136,58.9,58.9
1198,3594,UMI,30.0,43.74633,-79.46548,100.0,14.298,14.3,160,53.94,53.94
1198,3595,UMI,150.0,43.74633,-79.46548,100.0,21.095,21.1,173,71.04,71.04
1198,3596,UMI,270.0,43.74633,-79.46548,100.0,14.366,14.4,142,60.02,60.02
1199,3597,UMI,30.0,43.74633,-79.45877,100.0,28.684,28.7,270,99.2,99.2
1199,3598,UMI,150.0,43.74633,-79.45877,100.0,23.327,23.3,222,86.43,86.43
1199,3599,UMI,270.0,43.74633,-79.45877,100.0,18.706,18.7,219,71.7,71.7
1200,3600,UMI,30.0,43.74633,-79.45207,100.0,44.873,44.9,428,171.98,171.98
1200,3601,UMI,150.0,43.74633,-79.45207,100.0,41.916,41.9,375,155.84,155.84
1200,3602,UMI,270.0,43.74633,-79.45207,100.0,35.579,35.6,361,136.9,136.9
1201,3603,UMI,30.0,43.74633,-79.44536,100.0,49.495,49.5,509,201.94,201.94
1201,3604,UMI,150.0,43.74633,-79.44536,100.0,53.536,53.5,520,201.37,201.37
1201,3605,UMI,270.0,43.74633,-79.44536,100.0,45.516,45.5,478,186.0,186.0
1202,3606,UMI,30.0,43.74633,-79.43865,100.0,46.658,46.7,435,185.01,185.01
1202,3607,UMI,150.0,43.74633,-79.43865,100.0,41.552,41.6,421,167.26,167.26
1202,3608,UMI,270.0,43.74633,-79.43865,100.0,47.638,47.6,502,192.95,192.95
1203,3609,UMI,30.0,43.74633,-79.43194,100.0,36.29,36.3,344,152.93,152.93
1203,3610,UMI,150.0,43.74633,-79.43194,100.0,43.489,43.5,418,169.02,169.02
1203,3611,UMI,270.0,43.74633,-79.43194,100.0,39.971,40.0,386,159.06,159.06
1204,3612,UMI,30.0,43.74633,-79.42523,100.0,26.799,26.8,248,94.24,94.24
1204,3613,UMI,150.0,43.74633,-79.42523,100.0,37.353,37.4,351,134.61,134.61
1204,3614,UMI,270.0,43.74633,-79.42523,100.0,37.819,37.8,342,132.27,132.27
1205,3615,UMI,30.0,43.74633,-79.41853,100.0,26.454,26.5,240,109.73,109.73
1205,3616,UMI,150.0,43.74633,-79.41853,100.0,31.321,31.3,301,125.16,125.16
1205,3617,UMI,270.0,43.74633,-79.41853,100.0,36.254,36.3,295,123.34,123.34
1206,3618,UMI,30.0,43.74633,-79.41182,100.0,26.738,26.7,278,106.5,106.5
1206,3619,UMI,150.0,43.74633,-79.41182,100.0,28.872,28.9,289,105.7,105.7
1206,3620,UMI,270.0,43.74633,-79.41182,100.0,29.672,29.7,269,121.33,121.33
1207,3621,UMI,30.0,43.74633,-79.40511,100.0,37.991,38.0,382,152.59,152.59
1207,3622,UMI,150.0,43.74633,-79.40511,100.0,35.58,35.6,380,140.05,140.05
1207,3623,UMI,270.0,43.74633,-79.40511,100.0,36.848,36.8,323,136.89,136.89
1208,3624,UMI,30.0,43.74633,-79.3984,100.0,51.356,51.4,534,182.74,182.74
1208,3625,UMI,150.0,43.74633,-79.3984,100.0,49.521,49.5,457,178.45,178.45
1208,3626,UMI,270.0,43.74633,-79.3984,100.0,47.925,47.9,465,181.89,181.89
1209,3627,UMI,30.0,43.74633,-79.39169,100.0,54.601,54.6,486,198.47,198.47
1209,3628,UMI,150.0,43.74633,-79.39169,100.0,45.887,45.9,449,186.01,186.01
1209,3629,UMI,270.0,43.74633,-79.39169,100.0,47.422,47.4,511,191.28,191.28
1210,3630,UMI,30.0,43.74633,-79.38498,100.0,41.644,41.6,446,161.28,161.28
1210,3631,UMI,150.0,43.74633,-79.38498,100.0,42.443,42.4,428,163.95,163.95
1210,3632,UMI,270.0,43.74633,-79.38498,100.0,48.44,48.4,488,193.13,193.13
1211,3633,UMI,30.0,43.74633,-79.37828,100.0,46.763,46.8,472,177.87,177.87
1211,3634,UMI,150.0,43.74633,-79.37828,100.0,46.288,46.3,454,168.8,168.8
1211,3635,UMI,270.0,43.74633,-79.37828,100.0,47.526,47.5,438,170.23,170.23
1212,3636,UMI,30.0,43.74633,-79.37157,100.0,54.082,54.1,545,214.75,214.75
1212,3637,UMI,150.0,43.74633,-79.37157,100.0,51.77,51.8,521,207.54,207.54
1212,3638,UMI,270.0,43.74633,-79.37157,100.0,53.189,53.2,541,203.91,203.91
1213,3639,UMI,30.0,43.74633,-79.36486,100.0,59.81,59.8,566,216.14,216.14
1213,3640,UMI,150.0,43.74633,-79.36486,100.0,57.504,57.5,539,212.12,212.12
1213,3641,UMI,270.0,43.74633,-79.36486,100.0,57.839,57.8,539,207.52,207.52
1214,3642,UMI,30.0,43.74633,-79.35815,100.0,49.654,49.7,476,199.71,199.71
1214,3643,UMI,150.0,43.74633,-79.35815,100.0,46.192,46.2,503,193.52,193.52
1214,3644,UMI,270.0,43.74633,-79.35815,100.0,50.186,50.2,543,198.04,198.04
1215,3645,UMI,30.0,43.74633,-79.35144,100.0,38.743,38.7,341,156.58,156.58
1215,3646,UMI,150.0,43.74633,-79.35144,100.0,40.177,40.2,392,150.69,150.69
1215,3647,UMI,270.0,43.74633,-79.35144,100.0,40.317,40.3,396,156.7,156.7
1216,3648,UMI,30.0,43.74633,-79.34474,100.0,35.08,35.1,353,129.49,129.49
1216,3649,UMI,150.0,43.74633,-79.34474,100.0,45.164,45.2,360,170.86,170.86
1216,3650,UMI,270.0,43.74633,-79.34474,100.0,33.54,33.5,370,142.54,142.54
1217,3651,UMI,30.0,43.74633,-79.33803,100.0,30.733,30.7,312,111.86,111.86
1217,3652,UMI,150.0,43.74633,-79.33803,100.0,36.813,36.8,321,136.82,136.82
1217,3653,UMI,270.0,43.74633,-79.33803,100.0,32.532,32.5,306,126.95,126.95
1218,3654,UMI,30.0,43.74633,-79.33132,100.0,49.226,49.2,428,182.87,182.87
1218,3655,UMI,150.0,43.74633,-79.33132,100.0,31.267,31.3,343,125.51,125.51
1218,3656,UMI,270.0,43.74633,-79.33132,100.0,29.233,29.2,305,118.77,118.77
1219,3657,UMI,30.0,43.74633,-79.32461,100.0,49.912,49.9,499,195.07,195.07
1219,3658,UMI,150.0,43.74633,-79.32461,100.0,51.379,51.4,482,205.58,205.58
1219,3659,UMI,270.0,43.74633,-79.32461,100.0,43.962,44.0,425,170.11,170.11
1220,3660,UMI,30.0,43.74633,-79.3179,100.0,59.065,59.1,583,233.41,233.41
1220,3661,UMI,150.0,43.74633,-79.3179,100.0,57.763,57.8,575,218.42,218.42
1220,3662,UMI,270.0,43.74633,-79.3179,100.0,66.616,66.6,522,208.07,208.07
1221,3663,UMI,30.0,43.74633,-79.31119,100.0,66.766,66.8,591,242.31,242.31
1221,3664,UMI,150.0,43.74633,-79.31119,100.0,65.987,66.0,534,228.74,228.74
1221,3665,UMI,270.0,43.74633,-79.31119,100.0,58.962,59.0,538,211.16,211.16
1222,3666,UMI,30.0,43.74633,-79.30449,100.0,54.027,54.0,535,196.96,196.96
1222,3667,UMI,150.0,43.74633,-79.30449,100.0,59.636,59.6,553,229.9,229.9
1222,3668,UMI,270.0,43.74633,-79.30449,100.0,58.576,58.6,557,219.4,219.4
1223,3669,UMI,30.0,43.74633,-79.29778,100.0,48.795,48.8,508,190.75,190.75
1223,3670,UMI,150.0,43.74633,-79.29778,100.0,47.154,47.2,477,180.72,180.72
1223,3671,UMI,270.0,43.74633,-79.29778,100.0,59.337,59.3,563,235.3,235.3
1224,3672,UMI,30.0,43.74633,-79.29107,100.0,41.392,41.4,423,160.87,160.87
1224,3673,UMI,150.0,43.74633,-79.29107,100.0,42.735,42.7,406,159.81,159.81
1224,3674,UMI,270.0,43.74633,-79.29107,100.0,52.768,52.8,449,189.17,189.17
1225,3675,UMI,30.0,43.74633,-79.28436,100.0,45.72,45.7,436,181.99,181.99
1225,3676,UMI,150.0,43.74633,-79.28436,100.0,44.662,44.7,470,172.9,172.9
1225,3677,UMI,270.0,43.74633,-79.28436,100.0,36.548,36.5,383,140.18,140.18
1226,3678,UMI,30.0,43.74633,-79.27765,100.0,40.186,40.2,400,159.69,159.69
1226,3679,UMI,150.0,43.74633,-79.27765,100.0,51.038,51.0,461,187.79,187.79
1226,3680,UMI,270.0,43.74633,-79.27765,100.0,43.567,43.6,410,173.2,173.2
1227,3681,UMI,30.0,43.74633,-79.27095,100.0,45.203,45.2,373,151.32,151.32
1227,3682,UMI,150.0,43.74633,-79.27095,100.0,35.499,35.5,390,151.4,151.4
1227,3683,UMI,270.0,43.74633,-79.27095,100.0,49.482,49.5,394,162.01,162.01
1228,3684,UMI,30.0,43.74633,-79.26424,100.0,44.441,44.4,417,164.7,164.7
1228,3685,UMI,150.0,43.74633,-79.26424,100.0,50.279,50.3,445,180.29,180.29
1228,3686,UMI,270.0,43.74633,-79.26424,100.0,45.998,46.0,409,183.0,183.0
1229,3687,UMI,30.0,43.74633,-79.25753,100.0,49.399,49.4,509,187.21,187.21
1229,3688,UMI,150.0,43.74633,-79.25753,100.0,56.642,56.6,539,201.49,201.49
1229,3689,UMI,270.0,43.74633,-79.25753,100.0,51.127,51.1,469,181.82,181.82
1230,3690,UMI,30.0,43.74633,-79.25082,100.0,65.127,65.1,546,222.93,222.93
1230,3691,UMI,150.0,43.74633,-79.25082,100.0,49.746,49.7,520,195.13,195.13
1230,3692,UMI,270.0,43.74633,-79.25082,100.0,57.099,57.1,557,220.51,220.51
1231,3693,UMI,30.0,43.74633,-79.24411,100.0,50.351,50.4,483,193.21,193.21
1231,3694,UMI,150.0,43.74633,-79.24411,100.0,50.606,50.6,517,207.22,207.22
1231,3695,UMI,270.0,43.74633,-79.24411,100.0,56.326,56.3,499,206.04,206.04
1232,3696,UMI,30.0,43.74633,-79.23741,100.0,43.261,43.3,393,155.52,155.52
1232,3697,UMI,150.0,43.74633,-79.23741,100.0,53.573,53.6,468,182.94,182.94
1232,3698,UMI,270.0,43.74633,-79.23741,100.0,44.713,44.7,427,173.22,173.22
1233,3699,UMI,30.0,43.74633,-79.2307,100.0,44.798,44.8,429,175.55,175.55
1233,3700,UMI,150.0,43.74633,-79.2307,100.0,43.874,43.9,458,180.62,180.62
1233,3701,UMI,270.0,43.74633,-79.2307,100.0,47.434,47.4,481,187.31,187.31
1234,3702,UMI,30.0,43.74633,-79.22399,100.0,39.107,39.1,415,155.98,155.98
1234,3703,UMI,150.0,43.74633,-79.22399,100.0,41.595,41.6,424,152.92,152.92
1234,3704,UMI,270.0,43.74633,-79.22399,100.0,42.627,42.6,456,172.47,172.47
1235,3705,UMI,30.0,43.74633,-79.21728,100.0,36.708,36.7,367,136.58,136.58
1235,3706,UMI,150.0,43.74633,-79.21728,100.0,43.873,43.9,363,150.21,150.21
1235,3707,UMI,270.0,43.74633,-79.21728,100.0,26.2,26.2,301,115.5,115.5
1236,3708,UMI,30.0,43.74633,-79.21057,100.0,41.42,41.4,391,153.1,153.1
1236,3709,UMI,150.0,43.74633,-79.21057,100.0,45.395,45.4,445,177.12,177.12
1236,3710,UMI,270.0,43.74633,-79.21057,100.0,37.937,37.9,365,140.73,140.73
1237,3711,UMI,30.0,43.74633,-79.20386,100.0,36.073,36.1,390,141.79,141.79
1237,3712,UMI,150.0,43.74633,-79.20386,100.0,41.837,41.8,364,155.73,155.73
1237,3713,UMI,270.0,43.74633,-79.20386,100.0,38.379,38.4,423,162.12,162.12
1238,3714,UMI,30.0,43.74633,-79.19716,100.0,26.449,26.4,286,105.42,105.42
1238,3715,UMI,150.0,43.74633,-79.19716,100.0,25.407,25.4,225,94.62,94.62
1238,3716,UMI,270.0,43.74633,-79.19716,100.0,28.327,28.3,312,111.03,111.03
1239,3717,UMI,30.0,43.74633,-79.19045,100.0,15.624,15.6,170,65.05,65.05
1239,3718,UMI,150.0,43.74633,-79.19045,100.0,15.092,15.1,135,51.92,51.92
1239,3719,UMI,270.0,43.74633,-79.19045,100.0,20.28,20.3,182,74.38,74.38
1240,3720,UMI,30.0,43.74633,-79.18374,100.0,11.329,11.3,126,48.89,48.89
1240,3721,UMI,150.0,43.74633,-79.18374,100.0,5.919,5.9,66,24.28,24.28
1240,3722,UMI,270.0,43.74633,-79.18374,100.0,8.193,8.2,102,39.75,39.75
1241,3723,UMI,30.0,43.75052,-79.60971,100.0,17.01,17.0,156,65.5,65.5
1241,3724,UMI,150.0,43.75052,-79.60971,100.0,11.46,11.5,158,52.0,52.0
1241,3725,UMI,270.0,43.75052,-79.60971,100.0,7.711,7.7,84,35.06,35.06
1242,3726,UMI,30.0,43.75052,-79.603,100.0,30.168,30.2,302,114.58,114.58
1242,3727,UMI,150.0,43.75052,-79.603,100.0,28.799,28.8,333,125.74,125.74
1242,3728,UMI,270.0,43.75052,-79.603,100.0,26.643,26.6,207,98.2,98.2
1243,3729,UMI,30.0,43.75052,-79.59629,100.0,37.839,37.8,392,153.4,153.4
1243,3730,UMI,150.0,43.75052,-79.59629,100.0,43.26,43.3,383,161.53,161.53
1243,3731,UMI,270.0,43.75052,-79.59629,100.0,36.91,36.9,363,141.61,141.61
1244,3732,UMI,30.0,43.75052,-79.58958,100.0,27.194,27.2,309,121.05,121.05
1244,3733,UMI,150.0,43.75052,-79.58958,100.0,27.994,28.0,307,112.07,112.07
1244,3734,UMI,270.0,43.75052,-79.58958,100.0,38.33,38.3,405,150.51,150.51
1245,3735,UMI,30.0,43.75052,-79.58287,100.0,19.852,19.9,208,72.84,72.84
1245,3736,UMI,150.0,43.75052,-79.58287,100.0,18.55,18.5,206,74.69,74.69
1245,3737,UMI,270.0,43.75052,-79.58287,100.0,27.884,27.9,242,103.55,103.55
1246,3738,UMI,30.0,43.75052,-79.57617,100.0,21.886,21.9,220,91.87,91.87
1246,3739,UMI,150.0,43.75052,-79.57617,100.0,24.006,24.0,221,94.42,94.42
1246,3740,UMI,270.0,43.75052,-79.57617,100.0,18.472,18.5,182,64.05,64.05
1247,3741,UMI,30.0,43.75052,-79.56946,100.0,34.556,34.6,327,129.95,129.95
1247,3742,UMI,150.0,43.75052,-79.56946,100.0,29.103,29.1,313,119.5,119.5
1247,3743,UMI,270.0,43.75052,-79.56946,100.0,23.118,23.1,250,97.31,97.31
1248,3744,UMI,30.0,43.75052,-79.56275,100.0,33.245,33.2,343,128.48,128.48
1248,3745,UMI,150.0,43.75052,-79.56275,100.0,28.8,28.8,295,113.98,113.98
1248,3746,UMI,270.0,43.75052,-79.56275,100.0,27.387,27.4,298,107.19,107.19
1249,3747,UMI,30.0,43.75052,-79.55604,100.0,28.167,28.2,230,94.15,94.15
1249,3748,UMI,150.0,43.75052,-79.55604,100.0,25.233,25.2,263,102.48,102.48
1249,3749,UMI,270.0,43.75052,-79.55604,100.0,32.748,32.7,275,107.55,107.55
1250,3750,UMI,30.0,43.75052,-79.54933,100.0,17.633,17.6,195,69.16,69.16
1250,3751,UMI,150.0,43.75052,-79.54933,100.0,25.798,25.8,250,92.62,92.62
1250,3752,UMI,270.0,43.75052,-79.54933,100.0,21.362,21.4,214,85.38,85.38
1251,3753,UMI,30.0,43.75052,-79.54263,100.0,19.22,19.2,197,75.09,75.09
1251,3754,UMI,150.0,43.75052,-79.54263,100.0,22.307,22.3,232,89.62,89.62
1251,3755,UMI,270.0,43.75052,-79.54263,100.0,22.092,22.1,207,90.55,90.55
1252,3756,UMI,30.0,43.75052,-79.53592,100.0,23.82,23.8,181,78.73,78.73
1252,3757,UMI,150.0,43.75052,-79.53592,100.0,17.201,17.2,185,68.38,68.38
1252,3758,UMI,270.0,43.75052,-79.53592,100.0,19.016,19.0,166,74.63,74.63
1253,3759,UMI,30.0,43.75052,-79.52921,100.0,21.898,21.9,201,79.02,79.02
1253,3760,UMI,150.0,43.75052,-79.52921,100.0,21.235,21.2,212,71.36,71.36
1253,3761,UMI,270.0,43.75052,-79.52921,100.0,24.155,24.2,210,91.54,91.54
1254,3762,UMI,30.0,43.75052,-79.5225,100.0,36.872,36.9,330,136.11,136.11
1254,3763,UMI,150.0,43.75052,-79.5225,100.0,36.644,36.6,356,131.47,131.47
1254,3764,UMI,270.0,43.75052,-79.5225,100.0,29.282,29.3,322,129.4,129.4
1255,3765,UMI,30.0,43.75052,-79.51579,100.0,43.212,43.2,386,157.6,157.6
1255,3766,UMI,150.0,43.75052,-79.51579,100.0,40.965,41.0,376,157.58,157.58
1255,3767,UMI,270.0,43.75052,-79.51579,100.0,37.274,37.3,403,144.76,144.76
1256,3768,UMI,30.0,43.75052,-79.50909,100.0,39.822,39.8,400,151.82,151.82
1256,3769,UMI,150.0,43.75052,-79.50909,100.0,43.876,43.9,425,184.25,184.25
1256,3770,UMI,270.0,43.75052,-79.50909,100.0,41.945,41.9,413,168.44,168.44
1257,3771,UMI,30.0,43.75052,-79.50238,100.0,46.896,46.9,427,175.4,175.4
1257,3772,UMI,150.0,43.75052,-79.50238,100.0,49.708,49.7,444,185.96,185.96
1257,3773,UMI,270.0,43.75052,-79.50238,100.0,35.78,35.8,378,147.0,147.0
1258,3774,UMI,30.0,43.75052,-79.49567,100.0,47.394,47.4,440,188.17,188.17
1258,3775,UMI,150.0,43.75052,-79.49567,100.0,41.558,41.6,389,159.04,159.04
1258,3776,UMI,270.0,43.75052,-79.49567,100.0,43.878,43.9,422,164.34,164.34
1259,3777,UMI,30.0,43.75052,-79.48896,100.0,26.242,26.2,277,103.26,103.26
1259,3778,UMI,150.0,43.75052,-79.48896,100.0,29.632,29.6,291,107.97,107.97
1259,3779,UMI,270.0,43.75052,-79.48896,100.0,32.455,32.5,340,131.87,131.87
1260,3780,UMI,30.0,43.75052,-79.48225,100.0,17.457,17.5,145,63.99,63.99
1260,3781,UMI,150.0,43.75052,-79.48225,100.0,13.145,13.1,161,59.79,59.79
1260,3782,UMI,270.0,43.75052,-79.48225,100.0,25.134,25.1,190,79.34,79.34
1261,3783,UMI,30.0,43.75052,-79.47554,100.0,14.229,14.2,122,55.82,55.82
1261,3784,UMI,150.0,43.75052,-79.47554,100.0,11.001,11.0,118,50.08,50.08
1261,3785,UMI,270.0,43.75052,-79.47554,100.0,16.232,16.2,123,54.27,54.27
1262,3786,UMI,30.0,43.75052,-79.46884,100.0,20.701,20.7,201,73.41,73.41
1262,3787,UMI,150.0,43.75052,-79.46884,100.0,16.386,16.4,128,62.14,62.14
1262,3788,UMI,270.0,43.75052,-79.46884,100.0,10.044,10.0,125,40.63,40.63
1263,3789,UMI,30.0,43.75052,-79.46213,100.0,24.915,24.9,286,107.28,107.28
1263,3790,UMI,150.0,43.75052,-79.46213,100.0,21.141,21.1,239,86.58,86.58
1263,3791,UMI,270.0,43.75052,-79.46213,100.0,19.773,19.8,215,77.2,77.2
1264,3792,UMI,30.0,43.75052,-79.45542,100.0,46.103,46.1,490,179.74,179.74
1264,3793,UMI,150.0,43.75052,-79.45542,100.0,38.962,39.0,386,140.42,140.42
1264,3794,UMI,270.0,43.75052,-79.45542,100.0,39.453,39.5,381,159.9,159.9
1265,3795,UMI,30.0,43.75052,-79.44871,100.0,49.438,49.4,473,202.46,202.46
1265,3796,UMI,150.0,43.75052,-79.44871,100.0,42.703,42.7,462,167.4,167.4
1265,3797,UMI,270.0,43.75052,-79.44871,100.0,46.044,46.0,428,173.55,173.55
1266,3798,UMI,30.0,43.75052,-79.442,100.0,54.68,54.7,469,192.38,192.38
1266,3799,UMI,150.0,43.75052,-79.442,100.0,46.306,46.3,474,180.78,180.78
1266,3800,UMI,270.0,43.75052,-79.442,100.0,47.456,47.5,484,186.39,186.39
1267,3801,UMI,30.0,43.75052,-79.4353,100.0,26.452,26.5,288,110.71,110.71
1267,3802,UMI,150.0,43.75052,-79.4353,100.0,28.792,28.8,301,121.22,121.22
1267,3803,UMI,270.0,43.75052,-79.4353,100.0,36.084,36.1,404,144.04,144.04
1268,3804,UMI,30.0,43.75052,-79.42859,100.0,23.035,23.0,228,94.73,94.73
1268,3805,UMI,150.0,43.75052,-79.42859,100.0,26.755,26.8,258,106.05,106.05
1268,3806,UMI,270.0,43.75052,-79.42859,100.0,29.137,29.1,271,116.84,116.84
1269,3807,UMI,30.0,43.75052,-79.42188,100.0,29.392,29.4,273,112.6,112.6
1269,3808,UMI,150.0,43.75052,-79.42188,100.0,25.97,26.0,243,95.99,95.99
1269,3809,UMI,270.0,43.75052,-79.42188,100.0,21.609,21.6,219,91.1,91.1
1270,3810,UMI,30.0,43.75052,-79.41517,100.0,25.893,25.9,293,100.24,100.24
1270,3811,UMI,150.0,43.75052,-79.41517,100.0,19.508,19.5,219,85.92,85.92
1270,3812,UMI,270.0,43.75052,-79.41517,100.0,36.186,36.2,299,143.95,143.95
1271,3813,UMI,30.0,43.75052,-79.40846,100.0,35.836,35.8,352,141.17,141.17
1271,3814,UMI,150.0,43.75052,-79.40846,100.0,32.756,32.8,287,121.66,121.66
1271,3815,UMI,270.0,43.75052,-79.40846,100.0,30.045,30.0,267,114.78,114.78
1272,3816,UMI,30.0,43.75052,-79.40175,100.0,57.544,57.5,514,201.31,201.31
1272,3817,UMI,150.0,43.75052,-79.40175,100.0,52.761,52.8,484,190.37,190.37
1272,3818,UMI,270.0,43.75052,-79.40175,100.0,44.225,44.2,402,163.68,163.68
1273,3819,UMI,30.0,43.75052,-79.39505,100.0,50.936,50.9,520,197.11,197.11
1273,3820,UMI,150.0,43.75052,-79.39505,100.0,55.542,55.5,530,205.32,205.32
1273,3821,UMI,270.0,43.75052,-79.39505,100.0,59.874,59.9,557,210.13,210.13
1274,3822,UMI,30.0,43.75052,-79.38834,100.0,64.077,64.1,538,212.86,212.86
1274,3823,UMI,150.0,43.75052,-79.38834,100.0,51.469,51.5,483,183.3,183.3
1274,3824,UMI,270.0,43.75052,-79.38834,100.0,45.554,45.6,481,200.18,200.18
1275,3825,UMI,30.0,43.75052,-79.38163,100.0,52.343,52.3,507,206.09,206.09
1275,3826,UMI,150.0,43.75052,-79.38163,100.0,48.277,48.3,468,201.38,201.38
1275,3827,UMI,270.0,43.75052,-79.38163,100.0,57.985,58.0,533,212.8,212.8
1276,3828,UMI,30.0,43.75052,-79.37492,100.0,52.635,52.6,507,198.76,198.76
1276,3829,UMI,150.0,43.75052,-79.37492,100.0,52.812,52.8,558,211.26,211.26
1276,3830,UMI,270.0,43.75052,-79.37492,100.0,56.195,56.2,508,210.72,210.72
1277,3831,UMI,30.0,43.75052,-79.36821,100.0,55.873,55.9,524,213.71,213.71
1277,3832,UMI,150.0,43.75052,-79.36821,100.0,49.632,49.6,569,210.3,210.3
1277,3833,UMI,270.0,43.75052,-79.36821,100.0,57.656,57.7,555,214.84,214.84
1278,3834,UMI,30.0,43.75052,-79.36151,100.0,49.227,49.2,444,193.49,193.49
1278,3835,UMI,150.0,43.75052,-79.36151,100.0,56.491,56.5,544,223.73,223.73
1278,3836,UMI,270.0,43.75052,-79.36151,100.0,72.409,72.4,571,233.68,233.68
1279,3837,UMI,30.0,43.75052,-79.3548,100.0,33.006,33.0,298,120.88,120.88
1279,3838,UMI,150.0,43.75052,-79.3548,100.0,44.414,44.4,350,144.39,144.39
1279,3839,UMI,270.0,43.75052,-79.3548,100.0,50.567,50.6,409,180.46,180.46
1280,3840,UMI,30.0,43.75052,-79.34809,100.0,28.368,28.4,250,110.36,110.36
1280,3841,UMI,150.0,43.75052,-79.34809,100.0,26.882,26.9,295,110.11,110.11
1280,3842,UMI,270.0,43.75052,-79.34809,100.0,31.984,32.0,274,115.25,115.25
1281,3843,UMI,30.0,43.75052,-79.34138,100.0,26.904,26.9,329,113.62,113.62
1281,3844,UMI,150.0,43.75052,-79.34138,100.0,33.062,33.1,315,126.55,126.55
1281,3845,UMI,270.0,43.75052,-79.34138,100.0,28.908,28.9,291,114.14,114.14
1282,3846,UMI,30.0,43.75052,-79.33467,100.0,39.912,39.9,386,148.28,148.28
1282,3847,UMI,150.0,43.75052,-79.33467,100.0,36.837,36.8,329,136.14,136.14
1282,3848,UMI,270.0,43.75052,-79.33467,100.0,38.355,38.4,364,147.12,147.12
1283,3849,UMI,30.0,43.75052,-79.32797,100.0,53.953,54.0,480,183.6,183.6
1283,3850,UMI,150.0,43.75052,-79.32797,100.0,50.022,50.0,467,180.46,180.46
1283,3851,UMI,270.0,43.75052,-79.32797,100.0,47.397,47.4,434,168.38,168.38
1284,3852,UMI,30.0,43.75052,-79.32126,100.0,63.115,63.1,568,230.48,230.48
1284,3853,UMI,150.0,43.75052,-79.32126,100.0,59.67,59.7,536,217.92,217.92
1284,3854,UMI,270.0,43.75052,-79.32126,100.0,57.196,57.2,493,201.05,201.05
1285,3855,UMI,30.0,43.75052,-79.31455,100.0,60.932,60.9,569,220.13,220.13
1285,3856,UMI,150.0,43.75052,-79.31455,100.0,50.76,50.8,510,198.68,198.68
1285,3857,UMI,270.0,43.75052,-79.31455,100.0,57.562,57.6,524,221.24,221.24
1286,3858,UMI,30.0,43.75052,-79.30784,100.0,48.813,48.8,473,186.64,186.64
1286,3859,UMI,150.0,43.75052,-79.30784,100.0,57.388,57.4,509,207.82,207.82
1286,3860,UMI,270.0,43.75052,-79.30784,100.0,60.155,60.2,559,224.26,224.26
1287,3861,UMI,30.0,43.75052,-79.30113,100.0,53.873,53.9,509,207.32,207.32
1287,3862,UMI,150.0,43.75052,-79.30113,100.0,66.275,66.3,572,239.7,239.7
1287,3863,UMI,270.0,43.75052,-79.30113,100.0,56.684,56.7,513,216.73,216.73
1288,3864,UMI,30.0,43.75052,-79.29442,100.0,55.355,55.4,476,196.88,196.88
1288,3865,UMI,150.0,43.75052,-79.29442,100.0,49.268,49.3,491,192.37,192.37
1288,3866,UMI,270.0,43.75052,-79.29442,100.0,43.102,43.1,470,175.86,175.86
1289,3867,UMI,30.0,43.75052,-79.28772,100.0,47.318,47.3,445,169.26,169.26
1289,3868,UMI,150.0,43.75052,-79.28772,100.0,46.789,46.8,427,174.27,174.27
1289,3869,UMI,270.0,43.75052,-79.28772,100.0,46.101,46.1,422,162.42,162.42
1290,3870,UMI,30.0,43.75052,-79.28101,100.0,56.431,56.4,439,192.73,192.73
1290,3871,UMI,150.0,43.75052,-79.28101,100.0,50.9,50.9,451,201.83,201.83
1290,3872,UMI,270.0,43.75052,-79.28101,100.0,43.204,43.2,447,174.67,174.67
1291,3873,UMI,30.0,43.75052,-79.2743,100.0,32.239,32.2,357,126.75,126.75
1291,3874,UMI,150.0,43.75052,-79.2743,100.0,34.929,34.9,353,139.42,139.42
1291,3875,UMI,270.0,43.75052,-79.2743,100.0,40.768,40.8,399,142.97,142.97
1292,3876,UMI,30.0,43.75052,-79.26759,100.0,35.982,36.0,348,131.66,131.66
1292,3877,UMI,150.0,43.75052,-79.26759,100.0,42.032,42.0,358,154.27,154.27
1292,3878,UMI,270.0,43.75052,-79.26759,100.0,31.479,31.5,333,117.48,117.48
1293,3879,UMI,30.0,43.75052,-79.26088,100.0,42.396,42.4,394,152.59,152.59
1293,3880,UMI,150.0,43.75052,-79.26088,100.0,47.188,47.2,464,175.21,175.21
1293,3881,UMI,270.0,43.75052,-79.26088,100.0,51.333,51.3,417,166.94,166.94
1294,3882,UMI,30.0,43.75052,-79.25418,100.0,52.565,52.6,507,190.52,190.52
1294,3883,UMI,150.0,43.75052,-79.25418,100.0,60.651,60.7,505,204.98,204.98
1294,3884,UMI,270.0,43.75052,-79.25418,100.0,52.86,52.9,494,201.93,201.93
1295,3885,UMI,30.0,43.75052,-79.24747,100.0,50.84,50.8,520,213.58,213.58
1295,3886,UMI,150.0,43.75052,-79.24747,100.0,54.697,54.7,520,201.58,201.58
1295,3887,UMI,270.0,43.75052,-79.24747,100.0,65.371,65.4,531,231.96,231.96
1296,3888,UMI,30.0,43.75052,-79.24076,100.0,50.525,50.5,489,194.74,194.74
1296,3889,UMI,150.0,43.75052,-79.24076,100.0,49.378,49.4,451,169.21,169.21
1296,3890,UMI,270.0,43.75052,-79.24076,100.0,59.91,59.9,532,209.69,209.69
1297,3891,UMI,30.0,43.75052,-79.23405,100.0,45.385,45.4,424,158.1,158.1
1297,3892,UMI,150.0,43.75052,-79.23405,100.0,46.015,46.0,460,169.28,169.28
1297,3893,UMI,270.0,43.75052,-79.23405,100.0,47.509,47.5,455,172.4,172.4
1298,3894,UMI,30.0,43.75052,-79.22734,100.0,39.816,39.8,418,151.6,151.6
1298,3895,UMI,150.0,43.75052,-79.22734,100.0,40.429,40.4,381,144.71,144.71
1298,3896,UMI,270.0,43.75052,-79.22734,100.0,46.808,46.8,431,157.13,157.13
1299,3897,UMI,30.0,43.75052,-79.22063,100.0,35.64,35.6,331,133.48,133.48
1299,3898,UMI,150.0,43.75052,-79.22063,100.0,31.856,31.9,332,126.85,126.85
1299,3899,UMI,270.0,43.75052,-79.22063,100.0,35.561,35.6,339,133.99,133.99
1300,3900,UMI,30.0,43.75052,-79.21393,100.0,40.979,41.0,326,146.69,146.69
1300,3901,UMI,150.0,43.75052,-79.21393,100.0,40.834,40.8,337,155.05,155.05
1300,3902,UMI,270.0,43.75052,-79.21393,100.0,26.384,26.4,307,112.54,112.54
1301,3903,UMI,30.0,43.75052,-79.20722,100.0,26.377,26.4,303,115.76,115.76
1301,3904,UMI,150.0,43.75052,-79.20722,100.0,39.051,39.1,362,158.78,158.78
1301,3905,UMI,270.0,43.75052,-79.20722,100.0,36.919,36.9,356,131.22,131.22
1302,3906,UMI,30.0,43.75052,-79.20051,100.0,30.52,30.5,345,130.32,130.32
1302,3907,UMI,150.0,43.75052,-79.20051,100.0,32.08,32.1,378,134.09,134.09
1302,3908,UMI,270.0,43.75052,-79.20051,100.0,44.076,44.1,380,163.09,163.09
1303,3909,UMI,30.0,43.75052,-79.1938,100.0,38.571,38.6,381,168.87,168.87
1303,3910,UMI,150.0,43.75052,-79.1938,100.0,27.147,27.1,300,109.66,109.66
1303,3911,UMI,270.0,43.75052,-79.1938,100.0,37.204,37.2,353,142.98,142.98
1304,3912,UMI,30.0,43.75052,-79.18709,100.0,33.605,33.6,309,126.64,126.64
1304,3913,UMI,150.0,43.75052,-79.18709,100.0,17.938,17.9,175,77.49,77.49
1304,3914,UMI,270.0,43.75052,-79.18709,100.0,32.231,32.2,294,119.12,119.12
1305,3915,UMI,30.0,43.75052,-79.18039,100.0,16.503,16.5,164,57.72,57.72
1305,3916,UMI,150.0,43.75052,-79.18039,100.0,11.464,11.5,115,44.91,44.91
1305,3917,UMI,270.0,43.75052,-79.18039,100.0,20.558,20.6,195,82.05,82.05
1306,3918,UMI,30.0,43.75052,-79.17368,100.0,8.287,8.3,80,36.99,36.99
1306,3919,UMI,150.0,43.75052,-79.17368,100.0,4.581,4.6,44,19.13,19.13
1306,3920,UMI,270.0,43.75052,-79.17368,100.0,8.142,8.1,86,31.86,31.86
1307,3921,UMI,30.0,43.75472,-79.60635,100.0,17.752,17.8,190,73.0,73.0
1307,3922,UMI,150.0,43.75472,-79.60635,100.0,19.882,19.9,202,82.52,82.52
1307,3923,UMI,270.0,43.75472,-79.60635,100.0,14.886,14.9,167,64.31,64.31
1308,3924,UMI,30.0,43.75472,-79.59965,100.0,26.186,26.2,268,102.45,102.45
1308,3925,UMI,150.0,43.75472,-79.59965,100.0,29.735,29.7,288,121.64,121.64
1308,3926,UMI,270.0,43.75472,-79.59965,100.0,37.272,37.3,286,130.39,130.39
1309,3927,UMI,30.0,43.75472,-79.59294,100.0,27.35,27.3,297,110.73,110.73
1309,3928,UMI,150.0,43.75472,-79.59294,100.0,38.895,38.9,350,153.49,153.49
1309,3929,UMI,270.0,43.75472,-79.59294,100.0,33.053,33.1,330,127.94,127.94
1310,3930,UMI,30.0,43.75472,-79.58623,100.0,23.393,23.4,214,94.43,94.43
1310,3931,UMI,150.0,43.75472,-79.58623,100.0,18.302,18.3,211,68.69,68.69
1310,3932,UMI,270.0,43.75472,-79.58623,100.0,24.253,24.3,281,108.54,108.54
1311,3933,UMI,30.0,43.75472,-79.57952,100.0,18.575,18.6,225,75.79,75.79
1311,3934,UMI,150.0,43.75472,-79.57952,100.0,23.39,23.4,217,88.21,88.21
1311,3935,UMI,270.0,43.75472,-79.57952,100.0,18.329,18.3,203,82.16,82.16
1312,3936,UMI,30.0,43.75472,-79.57281,100.0,39.827,39.8,319,121.76,121.76
1312,3937,UMI,150.0,43.75472,-79.57281,100.0,35.099,35.1,296,134.92,134.92
1312,3938,UMI,270.0,43.75472,-79.57281,100.0,26.084,26.1,282,103.45,103.45
1313,3939,UMI,30.0,43.75472,-79.5661,100.0,32.085,32.1,326,134.3,134.3
1313,3940,UMI,150.0,43.75472,-79.5661,100.0,34.22,34.2,341,133.54,133.54
1313,3941,UMI,270.0,43.75472,-79.5661,100.0,36.412,36.4,344,136.22,136.22
1314,3942,UMI,30.0,43.75472,-79.5594,100.0,25.75,25.7,261,105.26,105.26
1314,3943,UMI,150.0,43.75472,-79.5594,100.0,25.954,26.0,261,105.02,105.02
1314,3944,UMI,270.0,43.75472,-79.5594,100.0,33.152,33.2,298,116.7,116.7
1315,3945,UMI,30.0,43.75472,-79.55269,100.0,12.697,12.7,155,59.98,59.98
1315,3946,UMI,150.0,43.75472,-79.55269,100.0,22.6,22.6,198,81.48,81.48
1315,3947,UMI,270.0,43.75472,-79.55269,100.0,24.289,24.3,197,81.57,81.57
1316,3948,UMI,30.0,43.75472,-79.54598,100.0,19.503,19.5,172,68.74,68.74
1316,3949,UMI,150.0,43.75472,-79.54598,100.0,20.973,21.0,191,75.93,75.93
1316,3950,UMI,270.0,43.75472,-79.54598,100.0,19.852,19.9,175,73.44,73.44
1317,3951,UMI,30.0,43.75472,-79.53927,100.0,19.472,19.5,169,79.54,79.54
1317,3952,UMI,150.0,43.75472,-79.53927,100.0,17.858,17.9,178,69.46,69.46
1317,3953,UMI,270.0,43.75472,-79.53927,100.0,19.577,19.6,160,64.86,64.86
1318,3954,UMI,30.0,43.75472,-79.53256,100.0,16.386,16.4,165,63.88,63.88
1318,3955,UMI,150.0,43.75472,-79.53256,100.0,20.475,20.5,149,62.05,62.05
1318,3956,UMI,270.0,43.75472,-79.53256,100.0,13.48,13.5,130,53.78,53.78
1319,3957,UMI,30.0,43.75472,-79.52586,100.0,22.533,22.5,230,94.57,94.57
1319,3958,UMI,150.0,43.75472,-79.52586,100.0,29.457,29.5,251,101.21,101.21
1319,3959,UMI,270.0,43.75472,-79.52586,100.0,21.209,21.2,205,89.33,89.33
1320,3960,UMI,30.0,43.75472,-79.51915,100.0,35.081,35.1,315,117.08,117.08
1320,3961,UMI,150.0,43.75472,-79.51915,100.0,35.637,35.6,336,146.29,146.29
1320,3962,UMI,270.0,43.75472,-79.51915,100.0,31.15,31.1,317,126.14,126.14
1321,3963,UMI,30.0,43.75472,-79.51244,100.0,33.627,33.6,369,131.84,131.84
1321,3964,UMI,150.0,43.75472,-79.51244,100.0,41.608,41.6,372,151.59,151.59
1321,3965,UMI,270.0,43.75472,-79.51244,100.0,49.551,49.6,386,174.51,174.51
1322,3966,UMI,30.0,43.75472,-79.50573,100.0,38.28,38.3,376,142.06,142.06
1322,3967,UMI,150.0,43.75472,-79.50573,100.0,46.405,46.4,422,175.67,175.67
1322,3968,UMI,270.0,43.75472,-79.50573,100.0,35.862,35.9,360,144.64,144.64
1323,3969,UMI,30.0,43.75472,-79.49902,100.0,42.046,42.0,443,172.18,172.18
1323,3970,UMI,150.0,43.75472,-79.49902,100.0,45.417,45.4,396,169.48,169.48
1323,3971,UMI,270.0,43.75472,-79.49902,100.0,46.144,46.1,423,173.47,173.47
1324,3972,UMI,30.0,43.75472,-79.49231,100.0,40.19,40.2,379,149.86,149.86
1324,3973,UMI,150.0,43.75472,-79.49231,100.0,33.473,33.5,354,134.18,134.18
1324,3974,UMI,270.0,43.75472,-79.49231,100.0,45.019,45.0,423,161.84,161.84
1325,3975,UMI,30.0,43.75472,-79.48561,100.0,29.208,29.2,204,84.86,84.86
1325,3976,UMI,150.0,43.75472,-79.48561,100.0,24.997,25.0,197,81.36,81.36
1325,3977,UMI,270.0,43.75472,-79.48561,100.0,34.153,34.2,292,128.41,128.41
1326,3978,UMI,30.0,43.75472,-79.4789,100.0,14.905,14.9,147,60.28,60.28
1326,3979,UMI,150.0,43.75472,-79.4789,100.0,14.407,14.4,141,52.09,52.09
1326,3980,UMI,270.0,43.75472,-79.4789,100.0,15.867,15.9,150,52.9,52.9
1327,3981,UMI,30.0,43.75472,-79.47219,100.0,14.98,15.0,173,57.7,57.7
1327,3982,UMI,150.0,43.75472,-79.47219,100.0,11.273,11.3,136,50.95,50.95
1327,3983,UMI,270.0,43.75472,-79.47219,100.0,15.299,15.3,134,56.72,56.72
1328,3984,UMI,30.0,43.75472,-79.46548,100.0,31.043,31.0,298,119.04,119.04
1328,3985,UMI,150.0,43.75472,-79.46548,100.0,24.485,24.5,270,103.62,103.62
1328,3986,UMI,270.0,43.75472,-79.46548,100.0,19.088,19.1,222,82.44,82.44
1329,3987,UMI,30.0,43.75472,-79.45877,100.0,49.768,49.8,459,181.9,181.9
1329,3988,UMI,150.0,43.75472,-79.45877,100.0,39.544,39.5,414,162.75,162.75
1329,3989,UMI,270.0,43.75472,-79.45877,100.0,45.707,45.7,396,154.06,154.06
1330,3990,UMI,30.0,43.75472,-79.45207,100.0,54.207,54.2,523,214.68,214.68
1330,3991,UMI,150.0,43.75472,-79.45207,100.0,51.564,51.6,497,197.77,197.77
1330,3992,UMI,270.0,43.75472,-79.45207,100.0,45.732,45.7,506,192.32,192.32
1331,3993,UMI,30.0,43.75472,-79.44536,100.0,45.591,45.6,481,184.9,184.9
1331,3994,UMI,150.0,43.75472,-79.44536,100.0,45.117,45.1,489,177.31,177.31
1331,3995,UMI,270.0,43.75472,-79.44536,100.0,45.159,45.2,468,175.5,175.5
1332,3996,UMI,30.0,43.75472,-79.43865,100.0,34.75,34.7,309,132.7,132.7
1332,3997,UMI,150.0,43.75472,-79.43865,100.0,29.644,29.6,323,123.12,123.12
1332,3998,UMI,270.0,43.75472,-79.43865,100.0,40.279,40.3,412,159.67,159.67
1333,3999,UMI,30.0,43.75472,-79.43194,100.0,27.386,27.4,223,91.47,91.47
1333,4000,UMI,150.0,43.75472,-79.43194,100.0,31.415,31.4,240,95.9,95.9
1333,4001,UMI,270.0,43.75472,-79.43194,100.0,22.081,22.1,231,86.77,86.77
1334,4002,UMI,30.0,43.75472,-79.42523,100.0,28.885,28.9,308,121.66,121.66
1334,4003,UMI,150.0,43.75472,-79.42523,100.0,25.17,25.2,285,99.4,99.4
1334,4004,UMI,270.0,43.75472,-79.42523,100.0,30.071,30.1,266,99.04,99.04
1335,4005,UMI,30.0,43.75472,-79.41853,100.0,38.171,38.2,362,136.08,136.08
1335,4006,UMI,150.0,43.75472,-79.41853,100.0,46.358,46.4,313,138.25,138.25
1335,4007,UMI,270.0,43.75472,-79.41853,100.0,35.122,35.1,364,132.69,132.69
1336,4008,UMI,30.0,43.75472,-79.41182,100.0,46.265,46.3,410,156.37,156.37
1336,4009,UMI,150.0,43.75472,-79.41182,100.0,48.255,48.3,372,160.0,160.0
1336,4010,UMI,270.0,43.75472,-79.41182,100.0,37.506,37.5,386,148.92,148.92
1337,4011,UMI,30.0,43.75472,-79.40511,100.0,45.039,45.0,470,168.71,168.71
1337,4012,UMI,150.0,43.75472,-79.40511,100.0,42.64,42.6,445,176.45,176.45
1337,4013,UMI,270.0,43.75472,-79.40511,100.0,44.101,44.1,410,182.31,182.31
1338,4014,UMI,30.0,43.75472,-79.3984,100.0,54.832,54.8,536,217.75,217.75
1338,4015,UMI,150.0,43.75472,-79.3984,100.0,61.738,61.7,526,223.49,223.49
1338,4016,UMI,270.0,43.75472,-79.3984,100.0,58.228,58.2,491,202.7,202.7
1339,4017,UMI,30.0,43.75472,-79.39169,100.0,53.498,53.5,521,200.74,200.74
1339,4018,UMI,150.0,43.75472,-79.39169,100.0,53.958,54.0,500,203.9,203.9
1339,4019,UMI,270.0,43.75472,-79.39169,100.0,65.872,65.9,544,243.98,243.98
1340,4020,UMI,30.0,43.75472,-79.38498,100.0,53.521,53.5,548,219.11,219.11
1340,4021,UMI,150.0,43.75472,-79.38498,100.0,52.057,52.1,512,206.41,206.41
1340,4022,UMI,270.0,43.75472,-79.38498,100.0,53.933,53.9,523,200.77,200.77
1341,4023,UMI,30.0,43.75472,-79.37828,100.0,60.001,60.0,524,209.68,209.68
1341,4024,UMI,150.0,43.75472,-79.37828,100.0,56.51,56.5,564,217.26,217.26
1341,4025,UMI,270.0,43.75472,-79.37828,100.0,55.987,56.0,519,200.55,200.55
1342,4026,UMI,30.0,43.75472,-79.37157,100.0,54.141,54.1,550,211.39,211.39
1342,4027,UMI,150.0,43.75472,-79.37157,100.0,53.45,53.4,583,222.58,222.58
1342,4028,UMI,270.0,43.75472,-79.37157,100.0,63.944,63.9,570,213.73,213.73
1343,4029,UMI,30.0,43.75472,-79.36486,100.0,47.586,47.6,487,182.62,182.62
1343,4030,UMI,150.0,43.75472,-79.36486,100.0,53.671,53.7,501,204.51,204.51
1343,4031,UMI,270.0,43.75472,-79.36486,100.0,59.534,59.5,533,220.12,220.12
1344,4032,UMI,30.0,43.75472,-79.35815,100.0,36.555,36.6,303,130.9,130.9
1344,4033,UMI,150.0,43.75472,-79.35815,100.0,29.244,29.2,298,106.97,106.97
1344,4034,UMI,270.0,43.75472,-79.35815,100.0,37.71,37.7,396,134.65,134.65
1345,4035,UMI,30.0,43.75472,-79.35144,100.0,20.832,20.8,229,83.75,83.75
1345,4036,UMI,150.0,43.75472,-79.35144,100.0,20.835,20.8,257,90.85,90.85
1345,4037,UMI,270.0,43.75472,-79.35144,100.0,24.47,24.5,261,93.95,93.95
1346,4038,UMI,30.0,43.75472,-79.34474,100.0,26.825,26.8,259,96.42,96.42
1346,4039,UMI,150.0,43.75472,-79.34474,100.0,26.946,26.9,297,121.3,121.3
1346,4040,UMI,270.0,43.75472,-79.34474,100.0,35.578,35.6,251,115.21,115.21
1347,4041,UMI,30.0,43.75472,-79.33803,100.0,33.292,33.3,335,126.47,126.47
1347,4042,UMI,150.0,43.75472,-79.33803,100.0,35.441,35.4,391,153.75,153.75
1347,4043,UMI,270.0,43.75472,-79.33803,100.0,42.07,42.1,388,165.99,165.99
1348,4044,UMI,30.0,43.75472,-79.33132,100.0,39.208,39.2,390,148.68,148.68
1348,4045,UMI,150.0,43.75472,-79.33132,100.0,41.056,41.1,403,159.05,159.05
1348,4046,UMI,270.0,43.75472,-79.33132,100.0,34.856,34.9,368,142.96,142.96
1349,4047,UMI,30.0,43.75472,-79.32461,100.0,48.661,48.7,474,197.49,197.49
1349,4048,UMI,150.0,43.75472,-79.32461,100.0,53.353,53.4,487,190.25,190.25
1349,4049,UMI,270.0,43.75472,-79.32461,100.0,35.892,35.9,414,156.93,156.93
1350,4050,UMI,30.0,43.75472,-79.3179,100.0,61.65,61.7,544,224.01,224.01
1350,4051,UMI,150.0,43.75472,-79.3179,100.0,62.132,62.1,562,237.6,237.6
1350,4052,UMI,270.0,43.75472,-79.3179,100.0,60.782,60.8,511,219.95,219.95
1351,4053,UMI,30.0,43.75472,-79.31119,100.0,63.338,63.3,565,235.18,235.18
1351,4054,UMI,150.0,43.75472,-79.31119,100.0,49.907,49.9,557,208.39,208.39
1351,4055,UMI,270.0,43.75472,-79.31119,100.0,55.074,55.1,543,205.36,205.36
1352,4056,UMI,30.0,43.75472,-79.30449,100.0,51.656,51.7,482,198.85,198.85
1352,4057,UMI,150.0,43.75472,-79.30449,100.0,63.237,63.2,540,229.24,229.24
1352,4058,UMI,270.0,43.75472,-79.30449,100.0,51.513,51.5,552,211.33,211.33
1353,4059,UMI,30.0,43.75472,-79.29778,100.0,45.061,45.1,439,165.4,165.4
1353,4060,UMI,150.0,43.75472,-79.29778,100.0,53.359,53.4,463,197.63,197.63
1353,4061,UMI,270.0,43.75472,-79.29778,100.0,49.095,49.1,484,195.51,195.51
1354,4062,UMI,30.0,43.75472,-79.29107,100.0,40.164,40.2,394,148.04,148.04
1354,4063,UMI,150.0,43.75472,-79.29107,100.0,42.764,42.8,408,149.08,149.08
1354,4064,UMI,270.0,43.75472,-79.29107,100.0,50.355,50.4,431,189.73,189.73
1355,4065,UMI,30.0,43.75472,-79.28436,100.0,51.656,51.7,497,204.48,204.48
1355,4066,UMI,150.0,43.75472,-79.28436,100.0,52.228,52.2,517,202.78,202.78
1355,4067,UMI,270.0,43.75472,-79.28436,100.0,42.879,42.9,465,168.26,168.26
1356,4068,UMI,30.0,43.75472,-79.27765,100.0,36.702,36.7,395,146.28,146.28
1356,4069,UMI,150.0,43.75472,-79.27765,100.0,43.365,43.4,388,155.97,155.97
1356,4070,UMI,270.0,43.75472,-79.27765,100.0,47.738,47.7,468,182.91,182.91
1357,4071,UMI,30.0,43.75472,-79.27095,100.0,39.866,39.9,366,145.63,145.63
1357,4072,UMI,150.0,43.75472,-79.27095,100.0,31.516,31.5,340,134.66,134.66
1357,4073,UMI,270.0,43.75472,-79.27095,100.0,39.489,39.5,365,160.41,160.41
1358,4074,UMI,30.0,43.75472,-79.26424,100.0,41.592,41.6,412,167.62,167.62
1358,4075,UMI,150.0,43.75472,-79.26424,100.0,39.865,39.9,407,155.73,155.73
1358,4076,UMI,270.0,43.75472,-79.26424,100.0,32.659,32.7,378,128.49,128.49
1359,4077,UMI,30.0,43.75472,-79.25753,100.0,42.391,42.4,429,166.2,166.2
1359,4078,UMI,150.0,43.75472,-79.25753,100.0,44.345,44.3,438,148.78,148.78
1359,4079,UMI,270.0,43.75472,-79.25753,100.0,42.353,42.4,432,179.89,179.89
1360,4080,UMI,30.0,43.75472,-79.25082,100.0,43.027,43.0,443,177.13,177.13
1360,4081,UMI,150.0,43.75472,-79.25082,100.0,48.162,48.2,466,197.48,197.48
1360,4082,UMI,270.0,43.75472,-79.25082,100.0,46.534,46.5,454,179.6,179.6
1361,4083,UMI,30.0,43.75472,-79.24411,100.0,43.849,43.8,426,171.5,171.5
1361,4084,UMI,150.0,43.75472,-79.24411,100.0,57.787,57.8,496,201.27,201.27
1361,4085,UMI,270.0,43.75472,-79.24411,100.0,44.756,44.8,483,191.84,191.84
1362,4086,UMI,30.0,43.75472,-79.23741,100.0,53.116,53.1,503,192.39,192.39
1362,4087,UMI,150.0,43.75472,-79.23741,100.0,52.234,52.2,484,195.15,195.15
1362,4088,UMI,270.0,43.75472,-79.23741,100.0,47.375,47.4,478,181.25,181.25
1363,4089,UMI,30.0,43.75472,-79.2307,100.0,42.037,42.0,398,162.11,162.11
1363,4090,UMI,150.0,43.75472,-79.2307,100.0,35.648,35.6,383,140.0,140.0
1363,4091,UMI,270.0,43.75472,-79.2307,100.0,45.42,45.4,467,191.64,191.64
1364,4092,UMI,30.0,43.75472,-79.22399,100.0,35.848,35.8,365,138.12,138.12
1364,4093,UMI,150.0,43.75472,-79.22399,100.0,30.945,30.9,324,122.21,122.21
1364,4094,UMI,270.0,43.75472,-79.22399,100.0,35.143,35.1,358,141.2,141.2
1365,4095,UMI,30.0,43.75472,-79.21728,100.0,37.886,37.9,353,149.78,149.78
1365,4096,UMI,150.0,43.75472,-79.21728,100.0,27.747,27.7,291,108.74,108.74
1365,4097,UMI,270.0,43.75472,-79.21728,100.0,29.317,29.3,295,117.46,117.46
1366,4098,UMI,30.0,43.75472,-79.21057,100.0,32.404,32.4,321,116.81,116.81
1366,4099,UMI,150.0,43.75472,-79.21057,100.0,30.992,31.0,305,119.07,119.07
1366,4100,UMI,270.0,43.75472,-79.21057,100.0,28.94,28.9,308,124.25,124.25
1367,4101,UMI,30.0,43.75472,-79.20386,100.0,28.793,28.8,296,114.45,114.45
1367,4102,UMI,150.0,43.75472,-79.20386,100.0,40.899,40.9,340,149.0,149.0
1367,4103,UMI,270.0,43.75472,-79.20386,100.0,26.783,26.8,284,101.62,101.62
1368,4104,UMI,30.0,43.75472,-79.19716,100.0,44.85,44.9,383,148.55,148.55
1368,4105,UMI,150.0,43.75472,-79.19716,100.0,45.974,46.0,402,165.69,165.69
1368,4106,UMI,270.0,43.75472,-79.19716,100.0,39.813,39.8,374,151.83,151.83
1369,4107,UMI,30.0,43.75472,-79.19045,100.0,36.145,36.1,364,132.82,132.82
1369,4108,UMI,150.0,43.75472,-79.19045,100.0,42.18,42.2,393,154.62,154.62
1369,4109,UMI,270.0,43.75472,-79.19045,100.0,45.696,45.7,400,161.41,161.41
1370,4110,UMI,30.0,43.75472,-79.18374,100.0,35.689,35.7,376,146.41,146.41
1370,4111,UMI,150.0,43.75472,-79.18374,100.0,34.11,34.1,311,127.09,127.09
1370,4112,UMI,270.0,43.75472,-79.18374,100.0,39.757,39.8,389,154.61,154.61
1371,4113,UMI,30.0,43.75472,-79.17703,100.0,23.628,23.6,245,97.79,97.79
1371,4114,UMI,150.0,43.75472,-79.17703,100.0,19.087,19.1,172,68.32,68.32
1371,4115,UMI,270.0,43.75472,-79.17703,100.0,28.072,28.1,279,113.07,113.07
1372,4116,UMI,30.0,43.75472,-79.17032,100.0,10.091,10.1,100,40.38,40.38
1372,4117,UMI,150.0,43.75472,-79.17032,100.0,7.786,7.8,60,29.88,29.88
1372,4118,UMI,270.0,43.75472,-79.17032,100.0,13.323,13.3,115,48.51,48.51
1373,4119,UMI,30.0,43.75891,-79.60971,100.0,6.916,6.9,94,30.61,30.61
1373,4120,UMI,150.0,43.75891,-79.60971,100.0,10.353,10.4,119,45.76,45.76
1373,4121,UMI,270.0,43.75891,-79.60971,100.0,5.874,5.9,72,25.9,25.9
1374,4122,UMI,30.0,43.75891,-79.603,100.0,18.706,18.7,145,56.25,56.25
1374,4123,UMI,150.0,43.75891,-79.603,100.0,28.044,28.0,195,76.84,76.84
1374,4124,UMI,270.0,43.75891,-79.603,100.0,14.72,14.7,151,59.47,59.47
1375,4125,UMI,30.0,43.75891,-79.59629,100.0,16.737,16.7,174,65.05,65.05
1375,4126,UMI,150.0,43.75891,-79.59629,100.0,30.141,30.1,290,108.65,108.65
1375,4127,UMI,270.0,43.75891,-79.59629,100.0,14.617,14.6,192,59.74,59.74
1376,4128,UMI,30.0,43.75891,-79.58958,100.0,17.917,17.9,160,74.27,74.27
1376,4129,UMI,150.0,43.75891,-79.58958,100.0,20.969,21.0,214,74.18,74.18
1376,4130,UMI,270.0,43.75891,-79.58958,100.0,22.566,22.6,224,83.45,83.45
1377,4131,UMI,30.0,43.75891,-79.58287,100.0,10.822,10.8,128,47.26,47.26
1377,4132,UMI,150.0,43.75891,-79.58287,100.0,19.56,19.6,176,66.97,66.97
1377,4133,UMI,270.0,43.75891,-79.58287,100.0,16.142,16.1,153,59.92,59.92
1378,4134,UMI,30.0,43.75891,-79.57617,100.0,25.77,25.8,249,105.53,105.53
1378,4135,UMI,150.0,43.75891,-79.57617,100.0,33.147,33.1,287,113.55,113.55
1378,4136,UMI,270.0,43.75891,-79.57617,100.0,21.847,21.8,217,97.95,97.95
1379,4137,UMI,30.0,43.75891,-79.56946,100.0,28.476,28.5,283,106.53,106.53
1379,4138,UMI,150.0,43.75891,-79.56946,100.0,31.944,31.9,319,119.05,119.05
1379,4139,UMI,270.0,43.75891,-79.56946,100.0,30.628,30.6,310,131.16,131.16
1380,4140,UMI,30.0,43.75891,-79.56275,100.0,26.56,26.6,224,90.37,90.37
1380,4141,UMI,150.0,43.75891,-79.56275,100.0,25.178,25.2,272,97.56,97.56
1380,4142,UMI,270.0,43.75891,-79.56275,100.0,41.173,41.2,285,126.4,126.4
1381,4143,UMI,30.0,43.75891,-79.55604,100.0,16.594,16.6,174,59.69,59.69
1381,4144,UMI,150.0,43.75891,-79.55604,100.0,16.551,16.6,192,68.76,68.76
1381,4145,UMI,270.0,43.75891,-79.55604,100.0,24.18,24.2,221,98.54,98.54
1382,4146,UMI,30.0,43.75891,-79.54933,100.0,16.024,16.0,152,64.98,64.98
1382,4147,UMI,150.0,43.75891,-79.54933,100.0,16.961,17.0,156,65.98,65.98
1382,4148,UMI,270.0,43.75891,-79.54933,100.0,17.437,17.4,169,67.14,67.14
1383,4149,UMI,30.0,43.75891,-79.54263,100.0,14.294,14.3,139,60.44,60.44
1383,4150,UMI,150.0,43.75891,-79.54263,100.0,18.751,18.8,176,65.47,65.47
1383,4151,UMI,270.0,43.75891,-79.54263,100.0,10.931,10.9,138,47.6,47.6
1384,4152,UMI,30.0,43.75891,-79.53592,100.0,15.751,15.8,158,62.78,62.78
1384,4153,UMI,150.0,43.75891,-79.53592,100.0,14.446,14.4,139,59.24,59.24
1384,4154,UMI,270.0,43.75891,-79.53592,100.0,15.105,15.1,160,62.93,62.93
1385,4155,UMI,30.0,43.75891,-79.52921,100.0,27.876,27.9,240,103.62,103.62
1385,4156,UMI,150.0,43.75891,-79.52921,100.0,18.834,18.8,197,64.69,64.69
1385,4157,UMI,270.0,43.75891,-79.52921,100.0,19.875,19.9,186,76.03,76.03
1386,4158,UMI,30.0,43.75891,-79.5225,100.0,25.613,25.6,275,94.86,94.86
1386,4159,UMI,150.0,43.75891,-79.5225,100.0,32.106,32.1,265,114.49,114.49
1386,4160,UMI,270.0,43.75891,-79.5225,100.0,20.762,20.8,242,89.3,89.3
1387,4161,UMI,30.0,43.75891,-79.51579,100.0,31.898,31.9,323,120.77,120.77
1387,4162,UMI,150.0,43.75891,-79.51579,100.0,37.273,37.3,336,148.66,148.66
1387,4163,UMI,270.0,43.75891,-79.51579,100.0,35.804,35.8,308,134.8,134.8
1388,4164,UMI,30.0,43.75891,-79.50909,100.0,29.543,29.5,296,114.0,114.0
1388,4165,UMI,150.0,43.75891,-79.50909,100.0,35.566,35.6,337,129.53,129.53
1388,4166,UMI,270.0,43.75891,-79.50909,100.0,33.376,33.4,345,146.12,146.12
1389,4167,UMI,30.0,43.75891,-79.50238,100.0,36.963,37.0,355,153.78,153.78
1389,4168,UMI,150.0,43.75891,-79.50238,100.0,42.944,42.9,382,149.68,149.68
1389,4169,UMI,270.0,43.75891,-79.50238,100.0,35.445,35.4,328,136.14,136.14
1390,4170,UMI,30.0,43.75891,-79.49567,100.0,36.023,36.0,392,145.03,145.03
1390,4171,UMI,150.0,43.75891,-79.49567,100.0,44.741,44.7,429,157.44,157.44
1390,4172,UMI,270.0,43.75891,-79.49567,100.0,46.448,46.4,423,170.25,170.25
1391,4173,UMI,30.0,43.75891,-79.48896,100.0,28.469,28.5,286,102.43,102.43
1391,4174,UMI,150.0,43.75891,-79.48896,100.0,31.001,31.0,254,107.86,107.86
1391,4175,UMI,270.0,43.75891,-79.48896,100.0,42.408,42.4,355,155.96,155.96
1392,4176,UMI,30.0,43.75891,-79.48225,100.0,19.772,19.8,187,75.42,75.42
1392,4177,UMI,150.0,43.75891,-79.48225,100.0,25.516,25.5,196,83.02,83.02
1392,4178,UMI,270.0,43.75891,-79.48225,100.0,23.489,23.5,244,88.45,88.45
1393,4179,UMI,30.0,43.75891,-79.47554,100.0,20.964,21.0,180,80.11,80.11
1393,4180,UMI,150.0,43.75891,-79.47554,100.0,19.952,20.0,177,72.09,72.09
1393,4181,UMI,270.0,43.75891,-79.47554,100.0,17.412,17.4,153,65.12,65.12
1394,4182,UMI,30.0,43.75891,-79.46884,100.0,24.073,24.1,239,88.3,88.3
1394,4183,UMI,150.0,43.75891,-79.46884,100.0,27.359,27.4,249,100.79,100.79
1394,4184,UMI,270.0,43.75891,-79.46884,100.0,17.875,17.9,181,67.74,67.74
1395,4185,UMI,30.0,43.75891,-79.46213,100.0,43.257,43.3,420,155.05,155.05
1395,4186,UMI,150.0,43.75891,-79.46213,100.0,49.054,49.1,443,188.43,188.43
1395,4187,UMI,270.0,43.75891,-79.46213,100.0,30.542,30.5,344,129.96,129.96
1396,4188,UMI,30.0,43.75891,-79.45542,100.0,46.582,46.6,441,178.69,178.69
1396,4189,UMI,150.0,43.75891,-79.45542,100.0,49.169,49.2,483,193.78,193.78
1396,4190,UMI,270.0,43.75891,-79.45542,100.0,51.424,51.4,460,185.69,185.69
1397,4191,UMI,30.0,43.75891,-79.44871,100.0,43.25,43.2,410,168.97,168.97
1397,4192,UMI,150.0,43.75891,-79.44871,100.0,47.707,47.7,457,177.44,177.44
1397,4193,UMI,270.0,43.75891,-79.44871,100.0,46.709,46.7,443,172.52,172.52
1398,4194,UMI,30.0,43.75891,-79.442,100.0,32.732,32.7,291,125.74,125.74
1398,4195,UMI,150.0,43.75891,-79.442,100.0,41.757,41.8,367,146.71,146.71
1398,4196,UMI,270.0,43.75891,-79.442,100.0,44.876,44.9,439,178.18,178.18
1399,4197,UMI,30.0,43.75891,-79.4353,100.0,30.535,30.5,267,110.63,110.63
1399,4198,UMI,150.0,43.75891,-79.4353,100.0,24.27,24.3,242,97.71,97.71
1399,4199,UMI,270.0,43.75891,-79.4353,100.0,27.663,27.7,255,102.19,102.19
1400,4200,UMI,30.0,43.75891,-79.42859,100.0,33.464,33.5,294,122.88,122.88
1400,4201,UMI,150.0,43.75891,-79.42859,100.0,25.288,25.3,272,102.11,102.11
1400,4202,UMI,270.0,43.75891,-79.42859,100.0,28.49,28.5,256,98.1,98.1
1401,4203,UMI,30.0,43.75891,-79.42188,100.0,41.362,41.4,415,157.86,157.86
1401,4204,UMI,150.0,43.75891,-79.42188,100.0,49.754,49.8,400,171.88,171.88
1401,4205,UMI,270.0,43.75891,-79.42188,100.0,33.818,33.8,319,127.21,127.21
1402,4206,UMI,30.0,43.75891,-79.41517,100.0,41.16,41.2,429,159.92,159.92
1402,4207,UMI,150.0,43.75891,-79.41517,100.0,32.562,32.6,393,134.89,134.89
1402,4208,UMI,270.0,43.75891,-79.41517,100.0,50.885,50.9,415,175.53,175.53
1403,4209,UMI,30.0,43.75891,-79.40846,100.0,54.884,54.9,521,217.23,217.23
1403,4210,UMI,150.0,43.75891,-79.40846,100.0,45.088,45.1,465,171.19,171.19
1403,4211,UMI,270.0,43.75891,-79.40846,100.0,42.9,42.9,443,173.21,173.21
1404,4212,UMI,30.0,43.75891,-79.40175,100.0,60.219,60.2,558,224.12,224.12
1404,4213,UMI,150.0,43.75891,-79.40175,100.0,54.101,54.1,525,214.92,214.92
1404,4214,UMI,270.0,43.75891,-79.40175,100.0,51.428,51.4,480,184.34,184.34
1405,4215,UMI,30.0,43.75891,-79.39505,100.0,51.054,51.1,523,208.6,208.6
1405,4216,UMI,150.0,43.75891,-79.39505,100.0,54.297,54.3,551,209.65,209.65
1405,4217,UMI,270.0,43.75891,-79.39505,100.0,51.571,51.6,526,196.24,196.24
1406,4218,UMI,30.0,43.75891,-79.38834,100.0,48.478,48.5,498,195.22,195.22
1406,4219,UMI,150.0,43.75891,-79.38834,100.0,59.029,59.0,573,237.78,237.78
1406,4220,UMI,270.0,43.75891,-79.38834,100.0,54.348,54.3,541,204.41,204.41
1407,4221,UMI,30.0,43.75891,-79.38163,100.0,53.972,54.0,504,201.56,201.56
1407,4222,UMI,150.0,43.75891,-79.38163,100.0,51.948,51.9,530,198.09,198.09
1407,4223,UMI,270.0,43.75891,-79.38163,100.0,62.823,62.8,538,211.02,211.02
1408,4224,UMI,30.0,43.75891,-79.37492,100.0,46.796,46.8,503,172.0,172.0
1408,4225,UMI,150.0,43.75891,-79.37492,100.0,50.336,50.3,513,193.62,193.62
1408,4226,UMI,270.0,43.75891,-79.37492,100.0,51.914,51.9,512,199.95,199.95
1409,4227,UMI,30.0,43.75891,-79.36821,100.0,40.401,40.4,445,147.16,147.16
1409,4228,UMI,150.0,43.75891,-79.36821,100.0,51.16,51.2,494,189.08,189.08
1409,4229,UMI,270.0,43.75891,-79.36821,100.0,56.237,56.2,492,188.63,188.63
1410,4230,UMI,30.0,43.75891,-79.36151,100.0,36.206,36.2,295,127.44,127.44
1410,4231,UMI,150.0,43.75891,-79.36151,100.0,43.848,43.8,361,157.29,157.29
1410,4232,UMI,270.0,43.75891,-79.36151,100.0,49.759,49.8,418,181.54,181.54
1411,4233,UMI,30.0,43.75891,-79.3548,100.0,24.146,24.1,226,90.04,90.04
1411,4234,UMI,150.0,43.75891,-79.3548,100.0,27.485,27.5,254,97.82,97.82
1411,4235,UMI,270.0,43.75891,-79.3548,100.0,28.676,28.7,261,106.34,106.34
1412,4236,UMI,30.0,43.75891,-79.34809,100.0,25.271,25.3,235,102.41,102.41
1412,4237,UMI,150.0,43.75891,-79.34809,100.0,27.941,27.9,230,96.77,96.77
1412,4238,UMI,270.0,43.75891,-79.34809,100.0,20.444,20.4,236,90.93,90.93
1413,4239,UMI,30.0,43.75891,-79.34138,100.0,34.88,34.9,344,142.18,142.18
1413,4240,UMI,150.0,43.75891,-79.34138,100.0,31.779,31.8,327,133.65,133.65
1413,4241,UMI,270.0,43.75891,-79.34138,100.0,29.305,29.3,335,122.22,122.22
1414,4242,UMI,30.0,43.75891,-79.33467,100.0,37.57,37.6,340,154.49,154.49
1414,4243,UMI,150.0,43.75891,-79.33467,100.0,39.933,39.9,340,140.33,140.33
1414,4244,UMI,270.0,43.75891,-79.33467,100.0,38.176,38.2,369,145.73,145.73
1415,4245,UMI,30.0,43.75891,-79.32797,100.0,42.902,42.9,437,171.63,171.63
1415,4246,UMI,150.0,43.75891,-79.32797,100.0,48.182,48.2,499,193.94,193.94
1415,4247,UMI,270.0,43.75891,-79.32797,100.0,39.569,39.6,400,148.11,148.11
1416,4248,UMI,30.0,43.75891,-79.32126,100.0,48.868,48.9,521,192.31,192.31
1416,4249,UMI,150.0,43.75891,-79.32126,100.0,57.624,57.6,505,217.12,217.12
1416,4250,UMI,270.0,43.75891,-79.32126,100.0,44.142,44.1,477,170.02,170.02
1417,4251,UMI,30.0,43.75891,-79.31455,100.0,54.348,54.3,502,217.29,217.29
1417,4252,UMI,150.0,43.75891,-79.31455,100.0,45.486,45.5,490,191.21,191.21
1417,4253,UMI,270.0,43.75891,-79.31455,100.0,58.025,58.0,550,217.59,217.59
1418,4254,UMI,30.0,43.75891,-79.30784,100.0,54.744,54.7,506,206.7,206.7
1418,4255,UMI,150.0,43.75891,-79.30784,100.0,58.357,58.4,514,219.16,219.16
1418,4256,UMI,270.0,43.75891,-79.30784,100.0,62.827,62.8,581,231.94,231.94
1419,4257,UMI,30.0,43.75891,-79.30113,100.0,48.907,48.9,397,170.86,170.86
1419,4258,UMI,150.0,43.75891,-79.30113,100.0,55.294,55.3,442,194.02,194.02
1419,4259,UMI,270.0,43.75891,-79.30113,100.0,43.979,44.0,455,179.9,179.9
1420,4260,UMI,30.0,43.75891,-79.29442,100.0,36.508,36.5,361,138.55,138.55
1420,4261,UMI,150.0,43.75891,-79.29442,100.0,48.571,48.6,441,176.8,176.8
1420,4262,UMI,270.0,43.75891,-79.29442,100.0,33.342,33.3,339,129.42,129.42
1421,4263,UMI,30.0,43.75891,-79.28772,100.0,42.457,42.5,430,151.16,151.16
1421,4264,UMI,150.0,43.75891,-79.28772,100.0,46.831,46.8,487,187.92,187.92
1421,4265,UMI,270.0,43.75891,-79.28772,100.0,48.584,48.6,411,178.23,178.23
1422,4266,UMI,30.0,43.75891,-79.28101,100.0,45.395,45.4,419,181.69,181.69
1422,4267,UMI,150.0,43.75891,-79.28101,100.0,40.749,40.7,430,163.55,163.55
1422,4268,UMI,270.0,43.75891,-79.28101,100.0,44.627,44.6,470,189.09,189.09
1423,4269,UMI,30.0,43.75891,-79.2743,100.0,45.08,45.1,369,139.36,139.36
1423,4270,UMI,150.0,43.75891,-79.2743,100.0,34.206,34.2,368,132.18,132.18
1423,4271,UMI,270.0,43.75891,-79.2743,100.0,37.505,37.5,394,166.01,166.01
1424,4272,UMI,30.0,43.75891,-79.26759,100.0,48.31,48.3,480,188.85,188.85
1424,4273,UMI,150.0,43.75891,-79.26759,100.0,37.898,37.9,412,158.4,158.4
1424,4274,UMI,270.0,43.75891,-79.26759,100.0,44.055,44.1,369,166.76,166.76
1425,4275,UMI,30.0,43.75891,-79.26088,100.0,43.64,43.6,447,164.06,164.06
1425,4276,UMI,150.0,43.75891,-79.26088,100.0,49.252,49.3,451,182.64,182.64
1425,4277,UMI,270.0,43.75891,-79.26088,100.0,47.551,47.6,453,181.8,181.8
1426,4278,UMI,30.0,43.75891,-79.25418,100.0,37.597,37.6,421,154.9,154.9
1426,4279,UMI,150.0,43.75891,-79.25418,100.0,46.818,46.8,409,168.73,168.73
1426,4280,UMI,270.0,43.75891,-79.25418,100.0,43.423,43.4,417,162.41,162.41
1427,4281,UMI,30.0,43.75891,-79.24747,100.0,48.396,48.4,454,182.6,182.6
1427,4282,UMI,150.0,43.75891,-79.24747,100.0,47.013,47.0,441,180.06,180.06
1427,4283,UMI,270.0,43.75891,-79.24747,100.0,41.582,41.6,422,161.18,161.18
1428,4284,UMI,30.0,43.75891,-79.24076,100.0,50.293,50.3,509,196.37,196.37
1428,4285,UMI,150.0,43.75891,-79.24076,100.0,43.344,43.3,488,186.85,186.85
1428,4286,UMI,270.0,43.75891,-79.24076,100.0,56.642,56.6,502,196.01,196.01
1429,4287,UMI,30.0,43.75891,-79.23405,100.0,55.44,55.4,523,201.52,201.52
1429,4288,UMI,150.0,43.75891,-79.23405,100.0,51.068,51.1,496,196.36,196.36
1429,4289,UMI,270.0,43.75891,-79.23405,100.0,53.062,53.1,494,200.42,200.42
1430,4290,UMI,30.0,43.75891,-79.22734,100.0,41.392,41.4,403,166.53,166.53
1430,4291,UMI,150.0,43.75891,-79.22734,100.0,40.769,40.8,381,144.88,144.88
1430,4292,UMI,270.0,43.75891,-79.22734,100.0,53.566,53.6,426,175.85,175.85
1431,4293,UMI,30.0,43.75891,-79.22063,100.0,44.346,44.3,433,168.26,168.26
1431,4294,UMI,150.0,43.75891,-79.22063,100.0,36.785,36.8,377,144.44,144.44
1431,4295,UMI,270.0,43.75891,-79.22063,100.0,42.849,42.8,424,168.75,168.75
1432,4296,UMI,30.0,43.75891,-79.21393,100.0,42.741,42.7,424,163.73,163.73
1432,4297,UMI,150.0,43.75891,-79.21393,100.0,43.221,43.2,364,151.19,151.19
1432,4298,UMI,270.0,43.75891,-79.21393,100.0,48.659,48.7,426,186.63,186.63
1433,4299,UMI,30.0,43.75891,-79.20722,100.0,46.588,46.6,349,144.21,144.21
1433,4300,UMI,150.0,43.75891,-79.20722,100.0,27.682,27.7,296,120.92,120.92
1433,4301,UMI,270.0,43.75891,-79.20722,100.0,34.974,35.0,362,134.18,134.18
1434,4302,UMI,30.0,43.75891,-79.20051,100.0,40.515,40.5,391,159.28,159.28
1434,4303,UMI,150.0,43.75891,-79.20051,100.0,44.431,44.4,381,155.97,155.97
1434,4304,UMI,270.0,43.75891,-79.20051,100.0,25.853,25.9,270,106.48,106.48
1435,4305,UMI,30.0,43.75891,-79.1938,100.0,47.926,47.9,468,183.03,183.03
1435,4306,UMI,150.0,43.75891,-79.1938,100.0,57.453,57.5,438,207.85,207.85
1435,4307,UMI,270.0,43.75891,-79.1938,100.0,36.038,36.0,348,134.01,134.01
1436,4308,UMI,30.0,43.75891,-79.18709,100.0,41.353,41.4,467,179.07,179.07
1436,4309,UMI,150.0,43.75891,-79.18709,100.0,39.705,39.7,418,148.8,148.8
1436,4310,UMI,270.0,43.75891,-79.18709,100.0,41.25,41.3,434,162.96,162.96
1437,4311,UMI,30.0,43.75891,-79.18039,100.0,41.668,41.7,435,166.55,166.55
1437,4312,UMI,150.0,43.75891,-79.18039,100.0,40.492,40.5,369,150.09,150.09
1437,4313,UMI,270.0,43.75891,-79.18039,100.0,39.227,39.2,426,162.37,162.37
1438,4314,UMI,30.0,43.75891,-79.17368,100.0,27.875,27.9,258,113.98,113.98
1438,4315,UMI,150.0,43.75891,-79.17368,100.0,21.788,21.8,218,90.96,90.96
1438,4316,UMI,270.0,43.75891,-79.17368,100.0,37.387,37.4,315,132.91,132.91
1439,4317,UMI,30.0,43.75891,-79.16697,100.0,14.37,14.4,144,61.66,61.66
1439,4318,UMI,150.0,43.75891,-79.16697,100.0,11.396,11.4,102,39.67,39.67
1439,4319,UMI,270.0,43.75891,-79.16697,100.0,16.042,16.0,173,69.46,69.46
1440,4320,UMI,30.0,43.75891,-79.16026,100.0,8.894,8.9,97,36.14,36.14
1440,4321,UMI,150.0,43.75891,-79.16026,100.0,8.106,8.1,52,21.36,21.36
1440,4322,UMI,270.0,43.75891,-79.16026,100.0,7.299,7.3,84,32.17,32.17
1441,4323,UMI,30.0,43.76311,-79.60635,100.0,6.322,6.3,59,26.79,26.79
1441,4324,UMI,150.0,43.76311,-79.60635,100.0,8.616,8.6,82,33.58,33.58
1441,4325,UMI,270.0,43.76311,-79.60635,100.0,6.714,6.7,63,23.18,23.18
1442,4326,UMI,30.0,43.76311,-79.59965,100.0,8.139,8.1,88,30.77,30.77
1442,4327,UMI,150.0,43.76311,-79.59965,100.0,12.35,12.4,122,45.25,45.25
1442,4328,UMI,270.0,43.76311,-79.59965,100.0,8.454,8.5,91,33.2,33.2
1443,4329,UMI,30.0,43.76311,-79.59294,100.0,7.107,7.1,67,29.78,29.78
1443,4330,UMI,150.0,43.76311,-79.59294,100.0,12.543,12.5,126,50.06,50.06
1443,4331,UMI,270.0,43.76311,-79.59294,100.0,12.862,12.9,103,43.25,43.25
1444,4332,UMI,30.0,43.76311,-79.58623,100.0,4.882,4.9,76,21.55,21.55
1444,4333,UMI,150.0,43.76311,-79.58623,100.0,11.7,11.7,128,49.16,49.16
1444,4334,UMI,270.0,43.76311,-79.58623,100.0,12.536,12.5,99,41.73,41.73
1445,4335,UMI,30.0,43.76311,-79.57952,100.0,13.515,13.5,125,50.46,50.46
1445,4336,UMI,150.0,43.76311,-79.57952,100.0,13.715,13.7,171,54.67,54.67
1445,4337,UMI,270.0,43.76311,-79.57952,100.0,14.811,14.8,112,51.69,51.69
1446,4338,UMI,30.0,43.76311,-79.57281,100.0,23.125,23.1,256,90.12,90.12
1446,4339,UMI,150.0,43.76311,-79.57281,100.0,29.822,29.8,304,110.14,110.14
1446,4340,UMI,270.0,43.76311,-79.57281,100.0,18.6,18.6,210,77.58,77.58
1447,4341,UMI,30.0,43.76311,-79.5661,100.0,23.178,23.2,219,85.68,85.68
1447,4342,UMI,150.0,43.76311,-79.5661,100.0,20.716,20.7,240,94.38,94.38
1447,4343,UMI,270.0,43.76311,-79.5661,100.0,30.118,30.1,297,126.78,126.78
1448,4344,UMI,30.0,43.76311,-79.5594,100.0,20.654,20.7,167,64.0,64.0
1448,4345,UMI,150.0,43.76311,-79.5594,100.0,23.69,23.7,204,82.27,82.27
1448,4346,UMI,270.0,43.76311,-79.5594,100.0,16.947,16.9,194,64.87,64.87
1449,4347,UMI,30.0,43.76311,-79.55269,100.0,22.952,23.0,152,71.53,71.53
1449,4348,UMI,150.0,43.76311,-79.55269,100.0,19.038,19.0,177,77.4,77.4
1449,4349,UMI,270.0,43.76311,-79.55269,100.0,16.641,16.6,172,62.8,62.8
1450,4350,UMI,30.0,43.76311,-79.54598,100.0,16.253,16.3,147,66.85,66.85
1450,4351,UMI,150.0,43.76311,-79.54598,100.0,19.079,19.1,141,68.04,68.04
1450,4352,UMI,270.0,43.76311,-79.54598,100.0,13.108,13.1,142,50.95,50.95
1451,4353,UMI,30.0,43.76311,-79.53927,100.0,17.867,17.9,162,70.11,70.11
1451,4354,UMI,150.0,43.76311,-79.53927,100.0,12.645,12.6,124,43.76,43.76
1451,4355,UMI,270.0,43.76311,-79.53927,100.0,13.327,13.3,161,61.26,61.26
1452,4356,UMI,30.0,43.76311,-79.53256,100.0,22.657,22.7,222,84.34,84.34
1452,4357,UMI,150.0,43.76311,-79.53256,100.0,21.179,21.2,195,83.96,83.96
1452,4358,UMI,270.0,43.76311,-79.53256,100.0,14.172,14.2,138,56.23,56.23
1453,4359,UMI,30.0,43.76311,-79.52586,100.0,28.225,28.2,299,102.54,102.54
1453,4360,UMI,150.0,43.76311,-79.52586,100.0,27.237,27.2,289,106.39,106.39
1453,4361,UMI,270.0,43.76311,-79.52586,100.0,37.125,37.1,301,139.05,139.05
1454,4362,UMI,30.0,43.76311,-79.51915,100.0,30.472,30.5,313,118.39,118.39
1454,4363,UMI,150.0,43.76311,-79.51915,100.0,28.543,28.5,320,119.34,119.34
1454,4364,UMI,270.0,43.76311,-79.51915,100.0,35.918,35.9,319,128.64,128.64
1455,4365,UMI,30.0,43.76311,-79.51244,100.0,30.209,30.2,299,112.7,112.7
1455,4366,UMI,150.0,43.76311,-79.51244,100.0,25.131,25.1,280,95.08,95.08
1455,4367,UMI,270.0,43.76311,-79.51244,100.0,29.32,29.3,293,113.64,113.64
1456,4368,UMI,30.0,43.76311,-79.50573,100.0,28.273,28.3,272,110.29,110.29
1456,4369,UMI,150.0,43.76311,-79.50573,100.0,35.52,35.5,315,123.54,123.54
1456,4370,UMI,270.0,43.76311,-79.50573,100.0,30.68,30.7,272,115.02,115.02
1457,4371,UMI,30.0,43.76311,-79.49902,100.0,31.331,31.3,325,122.53,122.53
1457,4372,UMI,150.0,43.76311,-79.49902,100.0,32.346,32.3,339,128.93,128.93
1457,4373,UMI,270.0,43.76311,-79.49902,100.0,26.18,26.2,312,115.63,115.63
1458,4374,UMI,30.0,43.76311,-79.49231,100.0,23.704,23.7,249,101.93,101.93
1458,4375,UMI,150.0,43.76311,-79.49231,100.0,32.101,32.1,301,120.24,120.24
1458,4376,UMI,270.0,43.76311,-79.49231,100.0,37.482,37.5,365,134.07,134.07
1459,4377,UMI,30.0,43.76311,-79.48561,100.0,15.693,15.7,186,66.72,66.72
1459,4378,UMI,150.0,43.76311,-79.48561,100.0,23.046,23.0,211,84.25,84.25
1459,4379,UMI,270.0,43.76311,-79.48561,100.0,33.013,33.0,254,110.46,110.46
1460,4380,UMI,30.0,43.76311,-79.4789,100.0,18.138,18.1,158,72.55,72.55
1460,4381,UMI,150.0,43.76311,-79.4789,100.0,15.97,16.0,178,65.04,65.04
1460,4382,UMI,270.0,43.76311,-79.4789,100.0,19.556,19.6,175,84.18,84.18
1461,4383,UMI,30.0,43.76311,-79.47219,100.0,17.752,17.8,192,75.28,75.28
1461,4384,UMI,150.0,43.76311,-79.47219,100.0,13.783,13.8,158,52.75,52.75
1461,4385,UMI,270.0,43.76311,-79.47219,100.0,21.15,21.1,170,72.93,72.93
1462,4386,UMI,30.0,43.76311,-79.46548,100.0,29.064,29.1,297,112.17,112.17
1462,4387,UMI,150.0,43.76311,-79.46548,100.0,37.249,37.2,331,140.87,140.87
1462,4388,UMI,270.0,43.76311,-79.46548,100.0,24.874,24.9,235,98.52,98.52
1463,4389,UMI,30.0,43.76311,-79.45877,100.0,34.944,34.9,390,147.38,147.38
1463,4390,UMI,150.0,43.76311,-79.45877,100.0,46.096,46.1,429,176.4,176.4
1463,4391,UMI,270.0,43.76311,-79.45877,100.0,38.968,39.0,419,162.14,162.14
1464,4392,UMI,30.0,43.76311,-79.45207,100.0,34.537,34.5,340,144.04,144.04
1464,4393,UMI,150.0,43.76311,-79.45207,100.0,49.162,49.2,422,180.29,180.29
1464,4394,UMI,270.0,43.76311,-79.45207,100.0,41.257,41.3,416,165.98,165.98
1465,4395,UMI,30.0,43.76311,-79.44536,100.0,26.959,27.0,284,107.38,107.38
1465,4396,UMI,150.0,43.76311,-79.44536,100.0,33.791,33.8,330,128.81,128.81
1465,4397,UMI,270.0,43.76311,-79.44536,100.0,48.175,48.2,364,141.96,141.96
1466,4398,UMI,30.0,43.76311,-79.43865,100.0,32.335,32.3,319,122.68,122.68
1466,4399,UMI,150.0,43.76311,-79.43865,100.0,27.369,27.4,269,109.98,109.98
1466,4400,UMI,270.0,43.76311,-79.43865,100.0,33.593,33.6,302,115.46,115.46
1467,4401,UMI,30.0,43.76311,-79.43194,100.0,36.056,36.1,323,126.03,126.03
1467,4402,UMI,150.0,43.76311,-79.43194,100.0,31.951,32.0,284,124.18,124.18
1467,4403,UMI,270.0,43.76311,-79.43194,100.0,30.616,30.6,258,98.43,98.43
1468,4404,UMI,30.0,43.76311,-79.42523,100.0,30.533,30.5,331,125.72,125.72
1468,4405,UMI,150.0,43.76311,-79.42523,100.0,31.428,31.4,327,123.51,123.51
1468,4406,UMI,270.0,43.76311,-79.42523,100.0,29.242,29.2,320,120.85,120.85
1469,4407,UMI,30.0,43.76311,-79.41853,100.0,45.085,45.1,416,165.2,165.2
1469,4408,UMI,150.0,43.76311,-79.41853,100.0,40.618,40.6,409,153.37,153.37
1469,4409,UMI,270.0,43.76311,-79.41853,100.0,34.611,34.6,397,139.58,139.58
1470,4410,UMI,30.0,43.76311,-79.41182,100.0,36.967,37.0,439,144.91,144.91
1470,4411,UMI,150.0,43.76311,-79.41182,100.0,52.312,52.3,471,190.09,190.09
1470,4412,UMI,270.0,43.76311,-79.41182,100.0,40.001,40.0,442,155.73,155.73
1471,4413,UMI,30.0,43.76311,-79.40511,100.0,65.398,65.4,529,218.91,218.91
1471,4414,UMI,150.0,43.76311,-79.40511,100.0,66.198,66.2,534,220.12,220.12
1471,4415,UMI,270.0,43.76311,-79.40511,100.0,61.572,61.6,530,214.68,214.68
1472,4416,UMI,30.0,43.76311,-79.3984,100.0,61.693,61.7,573,227.18,227.18
1472,4417,UMI,150.0,43.76311,-79.3984,100.0,56.804,56.8,548,219.75,219.75
1472,4418,UMI,270.0,43.76311,-79.3984,100.0,54.504,54.5,564,225.56,225.56
1473,4419,UMI,30.0,43.76311,-79.39169,100.0,57.094,57.1,522,218.46,218.46
1473,4420,UMI,150.0,43.76311,-79.39169,100.0,56.181,56.2,479,197.29,197.29
1473,4421,UMI,270.0,43.76311,-79.39169,100.0,54.358,54.4,553,203.43,203.43
1474,4422,UMI,30.0,43.76311,-79.38498,100.0,48.12,48.1,418,161.21,161.21
1474,4423,UMI,150.0,43.76311,-79.38498,100.0,56.047,56.0,524,207.83,207.83
1474,4424,UMI,270.0,43.76311,-79.38498,100.0,42.571,42.6,443,172.83,172.83
1475,4425,UMI,30.0,43.76311,-79.37828,100.0,40.099,40.1,427,164.33,164.33
1475,4426,UMI,150.0,43.76311,-79.37828,100.0,52.222,52.2,487,193.05,193.05
1475,4427,UMI,270.0,43.76311,-79.37828,100.0,49.683,49.7,475,183.03,183.03
1476,4428,UMI,30.0,43.76311,-79.37157,100.0,51.452,51.5,433,185.11,185.11
1476,4429,UMI,150.0,43.76311,-79.37157,100.0,48.701,48.7,418,179.86,179.86
1476,4430,UMI,270.0,43.76311,-79.37157,100.0,45.621,45.6,451,174.06,174.06
1477,4431,UMI,30.0,43.76311,-79.36486,100.0,33.688,33.7,321,131.5,131.5
1477,4432,UMI,150.0,43.76311,-79.36486,100.0,39.906,39.9,375,149.7,149.7
1477,4433,UMI,270.0,43.76311,-79.36486,100.0,44.743,44.7,387,173.52,173.52
1478,4434,UMI,30.0,43.76311,-79.35815,100.0,24.694,24.7,242,89.63,89.63
1478,4435,UMI,150.0,43.76311,-79.35815,100.0,22.582,22.6,232,96.0,96.0
1478,4436,UMI,270.0,43.76311,-79.35815,100.0,25.553,25.6,254,99.73,99.73
1479,4437,UMI,30.0,43.76311,-79.35144,100.0,22.26,22.3,205,90.46,90.46
1479,4438,UMI,150.0,43.76311,-79.35144,100.0,22.082,22.1,226,90.36,90.36
1479,4439,UMI,270.0,43.76311,-79.35144,100.0,24.424,24.4,201,84.04,84.04
1480,4440,UMI,30.0,43.76311,-79.34474,100.0,29.727,29.7,268,113.34,113.34
1480,4441,UMI,150.0,43.76311,-79.34474,100.0,28.725,28.7,290,108.53,108.53
1480,4442,UMI,270.0,43.76311,-79.34474,100.0,28.299,28.3,275,109.16,109.16
1481,4443,UMI,30.0,43.76311,-79.33803,100.0,31.265,31.3,259,116.75,116.75
1481,4444,UMI,150.0,43.76311,-79.33803,100.0,28.289,28.3,321,128.3,128.3
1481,4445,UMI,270.0,43.76311,-79.33803,100.0,32.503,32.5,321,120.66,120.66
1482,4446,UMI,30.0,43.76311,-79.33132,100.0,40.819,40.8,383,154.28,154.28
1482,4447,UMI,150.0,43.76311,-79.33132,100.0,40.943,40.9,413,160.09,160.09
1482,4448,UMI,270.0,43.76311,-79.33132,100.0,33.133,33.1,363,133.63,133.63
1483,4449,UMI,30.0,43.76311,-79.32461,100.0,50.987,51.0,415,169.94,169.94
1483,4450,UMI,150.0,43.76311,-79.32461,100.0,48.781,48.8,469,191.86,191.86
1483,4451,UMI,270.0,43.76311,-79.32461,100.0,49.718,49.7,454,192.43,192.43
1484,4452,UMI,30.0,43.76311,-79.3179,100.0,46.943,46.9,461,183.38,183.38
1484,4453,UMI,150.0,43.76311,-79.3179,100.0,57.116,57.1,548,221.0,221.0
1484,4454,UMI,270.0,43.76311,-79.3179,100.0,53.352,53.4,473,200.26,200.26
1485,4455,UMI,30.0,43.76311,-79.31119,100.0,48.548,48.5,507,189.83,189.83
1485,4456,UMI,150.0,43.76311,-79.31119,100.0,46.672,46.7,527,178.51,178.51
1485,4457,UMI,270.0,43.76311,-79.31119,100.0,57.74,57.7,554,217.64,217.64
1486,4458,UMI,30.0,43.76311,-79.30449,100.0,50.348,50.3,476,194.28,194.28
1486,4459,UMI,150.0,43.76311,-79.30449,100.0,51.769,51.8,450,187.61,187.61
1486,4460,UMI,270.0,43.76311,-79.30449,100.0,51.501,51.5,508,204.26,204.26
1487,4461,UMI,30.0,43.76311,-79.29778,100.0,33.747,33.7,327,125.69,125.69
1487,4462,UMI,150.0,43.76311,-79.29778,100.0,38.503,38.5,354,143.61,143.61
1487,4463,UMI,270.0,43.76311,-79.29778,100.0,36.935,36.9,366,135.21,135.21
1488,4464,UMI,30.0,43.76311,-79.29107,100.0,36.031,36.0,408,146.74,146.74
1488,4465,UMI,150.0,43.76311,-79.29107,100.0,40.879,40.9,390,158.14,158.14
1488,4466,UMI,270.0,43.76311,-79.29107,100.0,36.387,36.4,334,140.74,140.74
1489,4467,UMI,30.0,43.76311,-79.28436,100.0,47.049,47.0,398,168.84,168.84
1489,4468,UMI,150.0,43.76311,-79.28436,100.0,47.525,47.5,440,183.1,183.1
1489,4469,UMI,270.0,43.76311,-79.28436,100.0,43.821,43.8,409,162.76,162.76
1490,4470,UMI,30.0,43.76311,-79.27765,100.0,31.132,31.1,313,110.06,110.06
1490,4471,UMI,150.0,43.76311,-79.27765,100.0,35.508,35.5,376,149.84,149.84
1490,4472,UMI,270.0,43.76311,-79.27765,100.0,34.183,34.2,389,141.75,141.75
1491,4473,UMI,30.0,43.76311,-79.27095,100.0,36.784,36.8,373,150.02,150.02
1491,4474,UMI,150.0,43.76311,-79.27095,100.0,41.552,41.6,415,158.37,158.37
1491,4475,UMI,270.0,43.76311,-79.27095,100.0,40.904,40.9,364,146.38,146.38
1492,4476,UMI,30.0,43.76311,-79.26424,100.0,43.947,43.9,419,160.42,160.42
1492,4477,UMI,150.0,43.76311,-79.26424,100.0,50.825,50.8,460,178.61,178.61
1492,4478,UMI,270.0,43.76311,-79.26424,100.0,50.341,50.3,467,191.11,191.11
1493,4479,UMI,30.0,43.76311,-79.25753,100.0,45.684,45.7,491,196.55,196.55
1493,4480,UMI,150.0,43.76311,-79.25753,100.0,46.551,46.6,452,172.66,172.66
1493,4481,UMI,270.0,43.76311,-79.25753,100.0,52.73,52.7,450,196.66,196.66
1494,4482,UMI,30.0,43.76311,-79.25082,100.0,55.426,55.4,511,209.57,209.57
1494,4483,UMI,150.0,43.76311,-79.25082,100.0,54.06,54.1,481,198.95,198.95
1494,4484,UMI,270.0,43.76311,-79.25082,100.0,51.08,51.1,473,184.79,184.79
1495,4485,UMI,30.0,43.76311,-79.24411,100.0,56.636,56.6,531,204.04,204.04
1495,4486,UMI,150.0,43.76311,-79.24411,100.0,49.412,49.4,504,206.27,206.27
1495,4487,UMI,270.0,43.76311,-79.24411,100.0,51.174,51.2,500,179.95,179.95
1496,4488,UMI,30.0,43.76311,-79.23741,100.0,51.08,51.1,492,200.74,200.74
1496,4489,UMI,150.0,43.76311,-79.23741,100.0,55.239,55.2,521,202.15,202.15
1496,4490,UMI,270.0,43.76311,-79.23741,100.0,60.139,60.1,537,213.12,213.12
1497,4491,UMI,30.0,43.76311,-79.2307,100.0,59.98,60.0,566,238.04,238.04
1497,4492,UMI,150.0,43.76311,-79.2307,100.0,54.253,54.3,486,202.38,202.38
1497,4493,UMI,270.0,43.76311,-79.2307,100.0,54.641,54.6,512,198.47,198.47
1498,4494,UMI,30.0,43.76311,-79.22399,100.0,51.943,51.9,493,184.16,184.16
1498,4495,UMI,150.0,43.76311,-79.22399,100.0,44.67,44.7,456,173.81,173.81
1498,4496,UMI,270.0,43.76311,-79.22399,100.0,57.898,57.9,530,206.73,206.73
1499,4497,UMI,30.0,43.76311,-79.21728,100.0,45.516,45.5,455,190.2,190.2
1499,4498,UMI,150.0,43.76311,-79.21728,100.0,34.396,34.4,435,141.38,141.38
1499,4499,UMI,270.0,43.76311,-79.21728,100.0,49.148,49.1,489,191.93,191.93
1500,4500,UMI,30.0,43.76311,-79.21057,100.0,42.157,42.2,361,151.23,151.23
1500,4501,UMI,150.0,43.76311,-79.21057,100.0,43.036,43.0,361,146.18,146.18
1500,4502,UMI,270.0,43.76311,-79.21057,100.0,40.231,40.2,435,148.36,148.36
1501,4503,UMI,30.0,43.76311,-79.20386,100.0,29.874,29.9,310,120.69,120.69
1501,4504,UMI,150.0,43.76311,-79.20386,100.0,28.736,28.7,261,102.86,102.86
1501,4505,UMI,270.0,43.76311,-79.20386,100.0,32.391,32.4,332,130.39,130.39
1502,4506,UMI,30.0,43.76311,-79.19716,100.0,37.802,37.8,397,154.17,154.17
1502,4507,UMI,150.0,43.76311,-79.19716,100.0,45.776,45.8,413,168.32,168.32
1502,4508,UMI,270.0,43.76311,-79.19716,100.0,35.903,35.9,355,139.18,139.18
1503,4509,UMI,30.0,43.76311,-79.19045,100.0,49.875,49.9,470,193.95,193.95
1503,4510,UMI,150.0,43.76311,-79.19045,100.0,48.446,48.4,487,191.25,191.25
1503,4511,UMI,270.0,43.76311,-79.19045,100.0,48.318,48.3,440,179.11,179.11
1504,4512,UMI,30.0,43.76311,-79.18374,100.0,51.109,51.1,469,179.69,179.69
1504,4513,UMI,150.0,43.76311,-79.18374,100.0,47.83,47.8,500,199.0,199.0
1504,4514,UMI,270.0,43.76311,-79.18374,100.0,57.458,57.5,515,203.56,203.56
1505,4515,UMI,30.0,43.76311,-79.17703,100.0,39.519,39.5,416,153.99,153.99
1505,4516,UMI,150.0,43.76311,-79.17703,100.0,41.721,41.7,395,145.98,145.98
1505,4517,UMI,270.0,43.76311,-79.17703,100.0,46.853,46.9,433,166.57,166.57
1506,4518,UMI,30.0,43.76311,-79.17032,100.0,22.418,22.4,231,85.46,85.46
1506,4519,UMI,150.0,43.76311,-79.17032,100.0,23.115,23.1,208,84.54,84.54
1506,4520,UMI,270.0,43.76311,-79.17032,100.0,29.884,29.9,304,106.87,106.87
1507,4521,UMI,30.0,43.76311,-79.16362,100.0,16.997,17.0,178,69.89,69.89
1507,4522,UMI,150.0,43.76311,-79.16362,100.0,13.967,14.0,141,63.52,63.52
1507,4523,UMI,270.0,43.76311,-79.16362,100.0,17.284,17.3,183,72.81,72.81
1508,4524,UMI,30.0,43.76311,-79.15691,100.0,10.798,10.8,110,45.04,45.04
1508,4525,UMI,150.0,43.76311,-79.15691,100.0,9.694,9.7,80,39.63,39.63
1508,4526,UMI,270.0,43.76311,-79.15691,100.0,12.843,12.8,115,49.02,49.02
1509,4527,UMI,30.0,43.76311,-79.1502,100.0,6.689,6.7,64,26.17,26.17
1509,4528,UMI,150.0,43.76311,-79.1502,100.0,3.138,3.1,41,13.61,13.61
1509,4529,UMI,270.0,43.76311,-79.1502,100.0,10.155,10.2,87,42.32,42.32
1510,4530,UMI,30.0,43.7673,-79.60971,100.0,7.185,7.2,63,22.81,22.81
1510,4531,UMI,150.0,43.7673,-79.60971,100.0,7.279,7.3,53,30.61,30.61
1510,4532,UMI,270.0,43.7673,-79.60971,100.0,4.98,5.0,59,19.85,19.85
1511,4533,UMI,30.0,43.7673,-79.603,100.0,6.605,6.6,56,24.56,24.56
1511,4534,UMI,150.0,43.7673,-79.603,100.0,8.011,8.0,71,39.09,39.09
1511,4535,UMI,270.0,43.7673,-79.603,100.0,6.347,6.3,70,26.78,26.78
1512,4536,UMI,30.0,43.7673,-79.59629,100.0,9.445,9.4,63,28.51,28.51
1512,4537,UMI,150.0,43.7673,-79.59629,100.0,8.171,8.2,75,33.21,33.21
1512,4538,UMI,270.0,43.7673,-79.59629,100.0,6.608,6.6,59,22.75,22.75
1513,4539,UMI,30.0,43.7673,-79.58287,100.0,6.66,6.7,65,26.26,26.26
1513,4540,UMI,150.0,43.7673,-79.58287,100.0,6.743,6.7,76,30.44,30.44
1513,4541,UMI,270.0,43.7673,-79.58287,100.0,6.949,6.9,60,22.38,22.38
1514,4542,UMI,30.0,43.7673,-79.57617,100.0,14.373,14.4,146,55.84,55.84
1514,4543,UMI,150.0,43.7673,-79.57617,100.0,14.541,14.5,149,58.69,58.69
1514,4544,UMI,270.0,43.7673,-79.57617,100.0,19.596,19.6,130,58.08,58.08
1515,4545,UMI,30.0,43.7673,-79.56946,100.0,13.125,13.1,142,53.11,53.11
1515,4546,UMI,150.0,43.7673,-79.56946,100.0,21.478,21.5,207,78.39,78.39
1515,4547,UMI,270.0,43.7673,-79.56946,100.0,14.636,14.6,162,62.67,62.67
1516,4548,UMI,30.0,43.7673,-79.56275,100.0,15.147,15.1,111,45.64,45.64
1516,4549,UMI,150.0,43.7673,-79.56275,100.0,19.014,19.0,170,75.49,75.49
1516,4550,UMI,270.0,43.7673,-79.56275,100.0,15.958,16.0,173,59.24,59.24
1517,4551,UMI,30.0,43.7673,-79.55604,100.0,17.515,17.5,130,54.23,54.23
1517,4552,UMI,150.0,43.7673,-79.55604,100.0,21.257,21.3,174,80.08,80.08
1517,4553,UMI,270.0,43.7673,-79.55604,100.0,14.671,14.7,145,52.75,52.75
1518,4554,UMI,30.0,43.7673,-79.54933,100.0,17.119,17.1,143,59.32,59.32
1518,4555,UMI,150.0,43.7673,-79.54933,100.0,19.128,19.1,137,62.87,62.87
1518,4556,UMI,270.0,43.7673,-79.54933,100.0,17.452,17.5,161,63.19,63.19
1519,4557,UMI,30.0,43.7673,-79.54263,100.0,11.167,11.2,127,46.41,46.41
1519,4558,UMI,150.0,43.7673,-79.54263,100.0,15.898,15.9,148,56.53,56.53
1519,4559,UMI,270.0,43.7673,-79.54263,100.0,13.288,13.3,120,42.26,42.26
1520,4560,UMI,30.0,43.7673,-79.53592,100.0,15.521,15.5,170,65.54,65.54
1520,4561,UMI,150.0,43.7673,-79.53592,100.0,15.008,15.0,158,63.72,63.72
1520,4562,UMI,270.0,43.7673,-79.53592,100.0,13.776,13.8,140,57.62,57.62
1521,4563,UMI,30.0,43.7673,-79.52921,100.0,32.303,32.3,325,128.19,128.19
1521,4564,UMI,150.0,43.7673,-79.52921,100.0,27.9,27.9,274,108.79,108.79
1521,4565,UMI,270.0,43.7673,-79.52921,100.0,19.69,19.7,209,84.09,84.09
1522,4566,UMI,30.0,43.7673,-79.5225,100.0,28.197,28.2,306,126.98,126.98
1522,4567,UMI,150.0,43.7673,-79.5225,100.0,32.772,32.8,330,129.97,129.97
1522,4568,UMI,270.0,43.7673,-79.5225,100.0,37.932,37.9,355,144.03,144.03
1523,4569,UMI,30.0,43.7673,-79.51579,100.0,32.428,32.4,244,111.37,111.37
1523,4570,UMI,150.0,43.7673,-79.51579,100.0,37.685,37.7,287,122.88,122.88
1523,4571,UMI,270.0,43.7673,-79.51579,100.0,34.164,34.2,285,117.97,117.97
1524,4572,UMI,30.0,43.7673,-79.50909,100.0,27.941,27.9,223,104.16,104.16
1524,4573,UMI,150.0,43.7673,-79.50909,100.0,25.866,25.9,241,102.47,102.47
1524,4574,UMI,270.0,43.7673,-79.50909,100.0,31.211,31.2,255,93.65,93.65
1525,4575,UMI,30.0,43.7673,-79.50238,100.0,26.412,26.4,309,114.41,114.41
1525,4576,UMI,150.0,43.7673,-79.50238,100.0,32.106,32.1,337,127.47,127.47
1525,4577,UMI,270.0,43.7673,-79.50238,100.0,24.877,24.9,305,104.64,104.64
1526,4578,UMI,30.0,43.7673,-79.49567,100.0,26.112,26.1,265,112.39,112.39
1526,4579,UMI,150.0,43.7673,-79.49567,100.0,27.204,27.2,275,103.56,103.56
1526,4580,UMI,270.0,43.7673,-79.49567,100.0,29.47,29.5,295,118.65,118.65
1527,4581,UMI,30.0,43.7673,-79.48896,100.0,15.394,15.4,206,71.05,71.05
1527,4582,UMI,150.0,43.7673,-79.48896,100.0,31.826,31.8,216,95.88,95.88
1527,4583,UMI,270.0,43.7673,-79.48896,100.0,26.635,26.6,224,87.18,87.18
1528,4584,UMI,30.0,43.7673,-79.48225,100.0,12.877,12.9,138,52.92,52.92
1528,4585,UMI,150.0,43.7673,-79.48225,100.0,16.693,16.7,182,75.57,75.57
1528,4586,UMI,270.0,43.7673,-79.48225,100.0,17.858,17.9,175,74.07,74.07
1529,4587,UMI,30.0,43.7673,-79.47554,100.0,17.113,17.1,152,58.71,58.71
1529,4588,UMI,150.0,43.7673,-79.47554,100.0,17.843,17.8,178,68.82,68.82
1529,4589,UMI,270.0,43.7673,-79.47554,100.0,17.429,17.4,156,56.18,56.18
1530,4590,UMI,30.0,43.7673,-79.46884,100.0,22.483,22.5,163,69.67,69.67
1530,4591,UMI,150.0,43.7673,-79.46884,100.0,18.149,18.1,192,68.16,68.16
1530,4592,UMI,270.0,43.7673,-79.46884,100.0,14.641,14.6,144,54.52,54.52
1531,4593,UMI,30.0,43.7673,-79.46213,100.0,24.493,24.5,251,88.44,88.44
1531,4594,UMI,150.0,43.7673,-79.46213,100.0,46.103,46.1,349,143.53,143.53
1531,4595,UMI,270.0,43.7673,-79.46213,100.0,21.422,21.4,240,98.38,98.38
1532,4596,UMI,30.0,43.7673,-79.45542,100.0,28.96,29.0,314,128.29,128.29
1532,4597,UMI,150.0,43.7673,-79.45542,100.0,42.105,42.1,365,135.22,135.22
1532,4598,UMI,270.0,43.7673,-79.45542,100.0,34.435,34.4,324,115.96,115.96
1533,4599,UMI,30.0,43.7673,-79.44871,100.0,27.154,27.2,296,112.49,112.49
1533,4600,UMI,150.0,43.7673,-79.44871,100.0,36.129,36.1,301,125.18,125.18
1533,4601,UMI,270.0,43.7673,-79.44871,100.0,33.874,33.9,293,134.26,134.26
1534,4602,UMI,30.0,43.7673,-79.442,100.0,43.297,43.3,356,162.22,162.22
1534,4603,UMI,150.0,43.7673,-79.442,100.0,36.809,36.8,382,138.1,138.1
1534,4604,UMI,270.0,43.7673,-79.442,100.0,39.887,39.9,328,138.27,138.27
1535,4605,UMI,30.0,43.7673,-79.4353,100.0,56.595,56.6,454,193.77,193.77
1535,4606,UMI,150.0,43.7673,-79.4353,100.0,38.57,38.6,380,151.46,151.46
1535,4607,UMI,270.0,43.7673,-79.4353,100.0,42.089,42.1,403,164.38,164.38
1536,4608,UMI,30.0,43.7673,-79.42859,100.0,43.41,43.4,434,177.02,177.02
1536,4609,UMI,150.0,43.7673,-79.42859,100.0,41.531,41.5,414,148.92,148.92
1536,4610,UMI,270.0,43.7673,-79.42859,100.0,49.496,49.5,404,170.36,170.36
1537,4611,UMI,30.0,43.7673,-79.42188,100.0,52.585,52.6,469,178.37,178.37
1537,4612,UMI,150.0,43.7673,-79.42188,100.0,40.966,41.0,411,165.69,165.69
1537,4613,UMI,270.0,43.7673,-79.42188,100.0,42.253,42.3,409,165.79,165.79
1538,4614,UMI,30.0,43.7673,-79.41517,100.0,47.678,47.7,411,168.5,168.5
1538,4615,UMI,150.0,43.7673,-79.41517,100.0,45.564,45.6,457,185.16,185.16
1538,4616,UMI,270.0,43.7673,-79.41517,100.0,45.814,45.8,400,164.67,164.67
1539,4617,UMI,30.0,43.7673,-79.40846,100.0,54.8,54.8,559,200.76,200.76
1539,4618,UMI,150.0,43.7673,-79.40846,100.0,55.349,55.3,508,207.29,207.29
1539,4619,UMI,270.0,43.7673,-79.40846,100.0,43.299,43.3,501,187.27,187.27
1540,4620,UMI,30.0,43.7673,-79.40175,100.0,69.546,69.5,682,273.06,273.06
1540,4621,UMI,150.0,43.7673,-79.40175,100.0,61.414,61.4,576,227.2,227.2
1540,4622,UMI,270.0,43.7673,-79.40175,100.0,60.282,60.3,556,224.74,224.74
1541,4623,UMI,30.0,43.7673,-79.39505,100.0,63.11,63.1,577,236.79,236.79
1541,4624,UMI,150.0,43.7673,-79.39505,100.0,59.218,59.2,544,220.69,220.69
1541,4625,UMI,270.0,43.7673,-79.39505,100.0,58.464,58.5,606,222.68,222.68
1542,4626,UMI,30.0,43.7673,-79.38834,100.0,46.216,46.2,466,187.5,187.5
1542,4627,UMI,150.0,43.7673,-79.38834,100.0,60.583,60.6,515,216.67,216.67
1542,4628,UMI,270.0,43.7673,-79.38834,100.0,55.56,55.6,513,214.89,214.89
1543,4629,UMI,30.0,43.7673,-79.38163,100.0,47.185,47.2,485,184.43,184.43
1543,4630,UMI,150.0,43.7673,-79.38163,100.0,44.426,44.4,463,164.69,164.69
1543,4631,UMI,270.0,43.7673,-79.38163,100.0,48.057,48.1,478,177.79,177.79
1544,4632,UMI,30.0,43.7673,-79.37492,100.0,48.111,48.1,384,152.35,152.35
1544,4633,UMI,150.0,43.7673,-79.37492,100.0,49.046,49.0,443,171.9,171.9
1544,4634,UMI,270.0,43.7673,-79.37492,100.0,58.669,58.7,484,212.3,212.3
1545,4635,UMI,30.0,43.7673,-79.36821,100.0,33.551,33.6,346,134.82,134.82
1545,4636,UMI,150.0,43.7673,-79.36821,100.0,32.651,32.7,360,136.08,136.08
1545,4637,UMI,270.0,43.7673,-79.36821,100.0,41.672,41.7,374,166.61,166.61
1546,4638,UMI,30.0,43.7673,-79.36151,100.0,25.065,25.1,265,108.6,108.6
1546,4639,UMI,150.0,43.7673,-79.36151,100.0,34.733,34.7,273,122.95,122.95
1546,4640,UMI,270.0,43.7673,-79.36151,100.0,29.904,29.9,273,107.01,107.01
1547,4641,UMI,30.0,43.7673,-79.3548,100.0,28.864,28.9,307,112.73,112.73
1547,4642,UMI,150.0,43.7673,-79.3548,100.0,31.137,31.1,248,94.28,94.28
1547,4643,UMI,270.0,43.7673,-79.3548,100.0,27.896,27.9,247,103.03,103.03
1548,4644,UMI,30.0,43.7673,-79.34809,100.0,32.589,32.6,303,125.86,125.86
1548,4645,UMI,150.0,43.7673,-79.34809,100.0,20.799,20.8,243,82.57,82.57
1548,4646,UMI,270.0,43.7673,-79.34809,100.0,24.174,24.2,257,105.74,105.74
1549,4647,UMI,30.0,43.7673,-79.34138,100.0,31.823,31.8,261,106.5,106.5
1549,4648,UMI,150.0,43.7673,-79.34138,100.0,25.881,25.9,237,99.66,99.66
1549,4649,UMI,270.0,43.7673,-79.34138,100.0,31.295,31.3,245,110.59,110.59
1550,4650,UMI,30.0,43.7673,-79.33467,100.0,28.28,28.3,295,113.82,113.82
1550,4651,UMI,150.0,43.7673,-79.33467,100.0,27.895,27.9,318,112.84,112.84
1550,4652,UMI,270.0,43.7673,-79.33467,100.0,26.137,26.1,265,101.87,101.87
1551,4653,UMI,30.0,43.7673,-79.32797,100.0,35.846,35.8,366,139.81,139.81
1551,4654,UMI,150.0,43.7673,-79.32797,100.0,41.688,41.7,391,159.6,159.6
1551,4655,UMI,270.0,43.7673,-79.32797,100.0,31.78,31.8,342,125.6,125.6
1552,4656,UMI,30.0,43.7673,-79.32126,100.0,42.447,42.4,405,168.27,168.27
1552,4657,UMI,150.0,43.7673,-79.32126,100.0,39.97,40.0,438,166.22,166.22
1552,4658,UMI,270.0,43.7673,-79.32126,100.0,36.993,37.0,404,153.7,153.7
1553,4659,UMI,30.0,43.7673,-79.31455,100.0,50.752,50.8,474,196.78,196.78
1553,4660,UMI,150.0,43.7673,-79.31455,100.0,43.869,43.9,466,175.74,175.74
1553,4661,UMI,270.0,43.7673,-79.31455,100.0,47.854,47.9,454,172.0,172.0
1554,4662,UMI,30.0,43.7673,-79.30784,100.0,52.209,52.2,513,189.59,189.59
1554,4663,UMI,150.0,43.7673,-79.30784,100.0,50.757,50.8,526,202.42,202.42
1554,4664,UMI,270.0,43.7673,-79.30784,100.0,53.327,53.3,501,202.66,202.66
1555,4665,UMI,30.0,43.7673,-79.30113,100.0,40.323,40.3,395,146.68,146.68
1555,4666,UMI,150.0,43.7673,-79.30113,100.0,39.161,39.2,399,154.47,154.47
1555,4667,UMI,270.0,43.7673,-79.30113,100.0,44.827,44.8,413,166.06,166.06
1556,4668,UMI,30.0,43.7673,-79.29442,100.0,29.767,29.8,334,116.74,116.74
1556,4669,UMI,150.0,43.7673,-79.29442,100.0,30.6,30.6,330,132.95,132.95
1556,4670,UMI,270.0,43.7673,-79.29442,100.0,40.833,40.8,354,148.22,148.22
1557,4671,UMI,30.0,43.7673,-79.28772,100.0,40.945,40.9,369,159.11,159.11
1557,4672,UMI,150.0,43.7673,-79.28772,100.0,44.376,44.4,416,162.29,162.29
1557,4673,UMI,270.0,43.7673,-79.28772,100.0,32.359,32.4,343,126.9,126.9
1558,4674,UMI,30.0,43.7673,-79.28101,100.0,34.248,34.2,319,127.81,127.81
1558,4675,UMI,150.0,43.7673,-79.28101,100.0,41.14,41.1,339,123.62,123.62
1558,4676,UMI,270.0,43.7673,-79.28101,100.0,39.405,39.4,375,148.74,148.74
1559,4677,UMI,30.0,43.7673,-79.2743,100.0,32.604,32.6,305,131.08,131.08
1559,4678,UMI,150.0,43.7673,-79.2743,100.0,42.661,42.7,356,147.21,147.21
1559,4679,UMI,270.0,43.7673,-79.2743,100.0,32.869,32.9,300,119.19,119.19
1560,4680,UMI,30.0,43.7673,-79.26759,100.0,30.015,30.0,349,126.1,126.1
1560,4681,UMI,150.0,43.7673,-79.26759,100.0,37.836,37.8,401,146.88,146.88
1560,4682,UMI,270.0,43.7673,-79.26759,100.0,33.446,33.4,393,134.5,134.5
1561,4683,UMI,30.0,43.7673,-79.26088,100.0,52.733,52.7,452,192.43,192.43
1561,4684,UMI,150.0,43.7673,-79.26088,100.0,52.258,52.3,490,189.57,189.57
1561,4685,UMI,270.0,43.7673,-79.26088,100.0,42.343,42.3,407,160.97,160.97
1562,4686,UMI,30.0,43.7673,-79.25418,100.0,61.15,61.1,484,212.34,212.34
1562,4687,UMI,150.0,43.7673,-79.25418,100.0,45.659,45.7,502,203.31,203.31
1562,4688,UMI,270.0,43.7673,-79.25418,100.0,47.322,47.3,454,185.12,185.12
1563,4689,UMI,30.0,43.7673,-79.24747,100.0,52.306,52.3,543,204.95,204.95
1563,4690,UMI,150.0,43.7673,-79.24747,100.0,59.142,59.1,519,222.52,222.52
1563,4691,UMI,270.0,43.7673,-79.24747,100.0,55.33,55.3,542,204.53,204.53
1564,4692,UMI,30.0,43.7673,-79.24076,100.0,42.322,42.3,460,169.36,169.36
1564,4693,UMI,150.0,43.7673,-79.24076,100.0,57.62,57.6,522,215.92,215.92
1564,4694,UMI,270.0,43.7673,-79.24076,100.0,54.875,54.9,549,218.41,218.41
1565,4695,UMI,30.0,43.7673,-79.23405,100.0,45.832,45.8,475,174.06,174.06
1565,4696,UMI,150.0,43.7673,-79.23405,100.0,56.113,56.1,549,208.03,208.03
1565,4697,UMI,270.0,43.7673,-79.23405,100.0,54.85,54.8,517,202.08,202.08
1566,4698,UMI,30.0,43.7673,-79.22734,100.0,54.97,55.0,521,205.58,205.58
1566,4699,UMI,150.0,43.7673,-79.22734,100.0,68.366,68.4,525,217.8,217.8
1566,4700,UMI,270.0,43.7673,-79.22734,100.0,49.895,49.9,517,191.24,191.24
1567,4701,UMI,30.0,43.7673,-79.22063,100.0,58.5,58.5,507,204.89,204.89
1567,4702,UMI,150.0,43.7673,-79.22063,100.0,54.65,54.6,503,202.65,202.65
1567,4703,UMI,270.0,43.7673,-79.22063,100.0,58.125,58.1,532,228.57,228.57
1568,4704,UMI,30.0,43.7673,-79.21393,100.0,52.261,52.3,486,193.79,193.79
1568,4705,UMI,150.0,43.7673,-79.21393,100.0,49.745,49.7,474,192.42,192.42
1568,4706,UMI,270.0,43.7673,-79.21393,100.0,57.161,57.2,517,218.18,218.18
1569,4707,UMI,30.0,43.7673,-79.20722,100.0,35.076,35.1,306,126.46,126.46
1569,4708,UMI,150.0,43.7673,-79.20722,100.0,34.57,34.6,350,138.65,138.65
1569,4709,UMI,270.0,43.7673,-79.20722,100.0,39.969,40.0,417,149.32,149.32
1570,4710,UMI,30.0,43.7673,-79.20051,100.0,25.995,26.0,245,101.12,101.12
1570,4711,UMI,150.0,43.7673,-79.20051,100.0,24.975,25.0,305,107.99,107.99
1570,4712,UMI,270.0,43.7673,-79.20051,100.0,28.794,28.8,271,119.45,119.45
1571,4713,UMI,30.0,43.7673,-79.1938,100.0,39.384,39.4,376,159.08,159.08
1571,4714,UMI,150.0,43.7673,-79.1938,100.0,36.08,36.1,402,146.57,146.57
1571,4715,UMI,270.0,43.7673,-79.1938,100.0,34.253,34.3,338,125.3,125.3
1572,4716,UMI,30.0,43.7673,-79.18709,100.0,48.547,48.5,408,164.62,164.62
1572,4717,UMI,150.0,43.7673,-79.18709,100.0,42.919,42.9,462,171.48,171.48
1572,4718,UMI,270.0,43.7673,-79.18709,100.0,34.774,34.8,387,147.47,147.47
1573,4719,UMI,30.0,43.7673,-79.18039,100.0,52.488,52.5,425,180.88,180.88
1573,4720,UMI,150.0,43.7673,-79.18039,100.0,48.816,48.8,485,183.83,183.83
1573,4721,UMI,270.0,43.7673,-79.18039,100.0,45.521,45.5,439,182.4,182.4
1574,4722,UMI,30.0,43.7673,-79.17368,100.0,39.443,39.4,405,160.87,160.87
1574,4723,UMI,150.0,43.7673,-79.17368,100.0,39.734,39.7,366,147.62,147.62
1574,4724,UMI,270.0,43.7673,-79.17368,100.0,47.383,47.4,405,151.8,151.8
1575,4725,UMI,30.0,43.7673,-79.16697,100.0,31.544,31.5,291,120.84,120.84
1575,4726,UMI,150.0,43.7673,-79.16697,100.0,14.799,14.8,210,65.04,65.04
1575,4727,UMI,270.0,43.7673,-79.16697,100.0,33.007,33.0,315,117.38,117.38
1576,4728,UMI,30.0,43.7673,-79.16026,100.0,18.557,18.6,221,79.91,79.91
1576,4729,UMI,150.0,43.7673,-79.16026,100.0,18.856,18.9,170,75.38,75.38
1576,4730,UMI,270.0,43.7673,-79.16026,100.0,25.286,25.3,229,98.61,98.61
1577,4731,UMI,30.0,43.7673,-79.15355,100.0,15.715,15.7,154,54.19,54.19
1577,4732,UMI,150.0,43.7673,-79.15355,100.0,11.372,11.4,130,44.61,44.61
1577,4733,UMI,270.0,43.7673,-79.15355,100.0,17.483,17.5,164,62.4,62.4
1578,4734,UMI,30.0,43.7673,-79.14685,100.0,9.289,9.3,110,41.09,41.09
1578,4735,UMI,150.0,43.7673,-79.14685,100.0,8.136,8.1,66,26.76,26.76
1578,4736,UMI,270.0,43.7673,-79.14685,100.0,10.911,10.9,106,37.8,37.8
1579,4737,UMI,30.0,43.7673,-79.14014,100.0,7.515,7.5,74,27.68,27.68
1579,4738,UMI,150.0,43.7673,-79.14014,100.0,3.763,3.8,37,17.64,17.64
1579,4739,UMI,270.0,43.7673,-79.14014,100.0,6.272,6.3,66,28.71,28.71
1580,4740,UMI,30.0,43.7715,-79.61306,100.0,8.834,8.8,86,33.06,33.06
1580,4741,UMI,150.0,43.7715,-79.61306,100.0,8.221,8.2,69,33.77,33.77
1580,4742,UMI,270.0,43.7715,-79.61306,100.0,6.514,6.5,58,24.94,24.94
1581,4743,UMI,30.0,43.7715,-79.60635,100.0,10.003,10.0,116,38.07,38.07
1581,4744,UMI,150.0,43.7715,-79.60635,100.0,7.41,7.4,72,27.38,27.38
1581,4745,UMI,270.0,43.7715,-79.60635,100.0,8.913,8.9,83,36.86,36.86
1582,4746,UMI,30.0,43.7715,-79.59965,100.0,10.285,10.3,94,33.4,33.4
1582,4747,UMI,150.0,43.7715,-79.59965,100.0,8.276,8.3,71,33.36,33.36
1582,4748,UMI,270.0,43.7715,-79.59965,100.0,7.58,7.6,86,32.32,32.32
1583,4749,UMI,30.0,43.7715,-79.59294,100.0,8.986,9.0,103,38.03,38.03
1583,4750,UMI,150.0,43.7715,-79.59294,100.0,9.417,9.4,77,34.97,34.97
1583,4751,UMI,270.0,43.7715,-79.59294,100.0,7.831,7.8,87,31.42,31.42
1584,4752,UMI,30.0,43.7715,-79.58623,100.0,6.298,6.3,69,24.73,24.73
1584,4753,UMI,150.0,43.7715,-79.58623,100.0,9.376,9.4,62,29.55,29.55
1584,4754,UMI,270.0,43.7715,-79.58623,100.0,6.961,7.0,79,32.17,32.17
1585,4755,UMI,30.0,43.7715,-79.57281,100.0,12.607,12.6,130,58.06,58.06
1585,4756,UMI,150.0,43.7715,-79.57281,100.0,11.716,11.7,127,51.26,51.26
1585,4757,UMI,270.0,43.7715,-79.57281,100.0,11.329,11.3,130,48.35,48.35
1586,4758,UMI,30.0,43.7715,-79.5661,100.0,10.217,10.2,96,45.07,45.07
1586,4759,UMI,150.0,43.7715,-79.5661,100.0,10.474,10.5,120,40.79,40.79
1586,4760,UMI,270.0,43.7715,-79.5661,100.0,9.335,9.3,126,42.82,42.82
1587,4761,UMI,30.0,43.7715,-79.5594,100.0,11.605,11.6,107,41.53,41.53
1587,4762,UMI,150.0,43.7715,-79.5594,100.0,10.701,10.7,131,42.16,42.16
1587,4763,UMI,270.0,43.7715,-79.5594,100.0,9.396,9.4,115,38.0,38.0
1588,4764,UMI,30.0,43.7715,-79.55269,100.0,10.779,10.8,107,46.37,46.37
1588,4765,UMI,150.0,43.7715,-79.55269,100.0,11.78,11.8,123,45.35,45.35
1588,4766,UMI,270.0,43.7715,-79.55269,100.0,10.494,10.5,115,45.07,45.07
1589,4767,UMI,30.0,43.7715,-79.54598,100.0,7.82,7.8,90,30.32,30.32
1589,4768,UMI,150.0,43.7715,-79.54598,100.0,12.522,12.5,115,52.78,52.78
1589,4769,UMI,270.0,43.7715,-79.54598,100.0,11.464,11.5,98,39.93,39.93
1590,4770,UMI,30.0,43.7715,-79.53927,100.0,8.971,9.0,94,34.23,34.23
1590,4771,UMI,150.0,43.7715,-79.53927,100.0,14.452,14.5,132,59.82,59.82
1590,4772,UMI,270.0,43.7715,-79.53927,100.0,12.676,12.7,124,50.93,50.93
1591,4773,UMI,30.0,43.7715,-79.53256,100.0,18.318,18.3,175,64.52,64.52
1591,4774,UMI,150.0,43.7715,-79.53256,100.0,18.073,18.1,182,75.97,75.97
1591,4775,UMI,270.0,43.7715,-79.53256,100.0,14.22,14.2,121,49.62,49.62
1592,4776,UMI,30.0,43.7715,-79.52586,100.0,33.433,33.4,246,119.26,119.26
1592,4777,UMI,150.0,43.7715,-79.52586,100.0,36.429,36.4,288,117.44,117.44
1592,4778,UMI,270.0,43.7715,-79.52586,100.0,22.928,22.9,238,93.47,93.47
1593,4779,UMI,30.0,43.7715,-79.51915,100.0,19.909,19.9,191,79.19,79.19
1593,4780,UMI,150.0,43.7715,-79.51915,100.0,25.951,26.0,254,111.73,111.73
1593,4781,UMI,270.0,43.7715,-79.51915,100.0,23.372,23.4,234,97.83,97.83
1594,4782,UMI,30.0,43.7715,-79.51244,100.0,16.506,16.5,190,75.21,75.21
1594,4783,UMI,150.0,43.7715,-79.51244,100.0,21.184,21.2,220,88.16,88.16
1594,4784,UMI,270.0,43.7715,-79.51244,100.0,20.295,20.3,179,67.17,67.17
1595,4785,UMI,30.0,43.7715,-79.50573,100.0,20.967,21.0,161,75.95,75.95
1595,4786,UMI,150.0,43.7715,-79.50573,100.0,23.502,23.5,242,92.99,92.99
1595,4787,UMI,270.0,43.7715,-79.50573,100.0,19.349,19.3,191,73.84,73.84
1596,4788,UMI,30.0,43.7715,-79.49902,100.0,14.192,14.2,172,58.77,58.77
1596,4789,UMI,150.0,43.7715,-79.49902,100.0,23.842,23.8,259,101.03,101.03
1596,4790,UMI,270.0,43.7715,-79.49902,100.0,20.314,20.3,229,91.94,91.94
1597,4791,UMI,30.0,43.7715,-79.49231,100.0,17.188,17.2,158,66.96,66.96
1597,4792,UMI,150.0,43.7715,-79.49231,100.0,19.032,19.0,174,65.6,65.6
1597,4793,UMI,270.0,43.7715,-79.49231,100.0,16.149,16.1,159,67.93,67.93
1598,4794,UMI,30.0,43.7715,-79.48561,100.0,17.376,17.4,160,64.71,64.71
1598,4795,UMI,150.0,43.7715,-79.48561,100.0,14.606,14.6,129,58.14,58.14
1598,4796,UMI,270.0,43.7715,-79.48561,100.0,12.768,12.8,152,57.24,57.24
1599,4797,UMI,30.0,43.7715,-79.4789,100.0,18.393,18.4,175,73.54,73.54
1599,4798,UMI,150.0,43.7715,-79.4789,100.0,11.923,11.9,161,52.32,52.32
1599,4799,UMI,270.0,43.7715,-79.4789,100.0,23.956,24.0,173,75.33,75.33
1600,4800,UMI,30.0,43.7715,-79.47219,100.0,15.592,15.6,161,61.92,61.92
1600,4801,UMI,150.0,43.7715,-79.47219,100.0,13.746,13.7,150,57.57,57.57
1600,4802,UMI,270.0,43.7715,-79.47219,100.0,12.984,13.0,164,57.99,57.99
1601,4803,UMI,30.0,43.7715,-79.46548,100.0,13.308,13.3,135,53.49,53.49
1601,4804,UMI,150.0,43.7715,-79.46548,100.0,18.795,18.8,174,73.08,73.08
1601,4805,UMI,270.0,43.7715,-79.46548,100.0,16.265,16.3,155,64.68,64.68
1602,4806,UMI,30.0,43.7715,-79.45877,100.0,23.539,23.5,237,95.33,95.33
1602,4807,UMI,150.0,43.7715,-79.45877,100.0,20.963,21.0,238,80.87,80.87
1602,4808,UMI,270.0,43.7715,-79.45877,100.0,19.823,19.8,181,76.02,76.02
1603,4809,UMI,30.0,43.7715,-79.45207,100.0,25.849,25.8,277,100.22,100.22
1603,4810,UMI,150.0,43.7715,-79.45207,100.0,29.855,29.9,267,107.86,107.86
1603,4811,UMI,270.0,43.7715,-79.45207,100.0,23.228,23.2,248,85.58,85.58
1604,4812,UMI,30.0,43.7715,-79.44536,100.0,33.599,33.6,370,140.08,140.08
1604,4813,UMI,150.0,43.7715,-79.44536,100.0,36.246,36.2,339,125.64,125.64
1604,4814,UMI,270.0,43.7715,-79.44536,100.0,27.442,27.4,266,107.68,107.68
1605,4815,UMI,30.0,43.7715,-79.43865,100.0,42.77,42.8,461,171.43,171.43
1605,4816,UMI,150.0,43.7715,-79.43865,100.0,46.365,46.4,458,183.65,183.65
1605,4817,UMI,270.0,43.7715,-79.43865,100.0,36.432,36.4,383,141.49,141.49
1606,4818,UMI,30.0,43.7715,-79.43194,100.0,58.22,58.2,536,217.76,217.76
1606,4819,UMI,150.0,43.7715,-79.43194,100.0,48.258,48.3,468,184.14,184.14
1606,4820,UMI,270.0,43.7715,-79.43194,100.0,53.574,53.6,533,212.88,212.88
1607,4821,UMI,30.0,43.7715,-79.42523,100.0,58.49,58.5,548,217.94,217.94
1607,4822,UMI,150.0,43.7715,-79.42523,100.0,54.037,54.0,487,197.38,197.38
1607,4823,UMI,270.0,43.7715,-79.42523,100.0,55.156,55.2,506,206.99,206.99
1608,4824,UMI,30.0,43.7715,-79.41853,100.0,47.78,47.8,490,171.7,171.7
1608,4825,UMI,150.0,43.7715,-79.41853,100.0,53.327,53.3,487,212.8,212.8
1608,4826,UMI,270.0,43.7715,-79.41853,100.0,54.8,54.8,516,206.53,206.53
1609,4827,UMI,30.0,43.7715,-79.41182,100.0,55.834,55.8,551,221.04,221.04
1609,4828,UMI,150.0,43.7715,-79.41182,100.0,50.608,50.6,526,194.16,194.16
1609,4829,UMI,270.0,43.7715,-79.41182,100.0,46.86,46.9,494,197.58,197.58
1610,4830,UMI,30.0,43.7715,-79.40511,100.0,64.392,64.4,605,246.89,246.89
1610,4831,UMI,150.0,43.7715,-79.40511,100.0,55.042,55.0,601,225.43,225.43
1610,4832,UMI,270.0,43.7715,-79.40511,100.0,52.046,52.0,567,215.15,215.15
1611,4833,UMI,30.0,43.7715,-79.3984,100.0,65.17,65.2,613,238.95,238.95
1611,4834,UMI,150.0,43.7715,-79.3984,100.0,61.184,61.2,597,223.97,223.97
1611,4835,UMI,270.0,43.7715,-79.3984,100.0,67.245,67.2,650,265.87,265.87
1612,4836,UMI,30.0,43.7715,-79.39169,100.0,53.348,53.3,538,203.0,203.0
1612,4837,UMI,150.0,43.7715,-79.39169,100.0,53.751,53.8,501,201.72,201.72
1612,4838,UMI,270.0,43.7715,-79.39169,100.0,54.825,54.8,548,204.51,204.51
1613,4839,UMI,30.0,43.7715,-79.38498,100.0,43.773,43.8,491,175.33,175.33
1613,4840,UMI,150.0,43.7715,-79.38498,100.0,48.77,48.8,476,182.57,182.57
1613,4841,UMI,270.0,43.7715,-79.38498,100.0,49.8,49.8,448,187.15,187.15
1614,4842,UMI,30.0,43.7715,-79.37828,100.0,43.357,43.4,428,167.94,167.94
1614,4843,UMI,150.0,43.7715,-79.37828,100.0,41.598,41.6,432,161.91,161.91
1614,4844,UMI,270.0,43.7715,-79.37828,100.0,60.46,60.5,487,199.61,199.61
1615,4845,UMI,30.0,43.7715,-79.37157,100.0,41.667,41.7,374,148.89,148.89
1615,4846,UMI,150.0,43.7715,-79.37157,100.0,38.811,38.8,384,148.89,148.89
1615,4847,UMI,270.0,43.7715,-79.37157,100.0,32.112,32.1,373,129.03,129.03
1616,4848,UMI,30.0,43.7715,-79.36486,100.0,33.629,33.6,354,149.24,149.24
1616,4849,UMI,150.0,43.7715,-79.36486,100.0,29.8,29.8,295,111.91,111.91
1616,4850,UMI,270.0,43.7715,-79.36486,100.0,35.702,35.7,351,135.27,135.27
1617,4851,UMI,30.0,43.7715,-79.35815,100.0,38.577,38.6,389,157.16,157.16
1617,4852,UMI,150.0,43.7715,-79.35815,100.0,34.297,34.3,327,136.55,136.55
1617,4853,UMI,270.0,43.7715,-79.35815,100.0,32.722,32.7,337,124.85,124.85
1618,4854,UMI,30.0,43.7715,-79.35144,100.0,39.194,39.2,401,153.81,153.81
1618,4855,UMI,150.0,43.7715,-79.35144,100.0,34.592,34.6,349,136.58,136.58
1618,4856,UMI,270.0,43.7715,-79.35144,100.0,37.321,37.3,384,146.4,146.4
1619,4857,UMI,30.0,43.7715,-79.34474,100.0,40.043,40.0,342,143.04,143.04
1619,4858,UMI,150.0,43.7715,-79.34474,100.0,28.541,28.5,283,109.92,109.92
1619,4859,UMI,270.0,43.7715,-79.34474,100.0,36.192,36.2,334,131.94,131.94
1620,4860,UMI,30.0,43.7715,-79.33803,100.0,32.367,32.4,289,126.59,126.59
1620,4861,UMI,150.0,43.7715,-79.33803,100.0,27.025,27.0,270,114.64,114.64
1620,4862,UMI,270.0,43.7715,-79.33803,100.0,26.421,26.4,274,103.06,103.06
1621,4863,UMI,30.0,43.7715,-79.33132,100.0,33.145,33.1,334,138.3,138.3
1621,4864,UMI,150.0,43.7715,-79.33132,100.0,33.03,33.0,320,134.94,134.94
1621,4865,UMI,270.0,43.7715,-79.33132,100.0,30.733,30.7,306,118.05,118.05
1622,4866,UMI,30.0,43.7715,-79.32461,100.0,40.023,40.0,385,151.98,151.98
1622,4867,UMI,150.0,43.7715,-79.32461,100.0,40.471,40.5,407,155.72,155.72
1622,4868,UMI,270.0,43.7715,-79.32461,100.0,40.562,40.6,360,144.79,144.79
1623,4869,UMI,30.0,43.7715,-79.3179,100.0,56.909,56.9,505,187.29,187.29
1623,4870,UMI,150.0,43.7715,-79.3179,100.0,45.59,45.6,433,159.37,159.37
1623,4871,UMI,270.0,43.7715,-79.3179,100.0,43.194,43.2,412,166.8,166.8
1624,4872,UMI,30.0,43.7715,-79.31119,100.0,54.442,54.4,550,223.35,223.35
1624,4873,UMI,150.0,43.7715,-79.31119,100.0,49.759,49.8,492,177.86,177.86
1624,4874,UMI,270.0,43.7715,-79.31119,100.0,49.095,49.1,512,184.48,184.48
1625,4875,UMI,30.0,43.7715,-79.30449,100.0,54.76,54.8,492,198.82,198.82
1625,4876,UMI,150.0,43.7715,-79.30449,100.0,43.943,43.9,440,170.66,170.66
1625,4877,UMI,270.0,43.7715,-79.30449,100.0,61.089,61.1,533,213.69,213.69
1626,4878,UMI,30.0,43.7715,-79.29778,100.0,45.75,45.7,423,170.15,170.15
1626,4879,UMI,150.0,43.7715,-79.29778,100.0,34.152,34.2,345,134.69,134.69
1626,4880,UMI,270.0,43.7715,-79.29778,100.0,51.873,51.9,444,172.51,172.51
1627,4881,UMI,30.0,43.7715,-79.29107,100.0,32.424,32.4,322,133.37,133.37
1627,4882,UMI,150.0,43.7715,-79.29107,100.0,42.707,42.7,372,147.1,147.1
1627,4883,UMI,270.0,43.7715,-79.29107,100.0,29.966,30.0,345,126.53,126.53
1628,4884,UMI,30.0,43.7715,-79.28436,100.0,29.313,29.3,282,110.34,110.34
1628,4885,UMI,150.0,43.7715,-79.28436,100.0,29.662,29.7,298,119.23,119.23
1628,4886,UMI,270.0,43.7715,-79.28436,100.0,33.586,33.6,356,143.24,143.24
1629,4887,UMI,30.0,43.7715,-79.27765,100.0,22.816,22.8,256,92.59,92.59
1629,4888,UMI,150.0,43.7715,-79.27765,100.0,31.334,31.3,271,103.73,103.73
1629,4889,UMI,270.0,43.7715,-79.27765,100.0,23.504,23.5,259,95.95,95.95
1630,4890,UMI,30.0,43.7715,-79.27095,100.0,24.89,24.9,282,103.0,103.0
1630,4891,UMI,150.0,43.7715,-79.27095,100.0,30.519,30.5,311,114.55,114.55
1630,4892,UMI,270.0,43.7715,-79.27095,100.0,24.608,24.6,267,111.09,111.09
1631,4893,UMI,30.0,43.7715,-79.26424,100.0,35.392,35.4,337,131.75,131.75
1631,4894,UMI,150.0,43.7715,-79.26424,100.0,33.217,33.2,324,109.97,109.97
1631,4895,UMI,270.0,43.7715,-79.26424,100.0,32.263,32.3,328,135.82,135.82
1632,4896,UMI,30.0,43.7715,-79.25753,100.0,38.831,38.8,343,130.07,130.07
1632,4897,UMI,150.0,43.7715,-79.25753,100.0,46.534,46.5,428,167.6,167.6
1632,4898,UMI,270.0,43.7715,-79.25753,100.0,33.826,33.8,333,128.87,128.87
1633,4899,UMI,30.0,43.7715,-79.25082,100.0,32.504,32.5,364,135.36,135.36
1633,4900,UMI,150.0,43.7715,-79.25082,100.0,55.692,55.7,501,193.14,193.14
1633,4901,UMI,270.0,43.7715,-79.25082,100.0,36.04,36.0,391,140.79,140.79
1634,4902,UMI,30.0,43.7715,-79.24411,100.0,46.987,47.0,452,167.01,167.01
1634,4903,UMI,150.0,43.7715,-79.24411,100.0,42.353,42.4,484,177.35,177.35
1634,4904,UMI,270.0,43.7715,-79.24411,100.0,48.941,48.9,446,167.47,167.47
1635,4905,UMI,30.0,43.7715,-79.23741,100.0,48.382,48.4,412,177.48,177.48
1635,4906,UMI,150.0,43.7715,-79.23741,100.0,50.613,50.6,477,183.04,183.04
1635,4907,UMI,270.0,43.7715,-79.23741,100.0,45.369,45.4,477,187.24,187.24
1636,4908,UMI,30.0,43.7715,-79.2307,100.0,43.952,44.0,459,169.21,169.21
1636,4909,UMI,150.0,43.7715,-79.2307,100.0,51.031,51.0,526,210.21,210.21
1636,4910,UMI,270.0,43.7715,-79.2307,100.0,53.395,53.4,503,200.2,200.2
1637,4911,UMI,30.0,43.7715,-79.22399,100.0,52.202,52.2,538,196.88,196.88
1637,4912,UMI,150.0,43.7715,-79.22399,100.0,65.957,66.0,570,243.44,243.44
1637,4913,UMI,270.0,43.7715,-79.22399,100.0,46.959,47.0,471,179.98,179.98
1638,4914,UMI,30.0,43.7715,-79.21728,100.0,50.231,50.2,490,195.33,195.33
1638,4915,UMI,150.0,43.7715,-79.21728,100.0,54.664,54.7,516,203.81,203.81
1638,4916,UMI,270.0,43.7715,-79.21728,100.0,57.758,57.8,536,231.79,231.79
1639,4917,UMI,30.0,43.7715,-79.21057,100.0,39.701,39.7,355,151.2,151.2
1639,4918,UMI,150.0,43.7715,-79.21057,100.0,44.198,44.2,429,168.69,168.69
1639,4919,UMI,270.0,43.7715,-79.21057,100.0,47.016,47.0,459,183.64,183.64
1640,4920,UMI,30.0,43.7715,-79.20386,100.0,22.357,22.4,242,88.35,88.35
1640,4921,UMI,150.0,43.7715,-79.20386,100.0,27.788,27.8,273,109.51,109.51
1640,4922,UMI,270.0,43.7715,-79.20386,100.0,30.278,30.3,300,119.4,119.4
1641,4923,UMI,30.0,43.7715,-79.19716,100.0,21.147,21.1,273,82.38,82.38
1641,4924,UMI,150.0,43.7715,-79.19716,100.0,33.888,33.9,302,130.79,130.79
1641,4925,UMI,270.0,43.7715,-79.19716,100.0,24.847,24.8,230,90.87,90.87
1642,4926,UMI,30.0,43.7715,-79.19045,100.0,38.946,38.9,364,145.89,145.89
1642,4927,UMI,150.0,43.7715,-79.19045,100.0,37.148,37.1,421,144.33,144.33
1642,4928,UMI,270.0,43.7715,-79.19045,100.0,35.254,35.3,353,145.16,145.16
1643,4929,UMI,30.0,43.7715,-79.18374,100.0,35.514,35.5,357,134.66,134.66
1643,4930,UMI,150.0,43.7715,-79.18374,100.0,42.034,42.0,377,153.0,153.0
1643,4931,UMI,270.0,43.7715,-79.18374,100.0,37.033,37.0,355,130.01,130.01
1644,4932,UMI,30.0,43.7715,-79.17703,100.0,39.565,39.6,375,155.32,155.32
1644,4933,UMI,150.0,43.7715,-79.17703,100.0,51.814,51.8,424,185.49,185.49
1644,4934,UMI,270.0,43.7715,-79.17703,100.0,50.74,50.7,420,181.45,181.45
1645,4935,UMI,30.0,43.7715,-79.17032,100.0,41.249,41.2,331,142.35,142.35
1645,4936,UMI,150.0,43.7715,-79.17032,100.0,31.865,31.9,361,126.72,126.72
1645,4937,UMI,270.0,43.7715,-79.17032,100.0,37.142,37.1,363,146.24,146.24
1646,4938,UMI,30.0,43.7715,-79.16362,100.0,35.302,35.3,291,132.08,132.08
1646,4939,UMI,150.0,43.7715,-79.16362,100.0,27.793,27.8,260,106.11,106.11
1646,4940,UMI,270.0,43.7715,-79.16362,100.0,27.973,28.0,302,114.06,114.06
1647,4941,UMI,30.0,43.7715,-79.15691,100.0,20.678,20.7,221,76.44,76.44
1647,4942,UMI,150.0,43.7715,-79.15691,100.0,22.711,22.7,238,89.5,89.5
1647,4943,UMI,270.0,43.7715,-79.15691,100.0,21.86,21.9,228,91.73,91.73
1648,4944,UMI,30.0,43.7715,-79.1502,100.0,25.011,25.0,221,91.25,91.25
1648,4945,UMI,150.0,43.7715,-79.1502,100.0,11.034,11.0,131,50.81,50.81
1648,4946,UMI,270.0,43.7715,-79.1502,100.0,18.268,18.3,164,68.62,68.62
1649,4947,UMI,30.0,43.7715,-79.14349,100.0,18.53,18.5,178,68.34,68.34
1649,4948,UMI,150.0,43.7715,-79.14349,100.0,8.788,8.8,106,40.24,40.24
1649,4949,UMI,270.0,43.7715,-79.14349,100.0,13.336,13.3,156,58.92,58.92
1650,4950,UMI,30.0,43.7715,-79.13678,100.0,11.368,11.4,128,52.59,52.59
1650,4951,UMI,150.0,43.7715,-79.13678,100.0,3.873,3.9,55,16.71,16.71
1650,4952,UMI,270.0,43.7715,-79.13678,100.0,13.188,13.2,122,45.4,45.4
1651,4953,UMI,30.0,43.7757,-79.60971,100.0,17.708,17.7,162,64.76,64.76
1651,4954,UMI,150.0,43.7757,-79.60971,100.0,8.247,8.2,97,36.07,36.07
1651,4955,UMI,270.0,43.7757,-79.60971,100.0,9.299,9.3,98,43.37,43.37
1652,4956,UMI,30.0,43.7757,-79.603,100.0,15.826,15.8,162,65.24,65.24
1652,4957,UMI,150.0,43.7757,-79.603,100.0,9.261,9.3,108,41.83,41.83
1652,4958,UMI,270.0,43.7757,-79.603,100.0,16.23,16.2,127,52.72,52.72
1653,4959,UMI,30.0,43.7757,-79.59629,100.0,20.175,20.2,165,74.64,74.64
1653,4960,UMI,150.0,43.7757,-79.59629,100.0,12.99,13.0,125,54.73,54.73
1653,4961,UMI,270.0,43.7757,-79.59629,100.0,15.905,15.9,166,63.65,63.65
1654,4962,UMI,30.0,43.7757,-79.58958,100.0,10.604,10.6,121,42.04,42.04
1654,4963,UMI,150.0,43.7757,-79.58958,100.0,8.417,8.4,97,35.57,35.57
1654,4964,UMI,270.0,43.7757,-79.58958,100.0,14.319,14.3,125,50.49,50.49
1655,4965,UMI,30.0,43.7757,-79.58287,100.0,14.305,14.3,128,49.39,49.39
1655,4966,UMI,150.0,43.7757,-79.58287,100.0,6.419,6.4,99,28.62,28.62
1655,4967,UMI,270.0,43.7757,-79.58287,100.0,7.757,7.8,88,35.98,35.98
1656,4968,UMI,30.0,43.7757,-79.57617,100.0,17.483,17.5,167,67.74,67.74
1656,4969,UMI,150.0,43.7757,-79.57617,100.0,17.472,17.5,157,58.5,58.5
1656,4970,UMI,270.0,43.7757,-79.57617,100.0,15.298,15.3,148,60.47,60.47
1657,4971,UMI,30.0,43.7757,-79.56946,100.0,11.892,11.9,112,50.51,50.51
1657,4972,UMI,150.0,43.7757,-79.56946,100.0,11.475,11.5,108,47.52,47.52
1657,4973,UMI,270.0,43.7757,-79.56946,100.0,14.71,14.7,143,56.74,56.74
1658,4974,UMI,30.0,43.7757,-79.56275,100.0,11.023,11.0,105,41.7,41.7
1658,4975,UMI,150.0,43.7757,-79.56275,100.0,6.633,6.6,82,28.41,28.41
1658,4976,UMI,270.0,43.7757,-79.56275,100.0,13.484,13.5,108,51.44,51.44
1659,4977,UMI,30.0,43.7757,-79.55604,100.0,9.03,9.0,88,38.28,38.28
1659,4978,UMI,150.0,43.7757,-79.55604,100.0,10.995,11.0,84,43.78,43.78
1659,4979,UMI,270.0,43.7757,-79.55604,100.0,6.789,6.8,84,29.59,29.59
1660,4980,UMI,30.0,43.7757,-79.54933,100.0,7.21,7.2,76,25.88,25.88
1660,4981,UMI,150.0,43.7757,-79.54933,100.0,7.712,7.7,87,34.73,34.73
1660,4982,UMI,270.0,43.7757,-79.54933,100.0,12.868,12.9,91,35.72,35.72
1661,4983,UMI,30.0,43.7757,-79.54263,100.0,10.268,10.3,87,35.63,35.63
1661,4984,UMI,150.0,43.7757,-79.54263,100.0,8.716,8.7,69,30.06,30.06
1661,4985,UMI,270.0,43.7757,-79.54263,100.0,6.769,6.8,75,25.32,25.32
1662,4986,UMI,30.0,43.7757,-79.53592,100.0,5.582,5.6,70,22.73,22.73
1662,4987,UMI,150.0,43.7757,-79.53592,100.0,10.678,10.7,106,38.9,38.9
1662,4988,UMI,270.0,43.7757,-79.53592,100.0,11.725,11.7,87,36.95,36.95
1663,4989,UMI,30.0,43.7757,-79.52921,100.0,14.369,14.4,125,49.05,49.05
1663,4990,UMI,150.0,43.7757,-79.52921,100.0,18.513,18.5,172,60.36,60.36
1663,4991,UMI,270.0,43.7757,-79.52921,100.0,11.167,11.2,118,49.55,49.55
1664,4992,UMI,30.0,43.7757,-79.5225,100.0,18.028,18.0,118,57.51,57.51
1664,4993,UMI,150.0,43.7757,-79.5225,100.0,19.207,19.2,182,77.81,77.81
1664,4994,UMI,270.0,43.7757,-79.5225,100.0,16.711,16.7,177,69.84,69.84
1665,4995,UMI,30.0,43.7757,-79.51579,100.0,15.301,15.3,144,61.64,61.64
1665,4996,UMI,150.0,43.7757,-79.51579,100.0,19.47,19.5,158,65.92,65.92
1665,4997,UMI,270.0,43.7757,-79.51579,100.0,15.376,15.4,165,62.91,62.91
1666,4998,UMI,30.0,43.7757,-79.50909,100.0,15.544,15.5,113,47.42,47.42
1666,4999,UMI,150.0,43.7757,-79.50909,100.0,15.773,15.8,152,59.97,59.97
1666,5000,UMI,270.0,43.7757,-79.50909,100.0,15.468,15.5,133,57.25,57.25
1667,5001,UMI,30.0,43.7757,-79.50238,100.0,13.34,13.3,131,47.51,47.51
1667,5002,UMI,150.0,43.7757,-79.50238,100.0,18.99,19.0,156,55.49,55.49
1667,5003,UMI,270.0,43.7757,-79.50238,100.0,18.167,18.2,177,72.78,72.78
1668,5004,UMI,30.0,43.7757,-79.49567,100.0,15.277,15.3,137,54.63,54.63
1668,5005,UMI,150.0,43.7757,-79.49567,100.0,16.576,16.6,155,63.9,63.9
1668,5006,UMI,270.0,43.7757,-79.49567,100.0,15.966,16.0,148,59.45,59.45
1669,5007,UMI,30.0,43.7757,-79.48896,100.0,20.928,20.9,153,57.32,57.32
1669,5008,UMI,150.0,43.7757,-79.48896,100.0,16.004,16.0,157,51.92,51.92
1669,5009,UMI,270.0,43.7757,-79.48896,100.0,16.511,16.5,151,57.64,57.64
1670,5010,UMI,30.0,43.7757,-79.48225,100.0,12.335,12.3,158,49.88,49.88
1670,5011,UMI,150.0,43.7757,-79.48225,100.0,14.796,14.8,148,54.9,54.9
1670,5012,UMI,270.0,43.7757,-79.48225,100.0,17.446,17.4,146,59.1,59.1
1671,5013,UMI,30.0,43.7757,-79.47554,100.0,13.658,13.7,135,62.11,62.11
1671,5014,UMI,150.0,43.7757,-79.47554,100.0,19.666,19.7,158,70.39,70.39
1671,5015,UMI,270.0,43.7757,-79.47554,100.0,16.351,16.4,164,63.79,63.79
1672,5016,UMI,30.0,43.7757,-79.46884,100.0,12.735,12.7,118,40.26,40.26
1672,5017,UMI,150.0,43.7757,-79.46884,100.0,12.297,12.3,127,49.03,49.03
1672,5018,UMI,270.0,43.7757,-79.46884,100.0,16.137,16.1,152,60.92,60.92
1673,5019,UMI,30.0,43.7757,-79.46213,100.0,11.792,11.8,170,54.01,54.01
1673,5020,UMI,150.0,43.7757,-79.46213,100.0,16.131,16.1,153,59.9,59.9
1673,5021,UMI,270.0,43.7757,-79.46213,100.0,11.192,11.2,127,49.39,49.39
1674,5022,UMI,30.0,43.7757,-79.45542,100.0,16.82,16.8,201,69.65,69.65
1674,5023,UMI,150.0,43.7757,-79.45542,100.0,22.925,22.9,235,102.59,102.59
1674,5024,UMI,270.0,43.7757,-79.45542,100.0,21.201,21.2,194,81.99,81.99
1675,5025,UMI,30.0,43.7757,-79.44871,100.0,38.113,38.1,311,126.95,126.95
1675,5026,UMI,150.0,43.7757,-79.44871,100.0,36.204,36.2,350,135.73,135.73
1675,5027,UMI,270.0,43.7757,-79.44871,100.0,30.609,30.6,267,121.17,121.17
1676,5028,UMI,30.0,43.7757,-79.442,100.0,38.534,38.5,408,142.58,142.58
1676,5029,UMI,150.0,43.7757,-79.442,100.0,39.637,39.6,418,155.06,155.06
1676,5030,UMI,270.0,43.7757,-79.442,100.0,34.767,34.8,341,130.94,130.94
1677,5031,UMI,30.0,43.7757,-79.4353,100.0,55.774,55.8,488,206.91,206.91
1677,5032,UMI,150.0,43.7757,-79.4353,100.0,49.282,49.3,501,194.64,194.64
1677,5033,UMI,270.0,43.7757,-79.4353,100.0,45.584,45.6,475,170.66,170.66
1678,5034,UMI,30.0,43.7757,-79.42859,100.0,56.306,56.3,542,219.78,219.78
1678,5035,UMI,150.0,43.7757,-79.42859,100.0,53.872,53.9,528,216.23,216.23
1678,5036,UMI,270.0,43.7757,-79.42859,100.0,46.474,46.5,511,175.73,175.73
1679,5037,UMI,30.0,43.7757,-79.42188,100.0,59.107,59.1,548,227.84,227.84
1679,5038,UMI,150.0,43.7757,-79.42188,100.0,62.48,62.5,540,235.04,235.04
1679,5039,UMI,270.0,43.7757,-79.42188,100.0,56.788,56.8,524,211.24,211.24
1680,5040,UMI,30.0,43.7757,-79.41517,100.0,46.516,46.5,527,203.47,203.47
1680,5041,UMI,150.0,43.7757,-79.41517,100.0,54.505,54.5,509,201.2,201.2
1680,5042,UMI,270.0,43.7757,-79.41517,100.0,54.796,54.8,554,218.92,218.92
1681,5043,UMI,30.0,43.7757,-79.40846,100.0,62.661,62.7,590,234.12,234.12
1681,5044,UMI,150.0,43.7757,-79.40846,100.0,54.531,54.5,601,231.39,231.39
1681,5045,UMI,270.0,43.7757,-79.40846,100.0,54.714,54.7,554,219.75,219.75
1682,5046,UMI,30.0,43.7757,-79.40175,100.0,62.487,62.5,592,230.38,230.38
1682,5047,UMI,150.0,43.7757,-79.40175,100.0,64.938,64.9,630,253.7,253.7
1682,5048,UMI,270.0,43.7757,-79.40175,100.0,66.386,66.4,624,255.42,255.42
1683,5049,UMI,30.0,43.7757,-79.39505,100.0,59.285,59.3,582,228.73,228.73
1683,5050,UMI,150.0,43.7757,-79.39505,100.0,55.211,55.2,556,209.05,209.05
1683,5051,UMI,270.0,43.7757,-79.39505,100.0,59.051,59.1,585,219.46,219.46
1684,5052,UMI,30.0,43.7757,-79.38834,100.0,56.147,56.1,492,196.26,196.26
1684,5053,UMI,150.0,43.7757,-79.38834,100.0,49.64,49.6,477,184.85,184.85
1684,5054,UMI,270.0,43.7757,-79.38834,100.0,53.296,53.3,548,210.85,210.85
1685,5055,UMI,30.0,43.7757,-79.38163,100.0,44.099,44.1,415,179.73,179.73
1685,5056,UMI,150.0,43.7757,-79.38163,100.0,44.944,44.9,435,173.44,173.44
1685,5057,UMI,270.0,43.7757,-79.38163,100.0,41.862,41.9,407,158.66,158.66
1686,5058,UMI,30.0,43.7757,-79.37492,100.0,42.022,42.0,351,146.73,146.73
1686,5059,UMI,150.0,43.7757,-79.37492,100.0,48.124,48.1,389,167.97,167.97
1686,5060,UMI,270.0,43.7757,-79.37492,100.0,32.078,32.1,378,135.03,135.03
1687,5061,UMI,30.0,43.7757,-79.36821,100.0,37.753,37.8,355,134.67,134.67
1687,5062,UMI,150.0,43.7757,-79.36821,100.0,31.999,32.0,333,123.73,123.73
1687,5063,UMI,270.0,43.7757,-79.36821,100.0,28.069,28.1,309,113.02,113.02
1688,5064,UMI,30.0,43.7757,-79.36151,100.0,50.515,50.5,480,192.64,192.64
1688,5065,UMI,150.0,43.7757,-79.36151,100.0,42.853,42.9,423,154.43,154.43
1688,5066,UMI,270.0,43.7757,-79.36151,100.0,44.209,44.2,416,168.91,168.91
1689,5067,UMI,30.0,43.7757,-79.3548,100.0,39.849,39.8,414,146.53,146.53
1689,5068,UMI,150.0,43.7757,-79.3548,100.0,47.581,47.6,410,181.34,181.34
1689,5069,UMI,270.0,43.7757,-79.3548,100.0,46.102,46.1,438,168.89,168.89
1690,5070,UMI,30.0,43.7757,-79.34809,100.0,33.715,33.7,348,140.49,140.49
1690,5071,UMI,150.0,43.7757,-79.34809,100.0,42.323,42.3,396,152.32,152.32
1690,5072,UMI,270.0,43.7757,-79.34809,100.0,45.479,45.5,433,172.34,172.34
1691,5073,UMI,30.0,43.7757,-79.34138,100.0,33.088,33.1,354,131.68,131.68
1691,5074,UMI,150.0,43.7757,-79.34138,100.0,34.221,34.2,306,123.71,123.71
1691,5075,UMI,270.0,43.7757,-79.34138,100.0,46.735,46.7,342,164.14,164.14
1692,5076,UMI,30.0,43.7757,-79.33467,100.0,38.807,38.8,422,165.74,165.74
1692,5077,UMI,150.0,43.7757,-79.33467,100.0,47.431,47.4,362,153.97,153.97
1692,5078,UMI,270.0,43.7757,-79.33467,100.0,34.405,34.4,336,135.9,135.9
1693,5079,UMI,30.0,43.7757,-79.32797,100.0,50.405,50.4,479,178.19,178.19
1693,5080,UMI,150.0,43.7757,-79.32797,100.0,42.26,42.3,382,151.22,151.22
1693,5081,UMI,270.0,43.7757,-79.32797,100.0,48.753,48.8,443,174.88,174.88
1694,5082,UMI,30.0,43.7757,-79.32126,100.0,45.023,45.0,490,184.35,184.35
1694,5083,UMI,150.0,43.7757,-79.32126,100.0,50.071,50.1,487,191.36,191.36
1694,5084,UMI,270.0,43.7757,-79.32126,100.0,47.399,47.4,435,173.83,173.83
1695,5085,UMI,30.0,43.7757,-79.31455,100.0,59.209,59.2,496,211.48,211.48
1695,5086,UMI,150.0,43.7757,-79.31455,100.0,55.044,55.0,533,219.42,219.42
1695,5087,UMI,270.0,43.7757,-79.31455,100.0,52.195,52.2,498,202.57,202.57
1696,5088,UMI,30.0,43.7757,-79.30784,100.0,54.139,54.1,518,201.03,201.03
1696,5089,UMI,150.0,43.7757,-79.30784,100.0,49.326,49.3,508,195.29,195.29
1696,5090,UMI,270.0,43.7757,-79.30784,100.0,48.089,48.1,505,172.92,172.92
1697,5091,UMI,30.0,43.7757,-79.30113,100.0,46.067,46.1,467,189.48,189.48
1697,5092,UMI,150.0,43.7757,-79.30113,100.0,49.524,49.5,477,188.09,188.09
1697,5093,UMI,270.0,43.7757,-79.30113,100.0,53.964,54.0,511,200.14,200.14
1698,5094,UMI,30.0,43.7757,-79.29442,100.0,42.893,42.9,444,165.57,165.57
1698,5095,UMI,150.0,43.7757,-79.29442,100.0,46.932,46.9,446,182.04,182.04
1698,5096,UMI,270.0,43.7757,-79.29442,100.0,43.663,43.7,457,173.73,173.73
1699,5097,UMI,30.0,43.7757,-79.28772,100.0,39.12,39.1,350,141.49,141.49
1699,5098,UMI,150.0,43.7757,-79.28772,100.0,32.396,32.4,296,125.77,125.77
1699,5099,UMI,270.0,43.7757,-79.28772,100.0,38.428,38.4,395,148.74,148.74
1700,5100,UMI,30.0,43.7757,-79.28101,100.0,31.364,31.4,290,119.0,119.0
1700,5101,UMI,150.0,43.7757,-79.28101,100.0,28.2,28.2,270,101.46,101.46
1700,5102,UMI,270.0,43.7757,-79.28101,100.0,30.133,30.1,272,111.27,111.27
1701,5103,UMI,30.0,43.7757,-79.2743,100.0,40.944,40.9,343,147.13,147.13
1701,5104,UMI,150.0,43.7757,-79.2743,100.0,24.719,24.7,271,100.04,100.04
1701,5105,UMI,270.0,43.7757,-79.2743,100.0,39.795,39.8,316,131.23,131.23
1702,5106,UMI,30.0,43.7757,-79.26759,100.0,32.733,32.7,315,129.5,129.5
1702,5107,UMI,150.0,43.7757,-79.26759,100.0,28.667,28.7,276,107.47,107.47
1702,5108,UMI,270.0,43.7757,-79.26759,100.0,25.096,25.1,256,92.69,92.69
1703,5109,UMI,30.0,43.7757,-79.26088,100.0,24.9,24.9,236,100.14,100.14
1703,5110,UMI,150.0,43.7757,-79.26088,100.0,32.347,32.3,278,115.71,115.71
1703,5111,UMI,270.0,43.7757,-79.26088,100.0,27.719,27.7,264,109.37,109.37
1704,5112,UMI,30.0,43.7757,-79.25418,100.0,33.029,33.0,268,108.44,108.44
1704,5113,UMI,150.0,43.7757,-79.25418,100.0,33.881,33.9,324,129.46,129.46
1704,5114,UMI,270.0,43.7757,-79.25418,100.0,19.702,19.7,254,91.54,91.54
1705,5115,UMI,30.0,43.7757,-79.24747,100.0,32.138,32.1,266,114.85,114.85
1705,5116,UMI,150.0,43.7757,-79.24747,100.0,36.771,36.8,339,126.25,126.25
1705,5117,UMI,270.0,43.7757,-79.24747,100.0,31.829,31.8,283,115.79,115.79
1706,5118,UMI,30.0,43.7757,-79.24076,100.0,38.092,38.1,323,133.11,133.11
1706,5119,UMI,150.0,43.7757,-79.24076,100.0,38.329,38.3,408,159.24,159.24
1706,5120,UMI,270.0,43.7757,-79.24076,100.0,36.964,37.0,349,142.35,142.35
1707,5121,UMI,30.0,43.7757,-79.23405,100.0,37.244,37.2,359,140.71,140.71
1707,5122,UMI,150.0,43.7757,-79.23405,100.0,43.969,44.0,445,178.57,178.57
1707,5123,UMI,270.0,43.7757,-79.23405,100.0,36.353,36.4,338,132.55,132.55
1708,5124,UMI,30.0,43.7757,-79.22734,100.0,51.806,51.8,450,187.74,187.74
1708,5125,UMI,150.0,43.7757,-79.22734,100.0,44.343,44.3,467,181.82,181.82
1708,5126,UMI,270.0,43.7757,-79.22734,100.0,39.166,39.2,429,156.97,156.97
1709,5127,UMI,30.0,43.7757,-79.22063,100.0,43.748,43.7,416,168.21,168.21
1709,5128,UMI,150.0,43.7757,-79.22063,100.0,43.689,43.7,475,178.79,178.79
1709,5129,UMI,270.0,43.7757,-79.22063,100.0,43.961,44.0,427,168.52,168.52
1710,5130,UMI,30.0,43.7757,-79.21393,100.0,43.343,43.3,365,157.12,157.12
1710,5131,UMI,150.0,43.7757,-79.21393,100.0,44.753,44.8,432,166.66,166.66
1710,5132,UMI,270.0,43.7757,-79.21393,100.0,39.657,39.7,421,153.39,153.39
1711,5133,UMI,30.0,43.7757,-79.20722,100.0,25.264,25.3,229,89.34,89.34
1711,5134,UMI,150.0,43.7757,-79.20722,100.0,33.295,33.3,302,126.55,126.55
1711,5135,UMI,270.0,43.7757,-79.20722,100.0,32.094,32.1,335,128.0,128.0
1712,5136,UMI,30.0,43.7757,-79.20051,100.0,15.977,16.0,171,67.92,67.92
1712,5137,UMI,150.0,43.7757,-79.20051,100.0,22.476,22.5,227,94.53,94.53
1712,5138,UMI,270.0,43.7757,-79.20051,100.0,17.826,17.8,196,75.01,75.01
1713,5139,UMI,30.0,43.7757,-79.1938,100.0,28.884,28.9,237,99.7,99.7
1713,5140,UMI,150.0,43.7757,-79.1938,100.0,28.6,28.6,278,106.49,106.49
1713,5141,UMI,270.0,43.7757,-79.1938,100.0,22.926,22.9,215,87.39,87.39
1714,5142,UMI,30.0,43.7757,-79.18709,100.0,26.364,26.4,253,101.75,101.75
1714,5143,UMI,150.0,43.7757,-79.18709,100.0,38.385,38.4,379,147.81,147.81
1714,5144,UMI,270.0,43.7757,-79.18709,100.0,31.829,31.8,319,108.53,108.53
1715,5145,UMI,30.0,43.7757,-79.18039,100.0,32.815,32.8,303,122.56,122.56
1715,5146,UMI,150.0,43.7757,-79.18039,100.0,42.294,42.3,400,173.07,173.07
1715,5147,UMI,270.0,43.7757,-79.18039,100.0,34.845,34.8,332,145.34,145.34
1716,5148,UMI,30.0,43.7757,-79.17368,100.0,30.79,30.8,299,114.03,114.03
1716,5149,UMI,150.0,43.7757,-79.17368,100.0,29.23,29.2,326,121.23,121.23
1716,5150,UMI,270.0,43.7757,-79.17368,100.0,39.227,39.2,334,132.2,132.2
1717,5151,UMI,30.0,43.7757,-79.16697,100.0,30.588,30.6,301,121.05,121.05
1717,5152,UMI,150.0,43.7757,-79.16697,100.0,28.542,28.5,312,116.92,116.92
1717,5153,UMI,270.0,43.7757,-79.16697,100.0,44.963,45.0,373,165.66,165.66
1718,5154,UMI,30.0,43.7757,-79.16026,100.0,25.3,25.3,311,111.98,111.98
1718,5155,UMI,150.0,43.7757,-79.16026,100.0,32.645,32.6,250,98.43,98.43
1718,5156,UMI,270.0,43.7757,-79.16026,100.0,27.434,27.4,277,108.15,108.15
1719,5157,UMI,30.0,43.7757,-79.15355,100.0,32.229,32.2,346,132.41,132.41
1719,5158,UMI,150.0,43.7757,-79.15355,100.0,23.183,23.2,257,94.67,94.67
1719,5159,UMI,270.0,43.7757,-79.15355,100.0,30.355,30.4,300,117.96,117.96
1720,5160,UMI,30.0,43.7757,-79.14685,100.0,30.205,30.2,293,117.02,117.02
1720,5161,UMI,150.0,43.7757,-79.14685,100.0,22.53,22.5,238,87.84,87.84
1720,5162,UMI,270.0,43.7757,-79.14685,100.0,35.192,35.2,307,132.52,132.52
1721,5163,UMI,30.0,43.7757,-79.14014,100.0,27.085,27.1,302,102.74,102.74
1721,5164,UMI,150.0,43.7757,-79.14014,100.0,22.21,22.2,239,93.53,93.53
1721,5165,UMI,270.0,43.7757,-79.14014,100.0,35.468,35.5,307,136.75,136.75
1722,5166,UMI,30.0,43.7757,-79.13343,100.0,15.824,15.8,142,55.38,55.38
1722,5167,UMI,150.0,43.7757,-79.13343,100.0,9.059,9.1,96,32.91,32.91
1722,5168,UMI,270.0,43.7757,-79.13343,100.0,20.649,20.6,203,83.87,83.87
1723,5169,UMI,30.0,43.7757,-79.12672,100.0,5.94,5.9,51,18.37,18.37
1723,5170,UMI,150.0,43.7757,-79.12672,100.0,2.338,2.3,31,10.92,10.92
1723,5171,UMI,270.0,43.7757,-79.12672,100.0,6.389,6.4,62,22.55,22.55
1724,5172,UMI,30.0,43.77989,-79.61306,100.0,15.597,15.6,165,66.13,66.13
1724,5173,UMI,150.0,43.77989,-79.61306,100.0,19.345,19.3,158,60.13,60.13
1724,5174,UMI,270.0,43.77989,-79.61306,100.0,11.102,11.1,104,43.89,43.89
1725,5175,UMI,30.0,43.77989,-79.60635,100.0,15.769,15.8,167,63.43,63.43
1725,5176,UMI,150.0,43.77989,-79.60635,100.0,17.702,17.7,154,59.43,59.43
1725,5177,UMI,270.0,43.77989,-79.60635,100.0,16.124,16.1,180,69.65,69.65
1726,5178,UMI,30.0,43.77989,-79.59965,100.0,18.656,18.7,186,67.38,67.38
1726,5179,UMI,150.0,43.77989,-79.59965,100.0,21.402,21.4,186,79.63,79.63
1726,5180,UMI,270.0,43.77989,-79.59965,100.0,15.721,15.7,156,59.97,59.97
1727,5181,UMI,30.0,43.77989,-79.59294,100.0,16.61,16.6,179,64.76,64.76
1727,5182,UMI,150.0,43.77989,-79.59294,100.0,17.183,17.2,149,66.36,66.36
1727,5183,UMI,270.0,43.77989,-79.59294,100.0,15.043,15.0,170,62.26,62.26
1728,5184,UMI,30.0,43.77989,-79.58623,100.0,17.038,17.0,168,64.41,64.41
1728,5185,UMI,150.0,43.77989,-79.58623,100.0,14.433,14.4,151,56.25,56.25
1728,5186,UMI,270.0,43.77989,-79.58623,100.0,10.836,10.8,125,46.34,46.34
1729,5187,UMI,30.0,43.77989,-79.57952,100.0,25.598,25.6,184,77.49,77.49
1729,5188,UMI,150.0,43.77989,-79.57952,100.0,17.493,17.5,158,67.95,67.95
1729,5189,UMI,270.0,43.77989,-79.57952,100.0,26.359,26.4,183,81.93,81.93
1730,5190,UMI,30.0,43.77989,-79.57281,100.0,16.783,16.8,188,69.56,69.56
1730,5191,UMI,150.0,43.77989,-79.57281,100.0,15.032,15.0,173,63.93,63.93
1730,5192,UMI,270.0,43.77989,-79.57281,100.0,20.793,20.8,210,95.65,95.65
1731,5193,UMI,30.0,43.77989,-79.5661,100.0,16.625,16.6,153,64.78,64.78
1731,5194,UMI,150.0,43.77989,-79.5661,100.0,11.337,11.3,130,46.25,46.25
1731,5195,UMI,270.0,43.77989,-79.5661,100.0,15.19,15.2,167,59.93,59.93
1732,5196,UMI,30.0,43.77989,-79.5594,100.0,10.772,10.8,121,47.33,47.33
1732,5197,UMI,150.0,43.77989,-79.5594,100.0,7.648,7.6,94,31.4,31.4
1732,5198,UMI,270.0,43.77989,-79.5594,100.0,15.198,15.2,118,47.45,47.45
1733,5199,UMI,30.0,43.77989,-79.55269,100.0,6.614,6.6,73,26.88,26.88
1733,5200,UMI,150.0,43.77989,-79.55269,100.0,7.065,7.1,91,26.8,26.8
1733,5201,UMI,270.0,43.77989,-79.55269,100.0,8.117,8.1,84,33.04,33.04
1734,5202,UMI,30.0,43.77989,-79.54598,100.0,7.854,7.9,77,26.17,26.17
1734,5203,UMI,150.0,43.77989,-79.54598,100.0,11.193,11.2,77,33.84,33.84
1734,5204,UMI,270.0,43.77989,-79.54598,100.0,5.744,5.7,66,27.0,27.0
1735,5205,UMI,30.0,43.77989,-79.53256,100.0,9.365,9.4,75,30.15,30.15
1735,5206,UMI,150.0,43.77989,-79.53256,100.0,6.183,6.2,79,26.4,26.4
1735,5207,UMI,270.0,43.77989,-79.53256,100.0,7.64,7.6,76,25.81,25.81
1736,5208,UMI,30.0,43.77989,-79.52586,100.0,7.956,8.0,72,31.18,31.18
1736,5209,UMI,150.0,43.77989,-79.52586,100.0,7.33,7.3,83,28.19,28.19
1736,5210,UMI,270.0,43.77989,-79.52586,100.0,8.485,8.5,82,34.68,34.68
1737,5211,UMI,30.0,43.77989,-79.51915,100.0,9.834,9.8,101,36.91,36.91
1737,5212,UMI,150.0,43.77989,-79.51915,100.0,10.256,10.3,99,39.9,39.9
1737,5213,UMI,270.0,43.77989,-79.51915,100.0,6.717,6.7,69,21.6,21.6
1738,5214,UMI,30.0,43.77989,-79.51244,100.0,7.856,7.9,79,31.06,31.06
1738,5215,UMI,150.0,43.77989,-79.51244,100.0,10.779,10.8,103,49.42,49.42
1738,5216,UMI,270.0,43.77989,-79.51244,100.0,14.424,14.4,98,42.8,42.8
1739,5217,UMI,30.0,43.77989,-79.50573,100.0,8.976,9.0,91,39.03,39.03
1739,5218,UMI,150.0,43.77989,-79.50573,100.0,11.288,11.3,123,44.71,44.71
1739,5219,UMI,270.0,43.77989,-79.50573,100.0,9.667,9.7,97,34.19,34.19
1740,5220,UMI,30.0,43.77989,-79.49902,100.0,9.516,9.5,86,34.02,34.02
1740,5221,UMI,150.0,43.77989,-79.49902,100.0,17.5,17.5,120,53.01,53.01
1740,5222,UMI,270.0,43.77989,-79.49902,100.0,8.943,8.9,94,40.7,40.7
1741,5223,UMI,30.0,43.77989,-79.49231,100.0,15.191,15.2,136,50.01,50.01
1741,5224,UMI,150.0,43.77989,-79.49231,100.0,12.065,12.1,127,44.88,44.88
1741,5225,UMI,270.0,43.77989,-79.49231,100.0,10.283,10.3,118,40.13,40.13
1742,5226,UMI,30.0,43.77989,-79.48561,100.0,15.152,15.2,141,49.36,49.36
1742,5227,UMI,150.0,43.77989,-79.48561,100.0,13.746,13.7,156,56.82,56.82
1742,5228,UMI,270.0,43.77989,-79.48561,100.0,15.569,15.6,150,61.49,61.49
1743,5229,UMI,30.0,43.77989,-79.4789,100.0,18.32,18.3,139,57.17,57.17
1743,5230,UMI,150.0,43.77989,-79.4789,100.0,15.283,15.3,167,65.79,65.79
1743,5231,UMI,270.0,43.77989,-79.4789,100.0,17.472,17.5,168,64.83,64.83
1744,5232,UMI,30.0,43.77989,-79.47219,100.0,14.6,14.6,165,52.35,52.35
1744,5233,UMI,150.0,43.77989,-79.47219,100.0,12.905,12.9,150,60.63,60.63
1744,5234,UMI,270.0,43.77989,-79.47219,100.0,21.109,21.1,169,70.27,70.27
1745,5235,UMI,30.0,43.77989,-79.46548,100.0,17.894,17.9,147,69.23,69.23
1745,5236,UMI,150.0,43.77989,-79.46548,100.0,20.643,20.6,162,77.04,77.04
1745,5237,UMI,270.0,43.77989,-79.46548,100.0,14.866,14.9,145,56.7,56.7
1746,5238,UMI,30.0,43.77989,-79.45877,100.0,18.127,18.1,222,77.46,77.46
1746,5239,UMI,150.0,43.77989,-79.45877,100.0,17.432,17.4,178,76.59,76.59
1746,5240,UMI,270.0,43.77989,-79.45877,100.0,17.432,17.4,174,72.54,72.54
1747,5241,UMI,30.0,43.77989,-79.45207,100.0,32.135,32.1,332,135.6,135.6
1747,5242,UMI,150.0,43.77989,-79.45207,100.0,30.598,30.6,295,115.86,115.86
1747,5243,UMI,270.0,43.77989,-79.45207,100.0,23.079,23.1,227,91.89,91.89
1748,5244,UMI,30.0,43.77989,-79.44536,100.0,40.626,40.6,389,149.6,149.6
1748,5245,UMI,150.0,43.77989,-79.44536,100.0,39.525,39.5,408,166.02,166.02
1748,5246,UMI,270.0,43.77989,-79.44536,100.0,32.057,32.1,342,124.59,124.59
1749,5247,UMI,30.0,43.77989,-79.43865,100.0,50.068,50.1,489,191.71,191.71
1749,5248,UMI,150.0,43.77989,-79.43865,100.0,43.834,43.8,497,185.38,185.38
1749,5249,UMI,270.0,43.77989,-79.43865,100.0,50.813,50.8,488,196.35,196.35
1750,5250,UMI,30.0,43.77989,-79.43194,100.0,63.765,63.8,581,235.45,235.45
1750,5251,UMI,150.0,43.77989,-79.43194,100.0,60.298,60.3,584,249.34,249.34
1750,5252,UMI,270.0,43.77989,-79.43194,100.0,60.485,60.5,560,212.17,212.17
1751,5253,UMI,30.0,43.77989,-79.42523,100.0,55.677,55.7,538,226.5,226.5
1751,5254,UMI,150.0,43.77989,-79.42523,100.0,60.461,60.5,532,223.89,223.89
1751,5255,UMI,270.0,43.77989,-79.42523,100.0,53.288,53.3,541,211.21,211.21
1752,5256,UMI,30.0,43.77989,-79.41853,100.0,54.333,54.3,531,213.08,213.08
1752,5257,UMI,150.0,43.77989,-79.41853,100.0,56.222,56.2,476,190.69,190.69
1752,5258,UMI,270.0,43.77989,-79.41853,100.0,51.439,51.4,568,213.13,213.13
1753,5259,UMI,30.0,43.77989,-79.41182,100.0,50.424,50.4,522,198.56,198.56
1753,5260,UMI,150.0,43.77989,-79.41182,100.0,60.055,60.1,518,226.89,226.89
1753,5261,UMI,270.0,43.77989,-79.41182,100.0,61.507,61.5,518,207.18,207.18
1754,5262,UMI,30.0,43.77989,-79.40511,100.0,63.05,63.0,571,225.61,225.61
1754,5263,UMI,150.0,43.77989,-79.40511,100.0,61.585,61.6,616,242.72,242.72
1754,5264,UMI,270.0,43.77989,-79.40511,100.0,51.758,51.8,577,207.88,207.88
1755,5265,UMI,30.0,43.77989,-79.3984,100.0,60.207,60.2,573,230.61,230.61
1755,5266,UMI,150.0,43.77989,-79.3984,100.0,58.095,58.1,592,221.65,221.65
1755,5267,UMI,270.0,43.77989,-79.3984,100.0,71.78,71.8,616,248.93,248.93
1756,5268,UMI,30.0,43.77989,-79.39169,100.0,50.537,50.5,488,190.81,190.81
1756,5269,UMI,150.0,43.77989,-79.39169,100.0,52.756,52.8,514,205.24,205.24
1756,5270,UMI,270.0,43.77989,-79.39169,100.0,56.002,56.0,525,202.67,202.67
1757,5271,UMI,30.0,43.77989,-79.38498,100.0,30.394,30.4,366,133.11,133.11
1757,5272,UMI,150.0,43.77989,-79.38498,100.0,41.039,41.0,394,157.77,157.77
1757,5273,UMI,270.0,43.77989,-79.38498,100.0,44.271,44.3,412,170.85,170.85
1758,5274,UMI,30.0,43.77989,-79.37828,100.0,30.778,30.8,297,122.87,122.87
1758,5275,UMI,150.0,43.77989,-79.37828,100.0,33.669,33.7,361,128.98,128.98
1758,5276,UMI,270.0,43.77989,-79.37828,100.0,37.408,37.4,348,141.19,141.19
1759,5277,UMI,30.0,43.77989,-79.37157,100.0,37.975,38.0,322,129.67,129.67
1759,5278,UMI,150.0,43.77989,-79.37157,100.0,25.562,25.6,296,107.92,107.92
1759,5279,UMI,270.0,43.77989,-79.37157,100.0,35.065,35.1,333,117.51,117.51
1760,5280,UMI,30.0,43.77989,-79.36486,100.0,44.658,44.7,477,190.2,190.2
1760,5281,UMI,150.0,43.77989,-79.36486,100.0,49.357,49.4,445,175.38,175.38
1760,5282,UMI,270.0,43.77989,-79.36486,100.0,38.13,38.1,372,147.82,147.82
1761,5283,UMI,30.0,43.77989,-79.35815,100.0,60.477,60.5,507,213.76,213.76
1761,5284,UMI,150.0,43.77989,-79.35815,100.0,48.543,48.5,471,187.3,187.3
1761,5285,UMI,270.0,43.77989,-79.35815,100.0,46.646,46.6,472,186.6,186.6
1762,5286,UMI,30.0,43.77989,-79.35144,100.0,54.765,54.8,434,196.96,196.96
1762,5287,UMI,150.0,43.77989,-79.35144,100.0,41.757,41.8,447,162.01,162.01
1762,5288,UMI,270.0,43.77989,-79.35144,100.0,47.706,47.7,475,188.91,188.91
1763,5289,UMI,30.0,43.77989,-79.34474,100.0,45.491,45.5,433,164.46,164.46
1763,5290,UMI,150.0,43.77989,-79.34474,100.0,32.705,32.7,350,129.9,129.9
1763,5291,UMI,270.0,43.77989,-79.34474,100.0,42.108,42.1,387,165.14,165.14
1764,5292,UMI,30.0,43.77989,-79.33803,100.0,39.794,39.8,464,166.34,166.34
1764,5293,UMI,150.0,43.77989,-79.33803,100.0,40.682,40.7,392,157.41,157.41
1764,5294,UMI,270.0,43.77989,-79.33803,100.0,41.689,41.7,395,153.21,153.21
1765,5295,UMI,30.0,43.77989,-79.33132,100.0,59.431,59.4,509,204.84,204.84
1765,5296,UMI,150.0,43.77989,-79.33132,100.0,46.903,46.9,471,175.87,175.87
1765,5297,UMI,270.0,43.77989,-79.33132,100.0,42.602,42.6,468,180.02,180.02
1766,5298,UMI,30.0,43.77989,-79.32461,100.0,47.792,47.8,531,192.63,192.63
1766,5299,UMI,150.0,43.77989,-79.32461,100.0,51.364,51.4,514,204.97,204.97
1766,5300,UMI,270.0,43.77989,-79.32461,100.0,43.959,44.0,489,179.62,179.62
1767,5301,UMI,30.0,43.77989,-79.3179,100.0,59.63,59.6,498,210.75,210.75
1767,5302,UMI,150.0,43.77989,-79.3179,100.0,59.563,59.6,563,218.67,218.67
1767,5303,UMI,270.0,43.77989,-79.3179,100.0,57.249,57.2,537,216.31,216.31
1768,5304,UMI,30.0,43.77989,-79.31119,100.0,47.63,47.6,482,194.08,194.08
1768,5305,UMI,150.0,43.77989,-79.31119,100.0,54.913,54.9,496,214.1,214.1
1768,5306,UMI,270.0,43.77989,-79.31119,100.0,51.902,51.9,520,203.26,203.26
1769,5307,UMI,30.0,43.77989,-79.30449,100.0,41.229,41.2,428,155.81,155.81
1769,5308,UMI,150.0,43.77989,-79.30449,100.0,49.927,49.9,496,191.5,191.5
1769,5309,UMI,270.0,43.77989,-79.30449,100.0,66.063,66.1,539,229.83,229.83
1770,5310,UMI,30.0,43.77989,-79.29778,100.0,37.608,37.6,402,145.2,145.2
1770,5311,UMI,150.0,43.77989,-79.29778,100.0,39.533,39.5,406,162.34,162.34
1770,5312,UMI,270.0,43.77989,-79.29778,100.0,43.085,43.1,435,167.15,167.15
1771,5313,UMI,30.0,43.77989,-79.29107,100.0,41.256,41.3,373,158.4,158.4
1771,5314,UMI,150.0,43.77989,-79.29107,100.0,38.279,38.3,398,160.43,160.43
1771,5315,UMI,270.0,43.77989,-79.29107,100.0,49.956,50.0,409,176.91,176.91
1772,5316,UMI,30.0,43.77989,-79.28436,100.0,28.916,28.9,298,118.0,118.0
1772,5317,UMI,150.0,43.77989,-79.28436,100.0,35.899,35.9,295,122.49,122.49
1772,5318,UMI,270.0,43.77989,-79.28436,100.0,33.85,33.8,373,148.44,148.44
1773,5319,UMI,30.0,43.77989,-79.27765,100.0,32.296,32.3,323,130.17,130.17
1773,5320,UMI,150.0,43.77989,-79.27765,100.0,34.641,34.6,323,120.72,120.72
1773,5321,UMI,270.0,43.77989,-79.27765,100.0,29.375,29.4,320,122.33,122.33
1774,5322,UMI,30.0,43.77989,-79.27095,100.0,50.044,50.0,437,182.44,182.44
1774,5323,UMI,150.0,43.77989,-79.27095,100.0,32.238,32.2,319,128.56,128.56
1774,5324,UMI,270.0,43.77989,-79.27095,100.0,46.18,46.2,386,163.28,163.28
1775,5325,UMI,30.0,43.77989,-79.26424,100.0,32.195,32.2,331,135.24,135.24
1775,5326,UMI,150.0,43.77989,-79.26424,100.0,33.133,33.1,276,115.92,115.92
1775,5327,UMI,270.0,43.77989,-79.26424,100.0,41.689,41.7,390,140.72,140.72
1776,5328,UMI,30.0,43.77989,-79.25753,100.0,29.442,29.4,259,97.4,97.4
1776,5329,UMI,150.0,43.77989,-79.25753,100.0,26.87,26.9,232,103.57,103.57
1776,5330,UMI,270.0,43.77989,-79.25753,100.0,27.7,27.7,276,107.61,107.61
1777,5331,UMI,30.0,43.77989,-79.25082,100.0,23.414,23.4,246,90.48,90.48
1777,5332,UMI,150.0,43.77989,-79.25082,100.0,24.272,24.3,237,93.4,93.4
1777,5333,UMI,270.0,43.77989,-79.25082,100.0,19.418,19.4,202,77.59,77.59
1778,5334,UMI,30.0,43.77989,-79.24411,100.0,30.59,30.6,237,109.54,109.54
1778,5335,UMI,150.0,43.77989,-79.24411,100.0,27.58,27.6,287,112.66,112.66
1778,5336,UMI,270.0,43.77989,-79.24411,100.0,26.535,26.5,255,109.17,109.17
1779,5337,UMI,30.0,43.77989,-79.23741,100.0,24.113,24.1,258,105.22,105.22
1779,5338,UMI,150.0,43.77989,-79.23741,100.0,33.86,33.9,302,127.22,127.22
1779,5339,UMI,270.0,43.77989,-79.23741,100.0,24.494,24.5,262,103.03,103.03
1780,5340,UMI,30.0,43.77989,-79.2307,100.0,25.463,25.5,278,115.25,115.25
1780,5341,UMI,150.0,43.77989,-79.2307,100.0,37.482,37.5,347,141.72,141.72
1780,5342,UMI,270.0,43.77989,-79.2307,100.0,27.861,27.9,291,118.66,118.66
1781,5343,UMI,30.0,43.77989,-79.22399,100.0,32.808,32.8,302,127.59,127.59
1781,5344,UMI,150.0,43.77989,-79.22399,100.0,38.046,38.0,373,129.8,129.8
1781,5345,UMI,270.0,43.77989,-79.22399,100.0,38.142,38.1,349,139.63,139.63
1782,5346,UMI,30.0,43.77989,-79.21728,100.0,31.179,31.2,308,125.87,125.87
1782,5347,UMI,150.0,43.77989,-79.21728,100.0,30.828,30.8,296,123.18,123.18
1782,5348,UMI,270.0,43.77989,-79.21728,100.0,34.722,34.7,338,128.37,128.37
1783,5349,UMI,30.0,43.77989,-79.21057,100.0,26.028,26.0,224,90.48,90.48
1783,5350,UMI,150.0,43.77989,-79.21057,100.0,29.1,29.1,283,111.25,111.25
1783,5351,UMI,270.0,43.77989,-79.21057,100.0,31.244,31.2,316,132.91,132.91
1784,5352,UMI,30.0,43.77989,-79.20386,100.0,19.218,19.2,196,75.58,75.58
1784,5353,UMI,150.0,43.77989,-79.20386,100.0,17.309,17.3,183,73.34,73.34
1784,5354,UMI,270.0,43.77989,-79.20386,100.0,20.034,20.0,206,77.26,77.26
1785,5355,UMI,30.0,43.77989,-79.19716,100.0,13.7,13.7,144,51.35,51.35
1785,5356,UMI,150.0,43.77989,-79.19716,100.0,14.268,14.3,149,54.51,54.51
1785,5357,UMI,270.0,43.77989,-79.19716,100.0,16.97,17.0,161,68.28,68.28
1786,5358,UMI,30.0,43.77989,-79.19045,100.0,18.285,18.3,192,76.33,76.33
1786,5359,UMI,150.0,43.77989,-79.19045,100.0,21.642,21.6,207,89.41,89.41
1786,5360,UMI,270.0,43.77989,-79.19045,100.0,16.313,16.3,184,75.42,75.42
1787,5361,UMI,30.0,43.77989,-79.18374,100.0,34.101,34.1,261,109.04,109.04
1787,5362,UMI,150.0,43.77989,-79.18374,100.0,29.052,29.1,293,119.92,119.92
1787,5363,UMI,270.0,43.77989,-79.18374,100.0,20.273,20.3,236,80.87,80.87
1788,5364,UMI,30.0,43.77989,-79.17703,100.0,31.838,31.8,311,122.23,122.23
1788,5365,UMI,150.0,43.77989,-79.17703,100.0,32.771,32.8,282,131.84,131.84
1788,5366,UMI,270.0,43.77989,-79.17703,100.0,25.308,25.3,282,110.2,110.2
1789,5367,UMI,30.0,43.77989,-79.17032,100.0,31.798,31.8,322,131.67,131.67
1789,5368,UMI,150.0,43.77989,-79.17032,100.0,28.997,29.0,280,105.13,105.13
1789,5369,UMI,270.0,43.77989,-79.17032,100.0,40.134,40.1,306,128.34,128.34
1790,5370,UMI,30.0,43.77989,-79.16362,100.0,36.837,36.8,374,143.64,143.64
1790,5371,UMI,150.0,43.77989,-79.16362,100.0,34.787,34.8,336,140.91,140.91
1790,5372,UMI,270.0,43.77989,-79.16362,100.0,30.987,31.0,300,102.29,102.29
1791,5373,UMI,30.0,43.77989,-79.15691,100.0,41.463,41.5,411,164.18,164.18
1791,5374,UMI,150.0,43.77989,-79.15691,100.0,42.021,42.0,345,154.26,154.26
1791,5375,UMI,270.0,43.77989,-79.15691,100.0,39.503,39.5,373,138.27,138.27
1792,5376,UMI,30.0,43.77989,-79.1502,100.0,52.623,52.6,421,180.86,180.86
1792,5377,UMI,150.0,43.77989,-79.1502,100.0,36.031,36.0,381,137.06,137.06
1792,5378,UMI,270.0,43.77989,-79.1502,100.0,49.243,49.2,430,162.87,162.87
1793,5379,UMI,30.0,43.77989,-79.14349,100.0,46.161,46.2,388,167.91,167.91
1793,5380,UMI,150.0,43.77989,-79.14349,100.0,38.472,38.5,357,156.9,156.9
1793,5381,UMI,270.0,43.77989,-79.14349,100.0,45.348,45.3,429,183.77,183.77
1794,5382,UMI,30.0,43.77989,-79.13678,100.0,34.318,34.3,357,144.88,144.88
1794,5383,UMI,150.0,43.77989,-79.13678,100.0,26.045,26.0,283,94.86,94.86
1794,5384,UMI,270.0,43.77989,-79.13678,100.0,30.891,30.9,336,123.13,123.13
1795,5385,UMI,30.0,43.77989,-79.13007,100.0,21.41,21.4,208,80.99,80.99
1795,5386,UMI,150.0,43.77989,-79.13007,100.0,20.448,20.4,142,59.59,59.59
1795,5387,UMI,270.0,43.77989,-79.13007,100.0,24.481,24.5,235,100.31,100.31
1796,5388,UMI,30.0,43.78409,-79.61642,100.0,17.738,17.7,145,55.97,55.97
1796,5389,UMI,150.0,43.78409,-79.61642,100.0,10.329,10.3,109,41.98,41.98
1796,5390,UMI,270.0,43.78409,-79.61642,100.0,6.916,6.9,83,31.15,31.15
1797,5391,UMI,30.0,43.78409,-79.60971,100.0,19.885,19.9,220,78.86,78.86
1797,5392,UMI,150.0,43.78409,-79.60971,100.0,23.423,23.4,203,89.31,89.31
1797,5393,UMI,270.0,43.78409,-79.60971,100.0,17.886,17.9,165,66.63,66.63
1798,5394,UMI,30.0,43.78409,-79.603,100.0,16.577,16.6,175,70.01,70.01
1798,5395,UMI,150.0,43.78409,-79.603,100.0,20.315,20.3,196,89.32,89.32
1798,5396,UMI,270.0,43.78409,-79.603,100.0,24.872,24.9,229,93.55,93.55
1799,5397,UMI,30.0,43.78409,-79.59629,100.0,19.822,19.8,182,70.94,70.94
1799,5398,UMI,150.0,43.78409,-79.59629,100.0,22.121,22.1,201,83.68,83.68
1799,5399,UMI,270.0,43.78409,-79.59629,100.0,22.278,22.3,204,79.26,79.26
1800,5400,UMI,30.0,43.78409,-79.58958,100.0,22.104,22.1,178,79.71,79.71
1800,5401,UMI,150.0,43.78409,-79.58958,100.0,12.087,12.1,155,53.69,53.69
1800,5402,UMI,270.0,43.78409,-79.58958,100.0,14.867,14.9,171,64.56,64.56
1801,5403,UMI,30.0,43.78409,-79.58287,100.0,26.514,26.5,242,92.67,92.67
1801,5404,UMI,150.0,43.78409,-79.58287,100.0,15.533,15.5,200,69.28,69.28
1801,5405,UMI,270.0,43.78409,-79.58287,100.0,20.531,20.5,217,83.65,83.65
1802,5406,UMI,30.0,43.78409,-79.57617,100.0,20.955,21.0,220,79.25,79.25
1802,5407,UMI,150.0,43.78409,-79.57617,100.0,20.975,21.0,209,95.21,95.21
1802,5408,UMI,270.0,43.78409,-79.57617,100.0,23.162,23.2,220,82.78,82.78
1803,5409,UMI,30.0,43.78409,-79.56946,100.0,20.52,20.5,232,80.57,80.57
1803,5410,UMI,150.0,43.78409,-79.56946,100.0,16.426,16.4,188,59.62,59.62
1803,5411,UMI,270.0,43.78409,-79.56946,100.0,33.911,33.9,231,91.13,91.13
1804,5412,UMI,30.0,43.78409,-79.56275,100.0,25.417,25.4,186,80.39,80.39
1804,5413,UMI,150.0,43.78409,-79.56275,100.0,14.038,14.0,151,53.67,53.67
1804,5414,UMI,270.0,43.78409,-79.56275,100.0,15.194,15.2,193,69.83,69.83
1805,5415,UMI,30.0,43.78409,-79.55604,100.0,13.17,13.2,150,55.36,55.36
1805,5416,UMI,150.0,43.78409,-79.55604,100.0,12.313,12.3,122,51.1,51.1
1805,5417,UMI,270.0,43.78409,-79.55604,100.0,15.721,15.7,157,65.06,65.06
1806,5418,UMI,30.0,43.78409,-79.54933,100.0,11.314,11.3,109,41.34,41.34
1806,5419,UMI,150.0,43.78409,-79.54933,100.0,10.139,10.1,91,35.24,35.24
1806,5420,UMI,270.0,43.78409,-79.54933,100.0,9.092,9.1,114,35.62,35.62
1807,5421,UMI,30.0,43.78409,-79.52921,100.0,5.908,5.9,62,24.59,24.59
1807,5422,UMI,150.0,43.78409,-79.52921,100.0,7.094,7.1,72,26.59,26.59
1807,5423,UMI,270.0,43.78409,-79.52921,100.0,3.592,3.6,49,17.64,17.64
1808,5424,UMI,30.0,43.78409,-79.51579,100.0,5.193,5.2,54,19.85,19.85
1808,5425,UMI,150.0,43.78409,-79.51579,100.0,10.647,10.6,77,31.05,31.05
1808,5426,UMI,270.0,43.78409,-79.51579,100.0,6.395,6.4,71,25.78,25.78
1809,5427,UMI,30.0,43.78409,-79.50909,100.0,5.511,5.5,75,26.15,26.15
1809,5428,UMI,150.0,43.78409,-79.50909,100.0,5.933,5.9,69,23.85,23.85
1809,5429,UMI,270.0,43.78409,-79.50909,100.0,6.37,6.4,77,26.9,26.9
1810,5430,UMI,30.0,43.78409,-79.50238,100.0,9.968,10.0,81,36.83,36.83
1810,5431,UMI,150.0,43.78409,-79.50238,100.0,11.471,11.5,87,32.21,32.21
1810,5432,UMI,270.0,43.78409,-79.50238,100.0,7.697,7.7,72,28.6,28.6
1811,5433,UMI,30.0,43.78409,-79.48896,100.0,11.699,11.7,117,46.07,46.07
1811,5434,UMI,150.0,43.78409,-79.48896,100.0,16.442,16.4,152,51.66,51.66
1811,5435,UMI,270.0,43.78409,-79.48896,100.0,11.102,11.1,114,45.26,45.26
1812,5436,UMI,30.0,43.78409,-79.48225,100.0,16.254,16.3,148,55.73,55.73
1812,5437,UMI,150.0,43.78409,-79.48225,100.0,15.384,15.4,168,61.8,61.8
1812,5438,UMI,270.0,43.78409,-79.48225,100.0,13.942,13.9,158,56.53,56.53
1813,5439,UMI,30.0,43.78409,-79.47554,100.0,17.955,18.0,157,64.09,64.09
1813,5440,UMI,150.0,43.78409,-79.47554,100.0,16.954,17.0,161,65.16,65.16
1813,5441,UMI,270.0,43.78409,-79.47554,100.0,20.52,20.5,161,83.82,83.82
1814,5442,UMI,30.0,43.78409,-79.46884,100.0,21.547,21.5,176,73.23,73.23
1814,5443,UMI,150.0,43.78409,-79.46884,100.0,16.641,16.6,160,64.08,64.08
1814,5444,UMI,270.0,43.78409,-79.46884,100.0,17.415,17.4,166,68.35,68.35
1815,5445,UMI,30.0,43.78409,-79.46213,100.0,26.855,26.9,255,99.59,99.59
1815,5446,UMI,150.0,43.78409,-79.46213,100.0,23.072,23.1,215,94.95,94.95
1815,5447,UMI,270.0,43.78409,-79.46213,100.0,16.861,16.9,191,68.6,68.6
1816,5448,UMI,30.0,43.78409,-79.45542,100.0,38.346,38.3,363,146.15,146.15
1816,5449,UMI,150.0,43.78409,-79.45542,100.0,32.955,33.0,307,128.35,128.35
1816,5450,UMI,270.0,43.78409,-79.45542,100.0,33.662,33.7,300,114.48,114.48
1817,5451,UMI,30.0,43.78409,-79.44871,100.0,36.557,36.6,389,149.95,149.95
1817,5452,UMI,150.0,43.78409,-79.44871,100.0,46.507,46.5,392,160.35,160.35
1817,5453,UMI,270.0,43.78409,-79.44871,100.0,39.02,39.0,369,142.23,142.23
1818,5454,UMI,30.0,43.78409,-79.442,100.0,53.204,53.2,503,203.39,203.39
1818,5455,UMI,150.0,43.78409,-79.442,100.0,48.123,48.1,439,178.03,178.03
1818,5456,UMI,270.0,43.78409,-79.442,100.0,44.169,44.2,400,157.32,157.32
1819,5457,UMI,30.0,43.78409,-79.4353,100.0,65.85,65.9,540,230.7,230.7
1819,5458,UMI,150.0,43.78409,-79.4353,100.0,60.16,60.2,560,247.91,247.91
1819,5459,UMI,270.0,43.78409,-79.4353,100.0,54.174,54.2,529,214.12,214.12
1820,5460,UMI,30.0,43.78409,-79.42859,100.0,55.047,55.0,541,204.19,204.19
1820,5461,UMI,150.0,43.78409,-79.42859,100.0,65.825,65.8,571,228.26,228.26
1820,5462,UMI,270.0,43.78409,-79.42859,100.0,59.081,59.1,574,222.03,222.03
1821,5463,UMI,30.0,43.78409,-79.42188,100.0,53.506,53.5,520,199.04,199.04
1821,5464,UMI,150.0,43.78409,-79.42188,100.0,56.854,56.9,533,211.76,211.76
1821,5465,UMI,270.0,43.78409,-79.42188,100.0,47.435,47.4,487,181.06,181.06
1822,5466,UMI,30.0,43.78409,-79.41517,100.0,58.626,58.6,608,246.61,246.61
1822,5467,UMI,150.0,43.78409,-79.41517,100.0,47.204,47.2,526,190.4,190.4
1822,5468,UMI,270.0,43.78409,-79.41517,100.0,58.898,58.9,545,223.09,223.09
1823,5469,UMI,30.0,43.78409,-79.40846,100.0,46.254,46.3,541,187.84,187.84
1823,5470,UMI,150.0,43.78409,-79.40846,100.0,56.234,56.2,525,227.53,227.53
1823,5471,UMI,270.0,43.78409,-79.40846,100.0,58.073,58.1,526,204.29,204.29
1824,5472,UMI,30.0,43.78409,-79.40175,100.0,45.871,45.9,478,192.0,192.0
1824,5473,UMI,150.0,43.78409,-79.40175,100.0,55.894,55.9,537,214.2,214.2
1824,5474,UMI,270.0,43.78409,-79.40175,100.0,46.986,47.0,514,182.68,182.68
1825,5475,UMI,30.0,43.78409,-79.39505,100.0,52.98,53.0,461,200.5,200.5
1825,5476,UMI,150.0,43.78409,-79.39505,100.0,54.122,54.1,545,216.68,216.68
1825,5477,UMI,270.0,43.78409,-79.39505,100.0,44.05,44.1,493,181.4,181.4
1826,5478,UMI,30.0,43.78409,-79.38834,100.0,37.863,37.9,379,143.7,143.7
1826,5479,UMI,150.0,43.78409,-79.38834,100.0,39.916,39.9,398,165.74,165.74
1826,5480,UMI,270.0,43.78409,-79.38834,100.0,43.265,43.3,441,163.68,163.68
1827,5481,UMI,30.0,43.78409,-79.38163,100.0,26.02,26.0,287,105.33,105.33
1827,5482,UMI,150.0,43.78409,-79.38163,100.0,48.697,48.7,347,138.22,138.22
1827,5483,UMI,270.0,43.78409,-79.38163,100.0,40.874,40.9,359,146.61,146.61
1828,5484,UMI,30.0,43.78409,-79.37492,100.0,32.412,32.4,322,129.44,129.44
1828,5485,UMI,150.0,43.78409,-79.37492,100.0,27.445,27.4,281,122.79,122.79
1828,5486,UMI,270.0,43.78409,-79.37492,100.0,28.537,28.5,273,115.47,115.47
1829,5487,UMI,30.0,43.78409,-79.36821,100.0,49.629,49.6,407,172.24,172.24
1829,5488,UMI,150.0,43.78409,-79.36821,100.0,39.397,39.4,389,150.35,150.35
1829,5489,UMI,270.0,43.78409,-79.36821,100.0,37.325,37.3,349,150.9,150.9
1830,5490,UMI,30.0,43.78409,-79.36151,100.0,57.24,57.2,496,199.79,199.79
1830,5491,UMI,150.0,43.78409,-79.36151,100.0,44.725,44.7,506,176.01,176.01
1830,5492,UMI,270.0,43.78409,-79.36151,100.0,56.009,56.0,506,201.52,201.52
1831,5493,UMI,30.0,43.78409,-79.3548,100.0,53.109,53.1,499,214.47,214.47
1831,5494,UMI,150.0,43.78409,-79.3548,100.0,54.964,55.0,503,200.07,200.07
1831,5495,UMI,270.0,43.78409,-79.3548,100.0,55.759,55.8,536,200.43,200.43
1832,5496,UMI,30.0,43.78409,-79.34809,100.0,49.423,49.4,471,177.08,177.08
1832,5497,UMI,150.0,43.78409,-79.34809,100.0,49.231,49.2,485,174.76,174.76
1832,5498,UMI,270.0,43.78409,-79.34809,100.0,45.444,45.4,451,168.73,168.73
1833,5499,UMI,30.0,43.78409,-79.34138,100.0,56.331,56.3,491,208.1,208.1
1833,5500,UMI,150.0,43.78409,-79.34138,100.0,47.337,47.3,475,176.85,176.85
1833,5501,UMI,270.0,43.78409,-79.34138,100.0,43.118,43.1,483,173.7,173.7
1834,5502,UMI,30.0,43.78409,-79.33467,100.0,53.613,53.6,575,212.86,212.86
1834,5503,UMI,150.0,43.78409,-79.33467,100.0,51.03,51.0,491,189.12,189.12
1834,5504,UMI,270.0,43.78409,-79.33467,100.0,55.209,55.2,547,224.3,224.3
1835,5505,UMI,30.0,43.78409,-79.32797,100.0,53.688,53.7,529,202.22,202.22
1835,5506,UMI,150.0,43.78409,-79.32797,100.0,51.249,51.2,507,179.94,179.94
1835,5507,UMI,270.0,43.78409,-79.32797,100.0,48.725,48.7,472,182.46,182.46
1836,5508,UMI,30.0,43.78409,-79.32126,100.0,48.329,48.3,479,186.33,186.33
1836,5509,UMI,150.0,43.78409,-79.32126,100.0,49.89,49.9,522,207.71,207.71
1836,5510,UMI,270.0,43.78409,-79.32126,100.0,50.016,50.0,506,199.41,199.41
1837,5511,UMI,30.0,43.78409,-79.31455,100.0,58.242,58.2,566,226.07,226.07
1837,5512,UMI,150.0,43.78409,-79.31455,100.0,48.217,48.2,525,196.82,196.82
1837,5513,UMI,270.0,43.78409,-79.31455,100.0,55.856,55.9,503,212.0,212.0
1838,5514,UMI,30.0,43.78409,-79.30784,100.0,57.439,57.4,488,200.82,200.82
1838,5515,UMI,150.0,43.78409,-79.30784,100.0,51.081,51.1,485,198.36,198.36
1838,5516,UMI,270.0,43.78409,-79.30784,100.0,47.023,47.0,469,185.08,185.08
1839,5517,UMI,30.0,43.78409,-79.30113,100.0,43.249,43.2,403,172.81,172.81
1839,5518,UMI,150.0,43.78409,-79.30113,100.0,36.549,36.5,403,149.35,149.35
1839,5519,UMI,270.0,43.78409,-79.30113,100.0,53.14,53.1,453,186.46,186.46
1840,5520,UMI,30.0,43.78409,-79.29442,100.0,32.239,32.2,309,129.05,129.05
1840,5521,UMI,150.0,43.78409,-79.29442,100.0,35.57,35.6,350,136.19,136.19
1840,5522,UMI,270.0,43.78409,-79.29442,100.0,43.225,43.2,378,152.49,152.49
1841,5523,UMI,30.0,43.78409,-79.28772,100.0,42.285,42.3,376,148.72,148.72
1841,5524,UMI,150.0,43.78409,-79.28772,100.0,36.29,36.3,329,120.54,120.54
1841,5525,UMI,270.0,43.78409,-79.28772,100.0,39.466,39.5,333,156.74,156.74
1842,5526,UMI,30.0,43.78409,-79.28101,100.0,44.312,44.3,373,163.79,163.79
1842,5527,UMI,150.0,43.78409,-79.28101,100.0,34.996,35.0,321,130.77,130.77
1842,5528,UMI,270.0,43.78409,-79.28101,100.0,40.723,40.7,363,139.67,139.67
1843,5529,UMI,30.0,43.78409,-79.2743,100.0,34.457,34.5,335,138.26,138.26
1843,5530,UMI,150.0,43.78409,-79.2743,100.0,44.544,44.5,387,166.45,166.45
1843,5531,UMI,270.0,43.78409,-79.2743,100.0,45.444,45.4,379,165.15,165.15
1844,5532,UMI,30.0,43.78409,-79.26759,100.0,42.902,42.9,417,163.87,163.87
1844,5533,UMI,150.0,43.78409,-79.26759,100.0,45.627,45.6,413,168.11,168.11
1844,5534,UMI,270.0,43.78409,-79.26759,100.0,40.452,40.5,444,167.59,167.59
1845,5535,UMI,30.0,43.78409,-79.26088,100.0,40.535,40.5,374,143.22,143.22
1845,5536,UMI,150.0,43.78409,-79.26088,100.0,39.314,39.3,329,136.44,136.44
1845,5537,UMI,270.0,43.78409,-79.26088,100.0,46.126,46.1,373,161.28,161.28
1846,5538,UMI,30.0,43.78409,-79.25418,100.0,24.256,24.3,251,102.22,102.22
1846,5539,UMI,150.0,43.78409,-79.25418,100.0,21.037,21.0,222,82.19,82.19
1846,5540,UMI,270.0,43.78409,-79.25418,100.0,33.409,33.4,302,122.06,122.06
1847,5541,UMI,30.0,43.78409,-79.24747,100.0,31.968,32.0,300,123.13,123.13
1847,5542,UMI,150.0,43.78409,-79.24747,100.0,20.315,20.3,214,85.06,85.06
1847,5543,UMI,270.0,43.78409,-79.24747,100.0,25.519,25.5,257,99.05,99.05
1848,5544,UMI,30.0,43.78409,-79.24076,100.0,26.245,26.2,264,108.37,108.37
1848,5545,UMI,150.0,43.78409,-79.24076,100.0,23.783,23.8,258,97.13,97.13
1848,5546,UMI,270.0,43.78409,-79.24076,100.0,24.007,24.0,246,97.31,97.31
1849,5547,UMI,30.0,43.78409,-79.23405,100.0,22.094,22.1,259,92.58,92.58
1849,5548,UMI,150.0,43.78409,-79.23405,100.0,28.396,28.4,216,99.79,99.79
1849,5549,UMI,270.0,43.78409,-79.23405,100.0,26.862,26.9,253,94.94,94.94
1850,5550,UMI,30.0,43.78409,-79.22734,100.0,19.11,19.1,221,75.9,75.9
1850,5551,UMI,150.0,43.78409,-79.22734,100.0,31.934,31.9,256,98.55,98.55
1850,5552,UMI,270.0,43.78409,-79.22734,100.0,24.167,24.2,245,97.71,97.71
1851,5553,UMI,30.0,43.78409,-79.22063,100.0,27.349,27.3,287,99.35,99.35
1851,5554,UMI,150.0,43.78409,-79.22063,100.0,35.926,35.9,325,131.04,131.04
1851,5555,UMI,270.0,43.78409,-79.22063,100.0,26.424,26.4,280,106.69,106.69
1852,5556,UMI,30.0,43.78409,-79.21393,100.0,29.353,29.4,273,102.0,102.0
1852,5557,UMI,150.0,43.78409,-79.21393,100.0,29.388,29.4,278,107.54,107.54
1852,5558,UMI,270.0,43.78409,-79.21393,100.0,29.683,29.7,278,111.59,111.59
1853,5559,UMI,30.0,43.78409,-79.20722,100.0,24.525,24.5,275,99.09,99.09
1853,5560,UMI,150.0,43.78409,-79.20722,100.0,19.085,19.1,224,86.57,86.57
1853,5561,UMI,270.0,43.78409,-79.20722,100.0,36.484,36.5,289,115.74,115.74
1854,5562,UMI,30.0,43.78409,-79.20051,100.0,17.668,17.7,166,60.78,60.78
1854,5563,UMI,150.0,43.78409,-79.20051,100.0,13.273,13.3,157,59.32,59.32
1854,5564,UMI,270.0,43.78409,-79.20051,100.0,16.116,16.1,187,67.03,67.03
1855,5565,UMI,30.0,43.78409,-79.1938,100.0,20.464,20.5,167,74.58,74.58
1855,5566,UMI,150.0,43.78409,-79.1938,100.0,17.345,17.3,154,60.94,60.94
1855,5567,UMI,270.0,43.78409,-79.1938,100.0,14.841,14.8,162,60.28,60.28
1856,5568,UMI,30.0,43.78409,-79.18709,100.0,25.191,25.2,250,92.14,92.14
1856,5569,UMI,150.0,43.78409,-79.18709,100.0,30.873,30.9,232,102.14,102.14
1856,5570,UMI,270.0,43.78409,-79.18709,100.0,20.132,20.1,206,89.37,89.37
1857,5571,UMI,30.0,43.78409,-79.18039,100.0,44.477,44.5,407,165.19,165.19
1857,5572,UMI,150.0,43.78409,-79.18039,100.0,31.974,32.0,301,121.4,121.4
1857,5573,UMI,270.0,43.78409,-79.18039,100.0,34.438,34.4,327,127.64,127.64
1858,5574,UMI,30.0,43.78409,-79.17368,100.0,39.717,39.7,405,156.45,156.45
1858,5575,UMI,150.0,43.78409,-79.17368,100.0,40.518,40.5,391,165.36,165.36
1858,5576,UMI,270.0,43.78409,-79.17368,100.0,42.884,42.9,368,162.31,162.31
1859,5577,UMI,30.0,43.78409,-79.16697,100.0,43.988,44.0,441,168.68,168.68
1859,5578,UMI,150.0,43.78409,-79.16697,100.0,42.826,42.8,404,163.66,163.66
1859,5579,UMI,270.0,43.78409,-79.16697,100.0,34.208,34.2,356,122.9,122.9
1860,5580,UMI,30.0,43.78409,-79.16026,100.0,43.746,43.7,467,177.12,177.12
1860,5581,UMI,150.0,43.78409,-79.16026,100.0,43.437,43.4,403,165.89,165.89
1860,5582,UMI,270.0,43.78409,-79.16026,100.0,55.087,55.1,435,173.19,173.19
1861,5583,UMI,30.0,43.78409,-79.15355,100.0,46.195,46.2,454,178.37,178.37
1861,5584,UMI,150.0,43.78409,-79.15355,100.0,44.749,44.7,443,171.64,171.64
1861,5585,UMI,270.0,43.78409,-79.15355,100.0,40.643,40.6,444,169.39,169.39
1862,5586,UMI,30.0,43.78409,-79.14685,100.0,50.053,50.1,465,193.1,193.1
1862,5587,UMI,150.0,43.78409,-79.14685,100.0,58.593,58.6,487,203.07,203.07
1862,5588,UMI,270.0,43.78409,-79.14685,100.0,52.563,52.6,458,189.91,189.91
1863,5589,UMI,30.0,43.78409,-79.14014,100.0,48.329,48.3,453,197.53,197.53
1863,5590,UMI,150.0,43.78409,-79.14014,100.0,44.626,44.6,416,180.0,180.0
1863,5591,UMI,270.0,43.78409,-79.14014,100.0,40.139,40.1,420,156.5,156.5
1864,5592,UMI,30.0,43.78409,-79.13343,100.0,39.625,39.6,348,139.4,139.4
1864,5593,UMI,150.0,43.78409,-79.13343,100.0,34.381,34.4,341,135.72,135.72
1864,5594,UMI,270.0,43.78409,-79.13343,100.0,43.777,43.8,407,176.9,176.9
1865,5595,UMI,30.0,43.78409,-79.12672,100.0,16.372,16.4,167,61.3,61.3
1865,5596,UMI,150.0,43.78409,-79.12672,100.0,13.528,13.5,105,41.98,41.98
1865,5597,UMI,270.0,43.78409,-79.12672,100.0,22.765,22.8,234,84.36,84.36
1866,5598,UMI,30.0,43.78828,-79.61306,100.0,17.292,17.3,170,65.21,65.21
1866,5599,UMI,150.0,43.78828,-79.61306,100.0,13.997,14.0,172,68.66,68.66
1866,5600,UMI,270.0,43.78828,-79.61306,100.0,15.918,15.9,157,74.02,74.02
1867,5601,UMI,30.0,43.78828,-79.60635,100.0,17.832,17.8,163,72.29,72.29
1867,5602,UMI,150.0,43.78828,-79.60635,100.0,27.846,27.8,203,88.38,88.38
1867,5603,UMI,270.0,43.78828,-79.60635,100.0,21.085,21.1,184,79.17,79.17
1868,5604,UMI,30.0,43.78828,-79.59965,100.0,14.916,14.9,151,60.31,60.31
1868,5605,UMI,150.0,43.78828,-79.59965,100.0,21.058,21.1,186,78.04,78.04
1868,5606,UMI,270.0,43.78828,-79.59965,100.0,16.278,16.3,157,57.91,57.91
1869,5607,UMI,30.0,43.78828,-79.59294,100.0,15.668,15.7,136,50.87,50.87
1869,5608,UMI,150.0,43.78828,-79.59294,100.0,22.814,22.8,191,79.2,79.2
1869,5609,UMI,270.0,43.78828,-79.59294,100.0,14.83,14.8,167,60.92,60.92
1870,5610,UMI,30.0,43.78828,-79.58623,100.0,18.487,18.5,169,72.63,72.63
1870,5611,UMI,150.0,43.78828,-79.58623,100.0,23.841,23.8,210,87.71,87.71
1870,5612,UMI,270.0,43.78828,-79.58623,100.0,15.759,15.8,175,65.09,65.09
1871,5613,UMI,30.0,43.78828,-79.57952,100.0,26.603,26.6,237,97.33,97.33
1871,5614,UMI,150.0,43.78828,-79.57952,100.0,25.969,26.0,246,103.03,103.03
1871,5615,UMI,270.0,43.78828,-79.57952,100.0,25.977,26.0,229,85.46,85.46
1872,5616,UMI,30.0,43.78828,-79.57281,100.0,19.485,19.5,246,82.3,82.3
1872,5617,UMI,150.0,43.78828,-79.57281,100.0,25.865,25.9,244,96.02,96.02
1872,5618,UMI,270.0,43.78828,-79.57281,100.0,29.132,29.1,276,115.07,115.07
1873,5619,UMI,30.0,43.78828,-79.5661,100.0,38.567,38.6,329,133.91,133.91
1873,5620,UMI,150.0,43.78828,-79.5661,100.0,21.83,21.8,244,95.13,95.13
1873,5621,UMI,270.0,43.78828,-79.5661,100.0,33.537,33.5,275,103.45,103.45
1874,5622,UMI,30.0,43.78828,-79.5594,100.0,20.034,20.0,211,78.38,78.38
1874,5623,UMI,150.0,43.78828,-79.5594,100.0,21.917,21.9,186,76.54,76.54
1874,5624,UMI,270.0,43.78828,-79.5594,100.0,26.769,26.8,280,103.82,103.82
1875,5625,UMI,30.0,43.78828,-79.55269,100.0,14.204,14.2,161,69.6,69.6
1875,5626,UMI,150.0,43.78828,-79.55269,100.0,14.451,14.5,149,61.51,61.51
1875,5627,UMI,270.0,43.78828,-79.55269,100.0,16.215,16.2,170,65.93,65.93
1876,5628,UMI,30.0,43.78828,-79.54598,100.0,5.185,5.2,73,21.55,21.55
1876,5629,UMI,150.0,43.78828,-79.54598,100.0,9.555,9.6,96,38.31,38.31
1876,5630,UMI,270.0,43.78828,-79.54598,100.0,10.48,10.5,118,43.12,43.12
1877,5631,UMI,30.0,43.78828,-79.53256,100.0,7.308,7.3,71,31.21,31.21
1877,5632,UMI,150.0,43.78828,-79.53256,100.0,5.658,5.7,59,21.59,21.59
1877,5633,UMI,270.0,43.78828,-79.53256,100.0,7.342,7.3,53,21.46,21.46
1878,5634,UMI,30.0,43.78828,-79.52586,100.0,4.054,4.1,52,15.95,15.95
1878,5635,UMI,150.0,43.78828,-79.52586,100.0,6.419,6.4,60,28.66,28.66
1878,5636,UMI,270.0,43.78828,-79.52586,100.0,5.846,5.8,60,27.03,27.03
1879,5637,UMI,30.0,43.78828,-79.51915,100.0,6.124,6.1,90,27.38,27.38
1879,5638,UMI,150.0,43.78828,-79.51915,100.0,7.701,7.7,75,30.03,30.03
1879,5639,UMI,270.0,43.78828,-79.51915,100.0,9.614,9.6,83,36.1,36.1
1880,5640,UMI,30.0,43.78828,-79.51244,100.0,10.064,10.1,82,37.11,37.11
1880,5641,UMI,150.0,43.78828,-79.51244,100.0,6.149,6.1,74,24.47,24.47
1880,5642,UMI,270.0,43.78828,-79.51244,100.0,10.496,10.5,75,34.51,34.51
1881,5643,UMI,30.0,43.78828,-79.50573,100.0,11.486,11.5,80,37.98,37.98
1881,5644,UMI,150.0,43.78828,-79.50573,100.0,6.422,6.4,68,29.69,29.69
1881,5645,UMI,270.0,43.78828,-79.50573,100.0,6.156,6.2,73,27.34,27.34
1882,5646,UMI,30.0,43.78828,-79.49902,100.0,6.377,6.4,85,23.56,23.56
1882,5647,UMI,150.0,43.78828,-79.49902,100.0,9.15,9.1,80,31.59,31.59
1882,5648,UMI,270.0,43.78828,-79.49902,100.0,6.793,6.8,71,28.72,28.72
1883,5649,UMI,30.0,43.78828,-79.49231,100.0,11.661,11.7,101,38.24,38.24
1883,5650,UMI,150.0,43.78828,-79.49231,100.0,12.853,12.9,100,39.7,39.7
1883,5651,UMI,270.0,43.78828,-79.49231,100.0,11.115,11.1,102,40.1,40.1
1884,5652,UMI,30.0,43.78828,-79.48561,100.0,20.155,20.2,145,66.35,66.35
1884,5653,UMI,150.0,43.78828,-79.48561,100.0,14.517,14.5,156,53.76,53.76
1884,5654,UMI,270.0,43.78828,-79.48561,100.0,19.819,19.8,125,54.43,54.43
1885,5655,UMI,30.0,43.78828,-79.4789,100.0,16.686,16.7,191,67.62,67.62
1885,5656,UMI,150.0,43.78828,-79.4789,100.0,17.683,17.7,155,61.56,61.56
1885,5657,UMI,270.0,43.78828,-79.4789,100.0,17.466,17.5,158,72.31,72.31
1886,5658,UMI,30.0,43.78828,-79.47219,100.0,18.183,18.2,198,74.45,74.45
1886,5659,UMI,150.0,43.78828,-79.47219,100.0,17.672,17.7,163,66.95,66.95
1886,5660,UMI,270.0,43.78828,-79.47219,100.0,21.835,21.8,180,77.98,77.98
1887,5661,UMI,30.0,43.78828,-79.46548,100.0,24.73,24.7,271,102.49,102.49
1887,5662,UMI,150.0,43.78828,-79.46548,100.0,21.332,21.3,232,88.17,88.17
1887,5663,UMI,270.0,43.78828,-79.46548,100.0,23.275,23.3,199,79.8,79.8
1888,5664,UMI,30.0,43.78828,-79.45877,100.0,38.708,38.7,341,144.83,144.83
1888,5665,UMI,150.0,43.78828,-79.45877,100.0,37.245,37.2,334,124.91,124.91
1888,5666,UMI,270.0,43.78828,-79.45877,100.0,28.895,28.9,287,110.7,110.7
1889,5667,UMI,30.0,43.78828,-79.45207,100.0,44.205,44.2,429,160.9,160.9
1889,5668,UMI,150.0,43.78828,-79.45207,100.0,46.482,46.5,428,189.02,189.02
1889,5669,UMI,270.0,43.78828,-79.45207,100.0,43.848,43.8,432,166.04,166.04
1890,5670,UMI,30.0,43.78828,-79.44536,100.0,42.0,42.0,450,178.73,178.73
1890,5671,UMI,150.0,43.78828,-79.44536,100.0,40.476,40.5,427,164.78,164.78
1890,5672,UMI,270.0,43.78828,-79.44536,100.0,35.356,35.4,390,137.69,137.69
1891,5673,UMI,30.0,43.78828,-79.43865,100.0,57.397,57.4,515,211.44,211.44
1891,5674,UMI,150.0,43.78828,-79.43865,100.0,58.293,58.3,532,209.96,209.96
1891,5675,UMI,270.0,43.78828,-79.43865,100.0,51.908,51.9,476,189.0,189.0
1892,5676,UMI,30.0,43.78828,-79.43194,100.0,54.666,54.7,556,208.86,208.86
1892,5677,UMI,150.0,43.78828,-79.43194,100.0,63.614,63.6,518,225.27,225.27
1892,5678,UMI,270.0,43.78828,-79.43194,100.0,54.173,54.2,542,201.11,201.11
1893,5679,UMI,30.0,43.78828,-79.42523,100.0,54.789,54.8,501,199.46,199.46
1893,5680,UMI,150.0,43.78828,-79.42523,100.0,57.336,57.3,541,208.77,208.77
1893,5681,UMI,270.0,43.78828,-79.42523,100.0,54.071,54.1,569,219.06,219.06
1894,5682,UMI,30.0,43.78828,-79.41853,100.0,53.26,53.3,546,202.86,202.86
1894,5683,UMI,150.0,43.78828,-79.41853,100.0,49.42,49.4,526,197.36,197.36
1894,5684,UMI,270.0,43.78828,-79.41853,100.0,45.611,45.6,446,175.11,175.11
1895,5685,UMI,30.0,43.78828,-79.41182,100.0,54.513,54.5,556,220.23,220.23
1895,5686,UMI,150.0,43.78828,-79.41182,100.0,55.272,55.3,509,213.65,213.65
1895,5687,UMI,270.0,43.78828,-79.41182,100.0,69.868,69.9,615,256.94,256.94
1896,5688,UMI,30.0,43.78828,-79.40511,100.0,51.011,51.0,513,204.45,204.45
1896,5689,UMI,150.0,43.78828,-79.40511,100.0,44.656,44.7,451,164.42,164.42
1896,5690,UMI,270.0,43.78828,-79.40511,100.0,54.684,54.7,492,192.03,192.03
1897,5691,UMI,30.0,43.78828,-79.3984,100.0,54.485,54.5,521,203.62,203.62
1897,5692,UMI,150.0,43.78828,-79.3984,100.0,58.999,59.0,463,189.93,189.93
1897,5693,UMI,270.0,43.78828,-79.3984,100.0,45.801,45.8,479,182.0,182.0
1898,5694,UMI,30.0,43.78828,-79.39169,100.0,40.641,40.6,432,162.63,162.63
1898,5695,UMI,150.0,43.78828,-79.39169,100.0,48.871,48.9,449,197.27,197.27
1898,5696,UMI,270.0,43.78828,-79.39169,100.0,40.594,40.6,391,156.91,156.91
1899,5697,UMI,30.0,43.78828,-79.38498,100.0,26.728,26.7,319,113.87,113.87
1899,5698,UMI,150.0,43.78828,-79.38498,100.0,37.228,37.2,328,151.96,151.96
1899,5699,UMI,270.0,43.78828,-79.38498,100.0,45.487,45.5,417,173.61,173.61
1900,5700,UMI,30.0,43.78828,-79.37828,100.0,24.851,24.9,264,97.26,97.26
1900,5701,UMI,150.0,43.78828,-79.37828,100.0,22.261,22.3,272,93.73,93.73
1900,5702,UMI,270.0,43.78828,-79.37828,100.0,33.28,33.3,322,133.24,133.24
1901,5703,UMI,30.0,43.78828,-79.37157,100.0,39.095,39.1,372,142.22,142.22
1901,5704,UMI,150.0,43.78828,-79.37157,100.0,38.154,38.2,349,148.87,148.87
1901,5705,UMI,270.0,43.78828,-79.37157,100.0,31.714,31.7,348,133.88,133.88
1902,5706,UMI,30.0,43.78828,-79.36486,100.0,48.58,48.6,486,187.55,187.55
1902,5707,UMI,150.0,43.78828,-79.36486,100.0,54.24,54.2,527,220.69,220.69
1902,5708,UMI,270.0,43.78828,-79.36486,100.0,43.132,43.1,407,161.83,161.83
1903,5709,UMI,30.0,43.78828,-79.35815,100.0,47.051,47.1,494,187.6,187.6
1903,5710,UMI,150.0,43.78828,-79.35815,100.0,54.425,54.4,495,210.95,210.95
1903,5711,UMI,270.0,43.78828,-79.35815,100.0,55.587,55.6,462,207.4,207.4
1904,5712,UMI,30.0,43.78828,-79.35144,100.0,43.058,43.1,467,175.58,175.58
1904,5713,UMI,150.0,43.78828,-79.35144,100.0,53.756,53.8,561,205.1,205.1
1904,5714,UMI,270.0,43.78828,-79.35144,100.0,45.073,45.1,499,191.79,191.79
1905,5715,UMI,30.0,43.78828,-79.34474,100.0,54.265,54.3,529,200.61,200.61
1905,5716,UMI,150.0,43.78828,-79.34474,100.0,61.054,61.1,518,210.18,210.18
1905,5717,UMI,270.0,43.78828,-79.34474,100.0,57.0,57.0,564,225.48,225.48
1906,5718,UMI,30.0,43.78828,-79.33803,100.0,56.157,56.2,534,225.57,225.57
1906,5719,UMI,150.0,43.78828,-79.33803,100.0,55.433,55.4,514,206.71,206.71
1906,5720,UMI,270.0,43.78828,-79.33803,100.0,61.27,61.3,555,230.76,230.76
1907,5721,UMI,30.0,43.78828,-79.33132,100.0,51.411,51.4,521,196.06,196.06
1907,5722,UMI,150.0,43.78828,-79.33132,100.0,53.965,54.0,518,198.12,198.12
1907,5723,UMI,270.0,43.78828,-79.33132,100.0,65.127,65.1,541,233.85,233.85
1908,5724,UMI,30.0,43.78828,-79.32461,100.0,50.932,50.9,434,181.79,181.79
1908,5725,UMI,150.0,43.78828,-79.32461,100.0,57.051,57.1,491,198.4,198.4
1908,5726,UMI,270.0,43.78828,-79.32461,100.0,47.443,47.4,506,183.79,183.79
1909,5727,UMI,30.0,43.78828,-79.3179,100.0,49.413,49.4,507,195.0,195.0
1909,5728,UMI,150.0,43.78828,-79.3179,100.0,51.973,52.0,537,205.74,205.74
1909,5729,UMI,270.0,43.78828,-79.3179,100.0,56.68,56.7,488,207.37,207.37
1910,5730,UMI,30.0,43.78828,-79.31119,100.0,54.353,54.4,516,209.64,209.64
1910,5731,UMI,150.0,43.78828,-79.31119,100.0,57.127,57.1,507,200.91,200.91
1910,5732,UMI,270.0,43.78828,-79.31119,100.0,51.871,51.9,497,204.49,204.49
1911,5733,UMI,30.0,43.78828,-79.30449,100.0,36.005,36.0,415,151.61,151.61
1911,5734,UMI,150.0,43.78828,-79.30449,100.0,43.509,43.5,402,166.57,166.57
1911,5735,UMI,270.0,43.78828,-79.30449,100.0,46.845,46.8,437,159.95,159.95
1912,5736,UMI,30.0,43.78828,-79.29778,100.0,31.955,32.0,303,119.07,119.07
1912,5737,UMI,150.0,43.78828,-79.29778,100.0,32.746,32.7,292,116.52,116.52
1912,5738,UMI,270.0,43.78828,-79.29778,100.0,38.112,38.1,318,132.53,132.53
1913,5739,UMI,30.0,43.78828,-79.29107,100.0,35.366,35.4,363,137.61,137.61
1913,5740,UMI,150.0,43.78828,-79.29107,100.0,32.964,33.0,343,127.95,127.95
1913,5741,UMI,270.0,43.78828,-79.29107,100.0,31.557,31.6,309,122.54,122.54
1914,5742,UMI,30.0,43.78828,-79.28436,100.0,38.038,38.0,406,150.42,150.42
1914,5743,UMI,150.0,43.78828,-79.28436,100.0,45.715,45.7,387,173.45,173.45
1914,5744,UMI,270.0,43.78828,-79.28436,100.0,40.207,40.2,394,154.91,154.91
1915,5745,UMI,30.0,43.78828,-79.27765,100.0,39.699,39.7,392,142.02,142.02
1915,5746,UMI,150.0,43.78828,-79.27765,100.0,37.564,37.6,370,135.39,135.39
1915,5747,UMI,270.0,43.78828,-79.27765,100.0,40.412,40.4,389,141.74,141.74
1916,5748,UMI,30.0,43.78828,-79.27095,100.0,32.632,32.6,334,127.85,127.85
1916,5749,UMI,150.0,43.78828,-79.27095,100.0,46.252,46.3,369,169.19,169.19
1916,5750,UMI,270.0,43.78828,-79.27095,100.0,43.841,43.8,404,162.12,162.12
1917,5751,UMI,30.0,43.78828,-79.26424,100.0,32.564,32.6,339,134.14,134.14
1917,5752,UMI,150.0,43.78828,-79.26424,100.0,37.743,37.7,370,143.88,143.88
1917,5753,UMI,270.0,43.78828,-79.26424,100.0,31.636,31.6,363,131.41,131.41
1918,5754,UMI,30.0,43.78828,-79.25753,100.0,31.79,31.8,311,128.52,128.52
1918,5755,UMI,150.0,43.78828,-79.25753,100.0,33.321,33.3,328,126.42,126.42
1918,5756,UMI,270.0,43.78828,-79.25753,100.0,36.743,36.7,344,128.46,128.46
1919,5757,UMI,30.0,43.78828,-79.25082,100.0,36.344,36.3,399,135.59,135.59
1919,5758,UMI,150.0,43.78828,-79.25082,100.0,31.352,31.4,316,125.3,125.3
1919,5759,UMI,270.0,43.78828,-79.25082,100.0,25.952,26.0,312,115.12,115.12
1920,5760,UMI,30.0,43.78828,-79.24411,100.0,38.169,38.2,356,151.67,151.67
1920,5761,UMI,150.0,43.78828,-79.24411,100.0,31.275,31.3,304,129.95,129.95
1920,5762,UMI,270.0,43.78828,-79.24411,100.0,33.512,33.5,310,120.48,120.48
1921,5763,UMI,30.0,43.78828,-79.23741,100.0,31.99,32.0,317,130.44,130.44
1921,5764,UMI,150.0,43.78828,-79.23741,100.0,25.873,25.9,241,95.48,95.48
1921,5765,UMI,270.0,43.78828,-79.23741,100.0,33.107,33.1,331,139.4,139.4
1922,5766,UMI,30.0,43.78828,-79.2307,100.0,25.679,25.7,224,80.38,80.38
1922,5767,UMI,150.0,43.78828,-79.2307,100.0,28.415,28.4,283,115.8,115.8
1922,5768,UMI,270.0,43.78828,-79.2307,100.0,27.07,27.1,290,108.46,108.46
1923,5769,UMI,30.0,43.78828,-79.22399,100.0,30.221,30.2,244,101.95,101.95
1923,5770,UMI,150.0,43.78828,-79.22399,100.0,17.821,17.8,223,77.15,77.15
1923,5771,UMI,270.0,43.78828,-79.22399,100.0,23.052,23.1,232,87.1,87.1
1924,5772,UMI,30.0,43.78828,-79.21728,100.0,35.26,35.3,339,139.12,139.12
1924,5773,UMI,150.0,43.78828,-79.21728,100.0,35.52,35.5,373,143.63,143.63
1924,5774,UMI,270.0,43.78828,-79.21728,100.0,30.171,30.2,308,121.74,121.74
1925,5775,UMI,30.0,43.78828,-79.21057,100.0,36.098,36.1,357,140.66,140.66
1925,5776,UMI,150.0,43.78828,-79.21057,100.0,28.353,28.4,308,116.14,116.14
1925,5777,UMI,270.0,43.78828,-79.21057,100.0,38.022,38.0,358,136.6,136.6
1926,5778,UMI,30.0,43.78828,-79.20386,100.0,22.86,22.9,251,87.6,87.6
1926,5779,UMI,150.0,43.78828,-79.20386,100.0,34.031,34.0,235,89.0,89.0
1926,5780,UMI,270.0,43.78828,-79.20386,100.0,35.066,35.1,298,119.38,119.38
1927,5781,UMI,30.0,43.78828,-79.19716,100.0,24.502,24.5,236,93.46,93.46
1927,5782,UMI,150.0,43.78828,-79.19716,100.0,16.925,16.9,173,70.83,70.83
1927,5783,UMI,270.0,43.78828,-79.19716,100.0,21.519,21.5,194,85.6,85.6
1928,5784,UMI,30.0,43.78828,-79.19045,100.0,19.062,19.1,196,76.25,76.25
1928,5785,UMI,150.0,43.78828,-79.19045,100.0,27.188,27.2,216,94.51,94.51
1928,5786,UMI,270.0,43.78828,-79.19045,100.0,17.208,17.2,183,71.18,71.18
1929,5787,UMI,30.0,43.78828,-79.18374,100.0,36.046,36.0,392,138.38,138.38
1929,5788,UMI,150.0,43.78828,-79.18374,100.0,34.527,34.5,329,129.92,129.92
1929,5789,UMI,270.0,43.78828,-79.18374,100.0,29.649,29.6,260,108.77,108.77
1930,5790,UMI,30.0,43.78828,-79.17703,100.0,51.844,51.8,487,201.41,201.41
1930,5791,UMI,150.0,43.78828,-79.17703,100.0,47.189,47.2,455,186.44,186.44
1930,5792,UMI,270.0,43.78828,-79.17703,100.0,45.516,45.5,412,164.94,164.94
1931,5793,UMI,30.0,43.78828,-79.17032,100.0,48.075,48.1,479,177.94,177.94
1931,5794,UMI,150.0,43.78828,-79.17032,100.0,43.637,43.6,454,176.23,176.23
1931,5795,UMI,270.0,43.78828,-79.17032,100.0,48.419,48.4,450,175.5,175.5
1932,5796,UMI,30.0,43.78828,-79.16362,100.0,43.157,43.2,434,173.31,173.31
1932,5797,UMI,150.0,43.78828,-79.16362,100.0,41.603,41.6,442,169.47,169.47
1932,5798,UMI,270.0,43.78828,-79.16362,100.0,49.602,49.6,494,190.45,190.45
1933,5799,UMI,30.0,43.78828,-79.15691,100.0,34.49,34.5,388,146.05,146.05
1933,5800,UMI,150.0,43.78828,-79.15691,100.0,46.831,46.8,448,174.92,174.92
1933,5801,UMI,270.0,43.78828,-79.15691,100.0,54.177,54.2,448,179.53,179.53
1934,5802,UMI,30.0,43.78828,-79.1502,100.0,37.673,37.7,388,150.3,150.3
1934,5803,UMI,150.0,43.78828,-79.1502,100.0,41.336,41.3,434,167.2,167.2
1934,5804,UMI,270.0,43.78828,-79.1502,100.0,43.771,43.8,438,168.89,168.89
1935,5805,UMI,30.0,43.78828,-79.14349,100.0,43.064,43.1,406,154.52,154.52
1935,5806,UMI,150.0,43.78828,-79.14349,100.0,45.824,45.8,480,181.68,181.68
1935,5807,UMI,270.0,43.78828,-79.14349,100.0,46.718,46.7,465,200.45,200.45
1936,5808,UMI,30.0,43.78828,-79.13678,100.0,42.509,42.5,386,141.89,141.89
1936,5809,UMI,150.0,43.78828,-79.13678,100.0,51.264,51.3,421,184.95,184.95
1936,5810,UMI,270.0,43.78828,-79.13678,100.0,52.377,52.4,486,195.97,195.97
1937,5811,UMI,30.0,43.78828,-79.13007,100.0,32.809,32.8,300,110.87,110.87
1937,5812,UMI,150.0,43.78828,-79.13007,100.0,21.516,21.5,278,93.77,93.77
1937,5813,UMI,270.0,43.78828,-79.13007,100.0,32.751,32.8,340,128.23,128.23
1938,5814,UMI,30.0,43.78828,-79.12337,100.0,15.115,15.1,153,56.63,56.63
1938,5815,UMI,150.0,43.78828,-79.12337,100.0,8.467,8.5,109,37.42,37.42
1938,5816,UMI,270.0,43.78828,-79.12337,100.0,26.61,26.6,212,78.85,78.85
1939,5817,UMI,30.0,43.79248,-79.60971,100.0,9.664,9.7,119,45.84,45.84
1939,5818,UMI,150.0,43.79248,-79.60971,100.0,14.044,14.0,154,60.37,60.37
1939,5819,UMI,270.0,43.79248,-79.60971,100.0,10.837,10.8,115,47.67,47.67
1940,5820,UMI,30.0,43.79248,-79.603,100.0,12.365,12.4,124,43.93,43.93
1940,5821,UMI,150.0,43.79248,-79.603,100.0,12.941,12.9,145,56.25,56.25
1940,5822,UMI,270.0,43.79248,-79.603,100.0,12.085,12.1,122,49.44,49.44
1941,5823,UMI,30.0,43.79248,-79.59629,100.0,7.43,7.4,91,37.11,37.11
1941,5824,UMI,150.0,43.79248,-79.59629,100.0,13.92,13.9,120,51.88,51.88
1941,5825,UMI,270.0,43.79248,-79.59629,100.0,14.568,14.6,107,42.28,42.28
1942,5826,UMI,30.0,43.79248,-79.58958,100.0,12.8,12.8,143,46.78,46.78
1942,5827,UMI,150.0,43.79248,-79.58958,100.0,17.241,17.2,160,70.46,70.46
1942,5828,UMI,270.0,43.79248,-79.58958,100.0,13.455,13.5,123,45.44,45.44
1943,5829,UMI,30.0,43.79248,-79.58287,100.0,18.305,18.3,209,77.94,77.94
1943,5830,UMI,150.0,43.79248,-79.58287,100.0,22.486,22.5,221,74.81,74.81
1943,5831,UMI,270.0,43.79248,-79.58287,100.0,16.408,16.4,164,54.68,54.68
1944,5832,UMI,30.0,43.79248,-79.57617,100.0,23.823,23.8,264,105.52,105.52
1944,5833,UMI,150.0,43.79248,-79.57617,100.0,29.196,29.2,272,112.35,112.35
1944,5834,UMI,270.0,43.79248,-79.57617,100.0,30.541,30.5,261,96.96,96.96
1945,5835,UMI,30.0,43.79248,-79.56946,100.0,29.58,29.6,313,117.47,117.47
1945,5836,UMI,150.0,43.79248,-79.56946,100.0,22.965,23.0,291,101.23,101.23
1945,5837,UMI,270.0,43.79248,-79.56946,100.0,25.251,25.3,272,105.96,105.96
1946,5838,UMI,30.0,43.79248,-79.56275,100.0,30.558,30.6,299,125.47,125.47
1946,5839,UMI,150.0,43.79248,-79.56275,100.0,27.357,27.4,276,102.99,102.99
1946,5840,UMI,270.0,43.79248,-79.56275,100.0,38.287,38.3,314,131.6,131.6
1947,5841,UMI,30.0,43.79248,-79.55604,100.0,29.011,29.0,263,108.08,108.08
1947,5842,UMI,150.0,43.79248,-79.55604,100.0,22.384,22.4,245,88.06,88.06
1947,5843,UMI,270.0,43.79248,-79.55604,100.0,34.733,34.7,292,122.82,122.82
1948,5844,UMI,30.0,43.79248,-79.54933,100.0,16.471,16.5,162,67.19,67.19
1948,5845,UMI,150.0,43.79248,-79.54933,100.0,15.268,15.3,133,50.11,50.11
1948,5846,UMI,270.0,43.79248,-79.54933,100.0,21.47,21.5,218,85.86,85.86
1949,5847,UMI,30.0,43.79248,-79.54263,100.0,7.778,7.8,72,32.46,32.46
1949,5848,UMI,150.0,43.79248,-79.54263,100.0,7.823,7.8,80,30.59,30.59
1949,5849,UMI,270.0,43.79248,-79.54263,100.0,10.46,10.5,102,37.41,37.41
1950,5850,UMI,30.0,43.79248,-79.53592,100.0,10.221,10.2,60,33.37,33.37
1950,5851,UMI,150.0,43.79248,-79.53592,100.0,7.745,7.7,68,31.22,31.22
1950,5852,UMI,270.0,43.79248,-79.53592,100.0,4.182,4.2,44,17.4,17.4
1951,5853,UMI,30.0,43.79248,-79.52921,100.0,6.242,6.2,72,22.55,22.55
1951,5854,UMI,150.0,43.79248,-79.52921,100.0,7.652,7.7,72,25.65,25.65
1951,5855,UMI,270.0,43.79248,-79.52921,100.0,7.762,7.8,70,28.11,28.11
1952,5856,UMI,30.0,43.79248,-79.5225,100.0,8.492,8.5,76,33.19,33.19
1952,5857,UMI,150.0,43.79248,-79.5225,100.0,8.069,8.1,78,32.35,32.35
1952,5858,UMI,270.0,43.79248,-79.5225,100.0,7.888,7.9,55,23.3,23.3
1953,5859,UMI,30.0,43.79248,-79.51579,100.0,11.781,11.8,103,47.7,47.7
1953,5860,UMI,150.0,43.79248,-79.51579,100.0,7.888,7.9,92,30.54,30.54
1953,5861,UMI,270.0,43.79248,-79.51579,100.0,9.739,9.7,79,39.48,39.48
1954,5862,UMI,30.0,43.79248,-79.50909,100.0,9.713,9.7,79,33.34,33.34
1954,5863,UMI,150.0,43.79248,-79.50909,100.0,9.843,9.8,89,41.05,41.05
1954,5864,UMI,270.0,43.79248,-79.50909,100.0,12.959,13.0,97,41.37,41.37
1955,5865,UMI,30.0,43.79248,-79.50238,100.0,6.945,6.9,80,31.92,31.92
1955,5866,UMI,150.0,43.79248,-79.50238,100.0,9.637,9.6,70,33.09,33.09
1955,5867,UMI,270.0,43.79248,-79.50238,100.0,8.553,8.6,80,30.27,30.27
1956,5868,UMI,30.0,43.79248,-79.48896,100.0,12.369,12.4,132,57.07,57.07
1956,5869,UMI,150.0,43.79248,-79.48896,100.0,12.927,12.9,117,55.28,55.28
1956,5870,UMI,270.0,43.79248,-79.48896,100.0,10.609,10.6,94,38.68,38.68
1957,5871,UMI,30.0,43.79248,-79.48225,100.0,21.425,21.4,214,79.32,79.32
1957,5872,UMI,150.0,43.79248,-79.48225,100.0,18.173,18.2,163,58.0,58.0
1957,5873,UMI,270.0,43.79248,-79.48225,100.0,19.3,19.3,171,66.49,66.49
1958,5874,UMI,30.0,43.79248,-79.47554,100.0,22.646,22.6,214,94.08,94.08
1958,5875,UMI,150.0,43.79248,-79.47554,100.0,19.642,19.6,185,76.14,76.14
1958,5876,UMI,270.0,43.79248,-79.47554,100.0,19.635,19.6,186,75.01,75.01
1959,5877,UMI,30.0,43.79248,-79.46884,100.0,23.066,23.1,250,100.79,100.79
1959,5878,UMI,150.0,43.79248,-79.46884,100.0,24.043,24.0,242,84.3,84.3
1959,5879,UMI,270.0,43.79248,-79.46884,100.0,19.739,19.7,219,82.76,82.76
1960,5880,UMI,30.0,43.79248,-79.46213,100.0,31.49,31.5,361,137.58,137.58
1960,5881,UMI,150.0,43.79248,-79.46213,100.0,28.944,28.9,341,125.98,125.98
1960,5882,UMI,270.0,43.79248,-79.46213,100.0,33.105,33.1,318,141.69,141.69
1961,5883,UMI,30.0,43.79248,-79.45542,100.0,38.64,38.6,379,148.5,148.5
1961,5884,UMI,150.0,43.79248,-79.45542,100.0,40.103,40.1,409,147.9,147.9
1961,5885,UMI,270.0,43.79248,-79.45542,100.0,44.685,44.7,372,159.11,159.11
1962,5886,UMI,30.0,43.79248,-79.44871,100.0,38.296,38.3,366,145.0,145.0
1962,5887,UMI,150.0,43.79248,-79.44871,100.0,43.816,43.8,444,170.27,170.27
1962,5888,UMI,270.0,43.79248,-79.44871,100.0,40.477,40.5,394,138.09,138.09
1963,5889,UMI,30.0,43.79248,-79.442,100.0,48.508,48.5,448,174.18,174.18
1963,5890,UMI,150.0,43.79248,-79.442,100.0,59.389,59.4,495,197.31,197.31
1963,5891,UMI,270.0,43.79248,-79.442,100.0,41.602,41.6,377,147.65,147.65
1964,5892,UMI,30.0,43.79248,-79.4353,100.0,52.191,52.2,452,185.37,185.37
1964,5893,UMI,150.0,43.79248,-79.4353,100.0,38.278,38.3,456,167.51,167.51
1964,5894,UMI,270.0,43.79248,-79.4353,100.0,50.673,50.7,514,200.97,200.97
1965,5895,UMI,30.0,43.79248,-79.42859,100.0,45.082,45.1,438,178.94,178.94
1965,5896,UMI,150.0,43.79248,-79.42859,100.0,49.883,49.9,487,188.57,188.57
1965,5897,UMI,270.0,43.79248,-79.42859,100.0,50.575,50.6,502,199.01,199.01
1966,5898,UMI,30.0,43.79248,-79.42188,100.0,41.658,41.7,436,179.89,179.89
1966,5899,UMI,150.0,43.79248,-79.42188,100.0,59.615,59.6,502,213.41,213.41
1966,5900,UMI,270.0,43.79248,-79.42188,100.0,43.461,43.5,445,173.06,173.06
1967,5901,UMI,30.0,43.79248,-79.41517,100.0,62.136,62.1,571,226.44,226.44
1967,5902,UMI,150.0,43.79248,-79.41517,100.0,61.339,61.3,580,228.25,228.25
1967,5903,UMI,270.0,43.79248,-79.41517,100.0,59.504,59.5,528,229.04,229.04
1968,5904,UMI,30.0,43.79248,-79.40846,100.0,62.42,62.4,548,229.83,229.83
1968,5905,UMI,150.0,43.79248,-79.40846,100.0,54.077,54.1,572,225.82,225.82
1968,5906,UMI,270.0,43.79248,-79.40846,100.0,52.775,52.8,589,223.03,223.03
1969,5907,UMI,30.0,43.79248,-79.40175,100.0,50.949,50.9,498,185.47,185.47
1969,5908,UMI,150.0,43.79248,-79.40175,100.0,46.445,46.4,527,192.63,192.63
1969,5909,UMI,270.0,43.79248,-79.40175,100.0,54.047,54.0,559,201.55,201.55
1970,5910,UMI,30.0,43.79248,-79.39505,100.0,49.195,49.2,466,189.23,189.23
1970,5911,UMI,150.0,43.79248,-79.39505,100.0,48.345,48.3,426,179.55,179.55
1970,5912,UMI,270.0,43.79248,-79.39505,100.0,41.405,41.4,482,164.51,164.51
1971,5913,UMI,30.0,43.79248,-79.38834,100.0,39.235,39.2,350,137.82,137.82
1971,5914,UMI,150.0,43.79248,-79.38834,100.0,41.511,41.5,374,151.04,151.04
1971,5915,UMI,270.0,43.79248,-79.38834,100.0,51.927,51.9,423,180.11,180.11
1972,5916,UMI,30.0,43.79248,-79.38163,100.0,27.096,27.1,276,108.27,108.27
1972,5917,UMI,150.0,43.79248,-79.38163,100.0,35.518,35.5,305,127.4,127.4
1972,5918,UMI,270.0,43.79248,-79.38163,100.0,37.192,37.2,341,136.61,136.61
1973,5919,UMI,30.0,43.79248,-79.37492,100.0,36.331,36.3,325,127.15,127.15
1973,5920,UMI,150.0,43.79248,-79.37492,100.0,40.756,40.8,329,143.5,143.5
1973,5921,UMI,270.0,43.79248,-79.37492,100.0,30.323,30.3,270,107.32,107.32
1974,5922,UMI,30.0,43.79248,-79.36821,100.0,38.371,38.4,450,160.27,160.27
1974,5923,UMI,150.0,43.79248,-79.36821,100.0,39.984,40.0,416,162.09,162.09
1974,5924,UMI,270.0,43.79248,-79.36821,100.0,42.813,42.8,414,161.45,161.45
1975,5925,UMI,30.0,43.79248,-79.36151,100.0,51.937,51.9,482,205.39,205.39
1975,5926,UMI,150.0,43.79248,-79.36151,100.0,52.48,52.5,535,205.51,205.51
1975,5927,UMI,270.0,43.79248,-79.36151,100.0,55.734,55.7,502,206.5,206.5
1976,5928,UMI,30.0,43.79248,-79.3548,100.0,45.519,45.5,434,171.2,171.2
1976,5929,UMI,150.0,43.79248,-79.3548,100.0,41.9,41.9,433,167.13,167.13
1976,5930,UMI,270.0,43.79248,-79.3548,100.0,46.612,46.6,431,173.19,173.19
1977,5931,UMI,30.0,43.79248,-79.34809,100.0,51.873,51.9,456,187.34,187.34
1977,5932,UMI,150.0,43.79248,-79.34809,100.0,50.139,50.1,510,176.98,176.98
1977,5933,UMI,270.0,43.79248,-79.34809,100.0,48.888,48.9,428,191.91,191.91
1978,5934,UMI,30.0,43.79248,-79.34138,100.0,39.51,39.5,456,161.03,161.03
1978,5935,UMI,150.0,43.79248,-79.34138,100.0,50.903,50.9,511,198.9,198.9
1978,5936,UMI,270.0,43.79248,-79.34138,100.0,48.7,48.7,457,205.35,205.35
1979,5937,UMI,30.0,43.79248,-79.33467,100.0,60.462,60.5,568,229.63,229.63
1979,5938,UMI,150.0,43.79248,-79.33467,100.0,57.678,57.7,534,202.82,202.82
1979,5939,UMI,270.0,43.79248,-79.33467,100.0,56.296,56.3,526,203.31,203.31
1980,5940,UMI,30.0,43.79248,-79.32797,100.0,52.789,52.8,499,186.92,186.92
1980,5941,UMI,150.0,43.79248,-79.32797,100.0,48.873,48.9,454,183.86,183.86
1980,5942,UMI,270.0,43.79248,-79.32797,100.0,51.392,51.4,500,201.58,201.58
1981,5943,UMI,30.0,43.79248,-79.32126,100.0,47.425,47.4,502,186.83,186.83
1981,5944,UMI,150.0,43.79248,-79.32126,100.0,47.656,47.7,451,181.24,181.24
1981,5945,UMI,270.0,43.79248,-79.32126,100.0,51.218,51.2,480,188.6,188.6
1982,5946,UMI,30.0,43.79248,-79.31455,100.0,57.935,57.9,491,210.04,210.04
1982,5947,UMI,150.0,43.79248,-79.31455,100.0,45.623,45.6,468,175.4,175.4
1982,5948,UMI,270.0,43.79248,-79.31455,100.0,46.284,46.3,428,180.17,180.17
1983,5949,UMI,30.0,43.79248,-79.30784,100.0,45.901,45.9,455,181.99,181.99
1983,5950,UMI,150.0,43.79248,-79.30784,100.0,45.902,45.9,442,197.65,197.65
1983,5951,UMI,270.0,43.79248,-79.30784,100.0,42.042,42.0,460,180.87,180.87
1984,5952,UMI,30.0,43.79248,-79.30113,100.0,40.11,40.1,425,158.47,158.47
1984,5953,UMI,150.0,43.79248,-79.30113,100.0,34.565,34.6,363,140.48,140.48
1984,5954,UMI,270.0,43.79248,-79.30113,100.0,55.131,55.1,448,189.65,189.65
1985,5955,UMI,30.0,43.79248,-79.29442,100.0,42.162,42.2,396,153.69,153.69
1985,5956,UMI,150.0,43.79248,-79.29442,100.0,36.493,36.5,345,136.69,136.69
1985,5957,UMI,270.0,43.79248,-79.29442,100.0,38.838,38.8,398,148.97,148.97
1986,5958,UMI,30.0,43.79248,-79.28772,100.0,46.799,46.8,430,172.15,172.15
1986,5959,UMI,150.0,43.79248,-79.28772,100.0,38.894,38.9,412,157.9,157.9
1986,5960,UMI,270.0,43.79248,-79.28772,100.0,43.397,43.4,467,179.34,179.34
1987,5961,UMI,30.0,43.79248,-79.28101,100.0,45.263,45.3,452,183.48,183.48
1987,5962,UMI,150.0,43.79248,-79.28101,100.0,47.088,47.1,456,170.88,170.88
1987,5963,UMI,270.0,43.79248,-79.28101,100.0,50.364,50.4,457,184.89,184.89
1988,5964,UMI,30.0,43.79248,-79.2743,100.0,42.181,42.2,433,162.52,162.52
1988,5965,UMI,150.0,43.79248,-79.2743,100.0,40.624,40.6,400,159.09,159.09
1988,5966,UMI,270.0,43.79248,-79.2743,100.0,46.005,46.0,453,173.89,173.89
1989,5967,UMI,30.0,43.79248,-79.26759,100.0,33.141,33.1,354,122.47,122.47
1989,5968,UMI,150.0,43.79248,-79.26759,100.0,26.522,26.5,306,102.47,102.47
1989,5969,UMI,270.0,43.79248,-79.26759,100.0,35.787,35.8,373,136.47,136.47
1990,5970,UMI,30.0,43.79248,-79.26088,100.0,24.542,24.5,246,90.09,90.09
1990,5971,UMI,150.0,43.79248,-79.26088,100.0,34.491,34.5,296,120.77,120.77
1990,5972,UMI,270.0,43.79248,-79.26088,100.0,27.824,27.8,276,113.9,113.9
1991,5973,UMI,30.0,43.79248,-79.25418,100.0,28.272,28.3,298,119.83,119.83
1991,5974,UMI,150.0,43.79248,-79.25418,100.0,32.047,32.0,288,135.92,135.92
1991,5975,UMI,270.0,43.79248,-79.25418,100.0,27.687,27.7,262,112.53,112.53
1992,5976,UMI,30.0,43.79248,-79.24747,100.0,44.263,44.3,348,130.81,130.81
1992,5977,UMI,150.0,43.79248,-79.24747,100.0,37.974,38.0,341,134.43,134.43
1992,5978,UMI,270.0,43.79248,-79.24747,100.0,32.445,32.4,280,114.84,114.84
1993,5979,UMI,30.0,43.79248,-79.24076,100.0,36.94,36.9,358,132.98,132.98
1993,5980,UMI,150.0,43.79248,-79.24076,100.0,34.504,34.5,378,137.23,137.23
1993,5981,UMI,270.0,43.79248,-79.24076,100.0,38.712,38.7,371,157.03,157.03
1994,5982,UMI,30.0,43.79248,-79.23405,100.0,39.89,39.9,322,139.29,139.29
1994,5983,UMI,150.0,43.79248,-79.23405,100.0,30.481,30.5,316,124.69,124.69
1994,5984,UMI,270.0,43.79248,-79.23405,100.0,31.956,32.0,341,124.2,124.2
1995,5985,UMI,30.0,43.79248,-79.22734,100.0,41.238,41.2,318,135.35,135.35
1995,5986,UMI,150.0,43.79248,-79.22734,100.0,20.762,20.8,264,90.94,90.94
1995,5987,UMI,270.0,43.79248,-79.22734,100.0,35.568,35.6,341,140.08,140.08
1996,5988,UMI,30.0,43.79248,-79.22063,100.0,38.388,38.4,360,144.65,144.65
1996,5989,UMI,150.0,43.79248,-79.22063,100.0,34.311,34.3,304,129.63,129.63
1996,5990,UMI,270.0,43.79248,-79.22063,100.0,28.706,28.7,293,109.71,109.71
1997,5991,UMI,30.0,43.79248,-79.21393,100.0,38.844,38.8,395,150.81,150.81
1997,5992,UMI,150.0,43.79248,-79.21393,100.0,46.006,46.0,372,153.11,153.11
1997,5993,UMI,270.0,43.79248,-79.21393,100.0,35.244,35.2,383,133.89,133.89
1998,5994,UMI,30.0,43.79248,-79.20722,100.0,39.16,39.2,367,133.63,133.63
1998,5995,UMI,150.0,43.79248,-79.20722,100.0,34.956,35.0,323,130.8,130.8
1998,5996,UMI,270.0,43.79248,-79.20722,100.0,42.161,42.2,386,145.53,145.53
1999,5997,UMI,30.0,43.79248,-79.20051,100.0,26.415,26.4,264,104.74,104.74
1999,5998,UMI,150.0,43.79248,-79.20051,100.0,30.487,30.5,256,113.01,113.01
1999,5999,UMI,270.0,43.79248,-79.20051,100.0,31.568,31.6,309,114.34,114.34
2000,6000,UMI,30.0,43.79248,-79.1938,100.0,23.187,23.2,207,78.18,78.18
2000,6001,UMI,150.0,43.79248,-79.1938,100.0,20.458,20.5,201,82.65,82.65
2000,6002,UMI,270.0,43.79248,-79.1938,100.0,27.624,27.6,216,93.4,93.4
2001,6003,UMI,30.0,43.79248,-79.18709,100.0,28.964,29.0,266,112.62,112.62
2001,6004,UMI,150.0,43.79248,-79.18709,100.0,29.402,29.4,288,120.67,120.67
2001,6005,UMI,270.0,43.79248,-79.18709,100.0,27.858,27.9,205,90.96,90.96
2002,6006,UMI,30.0,43.79248,-79.18039,100.0,40.076,40.1,399,146.95,146.95
2002,6007,UMI,150.0,43.79248,-79.18039,100.0,42.646,42.6,402,165.13,165.13
2002,6008,UMI,270.0,43.79248,-79.18039,100.0,35.172,35.2,352,135.21,135.21
2003,6009,UMI,30.0,43.79248,-79.17368,100.0,42.555,42.6,434,166.2,166.2
2003,6010,UMI,150.0,43.79248,-79.17368,100.0,56.322,56.3,502,204.33,204.33
2003,6011,UMI,270.0,43.79248,-79.17368,100.0,48.989,49.0,475,179.84,179.84
2004,6012,UMI,30.0,43.79248,-79.16697,100.0,46.649,46.6,429,167.97,167.97
2004,6013,UMI,150.0,43.79248,-79.16697,100.0,51.692,51.7,460,177.03,177.03
2004,6014,UMI,270.0,43.79248,-79.16697,100.0,43.177,43.2,459,176.36,176.36
2005,6015,UMI,30.0,43.79248,-79.16026,100.0,44.826,44.8,412,146.71,146.71
2005,6016,UMI,150.0,43.79248,-79.16026,100.0,40.849,40.8,406,161.43,161.43
2005,6017,UMI,270.0,43.79248,-79.16026,100.0,42.951,43.0,427,163.5,163.5
2006,6018,UMI,30.0,43.79248,-79.15355,100.0,35.767,35.8,345,127.0,127.0
2006,6019,UMI,150.0,43.79248,-79.15355,100.0,34.557,34.6,366,137.33,137.33
2006,6020,UMI,270.0,43.79248,-79.15355,100.0,34.168,34.2,360,135.73,135.73
2007,6021,UMI,30.0,43.79248,-79.14685,100.0,37.502,37.5,311,137.63,137.63
2007,6022,UMI,150.0,43.79248,-79.14685,100.0,36.566,36.6,364,139.99,139.99
2007,6023,UMI,270.0,43.79248,-79.14685,100.0,39.033,39.0,355,144.41,144.41
2008,6024,UMI,30.0,43.79248,-79.14014,100.0,29.527,29.5,344,122.63,122.63
2008,6025,UMI,150.0,43.79248,-79.14014,100.0,50.017,50.0,438,179.15,179.15
2008,6026,UMI,270.0,43.79248,-79.14014,100.0,36.973,37.0,412,156.76,156.76
2009,6027,UMI,30.0,43.79248,-79.13343,100.0,26.669,26.7,319,107.53,107.53
2009,6028,UMI,150.0,43.79248,-79.13343,100.0,36.731,36.7,364,153.5,153.5
2009,6029,UMI,270.0,43.79248,-79.13343,100.0,46.212,46.2,414,162.05,162.05
2010,6030,UMI,30.0,43.79248,-79.12672,100.0,23.377,23.4,238,88.92,88.92
2010,6031,UMI,150.0,43.79248,-79.12672,100.0,19.776,19.8,200,73.62,73.62
2010,6032,UMI,270.0,43.79248,-79.12672,100.0,36.096,36.1,310,137.12,137.12
2011,6033,UMI,30.0,43.79248,-79.12001,100.0,8.112,8.1,85,36.69,36.69
2011,6034,UMI,150.0,43.79248,-79.12001,100.0,6.077,6.1,81,27.76,27.76
2011,6035,UMI,270.0,43.79248,-79.12001,100.0,13.577,13.6,102,49.54,49.54
2012,6036,UMI,30.0,43.79248,-79.1133,100.0,3.447,3.4,36,15.99,15.99
2012,6037,UMI,150.0,43.79248,-79.1133,100.0,5.073,5.1,29,13.05,13.05
2012,6038,UMI,270.0,43.79248,-79.1133,100.0,5.676,5.7,41,23.0,23.0
2013,6039,UMI,30.0,43.79667,-79.60635,100.0,6.214,6.2,75,26.27,26.27
2013,6040,UMI,150.0,43.79667,-79.60635,100.0,9.306,9.3,92,36.86,36.86
2013,6041,UMI,270.0,43.79667,-79.60635,100.0,4.679,4.7,64,20.47,20.47
2014,6042,UMI,30.0,43.79667,-79.59965,100.0,6.595,6.6,89,28.94,28.94
2014,6043,UMI,150.0,43.79667,-79.59965,100.0,5.754,5.8,71,23.25,23.25
2014,6044,UMI,270.0,43.79667,-79.59965,100.0,7.495,7.5,75,31.44,31.44
2015,6045,UMI,30.0,43.79667,-79.58623,100.0,12.938,12.9,151,56.71,56.71
2015,6046,UMI,150.0,43.79667,-79.58623,100.0,15.123,15.1,167,64.98,64.98
2015,6047,UMI,270.0,43.79667,-79.58623,100.0,13.447,13.4,132,51.55,51.55
2016,6048,UMI,30.0,43.79667,-79.57952,100.0,18.027,18.0,193,66.44,66.44
2016,6049,UMI,150.0,43.79667,-79.57952,100.0,26.062,26.1,259,94.92,94.92
2016,6050,UMI,270.0,43.79667,-79.57952,100.0,20.519,20.5,186,74.33,74.33
2017,6051,UMI,30.0,43.79667,-79.57281,100.0,30.379,30.4,255,105.8,105.8
2017,6052,UMI,150.0,43.79667,-79.57281,100.0,28.804,28.8,270,104.26,104.26
2017,6053,UMI,270.0,43.79667,-79.57281,100.0,23.994,24.0,247,97.22,97.22
2018,6054,UMI,30.0,43.79667,-79.5661,100.0,30.423,30.4,279,105.67,105.67
2018,6055,UMI,150.0,43.79667,-79.5661,100.0,27.751,27.8,301,126.59,126.59
2018,6056,UMI,270.0,43.79667,-79.5661,100.0,28.012,28.0,307,108.32,108.32
2019,6057,UMI,30.0,43.79667,-79.5594,100.0,33.817,33.8,324,131.41,131.41
2019,6058,UMI,150.0,43.79667,-79.5594,100.0,37.145,37.1,332,124.99,124.99
2019,6059,UMI,270.0,43.79667,-79.5594,100.0,26.655,26.7,309,105.64,105.64
2020,6060,UMI,30.0,43.79667,-79.55269,100.0,28.399,28.4,279,108.04,108.04
2020,6061,UMI,150.0,43.79667,-79.55269,100.0,28.047,28.0,252,100.31,100.31
2020,6062,UMI,270.0,43.79667,-79.55269,100.0,35.491,35.5,349,144.77,144.77
2021,6063,UMI,30.0,43.79667,-79.54598,100.0,16.172,16.2,140,49.06,49.06
2021,6064,UMI,150.0,43.79667,-79.54598,100.0,9.983,10.0,115,45.9,45.9
2021,6065,UMI,270.0,43.79667,-79.54598,100.0,19.159,19.2,190,77.04,77.04
2022,6066,UMI,30.0,43.79667,-79.53927,100.0,8.268,8.3,78,33.13,33.13
2022,6067,UMI,150.0,43.79667,-79.53927,100.0,6.685,6.7,74,21.73,21.73
2022,6068,UMI,270.0,43.79667,-79.53927,100.0,11.213,11.2,83,37.44,37.44
2023,6069,UMI,30.0,43.79667,-79.53256,100.0,9.671,9.7,96,37.57,37.57
2023,6070,UMI,150.0,43.79667,-79.53256,100.0,5.368,5.4,73,24.17,24.17
2023,6071,UMI,270.0,43.79667,-79.53256,100.0,7.204,7.2,67,25.05,25.05
2024,6072,UMI,30.0,43.79667,-79.52586,100.0,10.217,10.2,85,39.21,39.21
2024,6073,UMI,150.0,43.79667,-79.52586,100.0,7.194,7.2,73,27.94,27.94
2024,6074,UMI,270.0,43.79667,-79.52586,100.0,9.985,10.0,78,31.97,31.97
2025,6075,UMI,30.0,43.79667,-79.51915,100.0,9.935,9.9,94,42.82,42.82
2025,6076,UMI,150.0,43.79667,-79.51915,100.0,7.845,7.8,89,34.68,34.68
2025,6077,UMI,270.0,43.79667,-79.51915,100.0,7.927,7.9,79,35.74,35.74
2026,6078,UMI,30.0,43.79667,-79.51244,100.0,11.073,11.1,108,41.73,41.73
2026,6079,UMI,150.0,43.79667,-79.51244,100.0,10.761,10.8,92,32.81,32.81
2026,6080,UMI,270.0,43.79667,-79.51244,100.0,6.858,6.9,97,28.91,28.91
2027,6081,UMI,30.0,43.79667,-79.50573,100.0,9.589,9.6,95,38.08,38.08
2027,6082,UMI,150.0,43.79667,-79.50573,100.0,6.094,6.1,82,26.97,26.97
2027,6083,UMI,270.0,43.79667,-79.50573,100.0,13.349,13.3,110,43.67,43.67
2028,6084,UMI,30.0,43.79667,-79.49902,100.0,8.732,8.7,101,36.24,36.24
2028,6085,UMI,150.0,43.79667,-79.49902,100.0,13.519,13.5,110,54.79,54.79
2028,6086,UMI,270.0,43.79667,-79.49902,100.0,8.409,8.4,79,32.57,32.57
2029,6087,UMI,30.0,43.79667,-79.49231,100.0,12.853,12.9,155,53.98,53.98
2029,6088,UMI,150.0,43.79667,-79.49231,100.0,12.035,12.0,105,45.1,45.1
2029,6089,UMI,270.0,43.79667,-79.49231,100.0,15.997,16.0,140,53.64,53.64
2030,6090,UMI,30.0,43.79667,-79.48561,100.0,13.308,13.3,134,55.39,55.39
2030,6091,UMI,150.0,43.79667,-79.48561,100.0,9.975,10.0,133,47.49,47.49
2030,6092,UMI,270.0,43.79667,-79.48561,100.0,12.436,12.4,131,47.49,47.49
2031,6093,UMI,30.0,43.79667,-79.4789,100.0,18.415,18.4,193,71.23,71.23
2031,6094,UMI,150.0,43.79667,-79.4789,100.0,17.096,17.1,169,68.18,68.18
2031,6095,UMI,270.0,43.79667,-79.4789,100.0,22.301,22.3,189,74.91,74.91
2032,6096,UMI,30.0,43.79667,-79.47219,100.0,23.898,23.9,238,91.14,91.14
2032,6097,UMI,150.0,43.79667,-79.47219,100.0,23.83,23.8,254,95.8,95.8
2032,6098,UMI,270.0,43.79667,-79.47219,100.0,23.965,24.0,215,77.17,77.17
2033,6099,UMI,30.0,43.79667,-79.46548,100.0,35.939,35.9,360,140.53,140.53
2033,6100,UMI,150.0,43.79667,-79.46548,100.0,35.033,35.0,297,133.23,133.23
2033,6101,UMI,270.0,43.79667,-79.46548,100.0,26.995,27.0,276,112.08,112.08
2034,6102,UMI,30.0,43.79667,-79.45877,100.0,33.051,33.1,362,135.34,135.34
2034,6103,UMI,150.0,43.79667,-79.45877,100.0,31.595,31.6,363,129.83,129.83
2034,6104,UMI,270.0,43.79667,-79.45877,100.0,32.295,32.3,336,134.12,134.12
2035,6105,UMI,30.0,43.79667,-79.45207,100.0,40.576,40.6,368,154.39,154.39
2035,6106,UMI,150.0,43.79667,-79.45207,100.0,33.769,33.8,370,137.43,137.43
2035,6107,UMI,270.0,43.79667,-79.45207,100.0,37.604,37.6,399,148.95,148.95
2036,6108,UMI,30.0,43.79667,-79.44536,100.0,36.397,36.4,372,141.86,141.86
2036,6109,UMI,150.0,43.79667,-79.44536,100.0,37.739,37.7,395,154.64,154.64
2036,6110,UMI,270.0,43.79667,-79.44536,100.0,37.55,37.6,369,153.09,153.09
2037,6111,UMI,30.0,43.79667,-79.43865,100.0,36.052,36.1,387,144.86,144.86
2037,6112,UMI,150.0,43.79667,-79.43865,100.0,48.172,48.2,399,167.0,167.0
2037,6113,UMI,270.0,43.79667,-79.43865,100.0,41.119,41.1,426,168.38,168.38
2038,6114,UMI,30.0,43.79667,-79.43194,100.0,43.697,43.7,415,166.63,166.63
2038,6115,UMI,150.0,43.79667,-79.43194,100.0,48.439,48.4,410,171.43,171.43
2038,6116,UMI,270.0,43.79667,-79.43194,100.0,49.236,49.2,432,183.31,183.31
2039,6117,UMI,30.0,43.79667,-79.42523,100.0,46.583,46.6,396,166.37,166.37
2039,6118,UMI,150.0,43.79667,-79.42523,100.0,40.659,40.7,387,151.79,151.79
2039,6119,UMI,270.0,43.79667,-79.42523,100.0,35.986,36.0,381,145.63,145.63
2040,6120,UMI,30.0,43.79667,-79.41853,100.0,47.557,47.6,457,174.37,174.37
2040,6121,UMI,150.0,43.79667,-79.41853,100.0,48.016,48.0,494,193.47,193.47
2040,6122,UMI,270.0,43.79667,-79.41853,100.0,46.563,46.6,401,175.48,175.48
2041,6123,UMI,30.0,43.79667,-79.41182,100.0,55.084,55.1,553,206.81,206.81
2041,6124,UMI,150.0,43.79667,-79.41182,100.0,50.683,50.7,533,206.85,206.85
2041,6125,UMI,270.0,43.79667,-79.41182,100.0,56.978,57.0,522,206.69,206.69
2042,6126,UMI,30.0,43.79667,-79.40511,100.0,50.84,50.8,539,200.22,200.22
2042,6127,UMI,150.0,43.79667,-79.40511,100.0,51.984,52.0,526,205.06,205.06
2042,6128,UMI,270.0,43.79667,-79.40511,100.0,63.565,63.6,574,231.3,231.3
2043,6129,UMI,30.0,43.79667,-79.3984,100.0,50.491,50.5,445,190.38,190.38
2043,6130,UMI,150.0,43.79667,-79.3984,100.0,51.134,51.1,497,185.71,185.71
2043,6131,UMI,270.0,43.79667,-79.3984,100.0,47.471,47.5,485,188.13,188.13
2044,6132,UMI,30.0,43.79667,-79.39169,100.0,48.212,48.2,392,179.48,179.48
2044,6133,UMI,150.0,43.79667,-79.39169,100.0,46.058,46.1,416,151.61,151.61
2044,6134,UMI,270.0,43.79667,-79.39169,100.0,50.329,50.3,467,184.91,184.91
2045,6135,UMI,30.0,43.79667,-79.38498,100.0,31.452,31.5,333,126.81,126.81
2045,6136,UMI,150.0,43.79667,-79.38498,100.0,37.231,37.2,366,147.2,147.2
2045,6137,UMI,270.0,43.79667,-79.38498,100.0,40.627,40.6,394,160.88,160.88
2046,6138,UMI,30.0,43.79667,-79.37828,100.0,38.671,38.7,388,147.58,147.58
2046,6139,UMI,150.0,43.79667,-79.37828,100.0,30.69,30.7,307,128.66,128.66
2046,6140,UMI,270.0,43.79667,-79.37828,100.0,37.183,37.2,321,141.68,141.68
2047,6141,UMI,30.0,43.79667,-79.37157,100.0,35.374,35.4,374,135.65,135.65
2047,6142,UMI,150.0,43.79667,-79.37157,100.0,40.818,40.8,400,158.63,158.63
2047,6143,UMI,270.0,43.79667,-79.37157,100.0,37.295,37.3,356,143.99,143.99
2048,6144,UMI,30.0,43.79667,-79.36486,100.0,58.808,58.8,486,200.76,200.76
2048,6145,UMI,150.0,43.79667,-79.36486,100.0,46.826,46.8,465,182.87,182.87
2048,6146,UMI,270.0,43.79667,-79.36486,100.0,49.389,49.4,448,183.3,183.3
2049,6147,UMI,30.0,43.79667,-79.35815,100.0,46.085,46.1,454,166.84,166.84
2049,6148,UMI,150.0,43.79667,-79.35815,100.0,39.054,39.1,408,147.86,147.86
2049,6149,UMI,270.0,43.79667,-79.35815,100.0,57.255,57.3,498,213.41,213.41
2050,6150,UMI,30.0,43.79667,-79.35144,100.0,40.108,40.1,385,149.67,149.67
2050,6151,UMI,150.0,43.79667,-79.35144,100.0,37.85,37.9,392,148.12,148.12
2050,6152,UMI,270.0,43.79667,-79.35144,100.0,46.988,47.0,399,171.62,171.62
2051,6153,UMI,30.0,43.79667,-79.34474,100.0,41.387,41.4,374,151.49,151.49
2051,6154,UMI,150.0,43.79667,-79.34474,100.0,41.547,41.5,381,144.75,144.75
2051,6155,UMI,270.0,43.79667,-79.34474,100.0,38.841,38.8,397,157.85,157.85
2052,6156,UMI,30.0,43.79667,-79.33803,100.0,41.758,41.8,456,165.02,165.02
2052,6157,UMI,150.0,43.79667,-79.33803,100.0,46.885,46.9,480,184.58,184.58
2052,6158,UMI,270.0,43.79667,-79.33803,100.0,48.02,48.0,456,181.19,181.19
2053,6159,UMI,30.0,43.79667,-79.33132,100.0,49.731,49.7,491,205.27,205.27
2053,6160,UMI,150.0,43.79667,-79.33132,100.0,50.898,50.9,546,200.23,200.23
2053,6161,UMI,270.0,43.79667,-79.33132,100.0,62.171,62.2,530,227.39,227.39
2054,6162,UMI,30.0,43.79667,-79.32461,100.0,53.165,53.2,480,197.54,197.54
2054,6163,UMI,150.0,43.79667,-79.32461,100.0,53.888,53.9,498,179.32,179.32
2054,6164,UMI,270.0,43.79667,-79.32461,100.0,41.75,41.8,473,172.15,172.15
2055,6165,UMI,30.0,43.79667,-79.3179,100.0,39.789,39.8,366,146.75,146.75
2055,6166,UMI,150.0,43.79667,-79.3179,100.0,45.968,46.0,418,167.79,167.79
2055,6167,UMI,270.0,43.79667,-79.3179,100.0,50.73,50.7,430,185.57,185.57
2056,6168,UMI,30.0,43.79667,-79.31119,100.0,41.74,41.7,427,153.46,153.46
2056,6169,UMI,150.0,43.79667,-79.31119,100.0,34.606,34.6,398,140.18,140.18
2056,6170,UMI,270.0,43.79667,-79.31119,100.0,42.711,42.7,414,167.24,167.24
2057,6171,UMI,30.0,43.79667,-79.30449,100.0,46.943,46.9,400,158.24,158.24
2057,6172,UMI,150.0,43.79667,-79.30449,100.0,38.166,38.2,421,140.19,140.19
2057,6173,UMI,270.0,43.79667,-79.30449,100.0,43.682,43.7,436,182.33,182.33
2058,6174,UMI,30.0,43.79667,-79.29778,100.0,44.758,44.8,455,180.91,180.91
2058,6175,UMI,150.0,43.79667,-79.29778,100.0,37.259,37.3,423,153.8,153.8
2058,6176,UMI,270.0,43.79667,-79.29778,100.0,44.505,44.5,438,179.69,179.69
2059,6177,UMI,30.0,43.79667,-79.29107,100.0,54.541,54.5,456,195.29,195.29
2059,6178,UMI,150.0,43.79667,-79.29107,100.0,47.736,47.7,461,178.39,178.39
2059,6179,UMI,270.0,43.79667,-79.29107,100.0,39.15,39.2,396,159.87,159.87
2060,6180,UMI,30.0,43.79667,-79.28436,100.0,48.091,48.1,474,181.22,181.22
2060,6181,UMI,150.0,43.79667,-79.28436,100.0,56.686,56.7,529,194.9,194.9
2060,6182,UMI,270.0,43.79667,-79.28436,100.0,51.939,51.9,456,187.01,187.01
2061,6183,UMI,30.0,43.79667,-79.27765,100.0,47.876,47.9,427,176.57,176.57
2061,6184,UMI,150.0,43.79667,-79.27765,100.0,42.091,42.1,447,167.81,167.81
2061,6185,UMI,270.0,43.79667,-79.27765,100.0,42.692,42.7,452,165.45,165.45
2062,6186,UMI,30.0,43.79667,-79.27095,100.0,40.175,40.2,383,151.12,151.12
2062,6187,UMI,150.0,43.79667,-79.27095,100.0,33.075,33.1,349,129.21,129.21
2062,6188,UMI,270.0,43.79667,-79.27095,100.0,35.728,35.7,399,152.77,152.77
2063,6189,UMI,30.0,43.79667,-79.26424,100.0,32.84,32.8,291,110.05,110.05
2063,6190,UMI,150.0,43.79667,-79.26424,100.0,23.219,23.2,284,103.17,103.17
2063,6191,UMI,270.0,43.79667,-79.26424,100.0,33.863,33.9,358,130.11,130.11
2064,6192,UMI,30.0,43.79667,-79.25753,100.0,25.302,25.3,268,103.21,103.21
2064,6193,UMI,150.0,43.79667,-79.25753,100.0,25.611,25.6,284,104.9,104.9
2064,6194,UMI,270.0,43.79667,-79.25753,100.0,25.681,25.7,260,102.96,102.96
2065,6195,UMI,30.0,43.79667,-79.25082,100.0,27.435,27.4,276,109.11,109.11
2065,6196,UMI,150.0,43.79667,-79.25082,100.0,33.862,33.9,302,118.21,118.21
2065,6197,UMI,270.0,43.79667,-79.25082,100.0,29.726,29.7,271,116.4,116.4
2066,6198,UMI,30.0,43.79667,-79.24411,100.0,33.434,33.4,297,128.36,128.36
2066,6199,UMI,150.0,43.79667,-79.24411,100.0,38.649,38.6,333,132.84,132.84
2066,6200,UMI,270.0,43.79667,-79.24411,100.0,25.994,26.0,301,111.49,111.49
2067,6201,UMI,30.0,43.79667,-79.23741,100.0,35.497,35.5,388,144.15,144.15
2067,6202,UMI,150.0,43.79667,-79.23741,100.0,39.554,39.6,370,150.43,150.43
2067,6203,UMI,270.0,43.79667,-79.23741,100.0,35.444,35.4,363,141.41,141.41
2068,6204,UMI,30.0,43.79667,-79.2307,100.0,37.299,37.3,380,151.38,151.38
2068,6205,UMI,150.0,43.79667,-79.2307,100.0,42.582,42.6,353,157.34,157.34
2068,6206,UMI,270.0,43.79667,-79.2307,100.0,50.103,50.1,404,153.92,153.92
2069,6207,UMI,30.0,43.79667,-79.22399,100.0,49.384,49.4,419,169.12,169.12
2069,6208,UMI,150.0,43.79667,-79.22399,100.0,35.877,35.9,356,137.85,137.85
2069,6209,UMI,270.0,43.79667,-79.22399,100.0,44.359,44.4,405,163.54,163.54
2070,6210,UMI,30.0,43.79667,-79.21728,100.0,45.273,45.3,471,182.8,182.8
2070,6211,UMI,150.0,43.79667,-79.21728,100.0,34.638,34.6,404,150.78,150.78
2070,6212,UMI,270.0,43.79667,-79.21728,100.0,48.812,48.8,419,175.31,175.31
2071,6213,UMI,30.0,43.79667,-79.21057,100.0,45.015,45.0,435,180.66,180.66
2071,6214,UMI,150.0,43.79667,-79.21057,100.0,39.014,39.0,393,155.21,155.21
2071,6215,UMI,270.0,43.79667,-79.21057,100.0,50.699,50.7,445,175.57,175.57
2072,6216,UMI,30.0,43.79667,-79.20386,100.0,33.745,33.7,352,141.18,141.18
2072,6217,UMI,150.0,43.79667,-79.20386,100.0,34.124,34.1,333,132.02,132.02
2072,6218,UMI,270.0,43.79667,-79.20386,100.0,36.637,36.6,354,134.09,134.09
2073,6219,UMI,30.0,43.79667,-79.19716,100.0,23.952,24.0,220,77.01,77.01
2073,6220,UMI,150.0,43.79667,-79.19716,100.0,19.694,19.7,193,78.48,78.48
2073,6221,UMI,270.0,43.79667,-79.19716,100.0,28.154,28.2,236,96.5,96.5
2074,6222,UMI,30.0,43.79667,-79.19045,100.0,18.069,18.1,194,73.32,73.32
2074,6223,UMI,150.0,43.79667,-79.19045,100.0,22.919,22.9,197,85.61,85.61
2074,6224,UMI,270.0,43.79667,-79.19045,100.0,17.209,17.2,157,68.04,68.04
2075,6225,UMI,30.0,43.79667,-79.18374,100.0,26.113,26.1,271,107.44,107.44
2075,6226,UMI,150.0,43.79667,-79.18374,100.0,28.405,28.4,340,122.2,122.2
2075,6227,UMI,270.0,43.79667,-79.18374,100.0,29.486,29.5,280,116.66,116.66
2076,6228,UMI,30.0,43.79667,-79.17703,100.0,41.968,42.0,373,142.69,142.69
2076,6229,UMI,150.0,43.79667,-79.17703,100.0,39.647,39.6,401,162.12,162.12
2076,6230,UMI,270.0,43.79667,-79.17703,100.0,42.709,42.7,374,159.12,159.12
2077,6231,UMI,30.0,43.79667,-79.17032,100.0,32.771,32.8,323,135.22,135.22
2077,6232,UMI,150.0,43.79667,-79.17032,100.0,43.422,43.4,414,164.85,164.85
2077,6233,UMI,270.0,43.79667,-79.17032,100.0,41.661,41.7,416,153.03,153.03
2078,6234,UMI,30.0,43.79667,-79.16362,100.0,28.211,28.2,267,98.09,98.09
2078,6235,UMI,150.0,43.79667,-79.16362,100.0,35.489,35.5,360,136.73,136.73
2078,6236,UMI,270.0,43.79667,-79.16362,100.0,37.911,37.9,318,137.04,137.04
2079,6237,UMI,30.0,43.79667,-79.15691,100.0,35.047,35.0,308,128.44,128.44
2079,6238,UMI,150.0,43.79667,-79.15691,100.0,26.728,26.7,301,112.33,112.33
2079,6239,UMI,270.0,43.79667,-79.15691,100.0,29.754,29.8,296,119.48,119.48
2080,6240,UMI,30.0,43.79667,-79.1502,100.0,19.957,20.0,225,86.44,86.44
2080,6241,UMI,150.0,43.79667,-79.1502,100.0,26.62,26.6,276,108.66,108.66
2080,6242,UMI,270.0,43.79667,-79.1502,100.0,31.048,31.0,310,116.95,116.95
2081,6243,UMI,30.0,43.79667,-79.14349,100.0,24.057,24.1,257,99.97,99.97
2081,6244,UMI,150.0,43.79667,-79.14349,100.0,30.317,30.3,309,121.67,121.67
2081,6245,UMI,270.0,43.79667,-79.14349,100.0,25.947,25.9,237,97.36,97.36
2082,6246,UMI,30.0,43.79667,-79.13678,100.0,26.208,26.2,253,102.75,102.75
2082,6247,UMI,150.0,43.79667,-79.13678,100.0,30.424,30.4,291,119.37,119.37
2082,6248,UMI,270.0,43.79667,-79.13678,100.0,36.843,36.8,320,138.05,138.05
2083,6249,UMI,30.0,43.79667,-79.13007,100.0,23.284,23.3,193,71.76,71.76
2083,6250,UMI,150.0,43.79667,-79.13007,100.0,24.102,24.1,228,88.55,88.55
2083,6251,UMI,270.0,43.79667,-79.13007,100.0,27.127,27.1,257,103.13,103.13
2084,6252,UMI,30.0,43.79667,-79.12337,100.0,13.896,13.9,141,59.95,59.95
2084,6253,UMI,150.0,43.79667,-79.12337,100.0,9.546,9.5,122,40.78,40.78
2084,6254,UMI,270.0,43.79667,-79.12337,100.0,11.091,11.1,166,54.01,54.01
2085,6255,UMI,30.0,43.79667,-79.11666,100.0,9.479,9.5,95,36.14,36.14
2085,6256,UMI,150.0,43.79667,-79.11666,100.0,6.469,6.5,71,23.21,23.21
2085,6257,UMI,270.0,43.79667,-79.11666,100.0,12.299,12.3,108,42.53,42.53
2086,6258,UMI,30.0,43.80087,-79.58958,100.0,9.933,9.9,114,42.46,42.46
2086,6259,UMI,150.0,43.80087,-79.58958,100.0,14.196,14.2,141,56.59,56.59
2086,6260,UMI,270.0,43.80087,-79.58958,100.0,19.799,19.8,111,48.94,48.94
2087,6261,UMI,30.0,43.80087,-79.58287,100.0,18.668,18.7,130,56.66,56.66
2087,6262,UMI,150.0,43.80087,-79.58287,100.0,15.645,15.6,152,58.33,58.33
2087,6263,UMI,270.0,43.80087,-79.58287,100.0,13.711,13.7,138,60.71,60.71
2088,6264,UMI,30.0,43.80087,-79.57617,100.0,16.865,16.9,170,74.88,74.88
2088,6265,UMI,150.0,43.80087,-79.57617,100.0,21.994,22.0,202,75.26,75.26
2088,6266,UMI,270.0,43.80087,-79.57617,100.0,19.129,19.1,169,59.73,59.73
2089,6267,UMI,30.0,43.80087,-79.56946,100.0,23.545,23.5,233,100.86,100.86
2089,6268,UMI,150.0,43.80087,-79.56946,100.0,28.004,28.0,262,105.79,105.79
2089,6269,UMI,270.0,43.80087,-79.56946,100.0,20.906,20.9,217,83.49,83.49
2090,6270,UMI,30.0,43.80087,-79.56275,100.0,28.099,28.1,291,101.45,101.45
2090,6271,UMI,150.0,43.80087,-79.56275,100.0,33.916,33.9,327,122.85,122.85
2090,6272,UMI,270.0,43.80087,-79.56275,100.0,29.901,29.9,280,116.91,116.91
2091,6273,UMI,30.0,43.80087,-79.55604,100.0,29.698,29.7,313,113.39,113.39
2091,6274,UMI,150.0,43.80087,-79.55604,100.0,29.377,29.4,301,118.49,118.49
2091,6275,UMI,270.0,43.80087,-79.55604,100.0,35.556,35.6,323,138.38,138.38
2092,6276,UMI,30.0,43.80087,-79.54933,100.0,13.077,13.1,155,60.71,60.71
2092,6277,UMI,150.0,43.80087,-79.54933,100.0,21.4,21.4,169,76.89,76.89
2092,6278,UMI,270.0,43.80087,-79.54933,100.0,27.135,27.1,251,99.34,99.34
2093,6279,UMI,30.0,43.80087,-79.54263,100.0,6.03,6.0,78,27.83,27.83
2093,6280,UMI,150.0,43.80087,-79.54263,100.0,9.392,9.4,83,33.15,33.15
2093,6281,UMI,270.0,43.80087,-79.54263,100.0,15.702,15.7,133,56.63,56.63
2094,6282,UMI,30.0,43.80087,-79.53592,100.0,9.444,9.4,95,41.15,41.15
2094,6283,UMI,150.0,43.80087,-79.53592,100.0,11.322,11.3,96,40.96,40.96
2094,6284,UMI,270.0,43.80087,-79.53592,100.0,7.812,7.8,78,31.6,31.6
2095,6285,UMI,30.0,43.80087,-79.52921,100.0,7.978,8.0,60,22.65,22.65
2095,6286,UMI,150.0,43.80087,-79.52921,100.0,13.611,13.6,100,35.75,35.75
2095,6287,UMI,270.0,43.80087,-79.52921,100.0,10.109,10.1,118,37.18,37.18
2096,6288,UMI,30.0,43.80087,-79.5225,100.0,9.186,9.2,89,37.21,37.21
2096,6289,UMI,150.0,43.80087,-79.5225,100.0,9.488,9.5,71,36.84,36.84
2096,6290,UMI,270.0,43.80087,-79.5225,100.0,7.916,7.9,85,31.86,31.86
2097,6291,UMI,30.0,43.80087,-79.51579,100.0,7.238,7.2,82,23.73,23.73
2097,6292,UMI,150.0,43.80087,-79.51579,100.0,9.088,9.1,101,37.87,37.87
2097,6293,UMI,270.0,43.80087,-79.51579,100.0,8.794,8.8,105,34.49,34.49
2098,6294,UMI,30.0,43.80087,-79.50909,100.0,7.27,7.3,83,33.79,33.79
2098,6295,UMI,150.0,43.80087,-79.50909,100.0,9.651,9.7,80,36.98,36.98
2098,6296,UMI,270.0,43.80087,-79.50909,100.0,15.072,15.1,110,53.24,53.24
2099,6297,UMI,30.0,43.80087,-79.50238,100.0,9.426,9.4,98,35.41,35.41
2099,6298,UMI,150.0,43.80087,-79.50238,100.0,11.917,11.9,89,40.24,40.24
2099,6299,UMI,270.0,43.80087,-79.50238,100.0,8.267,8.3,95,31.41,31.41
2100,6300,UMI,30.0,43.80087,-79.49567,100.0,14.836,14.8,122,52.21,52.21
2100,6301,UMI,150.0,43.80087,-79.49567,100.0,14.021,14.0,132,51.63,51.63
2100,6302,UMI,270.0,43.80087,-79.49567,100.0,9.428,9.4,108,40.05,40.05
2101,6303,UMI,30.0,43.80087,-79.48896,100.0,10.382,10.4,98,40.98,40.98
2101,6304,UMI,150.0,43.80087,-79.48896,100.0,12.041,12.0,119,50.34,50.34
2101,6305,UMI,270.0,43.80087,-79.48896,100.0,14.483,14.5,130,57.63,57.63
2102,6306,UMI,30.0,43.80087,-79.48225,100.0,9.415,9.4,108,38.59,38.59
2102,6307,UMI,150.0,43.80087,-79.48225,100.0,15.134,15.1,149,58.15,58.15
2102,6308,UMI,270.0,43.80087,-79.48225,100.0,8.338,8.3,112,40.31,40.31
2103,6309,UMI,30.0,43.80087,-79.47554,100.0,17.922,17.9,200,75.83,75.83
2103,6310,UMI,150.0,43.80087,-79.47554,100.0,26.187,26.2,227,86.11,86.11
2103,6311,UMI,270.0,43.80087,-79.47554,100.0,13.715,13.7,147,52.54,52.54
2104,6312,UMI,30.0,43.80087,-79.46884,100.0,30.523,30.5,299,120.57,120.57
2104,6313,UMI,150.0,43.80087,-79.46884,100.0,32.464,32.5,304,126.38,126.38
2104,6314,UMI,270.0,43.80087,-79.46884,100.0,29.23,29.2,278,110.83,110.83
2105,6315,UMI,30.0,43.80087,-79.46213,100.0,39.093,39.1,330,141.39,141.39
2105,6316,UMI,150.0,43.80087,-79.46213,100.0,35.531,35.5,375,136.18,136.18
2105,6317,UMI,270.0,43.80087,-79.46213,100.0,33.774,33.8,320,119.21,119.21
2106,6318,UMI,30.0,43.80087,-79.45542,100.0,33.287,33.3,301,121.72,121.72
2106,6319,UMI,150.0,43.80087,-79.45542,100.0,36.744,36.7,374,143.89,143.89
2106,6320,UMI,270.0,43.80087,-79.45542,100.0,45.075,45.1,373,163.47,163.47
2107,6321,UMI,30.0,43.80087,-79.44871,100.0,40.727,40.7,357,143.95,143.95
2107,6322,UMI,150.0,43.80087,-79.44871,100.0,36.177,36.2,341,134.04,134.04
2107,6323,UMI,270.0,43.80087,-79.44871,100.0,36.037,36.0,368,140.53,140.53
2108,6324,UMI,30.0,43.80087,-79.442,100.0,44.552,44.6,360,150.93,150.93
2108,6325,UMI,150.0,43.80087,-79.442,100.0,42.622,42.6,401,165.17,165.17
2108,6326,UMI,270.0,43.80087,-79.442,100.0,36.201,36.2,380,149.17,149.17
2109,6327,UMI,30.0,43.80087,-79.4353,100.0,38.159,38.2,384,151.66,151.66
2109,6328,UMI,150.0,43.80087,-79.4353,100.0,45.678,45.7,384,153.09,153.09
2109,6329,UMI,270.0,43.80087,-79.4353,100.0,33.476,33.5,385,144.44,144.44
2110,6330,UMI,30.0,43.80087,-79.42859,100.0,36.182,36.2,362,141.69,141.69
2110,6331,UMI,150.0,43.80087,-79.42859,100.0,38.595,38.6,384,143.09,143.09
2110,6332,UMI,270.0,43.80087,-79.42859,100.0,44.42,44.4,400,150.38,150.38
2111,6333,UMI,30.0,43.80087,-79.42188,100.0,33.117,33.1,346,132.79,132.79
2111,6334,UMI,150.0,43.80087,-79.42188,100.0,42.095,42.1,363,154.22,154.22
2111,6335,UMI,270.0,43.80087,-79.42188,100.0,35.26,35.3,352,147.23,147.23
2112,6336,UMI,30.0,43.80087,-79.41517,100.0,40.865,40.9,429,169.24,169.24
2112,6337,UMI,150.0,43.80087,-79.41517,100.0,46.591,46.6,464,190.35,190.35
2112,6338,UMI,270.0,43.80087,-79.41517,100.0,41.554,41.6,408,166.38,166.38
2113,6339,UMI,30.0,43.80087,-79.40846,100.0,53.182,53.2,465,189.15,189.15
2113,6340,UMI,150.0,43.80087,-79.40846,100.0,48.885,48.9,508,194.9,194.9
2113,6341,UMI,270.0,43.80087,-79.40846,100.0,49.681,49.7,479,187.18,187.18
2114,6342,UMI,30.0,43.80087,-79.40175,100.0,41.917,41.9,430,150.66,150.66
2114,6343,UMI,150.0,43.80087,-79.40175,100.0,45.743,45.7,463,180.58,180.58
2114,6344,UMI,270.0,43.80087,-79.40175,100.0,49.925,49.9,476,176.38,176.38
2115,6345,UMI,30.0,43.80087,-79.39505,100.0,34.985,35.0,329,127.92,127.92
2115,6346,UMI,150.0,43.80087,-79.39505,100.0,41.847,41.8,376,156.37,156.37
2115,6347,UMI,270.0,43.80087,-79.39505,100.0,46.804,46.8,428,169.35,169.35
2116,6348,UMI,30.0,43.80087,-79.38834,100.0,40.122,40.1,383,161.78,161.78
2116,6349,UMI,150.0,43.80087,-79.38834,100.0,32.151,32.2,364,136.48,136.48
2116,6350,UMI,270.0,43.80087,-79.38834,100.0,40.273,40.3,387,158.48,158.48
2117,6351,UMI,30.0,43.80087,-79.38163,100.0,37.211,37.2,358,135.13,135.13
2117,6352,UMI,150.0,43.80087,-79.38163,100.0,31.573,31.6,311,123.87,123.87
2117,6353,UMI,270.0,43.80087,-79.38163,100.0,42.234,42.2,358,144.96,144.96
2118,6354,UMI,30.0,43.80087,-79.37492,100.0,44.501,44.5,404,170.18,170.18
2118,6355,UMI,150.0,43.80087,-79.37492,100.0,39.941,39.9,407,160.37,160.37
2118,6356,UMI,270.0,43.80087,-79.37492,100.0,49.189,49.2,360,156.69,156.69
2119,6357,UMI,30.0,43.80087,-79.36821,100.0,50.13,50.1,488,183.46,183.46
2119,6358,UMI,150.0,43.80087,-79.36821,100.0,49.655,49.7,471,176.63,176.63
2119,6359,UMI,270.0,43.80087,-79.36821,100.0,44.804,44.8,442,174.34,174.34
2120,6360,UMI,30.0,43.80087,-79.36151,100.0,61.066,61.1,482,200.77,200.77
2120,6361,UMI,150.0,43.80087,-79.36151,100.0,47.251,47.3,474,181.24,181.24
2120,6362,UMI,270.0,43.80087,-79.36151,100.0,52.756,52.8,484,200.19,200.19
2121,6363,UMI,30.0,43.80087,-79.3548,100.0,51.239,51.2,480,187.77,187.77
2121,6364,UMI,150.0,43.80087,-79.3548,100.0,45.39,45.4,431,170.03,170.03
2121,6365,UMI,270.0,43.80087,-79.3548,100.0,51.572,51.6,481,195.98,195.98
2122,6366,UMI,30.0,43.80087,-79.34809,100.0,37.386,37.4,359,145.18,145.18
2122,6367,UMI,150.0,43.80087,-79.34809,100.0,36.084,36.1,397,137.96,137.96
2122,6368,UMI,270.0,43.80087,-79.34809,100.0,44.171,44.2,417,174.55,174.55
2123,6369,UMI,30.0,43.80087,-79.34138,100.0,35.674,35.7,317,127.92,127.92
2123,6370,UMI,150.0,43.80087,-79.34138,100.0,60.397,60.4,437,192.44,192.44
2123,6371,UMI,270.0,43.80087,-79.34138,100.0,31.053,31.1,326,118.63,118.63
2124,6372,UMI,30.0,43.80087,-79.33467,100.0,40.689,40.7,411,175.26,175.26
2124,6373,UMI,150.0,43.80087,-79.33467,100.0,45.521,45.5,454,174.7,174.7
2124,6374,UMI,270.0,43.80087,-79.33467,100.0,35.707,35.7,360,140.89,140.89
2125,6375,UMI,30.0,43.80087,-79.32797,100.0,44.422,44.4,479,187.94,187.94
2125,6376,UMI,150.0,43.80087,-79.32797,100.0,47.292,47.3,502,197.61,197.61
2125,6377,UMI,270.0,43.80087,-79.32797,100.0,45.707,45.7,470,172.59,172.59
2126,6378,UMI,30.0,43.80087,-79.32126,100.0,51.852,51.9,446,193.6,193.6
2126,6379,UMI,150.0,43.80087,-79.32126,100.0,42.947,42.9,416,160.41,160.41
2126,6380,UMI,270.0,43.80087,-79.32126,100.0,49.977,50.0,493,192.45,192.45
2127,6381,UMI,30.0,43.80087,-79.31455,100.0,35.243,35.2,396,144.19,144.19
2127,6382,UMI,150.0,43.80087,-79.31455,100.0,44.492,44.5,386,164.3,164.3
2127,6383,UMI,270.0,43.80087,-79.31455,100.0,37.886,37.9,364,139.18,139.18
2128,6384,UMI,30.0,43.80087,-79.30784,100.0,42.556,42.6,383,147.63,147.63
2128,6385,UMI,150.0,43.80087,-79.30784,100.0,42.892,42.9,414,170.22,170.22
2128,6386,UMI,270.0,43.80087,-79.30784,100.0,40.409,40.4,384,145.51,145.51
2129,6387,UMI,30.0,43.80087,-79.30113,100.0,46.431,46.4,461,170.42,170.42
2129,6388,UMI,150.0,43.80087,-79.30113,100.0,50.201,50.2,456,172.77,172.77
2129,6389,UMI,270.0,43.80087,-79.30113,100.0,46.594,46.6,408,163.66,163.66
2130,6390,UMI,30.0,43.80087,-79.29442,100.0,44.756,44.8,430,169.26,169.26
2130,6391,UMI,150.0,43.80087,-79.29442,100.0,45.985,46.0,444,173.95,173.95
2130,6392,UMI,270.0,43.80087,-79.29442,100.0,42.25,42.2,440,170.36,170.36
2131,6393,UMI,30.0,43.80087,-79.28772,100.0,52.062,52.1,477,199.57,199.57
2131,6394,UMI,150.0,43.80087,-79.28772,100.0,51.915,51.9,472,189.83,189.83
2131,6395,UMI,270.0,43.80087,-79.28772,100.0,41.993,42.0,431,164.55,164.55
2132,6396,UMI,30.0,43.80087,-79.28101,100.0,49.917,49.9,532,197.19,197.19
2132,6397,UMI,150.0,43.80087,-79.28101,100.0,48.445,48.4,483,185.9,185.9
2132,6398,UMI,270.0,43.80087,-79.28101,100.0,58.762,58.8,544,232.22,232.22
2133,6399,UMI,30.0,43.80087,-79.2743,100.0,46.139,46.1,497,190.83,190.83
2133,6400,UMI,150.0,43.80087,-79.2743,100.0,42.845,42.8,404,160.64,160.64
2133,6401,UMI,270.0,43.80087,-79.2743,100.0,49.777,49.8,486,187.42,187.42
2134,6402,UMI,30.0,43.80087,-79.26759,100.0,37.959,38.0,408,161.55,161.55
2134,6403,UMI,150.0,43.80087,-79.26759,100.0,38.571,38.6,417,164.28,164.28
2134,6404,UMI,270.0,43.80087,-79.26759,100.0,38.949,38.9,449,160.15,160.15
2135,6405,UMI,30.0,43.80087,-79.26088,100.0,41.851,41.9,361,145.58,145.58
2135,6406,UMI,150.0,43.80087,-79.26088,100.0,32.296,32.3,351,143.53,143.53
2135,6407,UMI,270.0,43.80087,-79.26088,100.0,44.356,44.4,388,147.11,147.11
2136,6408,UMI,30.0,43.80087,-79.25418,100.0,27.963,28.0,258,105.94,105.94
2136,6409,UMI,150.0,43.80087,-79.25418,100.0,30.269,30.3,271,105.48,105.48
2136,6410,UMI,270.0,43.80087,-79.25418,100.0,27.531,27.5,267,103.52,103.52
2137,6411,UMI,30.0,43.80087,-79.24747,100.0,25.664,25.7,235,89.56,89.56
2137,6412,UMI,150.0,43.80087,-79.24747,100.0,26.047,26.0,276,110.18,110.18
2137,6413,UMI,270.0,43.80087,-79.24747,100.0,24.702,24.7,266,96.59,96.59
2138,6414,UMI,30.0,43.80087,-79.24076,100.0,23.596,23.6,252,92.69,92.69
2138,6415,UMI,150.0,43.80087,-79.24076,100.0,31.011,31.0,291,114.76,114.76
2138,6416,UMI,270.0,43.80087,-79.24076,100.0,23.999,24.0,268,92.12,92.12
2139,6417,UMI,30.0,43.80087,-79.23405,100.0,41.882,41.9,374,162.15,162.15
2139,6418,UMI,150.0,43.80087,-79.23405,100.0,30.883,30.9,328,122.08,122.08
2139,6419,UMI,270.0,43.80087,-79.23405,100.0,31.242,31.2,313,131.82,131.82
2140,6420,UMI,30.0,43.80087,-79.22734,100.0,48.792,48.8,422,171.8,171.8
2140,6421,UMI,150.0,43.80087,-79.22734,100.0,42.701,42.7,454,159.16,159.16
2140,6422,UMI,270.0,43.80087,-79.22734,100.0,37.479,37.5,408,144.46,144.46
2141,6423,UMI,30.0,43.80087,-79.22063,100.0,44.097,44.1,461,176.97,176.97
2141,6424,UMI,150.0,43.80087,-79.22063,100.0,51.363,51.4,537,208.21,208.21
2141,6425,UMI,270.0,43.80087,-79.22063,100.0,44.796,44.8,463,179.06,179.06
2142,6426,UMI,30.0,43.80087,-79.21393,100.0,55.905,55.9,526,206.27,206.27
2142,6427,UMI,150.0,43.80087,-79.21393,100.0,46.587,46.6,488,181.75,181.75
2142,6428,UMI,270.0,43.80087,-79.21393,100.0,57.061,57.1,482,204.26,204.26
2143,6429,UMI,30.0,43.80087,-79.20722,100.0,40.784,40.8,434,164.1,164.1
2143,6430,UMI,150.0,43.80087,-79.20722,100.0,43.724,43.7,416,178.08,178.08
2143,6431,UMI,270.0,43.80087,-79.20722,100.0,41.545,41.5,448,170.31,170.31
2144,6432,UMI,30.0,43.80087,-79.20051,100.0,28.661,28.7,298,121.93,121.93
2144,6433,UMI,150.0,43.80087,-79.20051,100.0,27.443,27.4,299,115.65,115.65
2144,6434,UMI,270.0,43.80087,-79.20051,100.0,37.104,37.1,344,143.85,143.85
2145,6435,UMI,30.0,43.80087,-79.1938,100.0,21.642,21.6,186,79.79,79.79
2145,6436,UMI,150.0,43.80087,-79.1938,100.0,15.865,15.9,194,61.09,61.09
2145,6437,UMI,270.0,43.80087,-79.1938,100.0,21.805,21.8,226,83.87,83.87
2146,6438,UMI,30.0,43.80087,-79.18709,100.0,20.523,20.5,178,69.83,69.83
2146,6439,UMI,150.0,43.80087,-79.18709,100.0,18.876,18.9,209,73.26,73.26
2146,6440,UMI,270.0,43.80087,-79.18709,100.0,19.607,19.6,178,75.57,75.57
2147,6441,UMI,30.0,43.80087,-79.18039,100.0,27.929,27.9,291,111.63,111.63
2147,6442,UMI,150.0,43.80087,-79.18039,100.0,30.154,30.2,262,110.86,110.86
2147,6443,UMI,270.0,43.80087,-79.18039,100.0,22.572,22.6,256,99.13,99.13
2148,6444,UMI,30.0,43.80087,-79.17368,100.0,28.805,28.8,299,107.04,107.04
2148,6445,UMI,150.0,43.80087,-79.17368,100.0,30.854,30.9,328,123.57,123.57
2148,6446,UMI,270.0,43.80087,-79.17368,100.0,29.457,29.5,297,120.26,120.26
2149,6447,UMI,30.0,43.80087,-79.16697,100.0,30.51,30.5,264,112.09,112.09
2149,6448,UMI,150.0,43.80087,-79.16697,100.0,35.712,35.7,300,130.2,130.2
2149,6449,UMI,270.0,43.80087,-79.16697,100.0,25.936,25.9,280,104.43,104.43
2150,6450,UMI,30.0,43.80087,-79.16026,100.0,26.707,26.7,254,92.21,92.21
2150,6451,UMI,150.0,43.80087,-79.16026,100.0,21.776,21.8,256,96.47,96.47
2150,6452,UMI,270.0,43.80087,-79.16026,100.0,23.764,23.8,219,97.6,97.6
2151,6453,UMI,30.0,43.80087,-79.15355,100.0,23.116,23.1,211,86.26,86.26
2151,6454,UMI,150.0,43.80087,-79.15355,100.0,19.807,19.8,229,86.63,86.63
2151,6455,UMI,270.0,43.80087,-79.15355,100.0,20.557,20.6,238,93.51,93.51
2152,6456,UMI,30.0,43.80087,-79.14685,100.0,25.276,25.3,170,77.46,77.46
2152,6457,UMI,150.0,43.80087,-79.14685,100.0,25.012,25.0,207,91.95,91.95
2152,6458,UMI,270.0,43.80087,-79.14685,100.0,18.962,19.0,189,80.38,80.38
2153,6459,UMI,30.0,43.80087,-79.14014,100.0,17.321,17.3,172,74.87,74.87
2153,6460,UMI,150.0,43.80087,-79.14014,100.0,23.924,23.9,231,82.99,82.99
2153,6461,UMI,270.0,43.80087,-79.14014,100.0,14.514,14.5,175,64.44,64.44
2154,6462,UMI,30.0,43.80087,-79.13343,100.0,13.628,13.6,148,58.49,58.49
2154,6463,UMI,150.0,43.80087,-79.13343,100.0,24.172,24.2,223,99.01,99.01
2154,6464,UMI,270.0,43.80087,-79.13343,100.0,15.004,15.0,177,56.86,56.86
2155,6465,UMI,30.0,43.80087,-79.12672,100.0,17.826,17.8,194,72.62,72.62
2155,6466,UMI,150.0,43.80087,-79.12672,100.0,18.263,18.3,179,70.39,70.39
2155,6467,UMI,270.0,43.80087,-79.12672,100.0,15.779,15.8,154,58.02,58.02
2156,6468,UMI,30.0,43.80087,-79.12001,100.0,17.227,17.2,171,63.07,63.07
2156,6469,UMI,150.0,43.80087,-79.12001,100.0,13.206,13.2,141,53.92,53.92
2156,6470,UMI,270.0,43.80087,-79.12001,100.0,17.284,17.3,173,72.47,72.47
2157,6471,UMI,30.0,43.80087,-79.1133,100.0,10.701,10.7,114,47.37,47.37
2157,6472,UMI,150.0,43.80087,-79.1133,100.0,9.387,9.4,78,37.46,37.46
2157,6473,UMI,270.0,43.80087,-79.1133,100.0,9.52,9.5,117,43.02,43.02
2158,6474,UMI,30.0,43.80087,-79.1066,100.0,6.504,6.5,67,26.71,26.71
2158,6475,UMI,150.0,43.80087,-79.1066,100.0,4.821,4.8,42,18.98,18.98
2158,6476,UMI,270.0,43.80087,-79.1066,100.0,7.674,7.7,56,22.22,22.22
2159,6477,UMI,30.0,43.80506,-79.58623,100.0,7.009,7.0,74,29.29,29.29
2159,6478,UMI,150.0,43.80506,-79.58623,100.0,13.038,13.0,111,46.6,46.6
2159,6479,UMI,270.0,43.80506,-79.58623,100.0,4.688,4.7,69,23.31,23.31
2160,6480,UMI,30.0,43.80506,-79.57281,100.0,17.528,17.5,157,73.04,73.04
2160,6481,UMI,150.0,43.80506,-79.57281,100.0,20.198,20.2,177,66.28,66.28
2160,6482,UMI,270.0,43.80506,-79.57281,100.0,14.679,14.7,153,61.07,61.07
2161,6483,UMI,30.0,43.80506,-79.5661,100.0,27.841,27.8,249,103.48,103.48
2161,6484,UMI,150.0,43.80506,-79.5661,100.0,26.328,26.3,259,113.31,113.31
2161,6485,UMI,270.0,43.80506,-79.5661,100.0,23.767,23.8,198,92.76,92.76
2162,6486,UMI,30.0,43.80506,-79.5594,100.0,32.263,32.3,302,118.97,118.97
2162,6487,UMI,150.0,43.80506,-79.5594,100.0,29.196,29.2,332,117.89,117.89
2162,6488,UMI,270.0,43.80506,-79.5594,100.0,30.753,30.8,262,108.52,108.52
2163,6489,UMI,30.0,43.80506,-79.55269,100.0,20.559,20.6,229,80.96,80.96
2163,6490,UMI,150.0,43.80506,-79.55269,100.0,23.476,23.5,222,85.62,85.62
2163,6491,UMI,270.0,43.80506,-79.55269,100.0,29.275,29.3,311,131.75,131.75
2164,6492,UMI,30.0,43.80506,-79.54598,100.0,9.751,9.8,113,40.23,40.23
2164,6493,UMI,150.0,43.80506,-79.54598,100.0,9.534,9.5,105,36.79,36.79
2164,6494,UMI,270.0,43.80506,-79.54598,100.0,12.992,13.0,156,59.36,59.36
2165,6495,UMI,30.0,43.80506,-79.53927,100.0,9.645,9.6,97,37.05,37.05
2165,6496,UMI,150.0,43.80506,-79.53927,100.0,7.932,7.9,88,35.47,35.47
2165,6497,UMI,270.0,43.80506,-79.53927,100.0,8.242,8.2,99,35.45,35.45
2166,6498,UMI,30.0,43.80506,-79.53256,100.0,6.344,6.3,75,29.55,29.55
2166,6499,UMI,150.0,43.80506,-79.53256,100.0,9.087,9.1,90,35.81,35.81
2166,6500,UMI,270.0,43.80506,-79.53256,100.0,11.142,11.1,85,40.92,40.92
2167,6501,UMI,30.0,43.80506,-79.52586,100.0,8.078,8.1,93,32.87,32.87
2167,6502,UMI,150.0,43.80506,-79.52586,100.0,10.915,10.9,100,45.17,45.17
2167,6503,UMI,270.0,43.80506,-79.52586,100.0,14.714,14.7,96,44.48,44.48
2168,6504,UMI,30.0,43.80506,-79.51915,100.0,8.217,8.2,77,31.65,31.65
2168,6505,UMI,150.0,43.80506,-79.51915,100.0,7.812,7.8,92,34.84,34.84
2168,6506,UMI,270.0,43.80506,-79.51915,100.0,10.658,10.7,105,38.47,38.47
2169,6507,UMI,30.0,43.80506,-79.51244,100.0,11.796,11.8,100,53.07,53.07
2169,6508,UMI,150.0,43.80506,-79.51244,100.0,6.882,6.9,85,28.27,28.27
2169,6509,UMI,270.0,43.80506,-79.51244,100.0,12.076,12.1,106,40.25,40.25
2170,6510,UMI,30.0,43.80506,-79.50573,100.0,9.134,9.1,98,33.34,33.34
2170,6511,UMI,150.0,43.80506,-79.50573,100.0,8.67,8.7,95,36.57,36.57
2170,6512,UMI,270.0,43.80506,-79.50573,100.0,12.46,12.5,107,48.36,48.36
2171,6513,UMI,30.0,43.80506,-79.49902,100.0,10.586,10.6,95,36.19,36.19
2171,6514,UMI,150.0,43.80506,-79.49902,100.0,10.759,10.8,110,45.83,45.83
2171,6515,UMI,270.0,43.80506,-79.49902,100.0,9.006,9.0,87,32.69,32.69
2172,6516,UMI,30.0,43.80506,-79.49231,100.0,6.436,6.4,81,27.05,27.05
2172,6517,UMI,150.0,43.80506,-79.49231,100.0,7.211,7.2,85,27.39,27.39
2172,6518,UMI,270.0,43.80506,-79.49231,100.0,13.412,13.4,132,51.05,51.05
2173,6519,UMI,30.0,43.80506,-79.48561,100.0,6.635,6.6,72,25.48,25.48
2173,6520,UMI,150.0,43.80506,-79.48561,100.0,13.797,13.8,108,46.49,46.49
2173,6521,UMI,270.0,43.80506,-79.48561,100.0,9.871,9.9,99,39.65,39.65
2174,6522,UMI,30.0,43.80506,-79.4789,100.0,11.567,11.6,117,42.9,42.9
2174,6523,UMI,150.0,43.80506,-79.4789,100.0,13.062,13.1,134,45.0,45.0
2174,6524,UMI,270.0,43.80506,-79.4789,100.0,11.751,11.8,123,42.83,42.83
2175,6525,UMI,30.0,43.80506,-79.47219,100.0,25.867,25.9,237,108.66,108.66
2175,6526,UMI,150.0,43.80506,-79.47219,100.0,27.097,27.1,260,104.71,104.71
2175,6527,UMI,270.0,43.80506,-79.47219,100.0,17.825,17.8,186,68.47,68.47
2176,6528,UMI,30.0,43.80506,-79.46548,100.0,33.858,33.9,318,140.51,140.51
2176,6529,UMI,150.0,43.80506,-79.46548,100.0,36.443,36.4,355,155.15,155.15
2176,6530,UMI,270.0,43.80506,-79.46548,100.0,36.401,36.4,319,126.21,126.21
2177,6531,UMI,30.0,43.80506,-79.45877,100.0,38.561,38.6,332,143.64,143.64
2177,6532,UMI,150.0,43.80506,-79.45877,100.0,31.3,31.3,338,131.03,131.03
2177,6533,UMI,270.0,43.80506,-79.45877,100.0,34.526,34.5,324,134.47,134.47
2178,6534,UMI,30.0,43.80506,-79.45207,100.0,32.485,32.5,285,114.0,114.0
2178,6535,UMI,150.0,43.80506,-79.45207,100.0,30.241,30.2,282,115.48,115.48
2178,6536,UMI,270.0,43.80506,-79.45207,100.0,26.412,26.4,300,113.19,113.19
2179,6537,UMI,30.0,43.80506,-79.44536,100.0,34.069,34.1,365,130.65,130.65
2179,6538,UMI,150.0,43.80506,-79.44536,100.0,36.38,36.4,366,142.9,142.9
2179,6539,UMI,270.0,43.80506,-79.44536,100.0,33.354,33.4,354,138.08,138.08
2180,6540,UMI,30.0,43.80506,-79.43865,100.0,36.365,36.4,363,135.16,135.16
2180,6541,UMI,150.0,43.80506,-79.43865,100.0,33.578,33.6,342,138.07,138.07
2180,6542,UMI,270.0,43.80506,-79.43865,100.0,42.987,43.0,424,156.95,156.95
2181,6543,UMI,30.0,43.80506,-79.43194,100.0,36.76,36.8,380,141.23,141.23
2181,6544,UMI,150.0,43.80506,-79.43194,100.0,42.437,42.4,402,157.44,157.44
2181,6545,UMI,270.0,43.80506,-79.43194,100.0,38.525,38.5,401,159.94,159.94
2182,6546,UMI,30.0,43.80506,-79.42523,100.0,34.623,34.6,350,132.56,132.56
2182,6547,UMI,150.0,43.80506,-79.42523,100.0,39.966,40.0,360,141.29,141.29
2182,6548,UMI,270.0,43.80506,-79.42523,100.0,34.315,34.3,377,136.15,136.15
2183,6549,UMI,30.0,43.80506,-79.41853,100.0,34.406,34.4,340,145.22,145.22
2183,6550,UMI,150.0,43.80506,-79.41853,100.0,35.233,35.2,328,144.31,144.31
2183,6551,UMI,270.0,43.80506,-79.41853,100.0,34.569,34.6,324,132.12,132.12
2184,6552,UMI,30.0,43.80506,-79.41182,100.0,37.648,37.6,348,149.04,149.04
2184,6553,UMI,150.0,43.80506,-79.41182,100.0,47.541,47.5,400,162.34,162.34
2184,6554,UMI,270.0,43.80506,-79.41182,100.0,33.791,33.8,347,131.27,131.27
2185,6555,UMI,30.0,43.80506,-79.40511,100.0,36.977,37.0,347,127.31,127.31
2185,6556,UMI,150.0,43.80506,-79.40511,100.0,41.408,41.4,399,160.69,160.69
2185,6557,UMI,270.0,43.80506,-79.40511,100.0,41.517,41.5,391,158.43,158.43
2186,6558,UMI,30.0,43.80506,-79.3984,100.0,34.174,34.2,336,127.8,127.8
2186,6559,UMI,150.0,43.80506,-79.3984,100.0,32.771,32.8,364,131.7,131.7
2186,6560,UMI,270.0,43.80506,-79.3984,100.0,30.213,30.2,359,123.31,123.31
2187,6561,UMI,30.0,43.80506,-79.39169,100.0,28.174,28.2,333,126.39,126.39
2187,6562,UMI,150.0,43.80506,-79.39169,100.0,41.325,41.3,385,156.27,156.27
2187,6563,UMI,270.0,43.80506,-79.39169,100.0,39.85,39.9,377,156.46,156.46
2188,6564,UMI,30.0,43.80506,-79.38498,100.0,31.841,31.8,342,136.32,136.32
2188,6565,UMI,150.0,43.80506,-79.38498,100.0,33.593,33.6,380,137.96,137.96
2188,6566,UMI,270.0,43.80506,-79.38498,100.0,37.342,37.3,352,135.71,135.71
2189,6567,UMI,30.0,43.80506,-79.37828,100.0,41.103,41.1,362,137.9,137.9
2189,6568,UMI,150.0,43.80506,-79.37828,100.0,36.24,36.2,381,152.06,152.06
2189,6569,UMI,270.0,43.80506,-79.37828,100.0,37.866,37.9,371,136.72,136.72
2190,6570,UMI,30.0,43.80506,-79.37157,100.0,37.671,37.7,389,159.2,159.2
2190,6571,UMI,150.0,43.80506,-79.37157,100.0,42.559,42.6,404,166.94,166.94
2190,6572,UMI,270.0,43.80506,-79.37157,100.0,42.482,42.5,359,129.55,129.55
2191,6573,UMI,30.0,43.80506,-79.36486,100.0,40.284,40.3,391,151.01,151.01
2191,6574,UMI,150.0,43.80506,-79.36486,100.0,42.733,42.7,416,178.77,178.77
2191,6575,UMI,270.0,43.80506,-79.36486,100.0,33.695,33.7,387,140.33,140.33
2192,6576,UMI,30.0,43.80506,-79.35815,100.0,47.484,47.5,377,161.35,161.35
2192,6577,UMI,150.0,43.80506,-79.35815,100.0,38.826,38.8,429,161.1,161.1
2192,6578,UMI,270.0,43.80506,-79.35815,100.0,44.32,44.3,480,180.9,180.9
2193,6579,UMI,30.0,43.80506,-79.35144,100.0,30.077,30.1,312,122.44,122.44
2193,6580,UMI,150.0,43.80506,-79.35144,100.0,41.129,41.1,438,165.65,165.65
2193,6581,UMI,270.0,43.80506,-79.35144,100.0,40.142,40.1,378,144.65,144.65
2194,6582,UMI,30.0,43.80506,-79.34474,100.0,28.158,28.2,271,106.35,106.35
2194,6583,UMI,150.0,43.80506,-79.34474,100.0,30.207,30.2,286,114.07,114.07
2194,6584,UMI,270.0,43.80506,-79.34474,100.0,32.485,32.5,292,123.55,123.55
2195,6585,UMI,30.0,43.80506,-79.33803,100.0,34.746,34.7,293,115.06,115.06
2195,6586,UMI,150.0,43.80506,-79.33803,100.0,31.489,31.5,350,130.68,130.68
2195,6587,UMI,270.0,43.80506,-79.33803,100.0,32.568,32.6,312,126.52,126.52
2196,6588,UMI,30.0,43.80506,-79.33132,100.0,49.264,49.3,460,194.55,194.55
2196,6589,UMI,150.0,43.80506,-79.33132,100.0,44.464,44.5,433,172.88,172.88
2196,6590,UMI,270.0,43.80506,-79.33132,100.0,36.596,36.6,341,131.27,131.27
2197,6591,UMI,30.0,43.80506,-79.32461,100.0,41.911,41.9,469,171.75,171.75
2197,6592,UMI,150.0,43.80506,-79.32461,100.0,47.414,47.4,479,182.18,182.18
2197,6593,UMI,270.0,43.80506,-79.32461,100.0,46.088,46.1,439,180.9,180.9
2198,6594,UMI,30.0,43.80506,-79.3179,100.0,42.405,42.4,436,159.01,159.01
2198,6595,UMI,150.0,43.80506,-79.3179,100.0,45.419,45.4,408,168.53,168.53
2198,6596,UMI,270.0,43.80506,-79.3179,100.0,35.665,35.7,416,140.99,140.99
2199,6597,UMI,30.0,43.80506,-79.31119,100.0,29.163,29.2,328,123.27,123.27
2199,6598,UMI,150.0,43.80506,-79.31119,100.0,38.175,38.2,406,162.01,162.01
2199,6599,UMI,270.0,43.80506,-79.31119,100.0,48.484,48.5,442,172.99,172.99
2200,6600,UMI,30.0,43.80506,-79.30449,100.0,42.283,42.3,335,142.67,142.67
2200,6601,UMI,150.0,43.80506,-79.30449,100.0,35.22,35.2,364,140.88,140.88
2200,6602,UMI,270.0,43.80506,-79.30449,100.0,27.041,27.0,323,116.89,116.89
2201,6603,UMI,30.0,43.80506,-79.29778,100.0,32.773,32.8,286,107.3,107.3
2201,6604,UMI,150.0,43.80506,-79.29778,100.0,44.12,44.1,399,158.4,158.4
2201,6605,UMI,270.0,43.80506,-79.29778,100.0,46.205,46.2,377,151.0,151.0
2202,6606,UMI,30.0,43.80506,-79.29107,100.0,42.826,42.8,380,172.77,172.77
2202,6607,UMI,150.0,43.80506,-79.29107,100.0,35.909,35.9,367,128.88,128.88
2202,6608,UMI,270.0,43.80506,-79.29107,100.0,35.741,35.7,348,144.96,144.96
2203,6609,UMI,30.0,43.80506,-79.28436,100.0,50.109,50.1,478,197.04,197.04
2203,6610,UMI,150.0,43.80506,-79.28436,100.0,58.682,58.7,511,229.85,229.85
2203,6611,UMI,270.0,43.80506,-79.28436,100.0,43.828,43.8,420,170.56,170.56
2204,6612,UMI,30.0,43.80506,-79.27765,100.0,47.212,47.2,465,194.18,194.18
2204,6613,UMI,150.0,43.80506,-79.27765,100.0,52.34,52.3,485,182.25,182.25
2204,6614,UMI,270.0,43.80506,-79.27765,100.0,48.454,48.5,494,194.69,194.69
2205,6615,UMI,30.0,43.80506,-79.27095,100.0,42.383,42.4,413,165.72,165.72
2205,6616,UMI,150.0,43.80506,-79.27095,100.0,48.647,48.6,442,183.64,183.64
2205,6617,UMI,270.0,43.80506,-79.27095,100.0,50.151,50.2,437,191.29,191.29
2206,6618,UMI,30.0,43.80506,-79.26424,100.0,41.924,41.9,462,174.54,174.54
2206,6619,UMI,150.0,43.80506,-79.26424,100.0,40.707,40.7,414,157.67,157.67
2206,6620,UMI,270.0,43.80506,-79.26424,100.0,36.538,36.5,393,147.16,147.16
2207,6621,UMI,30.0,43.80506,-79.25753,100.0,35.854,35.9,347,139.46,139.46
2207,6622,UMI,150.0,43.80506,-79.25753,100.0,34.038,34.0,334,127.05,127.05
2207,6623,UMI,270.0,43.80506,-79.25753,100.0,44.379,44.4,388,160.63,160.63
2208,6624,UMI,30.0,43.80506,-79.25082,100.0,24.968,25.0,247,91.29,91.29
2208,6625,UMI,150.0,43.80506,-79.25082,100.0,31.371,31.4,266,105.87,105.87
2208,6626,UMI,270.0,43.80506,-79.25082,100.0,26.967,27.0,253,97.34,97.34
2209,6627,UMI,30.0,43.80506,-79.24411,100.0,21.048,21.0,208,87.22,87.22
2209,6628,UMI,150.0,43.80506,-79.24411,100.0,20.914,20.9,222,88.39,88.39
2209,6629,UMI,270.0,43.80506,-79.24411,100.0,26.894,26.9,229,95.58,95.58
2210,6630,UMI,30.0,43.80506,-79.23741,100.0,26.729,26.7,260,96.16,96.16
2210,6631,UMI,150.0,43.80506,-79.23741,100.0,29.055,29.1,278,113.25,113.25
2210,6632,UMI,270.0,43.80506,-79.23741,100.0,26.056,26.1,233,88.3,88.3
2211,6633,UMI,30.0,43.80506,-79.2307,100.0,36.193,36.2,376,139.25,139.25
2211,6634,UMI,150.0,43.80506,-79.2307,100.0,36.714,36.7,359,139.22,139.22
2211,6635,UMI,270.0,43.80506,-79.2307,100.0,35.604,35.6,328,131.58,131.58
2212,6636,UMI,30.0,43.80506,-79.22399,100.0,39.492,39.5,416,151.59,151.59
2212,6637,UMI,150.0,43.80506,-79.22399,100.0,41.994,42.0,415,153.66,153.66
2212,6638,UMI,270.0,43.80506,-79.22399,100.0,34.305,34.3,381,134.49,134.49
2213,6639,UMI,30.0,43.80506,-79.21728,100.0,50.187,50.2,447,176.54,176.54
2213,6640,UMI,150.0,43.80506,-79.21728,100.0,61.915,61.9,508,199.42,199.42
2213,6641,UMI,270.0,43.80506,-79.21728,100.0,46.571,46.6,462,179.42,179.42
2214,6642,UMI,30.0,43.80506,-79.21057,100.0,51.513,51.5,494,208.49,208.49
2214,6643,UMI,150.0,43.80506,-79.21057,100.0,52.064,52.1,489,183.24,183.24
2214,6644,UMI,270.0,43.80506,-79.21057,100.0,51.845,51.8,532,196.57,196.57
2215,6645,UMI,30.0,43.80506,-79.20386,100.0,34.553,34.6,342,129.43,129.43
2215,6646,UMI,150.0,43.80506,-79.20386,100.0,36.744,36.7,375,136.72,136.72
2215,6647,UMI,270.0,43.80506,-79.20386,100.0,44.822,44.8,427,170.03,170.03
2216,6648,UMI,30.0,43.80506,-79.19716,100.0,21.918,21.9,215,82.39,82.39
2216,6649,UMI,150.0,43.80506,-79.19716,100.0,19.099,19.1,193,71.3,71.3
2216,6650,UMI,270.0,43.80506,-79.19716,100.0,25.231,25.2,252,100.16,100.16
2217,6651,UMI,30.0,43.80506,-79.19045,100.0,18.763,18.8,175,75.42,75.42
2217,6652,UMI,150.0,43.80506,-79.19045,100.0,18.746,18.7,183,78.04,78.04
2217,6653,UMI,270.0,43.80506,-79.19045,100.0,13.242,13.2,162,52.29,52.29
2218,6654,UMI,30.0,43.80506,-79.18374,100.0,29.7,29.7,262,106.81,106.81
2218,6655,UMI,150.0,43.80506,-79.18374,100.0,23.204,23.2,245,90.96,90.96
2218,6656,UMI,270.0,43.80506,-79.18374,100.0,20.985,21.0,215,85.25,85.25
2219,6657,UMI,30.0,43.80506,-79.17703,100.0,27.563,27.6,289,110.57,110.57
2219,6658,UMI,150.0,43.80506,-79.17703,100.0,36.006,36.0,358,142.46,142.46
2219,6659,UMI,270.0,43.80506,-79.17703,100.0,30.405,30.4,281,107.5,107.5
2220,6660,UMI,30.0,43.80506,-79.17032,100.0,29.786,29.8,293,120.31,120.31
2220,6661,UMI,150.0,43.80506,-79.17032,100.0,29.24,29.2,281,117.86,117.86
2220,6662,UMI,270.0,43.80506,-79.17032,100.0,29.911,29.9,308,123.04,123.04
2221,6663,UMI,30.0,43.80506,-79.16362,100.0,22.359,22.4,220,95.48,95.48
2221,6664,UMI,150.0,43.80506,-79.16362,100.0,26.383,26.4,235,93.26,93.26
2221,6665,UMI,270.0,43.80506,-79.16362,100.0,22.028,22.0,255,88.44,88.44
2222,6666,UMI,30.0,43.80506,-79.15691,100.0,10.174,10.2,122,42.7,42.7
2222,6667,UMI,150.0,43.80506,-79.15691,100.0,21.318,21.3,192,77.98,77.98
2222,6668,UMI,270.0,43.80506,-79.15691,100.0,16.645,16.6,177,61.86,61.86
2223,6669,UMI,30.0,43.80506,-79.1502,100.0,12.678,12.7,120,40.94,40.94
2223,6670,UMI,150.0,43.80506,-79.1502,100.0,14.524,14.5,147,46.97,46.97
2223,6671,UMI,270.0,43.80506,-79.1502,100.0,10.915,10.9,120,44.37,44.37
2224,6672,UMI,30.0,43.80506,-79.14349,100.0,10.202,10.2,92,38.49,38.49
2224,6673,UMI,150.0,43.80506,-79.14349,100.0,15.113,15.1,141,60.81,60.81
2224,6674,UMI,270.0,43.80506,-79.14349,100.0,15.616,15.6,133,62.83,62.83
2225,6675,UMI,30.0,43.80506,-79.13678,100.0,10.674,10.7,133,47.04,47.04
2225,6676,UMI,150.0,43.80506,-79.13678,100.0,14.341,14.3,134,53.81,53.81
2225,6677,UMI,270.0,43.80506,-79.13678,100.0,12.63,12.6,141,48.81,48.81
2226,6678,UMI,30.0,43.80506,-79.13007,100.0,18.533,18.5,162,71.73,71.73
2226,6679,UMI,150.0,43.80506,-79.13007,100.0,18.37,18.4,183,70.84,70.84
2226,6680,UMI,270.0,43.80506,-79.13007,100.0,17.762,17.8,150,59.16,59.16
2227,6681,UMI,30.0,43.80506,-79.12337,100.0,20.107,20.1,190,80.41,80.41
2227,6682,UMI,150.0,43.80506,-79.12337,100.0,21.018,21.0,205,77.09,77.09
2227,6683,UMI,270.0,43.80506,-79.12337,100.0,18.132,18.1,211,76.62,76.62
2228,6684,UMI,30.0,43.80506,-79.11666,100.0,14.757,14.8,162,57.35,57.35
2228,6685,UMI,150.0,43.80506,-79.11666,100.0,18.029,18.0,165,69.7,69.7
2228,6686,UMI,270.0,43.80506,-79.11666,100.0,22.582,22.6,195,79.56,79.56
2229,6687,UMI,30.0,43.80506,-79.10995,100.0,27.899,27.9,177,80.28,80.28
2229,6688,UMI,150.0,43.80506,-79.10995,100.0,12.925,12.9,114,41.99,41.99
2229,6689,UMI,270.0,43.80506,-79.10995,100.0,12.76,12.8,142,53.35,53.35
2230,6690,UMI,30.0,43.80506,-79.10324,100.0,12.854,12.9,105,42.28,42.28
2230,6691,UMI,150.0,43.80506,-79.10324,100.0,5.223,5.2,55,25.86,25.86
2230,6692,UMI,270.0,43.80506,-79.10324,100.0,12.228,12.2,132,52.65,52.65
2231,6693,UMI,30.0,43.80506,-79.09653,100.0,3.936,3.9,37,19.05,19.05
2231,6694,UMI,150.0,43.80506,-79.09653,100.0,2.702,2.7,14,4.8,4.8
2231,6695,UMI,270.0,43.80506,-79.09653,100.0,5.022,5.0,59,21.16,21.16
2232,6696,UMI,30.0,43.80926,-79.56946,100.0,13.766,13.8,143,58.76,58.76
2232,6697,UMI,150.0,43.80926,-79.56946,100.0,17.162,17.2,155,77.84,77.84
2232,6698,UMI,270.0,43.80926,-79.56946,100.0,12.077,12.1,132,51.22,51.22
2233,6699,UMI,30.0,43.80926,-79.56275,100.0,27.626,27.6,260,106.66,106.66
2233,6700,UMI,150.0,43.80926,-79.56275,100.0,32.308,32.3,281,121.81,121.81
2233,6701,UMI,270.0,43.80926,-79.56275,100.0,23.962,24.0,246,98.37,98.37
2234,6702,UMI,30.0,43.80926,-79.55604,100.0,24.14,24.1,239,97.66,97.66
2234,6703,UMI,150.0,43.80926,-79.55604,100.0,29.459,29.5,281,113.56,113.56
2234,6704,UMI,270.0,43.80926,-79.55604,100.0,22.775,22.8,251,90.03,90.03
2235,6705,UMI,30.0,43.80926,-79.54933,100.0,12.662,12.7,152,53.39,53.39
2235,6706,UMI,150.0,43.80926,-79.54933,100.0,17.463,17.5,158,73.83,73.83
2235,6707,UMI,270.0,43.80926,-79.54933,100.0,21.505,21.5,191,84.66,84.66
2236,6708,UMI,30.0,43.80926,-79.53592,100.0,9.512,9.5,107,36.31,36.31
2236,6709,UMI,150.0,43.80926,-79.53592,100.0,8.703,8.7,90,33.7,33.7
2236,6710,UMI,270.0,43.80926,-79.53592,100.0,7.94,7.9,80,36.36,36.36
2237,6711,UMI,30.0,43.80926,-79.52921,100.0,8.387,8.4,85,38.08,38.08
2237,6712,UMI,150.0,43.80926,-79.52921,100.0,11.031,11.0,99,36.6,36.6
2237,6713,UMI,270.0,43.80926,-79.52921,100.0,8.222,8.2,105,36.23,36.23
2238,6714,UMI,30.0,43.80926,-79.5225,100.0,11.299,11.3,88,43.94,43.94
2238,6715,UMI,150.0,43.80926,-79.5225,100.0,9.349,9.3,90,35.91,35.91
2238,6716,UMI,270.0,43.80926,-79.5225,100.0,8.481,8.5,97,36.3,36.3
2239,6717,UMI,30.0,43.80926,-79.51579,100.0,11.892,11.9,94,45.72,45.72
2239,6718,UMI,150.0,43.80926,-79.51579,100.0,5.767,5.8,70,26.59,26.59
2239,6719,UMI,270.0,43.80926,-79.51579,100.0,9.644,9.6,95,36.9,36.9
2240,6720,UMI,30.0,43.80926,-79.50909,100.0,9.644,9.6,108,40.74,40.74
2240,6721,UMI,150.0,43.80926,-79.50909,100.0,9.865,9.9,105,36.76,36.76
2240,6722,UMI,270.0,43.80926,-79.50909,100.0,8.57,8.6,101,34.79,34.79
2241,6723,UMI,30.0,43.80926,-79.50238,100.0,11.884,11.9,97,36.35,36.35
2241,6724,UMI,150.0,43.80926,-79.50238,100.0,11.732,11.7,105,45.69,45.69
2241,6725,UMI,270.0,43.80926,-79.50238,100.0,6.821,6.8,97,30.57,30.57
2242,6726,UMI,30.0,43.80926,-79.49567,100.0,6.846,6.8,72,28.07,28.07
2242,6727,UMI,150.0,43.80926,-79.49567,100.0,14.469,14.5,110,46.07,46.07
2242,6728,UMI,270.0,43.80926,-79.49567,100.0,9.635,9.6,96,38.79,38.79
2243,6729,UMI,30.0,43.80926,-79.48896,100.0,9.575,9.6,88,33.13,33.13
2243,6730,UMI,150.0,43.80926,-79.48896,100.0,9.32,9.3,94,34.68,34.68
2243,6731,UMI,270.0,43.80926,-79.48896,100.0,9.698,9.7,91,36.17,36.17
2244,6732,UMI,30.0,43.80926,-79.48225,100.0,13.165,13.2,91,34.93,34.93
2244,6733,UMI,150.0,43.80926,-79.48225,100.0,8.352,8.4,81,30.82,30.82
2244,6734,UMI,270.0,43.80926,-79.48225,100.0,6.878,6.9,93,31.23,31.23
2245,6735,UMI,30.0,43.80926,-79.47554,100.0,17.432,17.4,171,67.72,67.72
2245,6736,UMI,150.0,43.80926,-79.47554,100.0,23.824,23.8,186,71.3,71.3
2245,6737,UMI,270.0,43.80926,-79.47554,100.0,12.531,12.5,106,54.76,54.76
2246,6738,UMI,30.0,43.80926,-79.46884,100.0,25.943,25.9,286,108.26,108.26
2246,6739,UMI,150.0,43.80926,-79.46884,100.0,30.949,30.9,320,125.04,125.04
2246,6740,UMI,270.0,43.80926,-79.46884,100.0,29.52,29.5,219,89.53,89.53
2247,6741,UMI,30.0,43.80926,-79.46213,100.0,34.519,34.5,300,127.47,127.47
2247,6742,UMI,150.0,43.80926,-79.46213,100.0,32.911,32.9,332,138.86,138.86
2247,6743,UMI,270.0,43.80926,-79.46213,100.0,33.317,33.3,320,125.11,125.11
2248,6744,UMI,30.0,43.80926,-79.45542,100.0,25.497,25.5,261,101.3,101.3
2248,6745,UMI,150.0,43.80926,-79.45542,100.0,28.709,28.7,289,110.55,110.55
2248,6746,UMI,270.0,43.80926,-79.45542,100.0,22.97,23.0,268,96.91,96.91
2249,6747,UMI,30.0,43.80926,-79.44871,100.0,34.062,34.1,294,119.38,119.38
2249,6748,UMI,150.0,43.80926,-79.44871,100.0,37.285,37.3,321,127.48,127.48
2249,6749,UMI,270.0,43.80926,-79.44871,100.0,29.316,29.3,271,95.01,95.01
2250,6750,UMI,30.0,43.80926,-79.442,100.0,32.158,32.2,334,118.41,118.41
2250,6751,UMI,150.0,43.80926,-79.442,100.0,33.83,33.8,361,144.43,144.43
2250,6752,UMI,270.0,43.80926,-79.442,100.0,31.64,31.6,328,125.52,125.52
2251,6753,UMI,30.0,43.80926,-79.4353,100.0,32.559,32.6,359,134.57,134.57
2251,6754,UMI,150.0,43.80926,-79.4353,100.0,39.338,39.3,357,150.52,150.52
2251,6755,UMI,270.0,43.80926,-79.4353,100.0,38.662,38.7,327,154.98,154.98
2252,6756,UMI,30.0,43.80926,-79.42859,100.0,31.242,31.2,356,134.63,134.63
2252,6757,UMI,150.0,43.80926,-79.42859,100.0,32.618,32.6,341,120.69,120.69
2252,6758,UMI,270.0,43.80926,-79.42859,100.0,34.586,34.6,326,136.48,136.48
2253,6759,UMI,30.0,43.80926,-79.42188,100.0,39.206,39.2,321,133.29,133.29
2253,6760,UMI,150.0,43.80926,-79.42188,100.0,30.099,30.1,307,123.73,123.73
2253,6761,UMI,270.0,43.80926,-79.42188,100.0,34.042,34.0,331,122.24,122.24
2254,6762,UMI,30.0,43.80926,-79.41517,100.0,30.834,30.8,294,122.56,122.56
2254,6763,UMI,150.0,43.80926,-79.41517,100.0,31.781,31.8,325,131.29,131.29
2254,6764,UMI,270.0,43.80926,-79.41517,100.0,34.763,34.8,321,120.05,120.05
2255,6765,UMI,30.0,43.80926,-79.40846,100.0,31.894,31.9,326,122.69,122.69
2255,6766,UMI,150.0,43.80926,-79.40846,100.0,35.408,35.4,366,143.05,143.05
2255,6767,UMI,270.0,43.80926,-79.40846,100.0,34.977,35.0,306,125.25,125.25
2256,6768,UMI,30.0,43.80926,-79.40175,100.0,32.19,32.2,295,116.77,116.77
2256,6769,UMI,150.0,43.80926,-79.40175,100.0,32.966,33.0,336,130.55,130.55
2256,6770,UMI,270.0,43.80926,-79.40175,100.0,35.331,35.3,339,133.91,133.91
2257,6771,UMI,30.0,43.80926,-79.39505,100.0,33.883,33.9,335,136.22,136.22
2257,6772,UMI,150.0,43.80926,-79.39505,100.0,39.111,39.1,359,135.22,135.22
2257,6773,UMI,270.0,43.80926,-79.39505,100.0,30.793,30.8,314,125.76,125.76
2258,6774,UMI,30.0,43.80926,-79.38834,100.0,35.436,35.4,343,130.26,130.26
2258,6775,UMI,150.0,43.80926,-79.38834,100.0,37.297,37.3,370,142.51,142.51
2258,6776,UMI,270.0,43.80926,-79.38834,100.0,30.702,30.7,365,131.9,131.9
2259,6777,UMI,30.0,43.80926,-79.38163,100.0,29.021,29.0,288,103.3,103.3
2259,6778,UMI,150.0,43.80926,-79.38163,100.0,30.287,30.3,303,116.0,116.0
2259,6779,UMI,270.0,43.80926,-79.38163,100.0,29.215,29.2,306,119.56,119.56
2260,6780,UMI,30.0,43.80926,-79.37492,100.0,33.3,33.3,290,124.54,124.54
2260,6781,UMI,150.0,43.80926,-79.37492,100.0,30.659,30.7,317,124.83,124.83
2260,6782,UMI,270.0,43.80926,-79.37492,100.0,36.383,36.4,320,133.05,133.05
2261,6783,UMI,30.0,43.80926,-79.36821,100.0,41.375,41.4,367,153.19,153.19
2261,6784,UMI,150.0,43.80926,-79.36821,100.0,38.809,38.8,358,144.59,144.59
2261,6785,UMI,270.0,43.80926,-79.36821,100.0,30.227,30.2,297,112.03,112.03
2262,6786,UMI,30.0,43.80926,-79.36151,100.0,45.108,45.1,402,152.24,152.24
2262,6787,UMI,150.0,43.80926,-79.36151,100.0,43.336,43.3,421,168.18,168.18
2262,6788,UMI,270.0,43.80926,-79.36151,100.0,41.868,41.9,399,161.96,161.96
2263,6789,UMI,30.0,43.80926,-79.3548,100.0,36.984,37.0,347,138.82,138.82
2263,6790,UMI,150.0,43.80926,-79.3548,100.0,40.668,40.7,351,134.03,134.03
2263,6791,UMI,270.0,43.80926,-79.3548,100.0,36.149,36.1,356,145.06,145.06
2264,6792,UMI,30.0,43.80926,-79.34809,100.0,24.362,24.4,235,92.87,92.87
2264,6793,UMI,150.0,43.80926,-79.34809,100.0,23.624,23.6,256,101.27,101.27
2264,6794,UMI,270.0,43.80926,-79.34809,100.0,36.862,36.9,336,146.48,146.48
2265,6795,UMI,30.0,43.80926,-79.34138,100.0,23.425,23.4,243,87.72,87.72
2265,6796,UMI,150.0,43.80926,-79.34138,100.0,25.762,25.8,242,110.04,110.04
2265,6797,UMI,270.0,43.80926,-79.34138,100.0,22.922,22.9,242,86.73,86.73
2266,6798,UMI,30.0,43.80926,-79.33467,100.0,32.986,33.0,345,124.85,124.85
2266,6799,UMI,150.0,43.80926,-79.33467,100.0,40.42,40.4,368,156.13,156.13
2266,6800,UMI,270.0,43.80926,-79.33467,100.0,35.497,35.5,284,113.37,113.37
2267,6801,UMI,30.0,43.80926,-79.32797,100.0,49.381,49.4,483,191.13,191.13
2267,6802,UMI,150.0,43.80926,-79.32797,100.0,50.945,50.9,409,180.68,180.68
2267,6803,UMI,270.0,43.80926,-79.32797,100.0,44.747,44.7,429,149.27,149.27
2268,6804,UMI,30.0,43.80926,-79.32126,100.0,43.794,43.8,464,175.19,175.19
2268,6805,UMI,150.0,43.80926,-79.32126,100.0,45.89,45.9,445,184.42,184.42
2268,6806,UMI,270.0,43.80926,-79.32126,100.0,48.649,48.6,457,172.17,172.17
2269,6807,UMI,30.0,43.80926,-79.31455,100.0,44.46,44.5,445,172.16,172.16
2269,6808,UMI,150.0,43.80926,-79.31455,100.0,47.184,47.2,414,176.79,176.79
2269,6809,UMI,270.0,43.80926,-79.31455,100.0,52.648,52.6,484,216.67,216.67
2270,6810,UMI,30.0,43.80926,-79.30784,100.0,29.811,29.8,314,110.16,110.16
2270,6811,UMI,150.0,43.80926,-79.30784,100.0,33.12,33.1,314,122.53,122.53
2270,6812,UMI,270.0,43.80926,-79.30784,100.0,39.271,39.3,392,150.58,150.58
2271,6813,UMI,30.0,43.80926,-79.30113,100.0,30.117,30.1,278,112.44,112.44
2271,6814,UMI,150.0,43.80926,-79.30113,100.0,35.185,35.2,324,132.73,132.73
2271,6815,UMI,270.0,43.80926,-79.30113,100.0,29.587,29.6,309,125.61,125.61
2272,6816,UMI,30.0,43.80926,-79.29442,100.0,37.186,37.2,320,138.47,138.47
2272,6817,UMI,150.0,43.80926,-79.29442,100.0,32.453,32.5,321,132.17,132.17
2272,6818,UMI,270.0,43.80926,-79.29442,100.0,28.282,28.3,277,110.45,110.45
2273,6819,UMI,30.0,43.80926,-79.28772,100.0,46.923,46.9,471,172.87,172.87
2273,6820,UMI,150.0,43.80926,-79.28772,100.0,45.35,45.4,442,166.04,166.04
2273,6821,UMI,270.0,43.80926,-79.28772,100.0,40.698,40.7,398,163.71,163.71
2274,6822,UMI,30.0,43.80926,-79.28101,100.0,44.2,44.2,436,174.02,174.02
2274,6823,UMI,150.0,43.80926,-79.28101,100.0,50.18,50.2,474,182.99,182.99
2274,6824,UMI,270.0,43.80926,-79.28101,100.0,55.154,55.2,472,194.86,194.86
2275,6825,UMI,30.0,43.80926,-79.2743,100.0,43.845,43.8,402,171.63,171.63
2275,6826,UMI,150.0,43.80926,-79.2743,100.0,33.476,33.5,371,137.79,137.79
2275,6827,UMI,270.0,43.80926,-79.2743,100.0,41.873,41.9,378,150.7,150.7
2276,6828,UMI,30.0,43.80926,-79.26759,100.0,41.045,41.0,421,158.47,158.47
2276,6829,UMI,150.0,43.80926,-79.26759,100.0,39.9,39.9,438,163.94,163.94
2276,6830,UMI,270.0,43.80926,-79.26759,100.0,44.306,44.3,405,165.7,165.7
2277,6831,UMI,30.0,43.80926,-79.26088,100.0,41.274,41.3,430,166.07,166.07
2277,6832,UMI,150.0,43.80926,-79.26088,100.0,48.599,48.6,464,185.5,185.5
2277,6833,UMI,270.0,43.80926,-79.26088,100.0,42.177,42.2,454,173.31,173.31
2278,6834,UMI,30.0,43.80926,-79.25418,100.0,25.689,25.7,273,104.63,104.63
2278,6835,UMI,150.0,43.80926,-79.25418,100.0,24.681,24.7,284,100.93,100.93
2278,6836,UMI,270.0,43.80926,-79.25418,100.0,32.245,32.2,340,123.28,123.28
2279,6837,UMI,30.0,43.80926,-79.24747,100.0,18.897,18.9,191,72.45,72.45
2279,6838,UMI,150.0,43.80926,-79.24747,100.0,19.313,19.3,196,72.52,72.52
2279,6839,UMI,270.0,43.80926,-79.24747,100.0,23.957,24.0,241,100.89,100.89
2280,6840,UMI,30.0,43.80926,-79.24076,100.0,18.901,18.9,227,82.83,82.83
2280,6841,UMI,150.0,43.80926,-79.24076,100.0,26.554,26.6,228,87.97,87.97
2280,6842,UMI,270.0,43.80926,-79.24076,100.0,27.33,27.3,208,93.5,93.5
2281,6843,UMI,30.0,43.80926,-79.23405,100.0,33.992,34.0,345,150.58,150.58
2281,6844,UMI,150.0,43.80926,-79.23405,100.0,33.357,33.4,331,123.44,123.44
2281,6845,UMI,270.0,43.80926,-79.23405,100.0,28.62,28.6,267,112.46,112.46
2282,6846,UMI,30.0,43.80926,-79.22734,100.0,43.306,43.3,406,156.14,156.14
2282,6847,UMI,150.0,43.80926,-79.22734,100.0,44.09,44.1,425,168.4,168.4
2282,6848,UMI,270.0,43.80926,-79.22734,100.0,39.429,39.4,387,163.4,163.4
2283,6849,UMI,30.0,43.80926,-79.22063,100.0,43.465,43.5,389,168.38,168.38
2283,6850,UMI,150.0,43.80926,-79.22063,100.0,49.831,49.8,418,166.95,166.95
2283,6851,UMI,270.0,43.80926,-79.22063,100.0,41.535,41.5,369,158.11,158.11
2284,6852,UMI,30.0,43.80926,-79.21393,100.0,50.531,50.5,507,201.24,201.24
2284,6853,UMI,150.0,43.80926,-79.21393,100.0,51.694,51.7,511,191.61,191.61
2284,6854,UMI,270.0,43.80926,-79.21393,100.0,48.228,48.2,474,192.51,192.51
2285,6855,UMI,30.0,43.80926,-79.20722,100.0,41.995,42.0,403,162.77,162.77
2285,6856,UMI,150.0,43.80926,-79.20722,100.0,41.962,42.0,413,159.27,159.27
2285,6857,UMI,270.0,43.80926,-79.20722,100.0,44.154,44.2,486,187.05,187.05
2286,6858,UMI,30.0,43.80926,-79.20051,100.0,16.926,16.9,207,69.07,69.07
2286,6859,UMI,150.0,43.80926,-79.20051,100.0,25.867,25.9,221,97.86,97.86
2286,6860,UMI,270.0,43.80926,-79.20051,100.0,34.404,34.4,321,139.4,139.4
2287,6861,UMI,30.0,43.80926,-79.1938,100.0,12.365,12.4,106,46.42,46.42
2287,6862,UMI,150.0,43.80926,-79.1938,100.0,15.858,15.9,164,60.49,60.49
2287,6863,UMI,270.0,43.80926,-79.1938,100.0,16.309,16.3,173,69.03,69.03
2288,6864,UMI,30.0,43.80926,-79.18709,100.0,16.713,16.7,185,67.59,67.59
2288,6865,UMI,150.0,43.80926,-79.18709,100.0,19.549,19.5,206,73.58,73.58
2288,6866,UMI,270.0,43.80926,-79.18709,100.0,16.915,16.9,167,66.31,66.31
2289,6867,UMI,30.0,43.80926,-79.18039,100.0,19.115,19.1,171,76.59,76.59
2289,6868,UMI,150.0,43.80926,-79.18039,100.0,23.785,23.8,223,91.8,91.8
2289,6869,UMI,270.0,43.80926,-79.18039,100.0,25.601,25.6,218,87.2,87.2
2290,6870,UMI,30.0,43.80926,-79.17368,100.0,15.687,15.7,178,74.28,74.28
2290,6871,UMI,150.0,43.80926,-79.17368,100.0,30.822,30.8,282,126.01,126.01
2290,6872,UMI,270.0,43.80926,-79.17368,100.0,24.83,24.8,224,93.88,93.88
2291,6873,UMI,30.0,43.80926,-79.16697,100.0,18.196,18.2,135,66.2,66.2
2291,6874,UMI,150.0,43.80926,-79.16697,100.0,21.825,21.8,220,79.16,79.16
2291,6875,UMI,270.0,43.80926,-79.16697,100.0,19.617,19.6,197,76.36,76.36
2292,6876,UMI,30.0,43.80926,-79.16026,100.0,10.737,10.7,113,46.64,46.64
2292,6877,UMI,150.0,43.80926,-79.16026,100.0,16.46,16.5,147,60.88,60.88
2292,6878,UMI,270.0,43.80926,-79.16026,100.0,21.913,21.9,149,63.53,63.53
2293,6879,UMI,30.0,43.80926,-79.14685,100.0,9.968,10.0,103,36.26,36.26
2293,6880,UMI,150.0,43.80926,-79.14685,100.0,12.752,12.8,102,44.41,44.41
2293,6881,UMI,270.0,43.80926,-79.14685,100.0,8.6,8.6,81,32.96,32.96
2294,6882,UMI,30.0,43.80926,-79.14014,100.0,13.831,13.8,132,53.36,53.36
2294,6883,UMI,150.0,43.80926,-79.14014,100.0,7.977,8.0,112,37.87,37.87
2294,6884,UMI,270.0,43.80926,-79.14014,100.0,10.46,10.5,104,44.18,44.18
2295,6885,UMI,30.0,43.80926,-79.13343,100.0,22.129,22.1,212,86.48,86.48
2295,6886,UMI,150.0,43.80926,-79.13343,100.0,18.218,18.2,164,67.59,67.59
2295,6887,UMI,270.0,43.80926,-79.13343,100.0,13.358,13.4,146,49.13,49.13
2296,6888,UMI,30.0,43.80926,-79.12672,100.0,19.201,19.2,177,73.79,73.79
2296,6889,UMI,150.0,43.80926,-79.12672,100.0,16.732,16.7,183,68.96,68.96
2296,6890,UMI,270.0,43.80926,-79.12672,100.0,30.756,30.8,204,88.49,88.49
2297,6891,UMI,30.0,43.80926,-79.12001,100.0,18.594,18.6,169,70.12,70.12
2297,6892,UMI,150.0,43.80926,-79.12001,100.0,16.977,17.0,145,58.59,58.59
2297,6893,UMI,270.0,43.80926,-79.12001,100.0,17.583,17.6,200,80.59,80.59
2298,6894,UMI,30.0,43.80926,-79.1133,100.0,16.396,16.4,189,75.56,75.56
2298,6895,UMI,150.0,43.80926,-79.1133,100.0,17.779,17.8,195,81.8,81.8
2298,6896,UMI,270.0,43.80926,-79.1133,100.0,17.239,17.2,177,67.49,67.49
2299,6897,UMI,30.0,43.80926,-79.1066,100.0,17.947,17.9,199,82.97,82.97
2299,6898,UMI,150.0,43.80926,-79.1066,100.0,19.129,19.1,188,71.18,71.18
2299,6899,UMI,270.0,43.80926,-79.1066,100.0,21.949,21.9,197,80.66,80.66
2300,6900,UMI,30.0,43.80926,-79.09989,100.0,11.566,11.6,100,43.48,43.48
2300,6901,UMI,150.0,43.80926,-79.09989,100.0,6.97,7.0,84,32.29,32.29
2300,6902,UMI,270.0,43.80926,-79.09989,100.0,13.453,13.5,133,48.63,48.63
2301,6903,UMI,30.0,43.80926,-79.09318,100.0,3.306,3.3,31,12.18,12.18
2301,6904,UMI,150.0,43.80926,-79.09318,100.0,1.993,2.0,18,5.52,5.52
2301,6905,UMI,270.0,43.80926,-79.09318,100.0,5.198,5.2,51,18.54,18.54
2302,6906,UMI,30.0,43.80926,-79.07306,100.0,5.317,5.3,51,23.7,23.7
2302,6907,UMI,150.0,43.80926,-79.07306,100.0,3.046,3.0,32,15.07,15.07
2302,6908,UMI,270.0,43.80926,-79.07306,100.0,3.532,3.5,36,13.22,13.22
2303,6909,UMI,30.0,43.80926,-79.06635,100.0,4.668,4.7,58,21.18,21.18
2303,6910,UMI,150.0,43.80926,-79.06635,100.0,4.389,4.4,46,19.87,19.87
2303,6911,UMI,270.0,43.80926,-79.06635,100.0,4.815,4.8,43,18.26,18.26
2304,6912,UMI,30.0,43.80926,-79.05964,100.0,4.394,4.4,61,22.13,22.13
2304,6913,UMI,150.0,43.80926,-79.05964,100.0,1.751,1.8,30,7.92,7.92
2304,6914,UMI,270.0,43.80926,-79.05964,100.0,4.423,4.4,54,23.51,23.51
2305,6915,UMI,30.0,43.81345,-79.5661,100.0,19.448,19.4,195,83.33,83.33
2305,6916,UMI,150.0,43.81345,-79.5661,100.0,24.374,24.4,179,81.14,81.14
2305,6917,UMI,270.0,43.81345,-79.5661,100.0,12.257,12.3,133,37.38,37.38
2306,6918,UMI,30.0,43.81345,-79.5594,100.0,24.982,25.0,241,99.3,99.3
2306,6919,UMI,150.0,43.81345,-79.5594,100.0,23.176,23.2,216,80.57,80.57
2306,6920,UMI,270.0,43.81345,-79.5594,100.0,20.98,21.0,216,83.26,83.26
2307,6921,UMI,30.0,43.81345,-79.55269,100.0,14.096,14.1,130,51.78,51.78
2307,6922,UMI,150.0,43.81345,-79.55269,100.0,18.447,18.4,169,64.87,64.87
2307,6923,UMI,270.0,43.81345,-79.55269,100.0,19.918,19.9,217,85.45,85.45
2308,6924,UMI,30.0,43.81345,-79.54598,100.0,7.235,7.2,78,30.8,30.8
2308,6925,UMI,150.0,43.81345,-79.54598,100.0,7.553,7.6,77,28.37,28.37
2308,6926,UMI,270.0,43.81345,-79.54598,100.0,9.716,9.7,103,39.91,39.91
2309,6927,UMI,30.0,43.81345,-79.53927,100.0,8.302,8.3,71,24.79,24.79
2309,6928,UMI,150.0,43.81345,-79.53927,100.0,9.538,9.5,81,36.33,36.33
2309,6929,UMI,270.0,43.81345,-79.53927,100.0,7.127,7.1,80,30.98,30.98
2310,6930,UMI,30.0,43.81345,-79.53256,100.0,6.557,6.6,86,29.07,29.07
2310,6931,UMI,150.0,43.81345,-79.53256,100.0,8.951,9.0,86,31.56,31.56
2310,6932,UMI,270.0,43.81345,-79.53256,100.0,9.835,9.8,93,40.9,40.9
2311,6933,UMI,30.0,43.81345,-79.52586,100.0,7.194,7.2,71,27.93,27.93
2311,6934,UMI,150.0,43.81345,-79.52586,100.0,9.199,9.2,62,23.85,23.85
2311,6935,UMI,270.0,43.81345,-79.52586,100.0,8.409,8.4,92,33.81,33.81
2312,6936,UMI,30.0,43.81345,-79.51915,100.0,9.275,9.3,109,41.08,41.08
2312,6937,UMI,150.0,43.81345,-79.51915,100.0,11.538,11.5,102,40.34,40.34
2312,6938,UMI,270.0,43.81345,-79.51915,100.0,7.978,8.0,81,34.37,34.37
2313,6939,UMI,30.0,43.81345,-79.51244,100.0,10.464,10.5,99,41.15,41.15
2313,6940,UMI,150.0,43.81345,-79.51244,100.0,11.613,11.6,126,47.77,47.77
2313,6941,UMI,270.0,43.81345,-79.51244,100.0,9.734,9.7,100,40.82,40.82
2314,6942,UMI,30.0,43.81345,-79.50573,100.0,9.768,9.8,94,34.23,34.23
2314,6943,UMI,150.0,43.81345,-79.50573,100.0,8.187,8.2,94,40.22,40.22
2314,6944,UMI,270.0,43.81345,-79.50573,100.0,13.641,13.6,137,58.48,58.48
2315,6945,UMI,30.0,43.81345,-79.49902,100.0,10.293,10.3,93,39.81,39.81
2315,6946,UMI,150.0,43.81345,-79.49902,100.0,8.08,8.1,93,28.77,28.77
2315,6947,UMI,270.0,43.81345,-79.49902,100.0,11.456,11.5,88,35.03,35.03
2316,6948,UMI,30.0,43.81345,-79.49231,100.0,11.508,11.5,95,41.34,41.34
2316,6949,UMI,150.0,43.81345,-79.49231,100.0,9.812,9.8,82,37.6,37.6
2316,6950,UMI,270.0,43.81345,-79.49231,100.0,10.699,10.7,94,34.63,34.63
2317,6951,UMI,30.0,43.81345,-79.48561,100.0,11.904,11.9,89,32.73,32.73
2317,6952,UMI,150.0,43.81345,-79.48561,100.0,7.207,7.2,78,29.49,29.49
2317,6953,UMI,270.0,43.81345,-79.48561,100.0,7.335,7.3,75,31.61,31.61
2318,6954,UMI,30.0,43.81345,-79.4789,100.0,9.749,9.7,94,41.68,41.68
2318,6955,UMI,150.0,43.81345,-79.4789,100.0,8.889,8.9,112,37.24,37.24
2318,6956,UMI,270.0,43.81345,-79.4789,100.0,8.636,8.6,82,38.15,38.15
2319,6957,UMI,30.0,43.81345,-79.47219,100.0,17.281,17.3,161,64.82,64.82
2319,6958,UMI,150.0,43.81345,-79.47219,100.0,19.925,19.9,214,85.87,85.87
2319,6959,UMI,270.0,43.81345,-79.47219,100.0,13.757,13.8,118,46.35,46.35
2320,6960,UMI,30.0,43.81345,-79.46548,100.0,29.644,29.6,311,114.95,114.95
2320,6961,UMI,150.0,43.81345,-79.46548,100.0,30.384,30.4,302,116.42,116.42
2320,6962,UMI,270.0,43.81345,-79.46548,100.0,24.361,24.4,216,94.27,94.27
2321,6963,UMI,30.0,43.81345,-79.45877,100.0,28.519,28.5,305,122.05,122.05
2321,6964,UMI,150.0,43.81345,-79.45877,100.0,32.401,32.4,280,123.95,123.95
2321,6965,UMI,270.0,43.81345,-79.45877,100.0,34.951,35.0,284,118.06,118.06
2322,6966,UMI,30.0,43.81345,-79.45207,100.0,21.101,21.1,254,86.47,86.47
2322,6967,UMI,150.0,43.81345,-79.45207,100.0,25.263,25.3,239,89.33,89.33
2322,6968,UMI,270.0,43.81345,-79.45207,100.0,26.876,26.9,286,107.1,107.1
2323,6969,UMI,30.0,43.81345,-79.44536,100.0,23.371,23.4,224,92.23,92.23
2323,6970,UMI,150.0,43.81345,-79.44536,100.0,28.377,28.4,298,121.18,121.18
2323,6971,UMI,270.0,43.81345,-79.44536,100.0,28.487,28.5,292,111.41,111.41
2324,6972,UMI,30.0,43.81345,-79.43865,100.0,26.866,26.9,251,96.29,96.29
2324,6973,UMI,150.0,43.81345,-79.43865,100.0,34.926,34.9,310,131.21,131.21
2324,6974,UMI,270.0,43.81345,-79.43865,100.0,28.318,28.3,285,112.43,112.43
2325,6975,UMI,30.0,43.81345,-79.43194,100.0,21.964,22.0,236,91.57,91.57
2325,6976,UMI,150.0,43.81345,-79.43194,100.0,37.882,37.9,315,130.0,130.0
2325,6977,UMI,270.0,43.81345,-79.43194,100.0,34.339,34.3,307,123.24,123.24
2326,6978,UMI,30.0,43.81345,-79.42523,100.0,23.745,23.7,264,102.96,102.96
2326,6979,UMI,150.0,43.81345,-79.42523,100.0,30.409,30.4,315,119.63,119.63
2326,6980,UMI,270.0,43.81345,-79.42523,100.0,34.003,34.0,312,118.84,118.84
2327,6981,UMI,30.0,43.81345,-79.41853,100.0,33.009,33.0,252,104.68,104.68
2327,6982,UMI,150.0,43.81345,-79.41853,100.0,30.714,30.7,268,122.35,122.35
2327,6983,UMI,270.0,43.81345,-79.41853,100.0,36.592,36.6,298,123.16,123.16
2328,6984,UMI,30.0,43.81345,-79.41182,100.0,28.0,28.0,268,114.42,114.42
2328,6985,UMI,150.0,43.81345,-79.41182,100.0,32.276,32.3,308,121.55,121.55
2328,6986,UMI,270.0,43.81345,-79.41182,100.0,30.374,30.4,250,101.57,101.57
2329,6987,UMI,30.0,43.81345,-79.40511,100.0,30.804,30.8,268,117.35,117.35
2329,6988,UMI,150.0,43.81345,-79.40511,100.0,27.861,27.9,267,110.8,110.8
2329,6989,UMI,270.0,43.81345,-79.40511,100.0,38.777,38.8,293,113.09,113.09
2330,6990,UMI,30.0,43.81345,-79.3984,100.0,35.254,35.3,292,115.6,115.6
2330,6991,UMI,150.0,43.81345,-79.3984,100.0,25.603,25.6,292,102.48,102.48
2330,6992,UMI,270.0,43.81345,-79.3984,100.0,28.177,28.2,266,105.24,105.24
2331,6993,UMI,30.0,43.81345,-79.39169,100.0,34.321,34.3,329,124.74,124.74
2331,6994,UMI,150.0,43.81345,-79.39169,100.0,36.672,36.7,307,132.34,132.34
2331,6995,UMI,270.0,43.81345,-79.39169,100.0,35.631,35.6,348,141.51,141.51
2332,6996,UMI,30.0,43.81345,-79.38498,100.0,24.469,24.5,243,95.72,95.72
2332,6997,UMI,150.0,43.81345,-79.38498,100.0,22.827,22.8,274,96.18,96.18
2332,6998,UMI,270.0,43.81345,-79.38498,100.0,30.668,30.7,272,112.72,112.72
2333,6999,UMI,30.0,43.81345,-79.37828,100.0,14.966,15.0,175,60.35,60.35
2333,7000,UMI,150.0,43.81345,-79.37828,100.0,23.146,23.1,253,101.61,101.61
2333,7001,UMI,270.0,43.81345,-79.37828,100.0,23.293,23.3,227,86.33,86.33
2334,7002,UMI,30.0,43.81345,-79.37157,100.0,28.364,28.4,282,113.95,113.95
2334,7003,UMI,150.0,43.81345,-79.37157,100.0,24.88,24.9,256,100.78,100.78
2334,7004,UMI,270.0,43.81345,-79.37157,100.0,20.332,20.3,213,77.64,77.64
2335,7005,UMI,30.0,43.81345,-79.36486,100.0,25.759,25.8,266,103.98,103.98
2335,7006,UMI,150.0,43.81345,-79.36486,100.0,34.02,34.0,360,134.0,134.0
2335,7007,UMI,270.0,43.81345,-79.36486,100.0,29.173,29.2,302,120.59,120.59
2336,7008,UMI,30.0,43.81345,-79.35815,100.0,27.552,27.6,259,115.92,115.92
2336,7009,UMI,150.0,43.81345,-79.35815,100.0,27.906,27.9,301,109.41,109.41
2336,7010,UMI,270.0,43.81345,-79.35815,100.0,32.011,32.0,286,119.52,119.52
2337,7011,UMI,30.0,43.81345,-79.35144,100.0,20.857,20.9,213,79.42,79.42
2337,7012,UMI,150.0,43.81345,-79.35144,100.0,23.165,23.2,234,89.05,89.05
2337,7013,UMI,270.0,43.81345,-79.35144,100.0,27.258,27.3,258,104.33,104.33
2338,7014,UMI,30.0,43.81345,-79.34474,100.0,13.76,13.8,154,57.33,57.33
2338,7015,UMI,150.0,43.81345,-79.34474,100.0,18.473,18.5,181,71.59,71.59
2338,7016,UMI,270.0,43.81345,-79.34474,100.0,23.862,23.9,186,87.96,87.96
2339,7017,UMI,30.0,43.81345,-79.33803,100.0,25.463,25.5,266,99.88,99.88
2339,7018,UMI,150.0,43.81345,-79.33803,100.0,27.881,27.9,272,103.79,103.79
2339,7019,UMI,270.0,43.81345,-79.33803,100.0,19.183,19.2,192,70.54,70.54
2340,7020,UMI,30.0,43.81345,-79.33132,100.0,43.865,43.9,405,170.33,170.33
2340,7021,UMI,150.0,43.81345,-79.33132,100.0,51.763,51.8,429,184.4,184.4
2340,7022,UMI,270.0,43.81345,-79.33132,100.0,42.734,42.7,397,162.35,162.35
2341,7023,UMI,30.0,43.81345,-79.32461,100.0,38.862,38.9,392,156.95,156.95
2341,7024,UMI,150.0,43.81345,-79.32461,100.0,45.818,45.8,460,187.14,187.14
2341,7025,UMI,270.0,43.81345,-79.32461,100.0,45.541,45.5,430,177.44,177.44
2342,7026,UMI,30.0,43.81345,-79.3179,100.0,53.919,53.9,530,201.22,201.22
2342,7027,UMI,150.0,43.81345,-79.3179,100.0,44.686,44.7,464,170.98,170.98
2342,7028,UMI,270.0,43.81345,-79.3179,100.0,46.323,46.3,474,181.6,181.6
2343,7029,UMI,30.0,43.81345,-79.31119,100.0,53.875,53.9,439,186.19,186.19
2343,7030,UMI,150.0,43.81345,-79.31119,100.0,38.54,38.5,389,164.12,164.12
2343,7031,UMI,270.0,43.81345,-79.31119,100.0,49.414,49.4,511,206.73,206.73
2344,7032,UMI,30.0,43.81345,-79.30449,100.0,39.919,39.9,310,120.51,120.51
2344,7033,UMI,150.0,43.81345,-79.30449,100.0,23.516,23.5,280,97.84,97.84
2344,7034,UMI,270.0,43.81345,-79.30449,100.0,38.006,38.0,363,143.49,143.49
2345,7035,UMI,30.0,43.81345,-79.29778,100.0,31.362,31.4,303,122.56,122.56
2345,7036,UMI,150.0,43.81345,-79.29778,100.0,30.46,30.5,283,109.72,109.72
2345,7037,UMI,270.0,43.81345,-79.29778,100.0,24.974,25.0,290,105.61,105.61
2346,7038,UMI,30.0,43.81345,-79.29107,100.0,42.836,42.8,430,173.71,173.71
2346,7039,UMI,150.0,43.81345,-79.29107,100.0,41.759,41.8,393,159.85,159.85
2346,7040,UMI,270.0,43.81345,-79.29107,100.0,32.662,32.7,321,117.9,117.9
2347,7041,UMI,30.0,43.81345,-79.28436,100.0,42.29,42.3,458,180.91,180.91
2347,7042,UMI,150.0,43.81345,-79.28436,100.0,46.639,46.6,472,181.7,181.7
2347,7043,UMI,270.0,43.81345,-79.28436,100.0,46.894,46.9,437,185.5,185.5
2348,7044,UMI,30.0,43.81345,-79.27765,100.0,53.849,53.8,460,188.64,188.64
2348,7045,UMI,150.0,43.81345,-79.27765,100.0,39.654,39.7,445,159.17,159.17
2348,7046,UMI,270.0,43.81345,-79.27765,100.0,47.787,47.8,480,187.76,187.76
2349,7047,UMI,30.0,43.81345,-79.27095,100.0,55.031,55.0,465,193.44,193.44
2349,7048,UMI,150.0,43.81345,-79.27095,100.0,54.819,54.8,495,196.31,196.31
2349,7049,UMI,270.0,43.81345,-79.27095,100.0,41.979,42.0,446,179.41,179.41
2350,7050,UMI,30.0,43.81345,-79.26424,100.0,40.225,40.2,443,173.51,173.51
2350,7051,UMI,150.0,43.81345,-79.26424,100.0,46.739,46.7,456,187.9,187.9
2350,7052,UMI,270.0,43.81345,-79.26424,100.0,45.151,45.2,425,169.91,169.91
2351,7053,UMI,30.0,43.81345,-79.25753,100.0,32.206,32.2,280,115.09,115.09
2351,7054,UMI,150.0,43.81345,-79.25753,100.0,33.864,33.9,285,108.01,108.01
2351,7055,UMI,270.0,43.81345,-79.25753,100.0,36.676,36.7,363,151.95,151.95
2352,7056,UMI,30.0,43.81345,-79.25082,100.0,14.419,14.4,154,63.42,63.42
2352,7057,UMI,150.0,43.81345,-79.25082,100.0,19.83,19.8,216,81.42,81.42
2352,7058,UMI,270.0,43.81345,-79.25082,100.0,20.061,20.1,196,71.79,71.79
2353,7059,UMI,30.0,43.81345,-79.24411,100.0,17.725,17.7,168,69.55,69.55
2353,7060,UMI,150.0,43.81345,-79.24411,100.0,16.02,16.0,179,62.87,62.87
2353,7061,UMI,270.0,43.81345,-79.24411,100.0,16.217,16.2,172,71.94,71.94
2354,7062,UMI,30.0,43.81345,-79.23741,100.0,34.84,34.8,253,104.31,104.31
2354,7063,UMI,150.0,43.81345,-79.23741,100.0,26.569,26.6,271,103.9,103.9
2354,7064,UMI,270.0,43.81345,-79.23741,100.0,21.531,21.5,207,86.33,86.33
2355,7065,UMI,30.0,43.81345,-79.2307,100.0,38.407,38.4,358,145.51,145.51
2355,7066,UMI,150.0,43.81345,-79.2307,100.0,45.83,45.8,382,166.27,166.27
2355,7067,UMI,270.0,43.81345,-79.2307,100.0,41.603,41.6,376,159.25,159.25
2356,7068,UMI,30.0,43.81345,-79.22399,100.0,39.998,40.0,406,149.39,149.39
2356,7069,UMI,150.0,43.81345,-79.22399,100.0,50.385,50.4,399,160.42,160.42
2356,7070,UMI,270.0,43.81345,-79.22399,100.0,41.765,41.8,427,167.95,167.95
2357,7071,UMI,30.0,43.81345,-79.21728,100.0,44.513,44.5,448,187.52,187.52
2357,7072,UMI,150.0,43.81345,-79.21728,100.0,46.573,46.6,479,186.54,186.54
2357,7073,UMI,270.0,43.81345,-79.21728,100.0,42.888,42.9,414,162.86,162.86
2358,7074,UMI,30.0,43.81345,-79.21057,100.0,42.313,42.3,426,174.55,174.55
2358,7075,UMI,150.0,43.81345,-79.21057,100.0,43.48,43.5,455,185.55,185.55
2358,7076,UMI,270.0,43.81345,-79.21057,100.0,51.048,51.0,460,185.8,185.8
2359,7077,UMI,30.0,43.81345,-79.20386,100.0,34.624,34.6,329,140.17,140.17
2359,7078,UMI,150.0,43.81345,-79.20386,100.0,28.113,28.1,317,113.62,113.62
2359,7079,UMI,270.0,43.81345,-79.20386,100.0,40.428,40.4,355,156.32,156.32
2360,7080,UMI,30.0,43.81345,-79.19716,100.0,14.154,14.2,140,58.38,58.38
2360,7081,UMI,150.0,43.81345,-79.19716,100.0,15.476,15.5,169,63.98,63.98
2360,7082,UMI,270.0,43.81345,-79.19716,100.0,19.654,19.7,199,79.74,79.74
2361,7083,UMI,30.0,43.81345,-79.19045,100.0,8.594,8.6,101,38.59,38.59
2361,7084,UMI,150.0,43.81345,-79.19045,100.0,11.331,11.3,127,44.85,44.85
2361,7085,UMI,270.0,43.81345,-79.19045,100.0,7.441,7.4,77,32.3,32.3
2362,7086,UMI,30.0,43.81345,-79.18374,100.0,13.19,13.2,119,47.03,47.03
2362,7087,UMI,150.0,43.81345,-79.18374,100.0,18.22,18.2,171,70.6,70.6
2362,7088,UMI,270.0,43.81345,-79.18374,100.0,13.459,13.5,145,53.58,53.58
2363,7089,UMI,30.0,43.81345,-79.17703,100.0,10.48,10.5,97,47.63,47.63
2363,7090,UMI,150.0,43.81345,-79.17703,100.0,16.048,16.0,144,53.97,53.97
2363,7091,UMI,270.0,43.81345,-79.17703,100.0,16.083,16.1,135,60.59,60.59
2364,7092,UMI,30.0,43.81345,-79.17032,100.0,9.12,9.1,75,31.53,31.53
2364,7093,UMI,150.0,43.81345,-79.17032,100.0,11.135,11.1,109,46.86,46.86
2364,7094,UMI,270.0,43.81345,-79.17032,100.0,12.905,12.9,111,48.08,48.08
2365,7095,UMI,30.0,43.81345,-79.16362,100.0,8.037,8.0,72,27.44,27.44
2365,7096,UMI,150.0,43.81345,-79.16362,100.0,10.363,10.4,93,40.15,40.15
2365,7097,UMI,270.0,43.81345,-79.16362,100.0,10.241,10.2,99,41.48,41.48
2366,7098,UMI,30.0,43.81345,-79.1502,100.0,10.285,10.3,96,43.11,43.11
2366,7099,UMI,150.0,43.81345,-79.1502,100.0,7.945,7.9,81,29.65,29.65
2366,7100,UMI,270.0,43.81345,-79.1502,100.0,8.098,8.1,86,31.61,31.61
2367,7101,UMI,30.0,43.81345,-79.14349,100.0,17.839,17.8,186,74.95,74.95
2367,7102,UMI,150.0,43.81345,-79.14349,100.0,12.771,12.8,133,47.74,47.74
2367,7103,UMI,270.0,43.81345,-79.14349,100.0,14.071,14.1,133,53.83,53.83
2368,7104,UMI,30.0,43.81345,-79.13678,100.0,21.122,21.1,226,82.5,82.5
2368,7105,UMI,150.0,43.81345,-79.13678,100.0,20.344,20.3,204,75.87,75.87
2368,7106,UMI,270.0,43.81345,-79.13678,100.0,15.297,15.3,181,59.92,59.92
2369,7107,UMI,30.0,43.81345,-79.13007,100.0,19.031,19.0,222,80.87,80.87
2369,7108,UMI,150.0,43.81345,-79.13007,100.0,20.891,20.9,208,79.33,79.33
2369,7109,UMI,270.0,43.81345,-79.13007,100.0,22.805,22.8,246,90.57,90.57
2370,7110,UMI,30.0,43.81345,-79.12337,100.0,30.028,30.0,244,103.42,103.42
2370,7111,UMI,150.0,43.81345,-79.12337,100.0,18.057,18.1,203,70.77,70.77
2370,7112,UMI,270.0,43.81345,-79.12337,100.0,21.411,21.4,218,82.98,82.98
2371,7113,UMI,30.0,43.81345,-79.11666,100.0,22.991,23.0,169,71.94,71.94
2371,7114,UMI,150.0,43.81345,-79.11666,100.0,18.881,18.9,176,71.67,71.67
2371,7115,UMI,270.0,43.81345,-79.11666,100.0,20.779,20.8,200,87.11,87.11
2372,7116,UMI,30.0,43.81345,-79.10995,100.0,23.121,23.1,202,91.54,91.54
2372,7117,UMI,150.0,43.81345,-79.10995,100.0,24.274,24.3,260,99.75,99.75
2372,7118,UMI,270.0,43.81345,-79.10995,100.0,17.199,17.2,180,69.15,69.15
2373,7119,UMI,30.0,43.81345,-79.10324,100.0,20.87,20.9,196,74.31,74.31
2373,7120,UMI,150.0,43.81345,-79.10324,100.0,18.002,18.0,186,74.99,74.99
2373,7121,UMI,270.0,43.81345,-79.10324,100.0,30.732,30.7,241,100.96,100.96
2374,7122,UMI,30.0,43.81345,-79.09653,100.0,10.221,10.2,95,37.02,37.02
2374,7123,UMI,150.0,43.81345,-79.09653,100.0,6.812,6.8,78,24.91,24.91
2374,7124,UMI,270.0,43.81345,-79.09653,100.0,18.691,18.7,153,70.72,70.72
2375,7125,UMI,30.0,43.81345,-79.08983,100.0,5.261,5.3,65,19.0,19.0
2375,7126,UMI,150.0,43.81345,-79.08983,100.0,1.977,2.0,29,9.84,9.84
2375,7127,UMI,270.0,43.81345,-79.08983,100.0,5.69,5.7,37,17.7,17.7
2376,7128,UMI,30.0,43.81345,-79.08312,100.0,9.6,9.6,91,41.65,41.65
2376,7129,UMI,150.0,43.81345,-79.08312,100.0,4.998,5.0,60,22.63,22.63
2376,7130,UMI,270.0,43.81345,-79.08312,100.0,4.419,4.4,63,18.63,18.63
2377,7131,UMI,30.0,43.81345,-79.07641,100.0,7.326,7.3,75,24.3,24.3
2377,7132,UMI,150.0,43.81345,-79.07641,100.0,4.925,4.9,52,20.19,20.19
2377,7133,UMI,270.0,43.81345,-79.07641,100.0,8.489,8.5,80,36.67,36.67
2378,7134,UMI,30.0,43.81345,-79.0697,100.0,8.39,8.4,70,28.93,28.93
2378,7135,UMI,150.0,43.81345,-79.0697,100.0,8.303,8.3,64,25.37,25.37
2378,7136,UMI,270.0,43.81345,-79.0697,100.0,4.371,4.4,44,15.06,15.06
2379,7137,UMI,30.0,43.81345,-79.06299,100.0,5.62,5.6,65,24.37,24.37
2379,7138,UMI,150.0,43.81345,-79.06299,100.0,7.325,7.3,75,29.7,29.7
2379,7139,UMI,270.0,43.81345,-79.06299,100.0,10.415,10.4,74,30.57,30.57
2380,7140,UMI,30.0,43.81345,-79.05629,100.0,4.389,4.4,74,19.99,19.99
2380,7141,UMI,150.0,43.81345,-79.05629,100.0,3.153,3.2,42,15.36,15.36
2380,7142,UMI,270.0,43.81345,-79.05629,100.0,5.865,5.9,61,25.43,25.43
2381,7143,UMI,30.0,43.81345,-79.04958,100.0,4.573,4.6,40,17.3,17.3
2381,7144,UMI,150.0,43.81345,-79.04958,100.0,2.546,2.5,30,9.73,9.73
2381,7145,UMI,270.0,43.81345,-79.04958,100.0,4.097,4.1,40,16.82,16.82
2382,7146,UMI,30.0,43.81765,-79.56275,100.0,14.576,14.6,120,54.57,54.57
2382,7147,UMI,150.0,43.81765,-79.56275,100.0,21.097,21.1,177,82.95,82.95
2382,7148,UMI,270.0,43.81765,-79.56275,100.0,9.985,10.0,112,43.91,43.91
2383,7149,UMI,30.0,43.81765,-79.55604,100.0,10.887,10.9,119,42.88,42.88
2383,7150,UMI,150.0,43.81765,-79.55604,100.0,17.573,17.6,165,55.68,55.68
2383,7151,UMI,270.0,43.81765,-79.55604,100.0,19.388,19.4,178,74.0,74.0
2384,7152,UMI,30.0,43.81765,-79.54933,100.0,6.266,6.3,62,24.79,24.79
2384,7153,UMI,150.0,43.81765,-79.54933,100.0,10.736,10.7,92,44.92,44.92
2384,7154,UMI,270.0,43.81765,-79.54933,100.0,10.839,10.8,109,49.24,49.24
2385,7155,UMI,30.0,43.81765,-79.54263,100.0,4.74,4.7,51,19.72,19.72
2385,7156,UMI,150.0,43.81765,-79.54263,100.0,7.021,7.0,57,27.14,27.14
2385,7157,UMI,270.0,43.81765,-79.54263,100.0,6.246,6.2,61,23.97,23.97
2386,7158,UMI,30.0,43.81765,-79.53592,100.0,5.553,5.6,51,24.39,24.39
2386,7159,UMI,150.0,43.81765,-79.53592,100.0,8.34,8.3,77,34.23,34.23
2386,7160,UMI,270.0,43.81765,-79.53592,100.0,7.831,7.8,72,33.17,33.17
2387,7161,UMI,30.0,43.81765,-79.52921,100.0,10.706,10.7,97,38.71,38.71
2387,7162,UMI,150.0,43.81765,-79.52921,100.0,7.053,7.1,96,31.09,31.09
2387,7163,UMI,270.0,43.81765,-79.52921,100.0,5.52,5.5,74,27.42,27.42
2388,7164,UMI,30.0,43.81765,-79.5225,100.0,12.775,12.8,90,41.82,41.82
2388,7165,UMI,150.0,43.81765,-79.5225,100.0,11.176,11.2,109,42.88,42.88
2388,7166,UMI,270.0,43.81765,-79.5225,100.0,12.339,12.3,102,43.1,43.1
2389,7167,UMI,30.0,43.81765,-79.51579,100.0,11.519,11.5,116,38.72,38.72
2389,7168,UMI,150.0,43.81765,-79.51579,100.0,15.784,15.8,126,60.8,60.8
2389,7169,UMI,270.0,43.81765,-79.51579,100.0,13.665,13.7,97,37.55,37.55
2390,7170,UMI,30.0,43.81765,-79.50909,100.0,10.998,11.0,115,48.5,48.5
2390,7171,UMI,150.0,43.81765,-79.50909,100.0,11.01,11.0,107,46.54,46.54
2390,7172,UMI,270.0,43.81765,-79.50909,100.0,14.85,14.9,124,55.5,55.5
2391,7173,UMI,30.0,43.81765,-79.50238,100.0,8.497,8.5,96,34.82,34.82
2391,7174,UMI,150.0,43.81765,-79.50238,100.0,6.581,6.6,77,32.53,32.53
2391,7175,UMI,270.0,43.81765,-79.50238,100.0,12.368,12.4,108,47.17,47.17
2392,7176,UMI,30.0,43.81765,-79.49567,100.0,9.269,9.3,91,35.67,35.67
2392,7177,UMI,150.0,43.81765,-79.49567,100.0,10.245,10.2,79,24.91,24.91
2392,7178,UMI,270.0,43.81765,-79.49567,100.0,7.153,7.2,71,27.56,27.56
2393,7179,UMI,30.0,43.81765,-79.48896,100.0,13.132,13.1,108,43.82,43.82
2393,7180,UMI,150.0,43.81765,-79.48896,100.0,8.108,8.1,84,28.24,28.24
2393,7181,UMI,270.0,43.81765,-79.48896,100.0,16.571,16.6,91,39.75,39.75
2394,7182,UMI,30.0,43.81765,-79.48225,100.0,13.485,13.5,97,38.21,38.21
2394,7183,UMI,150.0,43.81765,-79.48225,100.0,8.215,8.2,98,38.48,38.48
2394,7184,UMI,270.0,43.81765,-79.48225,100.0,11.013,11.0,112,42.49,42.49
2395,7185,UMI,30.0,43.81765,-79.47554,100.0,12.211,12.2,108,48.5,48.5
2395,7186,UMI,150.0,43.81765,-79.47554,100.0,10.847,10.8,101,42.93,42.93
2395,7187,UMI,270.0,43.81765,-79.47554,100.0,10.337,10.3,87,38.12,38.12
2396,7188,UMI,30.0,43.81765,-79.46884,100.0,19.684,19.7,159,65.96,65.96
2396,7189,UMI,150.0,43.81765,-79.46884,100.0,19.464,19.5,171,70.7,70.7
2396,7190,UMI,270.0,43.81765,-79.46884,100.0,16.086,16.1,129,48.13,48.13
2397,7191,UMI,30.0,43.81765,-79.46213,100.0,23.696,23.7,234,90.67,90.67
2397,7192,UMI,150.0,43.81765,-79.46213,100.0,30.795,30.8,265,103.03,103.03
2397,7193,UMI,270.0,43.81765,-79.46213,100.0,20.263,20.3,199,78.08,78.08
2398,7194,UMI,30.0,43.81765,-79.45542,100.0,30.989,31.0,246,102.95,102.95
2398,7195,UMI,150.0,43.81765,-79.45542,100.0,24.24,24.2,238,97.85,97.85
2398,7196,UMI,270.0,43.81765,-79.45542,100.0,29.043,29.0,256,112.57,112.57
2399,7197,UMI,30.0,43.81765,-79.44871,100.0,24.151,24.2,251,94.49,94.49
2399,7198,UMI,150.0,43.81765,-79.44871,100.0,24.69,24.7,247,94.49,94.49
2399,7199,UMI,270.0,43.81765,-79.44871,100.0,31.092,31.1,238,99.77,99.77
2400,7200,UMI,30.0,43.81765,-79.442,100.0,19.658,19.7,184,75.68,75.68
2400,7201,UMI,150.0,43.81765,-79.442,100.0,21.837,21.8,233,84.01,84.01
2400,7202,UMI,270.0,43.81765,-79.442,100.0,19.235,19.2,212,78.82,78.82
2401,7203,UMI,30.0,43.81765,-79.4353,100.0,23.291,23.3,184,78.58,78.58
2401,7204,UMI,150.0,43.81765,-79.4353,100.0,23.565,23.6,221,86.81,86.81
2401,7205,UMI,270.0,43.81765,-79.4353,100.0,20.934,20.9,200,83.35,83.35
2402,7206,UMI,30.0,43.81765,-79.42859,100.0,20.296,20.3,208,69.16,69.16
2402,7207,UMI,150.0,43.81765,-79.42859,100.0,25.452,25.5,231,86.47,86.47
2402,7208,UMI,270.0,43.81765,-79.42859,100.0,19.333,19.3,215,87.82,87.82
2403,7209,UMI,30.0,43.81765,-79.42188,100.0,26.549,26.5,217,94.64,94.64
2403,7210,UMI,150.0,43.81765,-79.42188,100.0,27.758,27.8,267,108.56,108.56
2403,7211,UMI,270.0,43.81765,-79.42188,100.0,16.121,16.1,197,66.21,66.21
2404,7212,UMI,30.0,43.81765,-79.41517,100.0,31.359,31.4,225,96.1,96.1
2404,7213,UMI,150.0,43.81765,-79.41517,100.0,20.327,20.3,221,91.47,91.47
2404,7214,UMI,270.0,43.81765,-79.41517,100.0,27.588,27.6,237,95.17,95.17
2405,7215,UMI,30.0,43.81765,-79.40846,100.0,25.215,25.2,219,81.16,81.16
2405,7216,UMI,150.0,43.81765,-79.40846,100.0,28.64,28.6,270,112.62,112.62
2405,7217,UMI,270.0,43.81765,-79.40846,100.0,26.22,26.2,243,99.87,99.87
2406,7218,UMI,30.0,43.81765,-79.40175,100.0,26.322,26.3,247,97.34,97.34
2406,7219,UMI,150.0,43.81765,-79.40175,100.0,27.702,27.7,283,111.96,111.96
2406,7220,UMI,270.0,43.81765,-79.40175,100.0,30.111,30.1,240,103.51,103.51
2407,7221,UMI,30.0,43.81765,-79.39505,100.0,29.742,29.7,294,106.95,106.95
2407,7222,UMI,150.0,43.81765,-79.39505,100.0,28.473,28.5,294,114.12,114.12
2407,7223,UMI,270.0,43.81765,-79.39505,100.0,26.038,26.0,284,107.66,107.66
2408,7224,UMI,30.0,43.81765,-79.38834,100.0,28.821,28.8,314,109.08,109.08
2408,7225,UMI,150.0,43.81765,-79.38834,100.0,29.499,29.5,330,125.42,125.42
2408,7226,UMI,270.0,43.81765,-79.38834,100.0,32.675,32.7,315,122.56,122.56
2409,7227,UMI,30.0,43.81765,-79.38163,100.0,29.841,29.8,249,102.44,102.44
2409,7228,UMI,150.0,43.81765,-79.38163,100.0,20.652,20.7,245,87.22,87.22
2409,7229,UMI,270.0,43.81765,-79.38163,100.0,28.648,28.6,284,117.89,117.89
2410,7230,UMI,30.0,43.81765,-79.37492,100.0,21.059,21.1,192,71.02,71.02
2410,7231,UMI,150.0,43.81765,-79.37492,100.0,21.831,21.8,210,93.46,93.46
2410,7232,UMI,270.0,43.81765,-79.37492,100.0,22.195,22.2,212,87.82,87.82
2411,7233,UMI,30.0,43.81765,-79.36821,100.0,26.707,26.7,294,111.46,111.46
2411,7234,UMI,150.0,43.81765,-79.36821,100.0,25.945,25.9,275,104.36,104.36
2411,7235,UMI,270.0,43.81765,-79.36821,100.0,22.807,22.8,243,97.71,97.71
2412,7236,UMI,30.0,43.81765,-79.36151,100.0,24.204,24.2,246,102.13,102.13
2412,7237,UMI,150.0,43.81765,-79.36151,100.0,30.687,30.7,307,118.58,118.58
2412,7238,UMI,270.0,43.81765,-79.36151,100.0,25.963,26.0,267,101.54,101.54
2413,7239,UMI,30.0,43.81765,-79.3548,100.0,17.766,17.8,174,66.34,66.34
2413,7240,UMI,150.0,43.81765,-79.3548,100.0,20.991,21.0,233,94.73,94.73
2413,7241,UMI,270.0,43.81765,-79.3548,100.0,21.321,21.3,216,85.94,85.94
2414,7242,UMI,30.0,43.81765,-79.34809,100.0,13.925,13.9,140,53.88,53.88
2414,7243,UMI,150.0,43.81765,-79.34809,100.0,19.379,19.4,184,75.25,75.25
2414,7244,UMI,270.0,43.81765,-79.34809,100.0,22.663,22.7,178,73.47,73.47
2415,7245,UMI,30.0,43.81765,-79.34138,100.0,15.451,15.5,170,62.85,62.85
2415,7246,UMI,150.0,43.81765,-79.34138,100.0,21.611,21.6,178,81.3,81.3
2415,7247,UMI,270.0,43.81765,-79.34138,100.0,21.804,21.8,180,79.41,79.41
2416,7248,UMI,30.0,43.81765,-79.33467,100.0,23.339,23.3,204,82.27,82.27
2416,7249,UMI,150.0,43.81765,-79.33467,100.0,31.815,31.8,357,139.43,139.43
2416,7250,UMI,270.0,43.81765,-79.33467,100.0,22.62,22.6,208,79.86,79.86
2417,7251,UMI,30.0,43.81765,-79.32797,100.0,34.475,34.5,378,144.67,144.67
2417,7252,UMI,150.0,43.81765,-79.32797,100.0,42.65,42.6,431,164.31,164.31
2417,7253,UMI,270.0,43.81765,-79.32797,100.0,36.994,37.0,389,146.5,146.5
2418,7254,UMI,30.0,43.81765,-79.32126,100.0,41.527,41.5,458,180.27,180.27
2418,7255,UMI,150.0,43.81765,-79.32126,100.0,51.782,51.8,501,196.5,196.5
2418,7256,UMI,270.0,43.81765,-79.32126,100.0,40.131,40.1,422,153.22,153.22
2419,7257,UMI,30.0,43.81765,-79.31455,100.0,56.196,56.2,510,216.03,216.03
2419,7258,UMI,150.0,43.81765,-79.31455,100.0,58.297,58.3,503,200.34,200.34
2419,7259,UMI,270.0,43.81765,-79.31455,100.0,57.335,57.3,516,201.53,201.53
2420,7260,UMI,30.0,43.81765,-79.30784,100.0,43.495,43.5,377,147.3,147.3
2420,7261,UMI,150.0,43.81765,-79.30784,100.0,52.579,52.6,433,188.41,188.41
2420,7262,UMI,270.0,43.81765,-79.30784,100.0,48.831,48.8,422,178.47,178.47
2421,7263,UMI,30.0,43.81765,-79.30113,100.0,34.627,34.6,286,107.79,107.79
2421,7264,UMI,150.0,43.81765,-79.30113,100.0,29.29,29.3,275,118.53,118.53
2421,7265,UMI,270.0,43.81765,-79.30113,100.0,34.125,34.1,318,121.13,121.13
2422,7266,UMI,30.0,43.81765,-79.29442,100.0,44.351,44.4,418,173.18,173.18
2422,7267,UMI,150.0,43.81765,-79.29442,100.0,37.045,37.0,362,141.46,141.46
2422,7268,UMI,270.0,43.81765,-79.29442,100.0,41.869,41.9,338,131.4,131.4
2423,7269,UMI,30.0,43.81765,-79.28772,100.0,50.006,50.0,485,179.01,179.01
2423,7270,UMI,150.0,43.81765,-79.28772,100.0,46.069,46.1,483,180.5,180.5
2423,7271,UMI,270.0,43.81765,-79.28772,100.0,44.912,44.9,487,198.37,198.37
2424,7272,UMI,30.0,43.81765,-79.28101,100.0,51.936,51.9,496,203.57,203.57
2424,7273,UMI,150.0,43.81765,-79.28101,100.0,43.844,43.8,406,153.5,153.5
2424,7274,UMI,270.0,43.81765,-79.28101,100.0,54.018,54.0,510,205.18,205.18
2425,7275,UMI,30.0,43.81765,-79.2743,100.0,48.432,48.4,467,186.33,186.33
2425,7276,UMI,150.0,43.81765,-79.2743,100.0,46.237,46.2,418,158.87,158.87
2425,7277,UMI,270.0,43.81765,-79.2743,100.0,43.685,43.7,474,171.25,171.25
2426,7278,UMI,30.0,43.81765,-79.26759,100.0,43.16,43.2,400,168.47,168.47
2426,7279,UMI,150.0,43.81765,-79.26759,100.0,46.331,46.3,459,166.75,166.75
2426,7280,UMI,270.0,43.81765,-79.26759,100.0,45.877,45.9,467,172.82,172.82
2427,7281,UMI,30.0,43.81765,-79.26088,100.0,38.072,38.1,320,129.21,129.21
2427,7282,UMI,150.0,43.81765,-79.26088,100.0,39.057,39.1,363,152.53,152.53
2427,7283,UMI,270.0,43.81765,-79.26088,100.0,35.307,35.3,369,144.29,144.29
2428,7284,UMI,30.0,43.81765,-79.25418,100.0,18.865,18.9,206,76.06,76.06
2428,7285,UMI,150.0,43.81765,-79.25418,100.0,23.218,23.2,213,90.94,90.94
2428,7286,UMI,270.0,43.81765,-79.25418,100.0,22.683,22.7,225,86.8,86.8
2429,7287,UMI,30.0,43.81765,-79.24747,100.0,18.062,18.1,179,63.9,63.9
2429,7288,UMI,150.0,43.81765,-79.24747,100.0,15.309,15.3,153,57.73,57.73
2429,7289,UMI,270.0,43.81765,-79.24747,100.0,14.104,14.1,172,60.86,60.86
2430,7290,UMI,30.0,43.81765,-79.24076,100.0,19.591,19.6,213,79.73,79.73
2430,7291,UMI,150.0,43.81765,-79.24076,100.0,23.063,23.1,203,79.52,79.52
2430,7292,UMI,270.0,43.81765,-79.24076,100.0,11.748,11.7,162,55.95,55.95
2431,7293,UMI,30.0,43.81765,-79.23405,100.0,22.978,23.0,247,90.51,90.51
2431,7294,UMI,150.0,43.81765,-79.23405,100.0,26.515,26.5,298,105.3,105.3
2431,7295,UMI,270.0,43.81765,-79.23405,100.0,22.823,22.8,223,85.05,85.05
2432,7296,UMI,30.0,43.81765,-79.22734,100.0,36.77,36.8,302,137.8,137.8
2432,7297,UMI,150.0,43.81765,-79.22734,100.0,38.094,38.1,340,140.42,140.42
2432,7298,UMI,270.0,43.81765,-79.22734,100.0,31.623,31.6,281,112.95,112.95
2433,7299,UMI,30.0,43.81765,-79.22063,100.0,27.038,27.0,284,107.47,107.47
2433,7300,UMI,150.0,43.81765,-79.22063,100.0,43.519,43.5,400,161.7,161.7
2433,7301,UMI,270.0,43.81765,-79.22063,100.0,39.436,39.4,306,137.41,137.41
2434,7302,UMI,30.0,43.81765,-79.21393,100.0,35.575,35.6,329,135.89,135.89
2434,7303,UMI,150.0,43.81765,-79.21393,100.0,36.389,36.4,408,147.54,147.54
2434,7304,UMI,270.0,43.81765,-79.21393,100.0,36.792,36.8,344,137.6,137.6
2435,7305,UMI,30.0,43.81765,-79.20722,100.0,25.736,25.7,271,100.81,100.81
2435,7306,UMI,150.0,43.81765,-79.20722,100.0,37.823,37.8,290,128.87,128.87
2435,7307,UMI,270.0,43.81765,-79.20722,100.0,31.483,31.5,316,114.49,114.49
2436,7308,UMI,30.0,43.81765,-79.20051,100.0,13.157,13.2,150,52.03,52.03
2436,7309,UMI,150.0,43.81765,-79.20051,100.0,21.524,21.5,208,75.67,75.67
2436,7310,UMI,270.0,43.81765,-79.20051,100.0,28.002,28.0,256,99.72,99.72
2437,7311,UMI,30.0,43.81765,-79.1938,100.0,5.872,5.9,76,28.09,28.09
2437,7312,UMI,150.0,43.81765,-79.1938,100.0,9.909,9.9,98,43.24,43.24
2437,7313,UMI,270.0,43.81765,-79.1938,100.0,10.387,10.4,111,37.39,37.39
2438,7314,UMI,30.0,43.81765,-79.18709,100.0,7.217,7.2,90,39.82,39.82
2438,7315,UMI,150.0,43.81765,-79.18709,100.0,13.518,13.5,101,51.01,51.01
2438,7316,UMI,270.0,43.81765,-79.18709,100.0,7.893,7.9,84,33.73,33.73
2439,7317,UMI,30.0,43.81765,-79.18039,100.0,6.093,6.1,78,25.39,25.39
2439,7318,UMI,150.0,43.81765,-79.18039,100.0,7.456,7.5,83,30.01,30.01
2439,7319,UMI,270.0,43.81765,-79.18039,100.0,11.005,11.0,103,38.1,38.1
2440,7320,UMI,30.0,43.81765,-79.17368,100.0,9.946,9.9,53,20.31,20.31
2440,7321,UMI,150.0,43.81765,-79.17368,100.0,4.468,4.5,61,17.07,17.07
2440,7322,UMI,270.0,43.81765,-79.17368,100.0,6.079,6.1,63,24.34,24.34
2441,7323,UMI,30.0,43.81765,-79.15355,100.0,10.345,10.3,107,41.16,41.16
2441,7324,UMI,150.0,43.81765,-79.15355,100.0,9.955,10.0,101,33.54,33.54
2441,7325,UMI,270.0,43.81765,-79.15355,100.0,6.518,6.5,87,31.43,31.43
2442,7326,UMI,30.0,43.81765,-79.14685,100.0,19.697,19.7,209,71.23,71.23
2442,7327,UMI,150.0,43.81765,-79.14685,100.0,15.062,15.1,185,68.62,68.62
2442,7328,UMI,270.0,43.81765,-79.14685,100.0,14.749,14.7,152,59.38,59.38
2443,7329,UMI,30.0,43.81765,-79.14014,100.0,28.878,28.9,239,107.98,107.98
2443,7330,UMI,150.0,43.81765,-79.14014,100.0,29.177,29.2,225,100.38,100.38
2443,7331,UMI,270.0,43.81765,-79.14014,100.0,20.628,20.6,231,84.26,84.26
2444,7332,UMI,30.0,43.81765,-79.13343,100.0,26.187,26.2,233,102.43,102.43
2444,7333,UMI,150.0,43.81765,-79.13343,100.0,23.724,23.7,222,87.59,87.59
2444,7334,UMI,270.0,43.81765,-79.13343,100.0,24.579,24.6,240,95.17,95.17
2445,7335,UMI,30.0,43.81765,-79.12672,100.0,27.275,27.3,296,113.89,113.89
2445,7336,UMI,150.0,43.81765,-79.12672,100.0,28.7,28.7,252,109.21,109.21
2445,7337,UMI,270.0,43.81765,-79.12672,100.0,24.763,24.8,235,96.99,96.99
2446,7338,UMI,30.0,43.81765,-79.12001,100.0,27.859,27.9,226,101.88,101.88
2446,7339,UMI,150.0,43.81765,-79.12001,100.0,25.455,25.5,214,84.21,84.21
2446,7340,UMI,270.0,43.81765,-79.12001,100.0,24.631,24.6,248,89.64,89.64
2447,7341,UMI,30.0,43.81765,-79.1133,100.0,21.968,22.0,202,78.25,78.25
2447,7342,UMI,150.0,43.81765,-79.1133,100.0,23.582,23.6,196,82.91,82.91
2447,7343,UMI,270.0,43.81765,-79.1133,100.0,17.955,18.0,185,64.1,64.1
2448,7344,UMI,30.0,43.81765,-79.1066,100.0,25.53,25.5,235,109.18,109.18
2448,7345,UMI,150.0,43.81765,-79.1066,100.0,23.106,23.1,242,88.09,88.09
2448,7346,UMI,270.0,43.81765,-79.1066,100.0,26.108,26.1,213,91.14,91.14
2449,7347,UMI,30.0,43.81765,-79.09989,100.0,16.693,16.7,157,61.45,61.45
2449,7348,UMI,150.0,43.81765,-79.09989,100.0,18.798,18.8,137,70.9,70.9
2449,7349,UMI,270.0,43.81765,-79.09989,100.0,17.14,17.1,187,73.19,73.19
2450,7350,UMI,30.0,43.81765,-79.09318,100.0,13.741,13.7,111,48.0,48.0
2450,7351,UMI,150.0,43.81765,-79.09318,100.0,5.87,5.9,68,27.01,27.01
2450,7352,UMI,270.0,43.81765,-79.09318,100.0,11.239,11.2,96,39.97,39.97
2451,7353,UMI,30.0,43.81765,-79.08647,100.0,19.999,20.0,157,61.43,61.43
2451,7354,UMI,150.0,43.81765,-79.08647,100.0,7.975,8.0,86,31.76,31.76
2451,7355,UMI,270.0,43.81765,-79.08647,100.0,7.335,7.3,87,29.35,29.35
2452,7356,UMI,30.0,43.81765,-79.07976,100.0,19.578,19.6,156,71.33,71.33
2452,7357,UMI,150.0,43.81765,-79.07976,100.0,11.981,12.0,121,50.89,50.89
2452,7358,UMI,270.0,43.81765,-79.07976,100.0,16.58,16.6,159,63.61,63.61
2453,7359,UMI,30.0,43.81765,-79.07306,100.0,10.165,10.2,104,33.96,33.96
2453,7360,UMI,150.0,43.81765,-79.07306,100.0,5.659,5.7,72,25.31,25.31
2453,7361,UMI,270.0,43.81765,-79.07306,100.0,10.533,10.5,108,37.15,37.15
2454,7362,UMI,30.0,43.81765,-79.06635,100.0,11.744,11.7,82,29.79,29.79
2454,7363,UMI,150.0,43.81765,-79.06635,100.0,5.276,5.3,61,23.42,23.42
2454,7364,UMI,270.0,43.81765,-79.06635,100.0,5.77,5.8,74,26.33,26.33
2455,7365,UMI,30.0,43.81765,-79.05964,100.0,6.423,6.4,78,26.47,26.47
2455,7366,UMI,150.0,43.81765,-79.05964,100.0,8.237,8.2,70,31.99,31.99
2455,7367,UMI,270.0,43.81765,-79.05964,100.0,8.324,8.3,77,31.89,31.89
2456,7368,UMI,30.0,43.81765,-79.05293,100.0,6.768,6.8,78,29.74,29.74
2456,7369,UMI,150.0,43.81765,-79.05293,100.0,7.272,7.3,61,30.71,30.71
2456,7370,UMI,270.0,43.81765,-79.05293,100.0,6.915,6.9,67,28.84,28.84
2457,7371,UMI,30.0,43.81765,-79.04622,100.0,2.483,2.5,39,12.17,12.17
2457,7372,UMI,150.0,43.81765,-79.04622,100.0,4.257,4.3,36,19.83,19.83
2457,7373,UMI,270.0,43.81765,-79.04622,100.0,3.699,3.7,48,17.72,17.72
2458,7374,UMI,30.0,43.81765,-79.03281,100.0,6.79,6.8,92,28.56,28.56
2458,7375,UMI,150.0,43.81765,-79.03281,100.0,4.062,4.1,47,13.96,13.96
2458,7376,UMI,270.0,43.81765,-79.03281,100.0,3.296,3.3,46,14.48,14.48
2459,7377,UMI,30.0,43.81765,-79.0261,100.0,11.858,11.9,107,43.99,43.99
2459,7378,UMI,150.0,43.81765,-79.0261,100.0,5.433,5.4,60,24.02,24.02
2459,7379,UMI,270.0,43.81765,-79.0261,100.0,10.27,10.3,83,36.23,36.23
2460,7380,UMI,30.0,43.81765,-79.01939,100.0,13.416,13.4,118,51.01,51.01
2460,7381,UMI,150.0,43.81765,-79.01939,100.0,7.107,7.1,63,28.22,28.22
2460,7382,UMI,270.0,43.81765,-79.01939,100.0,8.008,8.0,80,30.8,30.8
2461,7383,UMI,30.0,43.81765,-79.01268,100.0,8.013,8.0,85,37.23,37.23
2461,7384,UMI,150.0,43.81765,-79.01268,100.0,2.207,2.2,31,10.89,10.89
2461,7385,UMI,270.0,43.81765,-79.01268,100.0,4.756,4.8,63,23.26,23.26
2462,7386,UMI,30.0,43.82184,-79.55269,100.0,7.829,7.8,70,29.8,29.8
2462,7387,UMI,150.0,43.82184,-79.55269,100.0,7.096,7.1,71,27.01,27.01
2462,7388,UMI,270.0,43.82184,-79.55269,100.0,5.115,5.1,74,24.02,24.02
2463,7389,UMI,30.0,43.82184,-79.54598,100.0,5.509,5.5,59,23.9,23.9
2463,7390,UMI,150.0,43.82184,-79.54598,100.0,4.091,4.1,45,15.01,15.01
2463,7391,UMI,270.0,43.82184,-79.54598,100.0,4.187,4.2,52,14.49,14.49
2464,7392,UMI,30.0,43.82184,-79.53927,100.0,6.172,6.2,60,23.64,23.64
2464,7393,UMI,150.0,43.82184,-79.53927,100.0,6.499,6.5,64,24.13,24.13
2464,7394,UMI,270.0,43.82184,-79.53927,100.0,4.502,4.5,43,17.18,17.18
2465,7395,UMI,30.0,43.82184,-79.53256,100.0,6.079,6.1,64,23.54,23.54
2465,7396,UMI,150.0,43.82184,-79.53256,100.0,8.598,8.6,70,26.6,26.6
2465,7397,UMI,270.0,43.82184,-79.53256,100.0,7.067,7.1,53,21.7,21.7
2466,7398,UMI,30.0,43.82184,-79.52586,100.0,8.245,8.2,90,35.02,35.02
2466,7399,UMI,150.0,43.82184,-79.52586,100.0,5.263,5.3,91,23.11,23.11
2466,7400,UMI,270.0,43.82184,-79.52586,100.0,6.691,6.7,77,25.89,25.89
2467,7401,UMI,30.0,43.82184,-79.51915,100.0,9.907,9.9,114,43.26,43.26
2467,7402,UMI,150.0,43.82184,-79.51915,100.0,9.845,9.8,93,38.13,38.13
2467,7403,UMI,270.0,43.82184,-79.51915,100.0,8.023,8.0,81,34.0,34.0
2468,7404,UMI,30.0,43.82184,-79.51244,100.0,11.313,11.3,119,44.31,44.31
2468,7405,UMI,150.0,43.82184,-79.51244,100.0,8.676,8.7,102,41.91,41.91
2468,7406,UMI,270.0,43.82184,-79.51244,100.0,9.161,9.2,115,39.48,39.48
2469,7407,UMI,30.0,43.82184,-79.50573,100.0,8.067,8.1,84,28.33,28.33
2469,7408,UMI,150.0,43.82184,-79.50573,100.0,11.742,11.7,121,46.78,46.78
2469,7409,UMI,270.0,43.82184,-79.50573,100.0,9.131,9.1,89,33.52,33.52
2470,7410,UMI,30.0,43.82184,-79.49902,100.0,8.526,8.5,98,37.28,37.28
2470,7411,UMI,150.0,43.82184,-79.49902,100.0,8.3,8.3,84,36.23,36.23
2470,7412,UMI,270.0,43.82184,-79.49902,100.0,6.098,6.1,82,23.25,23.25
2471,7413,UMI,30.0,43.82184,-79.49231,100.0,10.824,10.8,102,38.97,38.97
2471,7414,UMI,150.0,43.82184,-79.49231,100.0,14.489,14.5,98,39.2,39.2
2471,7415,UMI,270.0,43.82184,-79.49231,100.0,9.173,9.2,91,34.08,34.08
2472,7416,UMI,30.0,43.82184,-79.48561,100.0,9.967,10.0,127,42.83,42.83
2472,7417,UMI,150.0,43.82184,-79.48561,100.0,9.648,9.6,90,41.07,41.07
2472,7418,UMI,270.0,43.82184,-79.48561,100.0,10.987,11.0,104,47.88,47.88
2473,7419,UMI,30.0,43.82184,-79.4789,100.0,16.518,16.5,160,67.42,67.42
2473,7420,UMI,150.0,43.82184,-79.4789,100.0,8.628,8.6,94,35.53,35.53
2473,7421,UMI,270.0,43.82184,-79.4789,100.0,13.141,13.1,106,45.09,45.09
2474,7422,UMI,30.0,43.82184,-79.47219,100.0,25.573,25.6,139,72.67,72.67
2474,7423,UMI,150.0,43.82184,-79.47219,100.0,13.442,13.4,123,48.91,48.91
2474,7424,UMI,270.0,43.82184,-79.47219,100.0,12.811,12.8,129,51.76,51.76
2475,7425,UMI,30.0,43.82184,-79.46548,100.0,15.359,15.4,150,57.26,57.26
2475,7426,UMI,150.0,43.82184,-79.46548,100.0,20.069,20.1,183,79.62,79.62
2475,7427,UMI,270.0,43.82184,-79.46548,100.0,14.975,15.0,135,57.3,57.3
2476,7428,UMI,30.0,43.82184,-79.45877,100.0,15.042,15.0,191,67.81,67.81
2476,7429,UMI,150.0,43.82184,-79.45877,100.0,20.02,20.0,216,84.46,84.46
2476,7430,UMI,270.0,43.82184,-79.45877,100.0,14.867,14.9,179,66.95,66.95
2477,7431,UMI,30.0,43.82184,-79.45207,100.0,16.828,16.8,176,62.62,62.62
2477,7432,UMI,150.0,43.82184,-79.45207,100.0,19.689,19.7,215,79.71,79.71
2477,7433,UMI,270.0,43.82184,-79.45207,100.0,20.402,20.4,180,70.35,70.35
2478,7434,UMI,30.0,43.82184,-79.44536,100.0,20.036,20.0,195,75.99,75.99
2478,7435,UMI,150.0,43.82184,-79.44536,100.0,25.223,25.2,192,81.11,81.11
2478,7436,UMI,270.0,43.82184,-79.44536,100.0,23.029,23.0,218,86.66,86.66
2479,7437,UMI,30.0,43.82184,-79.43865,100.0,14.941,14.9,145,58.11,58.11
2479,7438,UMI,150.0,43.82184,-79.43865,100.0,17.432,17.4,157,68.41,68.41
2479,7439,UMI,270.0,43.82184,-79.43865,100.0,22.453,22.5,185,74.38,74.38
2480,7440,UMI,30.0,43.82184,-79.43194,100.0,20.054,20.1,183,65.75,65.75
2480,7441,UMI,150.0,43.82184,-79.43194,100.0,19.307,19.3,187,70.68,70.68
2480,7442,UMI,270.0,43.82184,-79.43194,100.0,16.461,16.5,168,63.62,63.62
2481,7443,UMI,30.0,43.82184,-79.42523,100.0,32.23,32.2,244,102.13,102.13
2481,7444,UMI,150.0,43.82184,-79.42523,100.0,26.154,26.2,241,91.83,91.83
2481,7445,UMI,270.0,43.82184,-79.42523,100.0,21.367,21.4,182,86.46,86.46
2482,7446,UMI,30.0,43.82184,-79.41853,100.0,21.155,21.2,237,81.98,81.98
2482,7447,UMI,150.0,43.82184,-79.41853,100.0,19.518,19.5,227,88.97,88.97
2482,7448,UMI,270.0,43.82184,-79.41853,100.0,25.125,25.1,233,101.26,101.26
2483,7449,UMI,30.0,43.82184,-79.41182,100.0,21.892,21.9,221,87.26,87.26
2483,7450,UMI,150.0,43.82184,-79.41182,100.0,22.981,23.0,209,90.5,90.5
2483,7451,UMI,270.0,43.82184,-79.41182,100.0,17.696,17.7,199,74.63,74.63
2484,7452,UMI,30.0,43.82184,-79.40511,100.0,24.84,24.8,229,92.02,92.02
2484,7453,UMI,150.0,43.82184,-79.40511,100.0,21.533,21.5,203,80.4,80.4
2484,7454,UMI,270.0,43.82184,-79.40511,100.0,19.166,19.2,180,74.89,74.89
2485,7455,UMI,30.0,43.82184,-79.3984,100.0,28.536,28.5,258,109.73,109.73
2485,7456,UMI,150.0,43.82184,-79.3984,100.0,31.149,31.1,286,114.69,114.69
2485,7457,UMI,270.0,43.82184,-79.3984,100.0,25.102,25.1,225,93.14,93.14
2486,7458,UMI,30.0,43.82184,-79.39169,100.0,31.269,31.3,306,114.78,114.78
2486,7459,UMI,150.0,43.82184,-79.39169,100.0,28.79,28.8,300,117.09,117.09
2486,7460,UMI,270.0,43.82184,-79.39169,100.0,28.172,28.2,281,100.93,100.93
2487,7461,UMI,30.0,43.82184,-79.38498,100.0,32.859,32.9,277,133.1,133.1
2487,7462,UMI,150.0,43.82184,-79.38498,100.0,26.474,26.5,258,95.73,95.73
2487,7463,UMI,270.0,43.82184,-79.38498,100.0,26.61,26.6,292,111.67,111.67
2488,7464,UMI,30.0,43.82184,-79.37828,100.0,30.862,30.9,265,117.82,117.82
2488,7465,UMI,150.0,43.82184,-79.37828,100.0,25.604,25.6,242,102.33,102.33
2488,7466,UMI,270.0,43.82184,-79.37828,100.0,25.104,25.1,246,95.17,95.17
2489,7467,UMI,30.0,43.82184,-79.37157,100.0,25.145,25.1,253,102.09,102.09
2489,7468,UMI,150.0,43.82184,-79.37157,100.0,28.263,28.3,261,107.68,107.68
2489,7469,UMI,270.0,43.82184,-79.37157,100.0,28.39,28.4,256,99.82,99.82
2490,7470,UMI,30.0,43.82184,-79.36486,100.0,22.234,22.2,250,96.51,96.51
2490,7471,UMI,150.0,43.82184,-79.36486,100.0,30.786,30.8,269,109.88,109.88
2490,7472,UMI,270.0,43.82184,-79.36486,100.0,19.903,19.9,235,85.2,85.2
2491,7473,UMI,30.0,43.82184,-79.35815,100.0,15.622,15.6,173,64.81,64.81
2491,7474,UMI,150.0,43.82184,-79.35815,100.0,21.305,21.3,202,82.46,82.46
2491,7475,UMI,270.0,43.82184,-79.35815,100.0,21.742,21.7,220,82.45,82.45
2492,7476,UMI,30.0,43.82184,-79.35144,100.0,16.397,16.4,146,54.15,54.15
2492,7477,UMI,150.0,43.82184,-79.35144,100.0,15.035,15.0,166,65.34,65.34
2492,7478,UMI,270.0,43.82184,-79.35144,100.0,13.346,13.3,173,55.5,55.5
2493,7479,UMI,30.0,43.82184,-79.34474,100.0,15.54,15.5,168,73.91,73.91
2493,7480,UMI,150.0,43.82184,-79.34474,100.0,24.833,24.8,179,76.64,76.64
2493,7481,UMI,270.0,43.82184,-79.34474,100.0,19.939,19.9,189,77.25,77.25
2494,7482,UMI,30.0,43.82184,-79.33803,100.0,17.228,17.2,180,67.0,67.0
2494,7483,UMI,150.0,43.82184,-79.33803,100.0,18.647,18.6,193,76.46,76.46
2494,7484,UMI,270.0,43.82184,-79.33803,100.0,18.702,18.7,175,67.43,67.43
2495,7485,UMI,30.0,43.82184,-79.33132,100.0,31.197,31.2,252,100.14,100.14
2495,7486,UMI,150.0,43.82184,-79.33132,100.0,33.001,33.0,275,120.98,120.98
2495,7487,UMI,270.0,43.82184,-79.33132,100.0,19.723,19.7,211,83.53,83.53
2496,7488,UMI,30.0,43.82184,-79.32461,100.0,34.509,34.5,351,143.06,143.06
2496,7489,UMI,150.0,43.82184,-79.32461,100.0,36.888,36.9,411,148.67,148.67
2496,7490,UMI,270.0,43.82184,-79.32461,100.0,37.253,37.3,340,142.85,142.85
2497,7491,UMI,30.0,43.82184,-79.3179,100.0,46.872,46.9,433,179.9,179.9
2497,7492,UMI,150.0,43.82184,-79.3179,100.0,55.194,55.2,496,208.88,208.88
2497,7493,UMI,270.0,43.82184,-79.3179,100.0,42.348,42.3,420,159.79,159.79
2498,7494,UMI,30.0,43.82184,-79.31119,100.0,39.393,39.4,427,154.74,154.74
2498,7495,UMI,150.0,43.82184,-79.31119,100.0,41.919,41.9,454,164.97,164.97
2498,7496,UMI,270.0,43.82184,-79.31119,100.0,49.568,49.6,468,179.26,179.26
2499,7497,UMI,30.0,43.82184,-79.30449,100.0,36.784,36.8,307,138.65,138.65
2499,7498,UMI,150.0,43.82184,-79.30449,100.0,40.347,40.3,365,147.18,147.18
2499,7499,UMI,270.0,43.82184,-79.30449,100.0,41.181,41.2,385,151.84,151.84
2500,7500,UMI,30.0,43.82184,-79.29778,100.0,34.744,34.7,372,138.7,138.7
2500,7501,UMI,150.0,43.82184,-79.29778,100.0,37.874,37.9,374,148.16,148.16
2500,7502,UMI,270.0,43.82184,-79.29778,100.0,34.303,34.3,337,127.66,127.66
2501,7503,UMI,30.0,43.82184,-79.29107,100.0,54.458,54.5,499,201.64,201.64
2501,7504,UMI,150.0,43.82184,-79.29107,100.0,57.418,57.4,516,217.33,217.33
2501,7505,UMI,270.0,43.82184,-79.29107,100.0,44.997,45.0,425,175.82,175.82
2502,7506,UMI,30.0,43.82184,-79.28436,100.0,41.711,41.7,507,164.4,164.4
2502,7507,UMI,150.0,43.82184,-79.28436,100.0,55.955,56.0,519,200.17,200.17
2502,7508,UMI,270.0,43.82184,-79.28436,100.0,52.46,52.5,543,200.9,200.9
2503,7509,UMI,30.0,43.82184,-79.27765,100.0,46.806,46.8,465,188.87,188.87
2503,7510,UMI,150.0,43.82184,-79.27765,100.0,48.138,48.1,479,188.13,188.13
2503,7511,UMI,270.0,43.82184,-79.27765,100.0,47.973,48.0,464,170.64,170.64
2504,7512,UMI,30.0,43.82184,-79.27095,100.0,39.545,39.5,402,152.46,152.46
2504,7513,UMI,150.0,43.82184,-79.27095,100.0,49.365,49.4,445,187.69,187.69
2504,7514,UMI,270.0,43.82184,-79.27095,100.0,46.983,47.0,421,172.8,172.8
2505,7515,UMI,30.0,43.82184,-79.26424,100.0,32.595,32.6,364,131.56,131.56
2505,7516,UMI,150.0,43.82184,-79.26424,100.0,33.604,33.6,349,140.2,140.2
2505,7517,UMI,270.0,43.82184,-79.26424,100.0,40.757,40.8,434,172.21,172.21
2506,7518,UMI,30.0,43.82184,-79.25753,100.0,28.888,28.9,235,107.97,107.97
2506,7519,UMI,150.0,43.82184,-79.25753,100.0,28.985,29.0,240,101.18,101.18
2506,7520,UMI,270.0,43.82184,-79.25753,100.0,29.225,29.2,273,103.02,103.02
2507,7521,UMI,30.0,43.82184,-79.25082,100.0,15.505,15.5,180,67.84,67.84
2507,7522,UMI,150.0,43.82184,-79.25082,100.0,18.307,18.3,189,68.63,68.63
2507,7523,UMI,270.0,43.82184,-79.25082,100.0,23.93,23.9,204,84.92,84.92
2508,7524,UMI,30.0,43.82184,-79.24411,100.0,22.989,23.0,207,78.93,78.93
2508,7525,UMI,150.0,43.82184,-79.24411,100.0,12.858,12.9,155,47.61,47.61
2508,7526,UMI,270.0,43.82184,-79.24411,100.0,21.164,21.2,168,69.97,69.97
2509,7527,UMI,30.0,43.82184,-79.23741,100.0,19.206,19.2,185,76.61,76.61
2509,7528,UMI,150.0,43.82184,-79.23741,100.0,20.451,20.5,189,75.13,75.13
2509,7529,UMI,270.0,43.82184,-79.23741,100.0,15.148,15.1,170,63.49,63.49
2510,7530,UMI,30.0,43.82184,-79.2307,100.0,26.45,26.4,257,106.07,106.07
2510,7531,UMI,150.0,43.82184,-79.2307,100.0,25.659,25.7,239,101.06,101.06
2510,7532,UMI,270.0,43.82184,-79.2307,100.0,20.203,20.2,203,75.46,75.46
2511,7533,UMI,30.0,43.82184,-79.22399,100.0,24.463,24.5,276,91.07,91.07
2511,7534,UMI,150.0,43.82184,-79.22399,100.0,36.778,36.8,289,120.79,120.79
2511,7535,UMI,270.0,43.82184,-79.22399,100.0,25.68,25.7,253,97.38,97.38
2512,7536,UMI,30.0,43.82184,-79.21728,100.0,24.997,25.0,261,93.46,93.46
2512,7537,UMI,150.0,43.82184,-79.21728,100.0,24.483,24.5,290,103.72,103.72
2512,7538,UMI,270.0,43.82184,-79.21728,100.0,29.844,29.8,248,112.77,112.77
2513,7539,UMI,30.0,43.82184,-79.21057,100.0,20.639,20.6,211,78.94,78.94
2513,7540,UMI,150.0,43.82184,-79.21057,100.0,27.578,27.6,271,100.86,100.86
2513,7541,UMI,270.0,43.82184,-79.21057,100.0,23.846,23.8,257,90.18,90.18
2514,7542,UMI,30.0,43.82184,-79.20386,100.0,15.283,15.3,150,64.46,64.46
2514,7543,UMI,150.0,43.82184,-79.20386,100.0,21.063,21.1,191,82.84,82.84
2514,7544,UMI,270.0,43.82184,-79.20386,100.0,18.936,18.9,214,92.21,92.21
2515,7545,UMI,30.0,43.82184,-79.19716,100.0,7.026,7.0,79,26.99,26.99
2515,7546,UMI,150.0,43.82184,-79.19716,100.0,6.841,6.8,82,30.24,30.24
2515,7547,UMI,270.0,43.82184,-79.19716,100.0,13.588,13.6,124,61.91,61.91
2516,7548,UMI,30.0,43.82184,-79.19045,100.0,7.001,7.0,60,24.38,24.38
2516,7549,UMI,150.0,43.82184,-79.19045,100.0,8.021,8.0,71,25.95,25.95
2516,7550,UMI,270.0,43.82184,-79.19045,100.0,6.053,6.1,67,23.47,23.47
2517,7551,UMI,30.0,43.82184,-79.18374,100.0,6.814,6.8,68,27.79,27.79
2517,7552,UMI,150.0,43.82184,-79.18374,100.0,9.037,9.0,80,36.3,36.3
2517,7553,UMI,270.0,43.82184,-79.18374,100.0,6.692,6.7,63,27.62,27.62
2518,7554,UMI,30.0,43.82184,-79.17703,100.0,3.289,3.3,34,11.89,11.89
2518,7555,UMI,150.0,43.82184,-79.17703,100.0,7.29,7.3,51,24.11,24.11
2518,7556,UMI,270.0,43.82184,-79.17703,100.0,5.781,5.8,56,18.09,18.09
2519,7557,UMI,30.0,43.82184,-79.15691,100.0,7.796,7.8,75,32.81,32.81
2519,7558,UMI,150.0,43.82184,-79.15691,100.0,10.483,10.5,77,37.28,37.28
2519,7559,UMI,270.0,43.82184,-79.15691,100.0,3.701,3.7,47,17.59,17.59
2520,7560,UMI,30.0,43.82184,-79.1502,100.0,20.616,20.6,174,78.8,78.8
2520,7561,UMI,150.0,43.82184,-79.1502,100.0,15.996,16.0,158,60.01,60.01
2520,7562,UMI,270.0,43.82184,-79.1502,100.0,10.467,10.5,128,49.04,49.04
2521,7563,UMI,30.0,43.82184,-79.14349,100.0,23.189,23.2,205,85.44,85.44
2521,7564,UMI,150.0,43.82184,-79.14349,100.0,26.786,26.8,229,99.45,99.45
2521,7565,UMI,270.0,43.82184,-79.14349,100.0,23.094,23.1,214,88.71,88.71
2522,7566,UMI,30.0,43.82184,-79.13678,100.0,18.858,18.9,194,75.44,75.44
2522,7567,UMI,150.0,43.82184,-79.13678,100.0,23.135,23.1,203,80.28,80.28
2522,7568,UMI,270.0,43.82184,-79.13678,100.0,29.251,29.3,229,91.01,91.01
2523,7569,UMI,30.0,43.82184,-79.13007,100.0,26.832,26.8,283,104.72,104.72
2523,7570,UMI,150.0,43.82184,-79.13007,100.0,26.427,26.4,263,105.7,105.7
2523,7571,UMI,270.0,43.82184,-79.13007,100.0,22.232,22.2,218,88.79,88.79
2524,7572,UMI,30.0,43.82184,-79.12337,100.0,33.008,33.0,341,138.06,138.06
2524,7573,UMI,150.0,43.82184,-79.12337,100.0,31.15,31.2,289,106.92,106.92
2524,7574,UMI,270.0,43.82184,-79.12337,100.0,32.714,32.7,326,125.89,125.89
2525,7575,UMI,30.0,43.82184,-79.11666,100.0,36.311,36.3,282,115.6,115.6
2525,7576,UMI,150.0,43.82184,-79.11666,100.0,23.289,23.3,225,83.54,83.54
2525,7577,UMI,270.0,43.82184,-79.11666,100.0,28.975,29.0,270,107.9,107.9
2526,7578,UMI,30.0,43.82184,-79.10995,100.0,25.984,26.0,245,93.35,93.35
2526,7579,UMI,150.0,43.82184,-79.10995,100.0,21.464,21.5,207,85.82,85.82
2526,7580,UMI,270.0,43.82184,-79.10995,100.0,22.845,22.8,216,79.34,79.34
2527,7581,UMI,30.0,43.82184,-79.10324,100.0,20.13,20.1,171,77.17,77.17
2527,7582,UMI,150.0,43.82184,-79.10324,100.0,20.692,20.7,208,86.32,86.32
2527,7583,UMI,270.0,43.82184,-79.10324,100.0,17.42,17.4,213,74.04,74.04
2528,7584,UMI,30.0,43.82184,-79.09653,100.0,11.067,11.1,114,47.71,47.71
2528,7585,UMI,150.0,43.82184,-79.09653,100.0,12.436,12.4,112,47.49,47.49
2528,7586,UMI,270.0,43.82184,-79.09653,100.0,14.419,14.4,162,55.56,55.56
2529,7587,UMI,30.0,43.82184,-79.08983,100.0,16.339,16.3,160,57.48,57.48
2529,7588,UMI,150.0,43.82184,-79.08983,100.0,15.443,15.4,146,57.8,57.8
2529,7589,UMI,270.0,43.82184,-79.08983,100.0,11.704,11.7,97,39.96,39.96
2530,7590,UMI,30.0,43.82184,-79.08312,100.0,18.304,18.3,193,68.7,68.7
2530,7591,UMI,150.0,43.82184,-79.08312,100.0,15.945,15.9,192,65.26,65.26
2530,7592,UMI,270.0,43.82184,-79.08312,100.0,20.021,20.0,198,77.81,77.81
2531,7593,UMI,30.0,43.82184,-79.07641,100.0,17.775,17.8,177,78.15,78.15
2531,7594,UMI,150.0,43.82184,-79.07641,100.0,19.096,19.1,168,64.6,64.6
2531,7595,UMI,270.0,43.82184,-79.07641,100.0,19.583,19.6,197,84.24,84.24
2532,7596,UMI,30.0,43.82184,-79.0697,100.0,9.049,9.0,105,37.31,37.31
2532,7597,UMI,150.0,43.82184,-79.0697,100.0,7.442,7.4,87,29.87,29.87
2532,7598,UMI,270.0,43.82184,-79.0697,100.0,19.303,19.3,128,55.95,55.95
2533,7599,UMI,30.0,43.82184,-79.06299,100.0,6.995,7.0,80,33.71,33.71
2533,7600,UMI,150.0,43.82184,-79.06299,100.0,7.733,7.7,95,34.46,34.46
2533,7601,UMI,270.0,43.82184,-79.06299,100.0,10.272,10.3,110,39.94,39.94
2534,7602,UMI,30.0,43.82184,-79.05629,100.0,9.234,9.2,77,33.41,33.41
2534,7603,UMI,150.0,43.82184,-79.05629,100.0,7.439,7.4,80,31.28,31.28
2534,7604,UMI,270.0,43.82184,-79.05629,100.0,7.519,7.5,89,30.37,30.37
2535,7605,UMI,30.0,43.82184,-79.04958,100.0,7.035,7.0,62,28.91,28.91
2535,7606,UMI,150.0,43.82184,-79.04958,100.0,9.485,9.5,63,25.31,25.31
2535,7607,UMI,270.0,43.82184,-79.04958,100.0,8.679,8.7,85,34.52,34.52
2536,7608,UMI,30.0,43.82184,-79.03616,100.0,9.561,9.6,74,31.27,31.27
2536,7609,UMI,150.0,43.82184,-79.03616,100.0,4.55,4.5,60,20.23,20.23
2536,7610,UMI,270.0,43.82184,-79.03616,100.0,3.723,3.7,38,14.03,14.03
2537,7611,UMI,30.0,43.82184,-79.02945,100.0,13.43,13.4,124,55.51,55.51
2537,7612,UMI,150.0,43.82184,-79.02945,100.0,10.485,10.5,111,42.94,42.94
2537,7613,UMI,270.0,43.82184,-79.02945,100.0,9.056,9.1,92,40.35,40.35
2538,7614,UMI,30.0,43.82184,-79.02274,100.0,16.938,16.9,161,62.62,62.62
2538,7615,UMI,150.0,43.82184,-79.02274,100.0,14.248,14.2,132,58.94,58.94
2538,7616,UMI,270.0,43.82184,-79.02274,100.0,14.023,14.0,144,56.66,56.66
2539,7617,UMI,30.0,43.82184,-79.01604,100.0,18.236,18.2,176,65.16,65.16
2539,7618,UMI,150.0,43.82184,-79.01604,100.0,13.262,13.3,111,46.79,46.79
2539,7619,UMI,270.0,43.82184,-79.01604,100.0,14.326,14.3,164,64.06,64.06
2540,7620,UMI,30.0,43.82184,-79.00933,100.0,12.841,12.8,136,51.21,51.21
2540,7621,UMI,150.0,43.82184,-79.00933,100.0,3.778,3.8,66,17.06,17.06
2540,7622,UMI,270.0,43.82184,-79.00933,100.0,10.986,11.0,124,49.66,49.66
2541,7623,UMI,30.0,43.82184,-79.00262,100.0,8.716,8.7,99,33.43,33.43
2541,7624,UMI,150.0,43.82184,-79.00262,100.0,5.797,5.8,54,22.39,22.39
2541,7625,UMI,270.0,43.82184,-79.00262,100.0,9.47,9.5,91,37.95,37.95
2542,7626,UMI,30.0,43.82604,-79.54263,100.0,3.568,3.6,46,15.81,15.81
2542,7627,UMI,150.0,43.82604,-79.54263,100.0,3.277,3.3,50,16.46,16.46
2542,7628,UMI,270.0,43.82604,-79.54263,100.0,2.579,2.6,42,12.57,12.57
2543,7629,UMI,30.0,43.82604,-79.53592,100.0,4.852,4.9,46,20.07,20.07
2543,7630,UMI,150.0,43.82604,-79.53592,100.0,7.351,7.4,75,28.69,28.69
2543,7631,UMI,270.0,43.82604,-79.53592,100.0,5.14,5.1,57,21.48,21.48
2544,7632,UMI,30.0,43.82604,-79.52921,100.0,8.429,8.4,72,35.21,35.21
2544,7633,UMI,150.0,43.82604,-79.52921,100.0,7.15,7.2,67,32.56,32.56
2544,7634,UMI,270.0,43.82604,-79.52921,100.0,5.748,5.7,62,25.14,25.14
2545,7635,UMI,30.0,43.82604,-79.5225,100.0,6.308,6.3,73,26.07,26.07
2545,7636,UMI,150.0,43.82604,-79.5225,100.0,6.867,6.9,75,31.29,31.29
2545,7637,UMI,270.0,43.82604,-79.5225,100.0,9.03,9.0,63,28.6,28.6
2546,7638,UMI,30.0,43.82604,-79.51579,100.0,15.492,15.5,130,55.96,55.96
2546,7639,UMI,150.0,43.82604,-79.51579,100.0,12.269,12.3,109,51.31,51.31
2546,7640,UMI,270.0,43.82604,-79.51579,100.0,8.242,8.2,76,28.82,28.82
2547,7641,UMI,30.0,43.82604,-79.50909,100.0,11.146,11.1,122,49.62,49.62
2547,7642,UMI,150.0,43.82604,-79.50909,100.0,13.115,13.1,113,48.52,48.52
2547,7643,UMI,270.0,43.82604,-79.50909,100.0,22.715,22.7,105,51.15,51.15
2548,7644,UMI,30.0,43.82604,-79.50238,100.0,12.921,12.9,95,46.59,46.59
2548,7645,UMI,150.0,43.82604,-79.50238,100.0,9.595,9.6,91,46.68,46.68
2548,7646,UMI,270.0,43.82604,-79.50238,100.0,9.789,9.8,96,36.05,36.05
2549,7647,UMI,30.0,43.82604,-79.49567,100.0,16.948,16.9,116,45.95,45.95
2549,7648,UMI,150.0,43.82604,-79.49567,100.0,9.723,9.7,113,37.89,37.89
2549,7649,UMI,270.0,43.82604,-79.49567,100.0,9.965,10.0,106,42.97,42.97
2550,7650,UMI,30.0,43.82604,-79.48896,100.0,12.159,12.2,116,42.35,42.35
2550,7651,UMI,150.0,43.82604,-79.48896,100.0,11.124,11.1,112,47.55,47.55
2550,7652,UMI,270.0,43.82604,-79.48896,100.0,14.671,14.7,138,57.54,57.54
2551,7653,UMI,30.0,43.82604,-79.48225,100.0,12.469,12.5,129,49.1,49.1
2551,7654,UMI,150.0,43.82604,-79.48225,100.0,17.895,17.9,123,47.96,47.96
2551,7655,UMI,270.0,43.82604,-79.48225,100.0,9.766,9.8,120,45.01,45.01
2552,7656,UMI,30.0,43.82604,-79.47554,100.0,21.065,21.1,193,77.87,77.87
2552,7657,UMI,150.0,43.82604,-79.47554,100.0,17.663,17.7,184,77.79,77.79
2552,7658,UMI,270.0,43.82604,-79.47554,100.0,20.29,20.3,146,62.81,62.81
2553,7659,UMI,30.0,43.82604,-79.46884,100.0,18.515,18.5,201,70.54,70.54
2553,7660,UMI,150.0,43.82604,-79.46884,100.0,22.153,22.2,181,77.21,77.21
2553,7661,UMI,270.0,43.82604,-79.46884,100.0,21.871,21.9,196,87.26,87.26
2554,7662,UMI,30.0,43.82604,-79.46213,100.0,17.929,17.9,145,63.84,63.84
2554,7663,UMI,150.0,43.82604,-79.46213,100.0,12.876,12.9,149,52.48,52.48
2554,7664,UMI,270.0,43.82604,-79.46213,100.0,17.886,17.9,145,55.19,55.19
2555,7665,UMI,30.0,43.82604,-79.45542,100.0,12.47,12.5,121,49.54,49.54
2555,7666,UMI,150.0,43.82604,-79.45542,100.0,13.767,13.8,146,58.23,58.23
2555,7667,UMI,270.0,43.82604,-79.45542,100.0,7.996,8.0,109,34.39,34.39
2556,7668,UMI,30.0,43.82604,-79.44871,100.0,17.463,17.5,160,69.54,69.54
2556,7669,UMI,150.0,43.82604,-79.44871,100.0,17.875,17.9,200,74.14,74.14
2556,7670,UMI,270.0,43.82604,-79.44871,100.0,16.522,16.5,137,70.3,70.3
2557,7671,UMI,30.0,43.82604,-79.442,100.0,15.684,15.7,150,59.67,59.67
2557,7672,UMI,150.0,43.82604,-79.442,100.0,15.093,15.1,158,61.36,61.36
2557,7673,UMI,270.0,43.82604,-79.442,100.0,15.466,15.5,154,57.66,57.66
2558,7674,UMI,30.0,43.82604,-79.4353,100.0,14.568,14.6,159,54.26,54.26
2558,7675,UMI,150.0,43.82604,-79.4353,100.0,19.131,19.1,181,70.88,70.88
2558,7676,UMI,270.0,43.82604,-79.4353,100.0,13.383,13.4,148,60.22,60.22
2559,7677,UMI,30.0,43.82604,-79.42859,100.0,19.007,19.0,186,73.12,73.12
2559,7678,UMI,150.0,43.82604,-79.42859,100.0,24.181,24.2,189,76.21,76.21
2559,7679,UMI,270.0,43.82604,-79.42859,100.0,18.568,18.6,219,73.45,73.45
2560,7680,UMI,30.0,43.82604,-79.42188,100.0,23.162,23.2,221,84.46,84.46
2560,7681,UMI,150.0,43.82604,-79.42188,100.0,26.51,26.5,261,99.72,99.72
2560,7682,UMI,270.0,43.82604,-79.42188,100.0,27.582,27.6,248,108.6,108.6
2561,7683,UMI,30.0,43.82604,-79.41517,100.0,24.605,24.6,229,87.61,87.61
2561,7684,UMI,150.0,43.82604,-79.41517,100.0,29.946,29.9,215,88.7,88.7
2561,7685,UMI,270.0,43.82604,-79.41517,100.0,20.286,20.3,206,84.17,84.17
2562,7686,UMI,30.0,43.82604,-79.40846,100.0,23.296,23.3,238,89.61,89.61
2562,7687,UMI,150.0,43.82604,-79.40846,100.0,28.021,28.0,256,97.51,97.51
2562,7688,UMI,270.0,43.82604,-79.40846,100.0,23.606,23.6,255,94.85,94.85
2563,7689,UMI,30.0,43.82604,-79.40175,100.0,28.657,28.7,252,107.99,107.99
2563,7690,UMI,150.0,43.82604,-79.40175,100.0,25.144,25.1,244,97.22,97.22
2563,7691,UMI,270.0,43.82604,-79.40175,100.0,22.38,22.4,241,88.33,88.33
2564,7692,UMI,30.0,43.82604,-79.39505,100.0,29.221,29.2,255,96.41,96.41
2564,7693,UMI,150.0,43.82604,-79.39505,100.0,25.432,25.4,284,113.59,113.59
2564,7694,UMI,270.0,43.82604,-79.39505,100.0,25.263,25.3,241,95.51,95.51
2565,7695,UMI,30.0,43.82604,-79.38834,100.0,21.947,21.9,241,91.43,91.43
2565,7696,UMI,150.0,43.82604,-79.38834,100.0,31.343,31.3,291,127.18,127.18
2565,7697,UMI,270.0,43.82604,-79.38834,100.0,25.618,25.6,281,102.58,102.58
2566,7698,UMI,30.0,43.82604,-79.38163,100.0,29.105,29.1,291,114.04,114.04
2566,7699,UMI,150.0,43.82604,-79.38163,100.0,27.331,27.3,225,95.4,95.4
2566,7700,UMI,270.0,43.82604,-79.38163,100.0,27.435,27.4,249,114.41,114.41
2567,7701,UMI,30.0,43.82604,-79.37492,100.0,21.62,21.6,244,89.81,89.81
2567,7702,UMI,150.0,43.82604,-79.37492,100.0,24.63,24.6,231,98.76,98.76
2567,7703,UMI,270.0,43.82604,-79.37492,100.0,26.358,26.4,225,99.12,99.12
2568,7704,UMI,30.0,43.82604,-79.36821,100.0,27.458,27.5,256,105.44,105.44
2568,7705,UMI,150.0,43.82604,-79.36821,100.0,27.365,27.4,241,94.76,94.76
2568,7706,UMI,270.0,43.82604,-79.36821,100.0,25.064,25.1,240,93.54,93.54
2569,7707,UMI,30.0,43.82604,-79.36151,100.0,13.489,13.5,152,54.02,54.02
2569,7708,UMI,150.0,43.82604,-79.36151,100.0,15.638,15.6,157,62.41,62.41
2569,7709,UMI,270.0,43.82604,-79.36151,100.0,18.609,18.6,179,66.61,66.61
2570,7710,UMI,30.0,43.82604,-79.3548,100.0,16.635,16.6,159,63.55,63.55
2570,7711,UMI,150.0,43.82604,-79.3548,100.0,13.328,13.3,152,57.76,57.76
2570,7712,UMI,270.0,43.82604,-79.3548,100.0,11.032,11.0,132,46.97,46.97
2571,7713,UMI,30.0,43.82604,-79.34809,100.0,13.022,13.0,137,52.01,52.01
2571,7714,UMI,150.0,43.82604,-79.34809,100.0,15.518,15.5,183,62.03,62.03
2571,7715,UMI,270.0,43.82604,-79.34809,100.0,18.439,18.4,168,62.43,62.43
2572,7716,UMI,30.0,43.82604,-79.34138,100.0,16.849,16.8,165,62.26,62.26
2572,7717,UMI,150.0,43.82604,-79.34138,100.0,20.694,20.7,189,73.44,73.44
2572,7718,UMI,270.0,43.82604,-79.34138,100.0,14.422,14.4,161,61.18,61.18
2573,7719,UMI,30.0,43.82604,-79.33467,100.0,15.747,15.7,165,64.14,64.14
2573,7720,UMI,150.0,43.82604,-79.33467,100.0,21.747,21.7,183,72.41,72.41
2573,7721,UMI,270.0,43.82604,-79.33467,100.0,17.694,17.7,152,65.49,65.49
2574,7722,UMI,30.0,43.82604,-79.32797,100.0,19.022,19.0,212,82.1,82.1
2574,7723,UMI,150.0,43.82604,-79.32797,100.0,24.072,24.1,238,92.59,92.59
2574,7724,UMI,270.0,43.82604,-79.32797,100.0,18.087,18.1,189,76.86,76.86
2575,7725,UMI,30.0,43.82604,-79.32126,100.0,29.371,29.4,339,121.79,121.79
2575,7726,UMI,150.0,43.82604,-79.32126,100.0,35.251,35.3,360,139.73,139.73
2575,7727,UMI,270.0,43.82604,-79.32126,100.0,41.315,41.3,331,140.3,140.3
2576,7728,UMI,30.0,43.82604,-79.31455,100.0,43.602,43.6,392,171.52,171.52
2576,7729,UMI,150.0,43.82604,-79.31455,100.0,44.359,44.4,451,169.32,169.32
2576,7730,UMI,270.0,43.82604,-79.31455,100.0,40.483,40.5,384,152.41,152.41
2577,7731,UMI,30.0,43.82604,-79.30784,100.0,35.442,35.4,292,128.19,128.19
2577,7732,UMI,150.0,43.82604,-79.30784,100.0,34.546,34.5,321,122.85,122.85
2577,7733,UMI,270.0,43.82604,-79.30784,100.0,42.14,42.1,386,157.79,157.79
2578,7734,UMI,30.0,43.82604,-79.30113,100.0,30.946,30.9,353,138.45,138.45
2578,7735,UMI,150.0,43.82604,-79.30113,100.0,32.293,32.3,294,116.27,116.27
2578,7736,UMI,270.0,43.82604,-79.30113,100.0,32.575,32.6,320,138.91,138.91
2579,7737,UMI,30.0,43.82604,-79.29442,100.0,43.888,43.9,443,176.83,176.83
2579,7738,UMI,150.0,43.82604,-79.29442,100.0,44.27,44.3,456,169.93,169.93
2579,7739,UMI,270.0,43.82604,-79.29442,100.0,31.276,31.3,387,138.37,138.37
2580,7740,UMI,30.0,43.82604,-79.28772,100.0,55.723,55.7,484,206.07,206.07
2580,7741,UMI,150.0,43.82604,-79.28772,100.0,62.319,62.3,542,220.58,220.58
2580,7742,UMI,270.0,43.82604,-79.28772,100.0,43.426,43.4,480,184.79,184.79
2581,7743,UMI,30.0,43.82604,-79.28101,100.0,47.927,47.9,487,189.54,189.54
2581,7744,UMI,150.0,43.82604,-79.28101,100.0,43.206,43.2,438,148.64,148.64
2581,7745,UMI,270.0,43.82604,-79.28101,100.0,57.235,57.2,508,213.76,213.76
2582,7746,UMI,30.0,43.82604,-79.2743,100.0,40.398,40.4,383,146.53,146.53
2582,7747,UMI,150.0,43.82604,-79.2743,100.0,43.317,43.3,422,155.51,155.51
2582,7748,UMI,270.0,43.82604,-79.2743,100.0,43.476,43.5,424,175.94,175.94
2583,7749,UMI,30.0,43.82604,-79.26759,100.0,26.889,26.9,312,110.38,110.38
2583,7750,UMI,150.0,43.82604,-79.26759,100.0,39.526,39.5,441,154.99,154.99
2583,7751,UMI,270.0,43.82604,-79.26759,100.0,43.659,43.7,423,167.67,167.67
2584,7752,UMI,30.0,43.82604,-79.26088,100.0,27.558,27.6,261,100.59,100.59
2584,7753,UMI,150.0,43.82604,-79.26088,100.0,30.041,30.0,255,102.78,102.78
2584,7754,UMI,270.0,43.82604,-79.26088,100.0,23.18,23.2,264,87.24,87.24
2585,7755,UMI,30.0,43.82604,-79.25418,100.0,21.48,21.5,207,86.19,86.19
2585,7756,UMI,150.0,43.82604,-79.25418,100.0,17.88,17.9,175,69.58,69.58
2585,7757,UMI,270.0,43.82604,-79.25418,100.0,15.881,15.9,198,67.22,67.22
2586,7758,UMI,30.0,43.82604,-79.24747,100.0,17.084,17.1,177,70.69,70.69
2586,7759,UMI,150.0,43.82604,-79.24747,100.0,20.582,20.6,180,75.65,75.65
2586,7760,UMI,270.0,43.82604,-79.24747,100.0,16.681,16.7,201,62.65,62.65
2587,7761,UMI,30.0,43.82604,-79.24076,100.0,17.786,17.8,167,69.27,69.27
2587,7762,UMI,150.0,43.82604,-79.24076,100.0,12.704,12.7,148,60.55,60.55
2587,7763,UMI,270.0,43.82604,-79.24076,100.0,21.9,21.9,196,69.33,69.33
2588,7764,UMI,30.0,43.82604,-79.23405,100.0,23.985,24.0,217,93.21,93.21
2588,7765,UMI,150.0,43.82604,-79.23405,100.0,21.76,21.8,222,90.34,90.34
2588,7766,UMI,270.0,43.82604,-79.23405,100.0,19.001,19.0,198,81.09,81.09
2589,7767,UMI,30.0,43.82604,-79.22734,100.0,22.534,22.5,221,83.51,83.51
2589,7768,UMI,150.0,43.82604,-79.22734,100.0,31.069,31.1,267,118.84,118.84
2589,7769,UMI,270.0,43.82604,-79.22734,100.0,26.413,26.4,253,100.38,100.38
2590,7770,UMI,30.0,43.82604,-79.22063,100.0,17.1,17.1,195,72.47,72.47
2590,7771,UMI,150.0,43.82604,-79.22063,100.0,23.838,23.8,203,82.05,82.05
2590,7772,UMI,270.0,43.82604,-79.22063,100.0,22.095,22.1,195,82.51,82.51
2591,7773,UMI,30.0,43.82604,-79.21393,100.0,10.29,10.3,112,39.86,39.86
2591,7774,UMI,150.0,43.82604,-79.21393,100.0,21.706,21.7,199,78.87,78.87
2591,7775,UMI,270.0,43.82604,-79.21393,100.0,16.335,16.3,151,59.15,59.15
2592,7776,UMI,30.0,43.82604,-79.20722,100.0,8.629,8.6,104,38.01,38.01
2592,7777,UMI,150.0,43.82604,-79.20722,100.0,14.872,14.9,136,60.15,60.15
2592,7778,UMI,270.0,43.82604,-79.20722,100.0,12.307,12.3,123,49.92,49.92
2593,7779,UMI,30.0,43.82604,-79.20051,100.0,4.18,4.2,55,19.0,19.0
2593,7780,UMI,150.0,43.82604,-79.20051,100.0,10.808,10.8,111,39.73,39.73
2593,7781,UMI,270.0,43.82604,-79.20051,100.0,9.169,9.2,94,38.05,38.05
2594,7782,UMI,30.0,43.82604,-79.18709,100.0,5.162,5.2,31,14.78,14.78
2594,7783,UMI,150.0,43.82604,-79.18709,100.0,6.113,6.1,67,25.68,25.68
2594,7784,UMI,270.0,43.82604,-79.18709,100.0,6.31,6.3,44,21.95,21.95
2595,7785,UMI,30.0,43.82604,-79.18039,100.0,3.424,3.4,48,14.73,14.73
2595,7786,UMI,150.0,43.82604,-79.18039,100.0,5.767,5.8,61,21.89,21.89
2595,7787,UMI,270.0,43.82604,-79.18039,100.0,4.593,4.6,51,21.3,21.3
2596,7788,UMI,30.0,43.82604,-79.15355,100.0,10.073,10.1,83,38.7,38.7
2596,7789,UMI,150.0,43.82604,-79.15355,100.0,9.332,9.3,102,39.23,39.23
2596,7790,UMI,270.0,43.82604,-79.15355,100.0,4.955,5.0,59,21.89,21.89
2597,7791,UMI,30.0,43.82604,-79.14685,100.0,12.671,12.7,148,58.07,58.07
2597,7792,UMI,150.0,43.82604,-79.14685,100.0,18.921,18.9,198,69.84,69.84
2597,7793,UMI,270.0,43.82604,-79.14685,100.0,14.35,14.3,140,55.61,55.61
2598,7794,UMI,30.0,43.82604,-79.14014,100.0,14.35,14.4,161,61.27,61.27
2598,7795,UMI,150.0,43.82604,-79.14014,100.0,15.871,15.9,153,60.52,60.52
2598,7796,UMI,270.0,43.82604,-79.14014,100.0,18.705,18.7,184,65.21,65.21
2599,7797,UMI,30.0,43.82604,-79.13343,100.0,20.172,20.2,213,81.69,81.69
2599,7798,UMI,150.0,43.82604,-79.13343,100.0,27.905,27.9,228,92.82,92.82
2599,7799,UMI,270.0,43.82604,-79.13343,100.0,20.741,20.7,193,70.55,70.55
2600,7800,UMI,30.0,43.82604,-79.12672,100.0,35.371,35.4,310,117.34,117.34
2600,7801,UMI,150.0,43.82604,-79.12672,100.0,30.934,30.9,308,121.99,121.99
2600,7802,UMI,270.0,43.82604,-79.12672,100.0,30.621,30.6,261,113.26,113.26
2601,7803,UMI,30.0,43.82604,-79.12001,100.0,39.481,39.5,374,157.15,157.15
2601,7804,UMI,150.0,43.82604,-79.12001,100.0,34.798,34.8,327,122.62,122.62
2601,7805,UMI,270.0,43.82604,-79.12001,100.0,36.807,36.8,342,148.79,148.79
2602,7806,UMI,30.0,43.82604,-79.1133,100.0,31.897,31.9,310,123.02,123.02
2602,7807,UMI,150.0,43.82604,-79.1133,100.0,24.509,24.5,273,97.36,97.36
2602,7808,UMI,270.0,43.82604,-79.1133,100.0,43.143,43.1,338,133.21,133.21
2603,7809,UMI,30.0,43.82604,-79.1066,100.0,24.093,24.1,270,106.1,106.1
2603,7810,UMI,150.0,43.82604,-79.1066,100.0,18.426,18.4,202,73.57,73.57
2603,7811,UMI,270.0,43.82604,-79.1066,100.0,35.399,35.4,309,125.01,125.01
2604,7812,UMI,30.0,43.82604,-79.09989,100.0,21.957,22.0,220,82.16,82.16
2604,7813,UMI,150.0,43.82604,-79.09989,100.0,18.297,18.3,174,71.24,71.24
2604,7814,UMI,270.0,43.82604,-79.09989,100.0,19.856,19.9,183,78.5,78.5
2605,7815,UMI,30.0,43.82604,-79.09318,100.0,14.818,14.8,157,64.18,64.18
2605,7816,UMI,150.0,43.82604,-79.09318,100.0,16.887,16.9,178,64.33,64.33
2605,7817,UMI,270.0,43.82604,-79.09318,100.0,16.932,16.9,160,57.06,57.06
2606,7818,UMI,30.0,43.82604,-79.08647,100.0,23.914,23.9,233,98.92,98.92
2606,7819,UMI,150.0,43.82604,-79.08647,100.0,23.817,23.8,227,92.79,92.79
2606,7820,UMI,270.0,43.82604,-79.08647,100.0,17.636,17.6,182,75.75,75.75
2607,7821,UMI,30.0,43.82604,-79.07976,100.0,24.001,24.0,217,79.5,79.5
2607,7822,UMI,150.0,43.82604,-79.07976,100.0,26.605,26.6,231,92.62,92.62
2607,7823,UMI,270.0,43.82604,-79.07976,100.0,21.616,21.6,208,85.42,85.42
2608,7824,UMI,30.0,43.82604,-79.07306,100.0,13.784,13.8,126,54.49,54.49
2608,7825,UMI,150.0,43.82604,-79.07306,100.0,13.52,13.5,123,48.62,48.62
2608,7826,UMI,270.0,43.82604,-79.07306,100.0,17.347,17.3,175,66.7,66.7
2609,7827,UMI,30.0,43.82604,-79.06635,100.0,10.784,10.8,97,37.53,37.53
2609,7828,UMI,150.0,43.82604,-79.06635,100.0,12.167,12.2,112,45.78,45.78
2609,7829,UMI,270.0,43.82604,-79.06635,100.0,10.405,10.4,105,35.41,35.41
2610,7830,UMI,30.0,43.82604,-79.05964,100.0,7.175,7.2,94,29.99,29.99
2610,7831,UMI,150.0,43.82604,-79.05964,100.0,8.321,8.3,83,33.26,33.26
2610,7832,UMI,270.0,43.82604,-79.05964,100.0,9.258,9.3,98,39.56,39.56
2611,7833,UMI,30.0,43.82604,-79.05293,100.0,8.051,8.1,74,28.38,28.38
2611,7834,UMI,150.0,43.82604,-79.05293,100.0,7.847,7.8,83,35.37,35.37
2611,7835,UMI,270.0,43.82604,-79.05293,100.0,9.245,9.2,88,37.89,37.89
2612,7836,UMI,30.0,43.82604,-79.04622,100.0,3.694,3.7,43,16.57,16.57
2612,7837,UMI,150.0,43.82604,-79.04622,100.0,5.084,5.1,46,15.95,15.95
2612,7838,UMI,270.0,43.82604,-79.04622,100.0,8.289,8.3,63,30.02,30.02
2613,7839,UMI,30.0,43.82604,-79.03951,100.0,6.242,6.2,56,24.71,24.71
2613,7840,UMI,150.0,43.82604,-79.03951,100.0,6.359,6.4,49,22.63,22.63
2613,7841,UMI,270.0,43.82604,-79.03951,100.0,3.831,3.8,49,18.12,18.12
2614,7842,UMI,30.0,43.82604,-79.03281,100.0,11.789,11.8,129,43.91,43.91
2614,7843,UMI,150.0,43.82604,-79.03281,100.0,11.577,11.6,111,47.44,47.44
2614,7844,UMI,270.0,43.82604,-79.03281,100.0,7.304,7.3,94,32.2,32.2
2615,7845,UMI,30.0,43.82604,-79.0261,100.0,17.271,17.3,169,70.44,70.44
2615,7846,UMI,150.0,43.82604,-79.0261,100.0,17.957,18.0,174,73.42,73.42
2615,7847,UMI,270.0,43.82604,-79.0261,100.0,14.513,14.5,136,55.93,55.93
2616,7848,UMI,30.0,43.82604,-79.01939,100.0,22.105,22.1,199,79.63,79.63
2616,7849,UMI,150.0,43.82604,-79.01939,100.0,17.102,17.1,167,65.67,65.67
2616,7850,UMI,270.0,43.82604,-79.01939,100.0,19.688,19.7,202,81.8,81.8
2617,7851,UMI,30.0,43.82604,-79.01268,100.0,29.252,29.3,257,104.59,104.59
2617,7852,UMI,150.0,43.82604,-79.01268,100.0,16.328,16.3,193,72.77,72.77
2617,7853,UMI,270.0,43.82604,-79.01268,100.0,19.501,19.5,213,87.21,87.21
2618,7854,UMI,30.0,43.82604,-79.00597,100.0,20.965,21.0,231,86.59,86.59
2618,7855,UMI,150.0,43.82604,-79.00597,100.0,13.663,13.7,156,64.51,64.51
2618,7856,UMI,270.0,43.82604,-79.00597,100.0,24.147,24.1,198,78.73,78.73
2619,7857,UMI,30.0,43.82604,-78.99927,100.0,12.029,12.0,135,46.02,46.02
2619,7858,UMI,150.0,43.82604,-78.99927,100.0,10.566,10.6,93,42.62,42.62
2619,7859,UMI,270.0,43.82604,-78.99927,100.0,16.999,17.0,151,51.92,51.92
2620,7860,UMI,30.0,43.82604,-78.99256,100.0,6.27,6.3,84,28.98,28.98
2620,7861,UMI,150.0,43.82604,-78.99256,100.0,6.473,6.5,57,22.62,22.62
2620,7862,UMI,270.0,43.82604,-78.99256,100.0,11.805,11.8,78,36.21,36.21
2621,7863,UMI,30.0,43.83023,-79.53256,100.0,4.773,4.8,58,20.51,20.51
2621,7864,UMI,150.0,43.83023,-79.53256,100.0,6.098,6.1,59,22.11,22.11
2621,7865,UMI,270.0,43.83023,-79.53256,100.0,4.555,4.6,50,21.78,21.78
2622,7866,UMI,30.0,43.83023,-79.52586,100.0,4.5,4.5,70,21.61,21.61
2622,7867,UMI,150.0,43.83023,-79.52586,100.0,3.95,3.9,54,19.19,19.19
2622,7868,UMI,270.0,43.83023,-79.52586,100.0,3.784,3.8,63,19.45,19.45
2623,7869,UMI,30.0,43.83023,-79.51915,100.0,10.054,10.1,103,42.4,42.4
2623,7870,UMI,150.0,43.83023,-79.51915,100.0,12.075,12.1,137,55.04,55.04
2623,7871,UMI,270.0,43.83023,-79.51915,100.0,9.347,9.3,86,33.53,33.53
2624,7872,UMI,30.0,43.83023,-79.51244,100.0,14.656,14.7,135,54.76,54.76
2624,7873,UMI,150.0,43.83023,-79.51244,100.0,10.686,10.7,125,45.67,45.67
2624,7874,UMI,270.0,43.83023,-79.51244,100.0,14.24,14.2,108,46.01,46.01
2625,7875,UMI,30.0,43.83023,-79.50573,100.0,8.33,8.3,95,34.16,34.16
2625,7876,UMI,150.0,43.83023,-79.50573,100.0,10.007,10.0,90,39.51,39.51
2625,7877,UMI,270.0,43.83023,-79.50573,100.0,9.749,9.7,121,46.49,46.49
2626,7878,UMI,30.0,43.83023,-79.49902,100.0,14.163,14.2,127,45.79,45.79
2626,7879,UMI,150.0,43.83023,-79.49902,100.0,9.983,10.0,112,40.69,40.69
2626,7880,UMI,270.0,43.83023,-79.49902,100.0,11.756,11.8,112,42.33,42.33
2627,7881,UMI,30.0,43.83023,-79.49231,100.0,16.064,16.1,149,56.86,56.86
2627,7882,UMI,150.0,43.83023,-79.49231,100.0,13.455,13.5,140,53.4,53.4
2627,7883,UMI,270.0,43.83023,-79.49231,100.0,15.378,15.4,119,50.53,50.53
2628,7884,UMI,30.0,43.83023,-79.48561,100.0,21.718,21.7,162,70.13,70.13
2628,7885,UMI,150.0,43.83023,-79.48561,100.0,14.995,15.0,158,60.45,60.45
2628,7886,UMI,270.0,43.83023,-79.48561,100.0,16.902,16.9,173,67.12,67.12
2629,7887,UMI,30.0,43.83023,-79.4789,100.0,28.459,28.5,234,78.68,78.68
2629,7888,UMI,150.0,43.83023,-79.4789,100.0,20.181,20.2,182,71.66,71.66
2629,7889,UMI,270.0,43.83023,-79.4789,100.0,20.325,20.3,174,71.98,71.98
2630,7890,UMI,30.0,43.83023,-79.47219,100.0,21.457,21.5,239,86.24,86.24
2630,7891,UMI,150.0,43.83023,-79.47219,100.0,19.484,19.5,220,87.21,87.21
2630,7892,UMI,270.0,43.83023,-79.47219,100.0,26.751,26.8,269,101.59,101.59
2631,7893,UMI,30.0,43.83023,-79.46548,100.0,19.559,19.6,204,81.03,81.03
2631,7894,UMI,150.0,43.83023,-79.46548,100.0,16.876,16.9,185,54.97,54.97
2631,7895,UMI,270.0,43.83023,-79.46548,100.0,25.597,25.6,256,107.86,107.86
2632,7896,UMI,30.0,43.83023,-79.45877,100.0,14.123,14.1,130,48.63,48.63
2632,7897,UMI,150.0,43.83023,-79.45877,100.0,10.371,10.4,110,40.92,40.92
2632,7898,UMI,270.0,43.83023,-79.45877,100.0,14.165,14.2,139,53.0,53.0
2633,7899,UMI,30.0,43.83023,-79.45207,100.0,9.464,9.5,119,45.53,45.53
2633,7900,UMI,150.0,43.83023,-79.45207,100.0,9.572,9.6,115,38.41,38.41
2633,7901,UMI,270.0,43.83023,-79.45207,100.0,12.012,12.0,109,50.78,50.78
2634,7902,UMI,30.0,43.83023,-79.44536,100.0,14.595,14.6,138,52.01,52.01
2634,7903,UMI,150.0,43.83023,-79.44536,100.0,12.218,12.2,137,44.6,44.6
2634,7904,UMI,270.0,43.83023,-79.44536,100.0,16.455,16.5,144,57.94,57.94
2635,7905,UMI,30.0,43.83023,-79.43865,100.0,17.559,17.6,155,61.93,61.93
2635,7906,UMI,150.0,43.83023,-79.43865,100.0,14.138,14.1,167,62.07,62.07
2635,7907,UMI,270.0,43.83023,-79.43865,100.0,16.478,16.5,177,72.94,72.94
2636,7908,UMI,30.0,43.83023,-79.43194,100.0,19.963,20.0,171,64.92,64.92
2636,7909,UMI,150.0,43.83023,-79.43194,100.0,19.476,19.5,190,64.55,64.55
2636,7910,UMI,270.0,43.83023,-79.43194,100.0,17.67,17.7,177,69.77,69.77
2637,7911,UMI,30.0,43.83023,-79.42523,100.0,20.639,20.6,164,75.52,75.52
2637,7912,UMI,150.0,43.83023,-79.42523,100.0,19.451,19.5,200,77.41,77.41
2637,7913,UMI,270.0,43.83023,-79.42523,100.0,16.633,16.6,161,61.98,61.98
2638,7914,UMI,30.0,43.83023,-79.41853,100.0,18.673,18.7,176,70.51,70.51
2638,7915,UMI,150.0,43.83023,-79.41853,100.0,22.377,22.4,246,92.53,92.53
2638,7916,UMI,270.0,43.83023,-79.41853,100.0,17.629,17.6,187,71.53,71.53
2639,7917,UMI,30.0,43.83023,-79.41182,100.0,18.247,18.2,204,81.79,81.79
2639,7918,UMI,150.0,43.83023,-79.41182,100.0,24.743,24.7,249,90.9,90.9
2639,7919,UMI,270.0,43.83023,-79.41182,100.0,23.718,23.7,224,87.02,87.02
2640,7920,UMI,30.0,43.83023,-79.40511,100.0,21.381,21.4,208,84.62,84.62
2640,7921,UMI,150.0,43.83023,-79.40511,100.0,19.032,19.0,221,81.07,81.07
2640,7922,UMI,270.0,43.83023,-79.40511,100.0,24.38,24.4,212,79.95,79.95
2641,7923,UMI,30.0,43.83023,-79.3984,100.0,20.767,20.8,211,81.49,81.49
2641,7924,UMI,150.0,43.83023,-79.3984,100.0,25.366,25.4,241,95.28,95.28
2641,7925,UMI,270.0,43.83023,-79.3984,100.0,20.905,20.9,197,66.99,66.99
2642,7926,UMI,30.0,43.83023,-79.39169,100.0,19.725,19.7,206,75.5,75.5
2642,7927,UMI,150.0,43.83023,-79.39169,100.0,27.472,27.5,235,98.07,98.07
2642,7928,UMI,270.0,43.83023,-79.39169,100.0,24.466,24.5,225,92.79,92.79
2643,7929,UMI,30.0,43.83023,-79.38498,100.0,25.789,25.8,197,82.64,82.64
2643,7930,UMI,150.0,43.83023,-79.38498,100.0,26.191,26.2,234,95.03,95.03
2643,7931,UMI,270.0,43.83023,-79.38498,100.0,19.959,20.0,201,80.29,80.29
2644,7932,UMI,30.0,43.83023,-79.37828,100.0,22.301,22.3,213,73.19,73.19
2644,7933,UMI,150.0,43.83023,-79.37828,100.0,23.116,23.1,250,93.01,93.01
2644,7934,UMI,270.0,43.83023,-79.37828,100.0,26.699,26.7,213,83.94,83.94
2645,7935,UMI,30.0,43.83023,-79.37157,100.0,17.939,17.9,226,78.31,78.31
2645,7936,UMI,150.0,43.83023,-79.37157,100.0,28.077,28.1,222,81.9,81.9
2645,7937,UMI,270.0,43.83023,-79.37157,100.0,21.898,21.9,219,87.01,87.01
2646,7938,UMI,30.0,43.83023,-79.36486,100.0,16.765,16.8,151,61.8,61.8
2646,7939,UMI,150.0,43.83023,-79.36486,100.0,16.987,17.0,162,69.94,69.94
2646,7940,UMI,270.0,43.83023,-79.36486,100.0,19.581,19.6,189,78.91,78.91
2647,7941,UMI,30.0,43.83023,-79.35815,100.0,15.736,15.7,116,40.75,40.75
2647,7942,UMI,150.0,43.83023,-79.35815,100.0,14.949,14.9,158,56.42,56.42
2647,7943,UMI,270.0,43.83023,-79.35815,100.0,19.007,19.0,148,63.05,63.05
2648,7944,UMI,30.0,43.83023,-79.35144,100.0,17.014,17.0,129,51.87,51.87
2648,7945,UMI,150.0,43.83023,-79.35144,100.0,13.213,13.2,138,46.25,46.25
2648,7946,UMI,270.0,43.83023,-79.35144,100.0,16.204,16.2,153,60.5,60.5
2649,7947,UMI,30.0,43.83023,-79.34474,100.0,12.407,12.4,142,52.29,52.29
2649,7948,UMI,150.0,43.83023,-79.34474,100.0,15.047,15.0,152,60.95,60.95
2649,7949,UMI,270.0,43.83023,-79.34474,100.0,19.346,19.3,150,71.56,71.56
2650,7950,UMI,30.0,43.83023,-79.33803,100.0,13.855,13.9,153,60.4,60.4
2650,7951,UMI,150.0,43.83023,-79.33803,100.0,19.97,20.0,167,73.08,73.08
2650,7952,UMI,270.0,43.83023,-79.33803,100.0,14.853,14.9,154,61.66,61.66
2651,7953,UMI,30.0,43.83023,-79.33132,100.0,14.423,14.4,145,59.99,59.99
2651,7954,UMI,150.0,43.83023,-79.33132,100.0,18.906,18.9,163,69.88,69.88
2651,7955,UMI,270.0,43.83023,-79.33132,100.0,19.033,19.0,148,69.06,69.06
2652,7956,UMI,30.0,43.83023,-79.32461,100.0,22.716,22.7,218,81.19,81.19
2652,7957,UMI,150.0,43.83023,-79.32461,100.0,23.94,23.9,238,94.37,94.37
2652,7958,UMI,270.0,43.83023,-79.32461,100.0,19.538,19.5,192,80.53,80.53
2653,7959,UMI,30.0,43.83023,-79.3179,100.0,29.601,29.6,292,117.79,117.79
2653,7960,UMI,150.0,43.83023,-79.3179,100.0,38.133,38.1,356,142.79,142.79
2653,7961,UMI,270.0,43.83023,-79.3179,100.0,30.764,30.8,280,107.19,107.19
2654,7962,UMI,30.0,43.83023,-79.31119,100.0,32.833,32.8,304,122.21,122.21
2654,7963,UMI,150.0,43.83023,-79.31119,100.0,36.348,36.3,342,133.28,133.28
2654,7964,UMI,270.0,43.83023,-79.31119,100.0,30.389,30.4,311,130.47,130.47
2655,7965,UMI,30.0,43.83023,-79.30449,100.0,28.971,29.0,311,122.86,122.86
2655,7966,UMI,150.0,43.83023,-79.30449,100.0,36.669,36.7,319,136.4,136.4
2655,7967,UMI,270.0,43.83023,-79.30449,100.0,25.802,25.8,283,108.24,108.24
2656,7968,UMI,30.0,43.83023,-79.29778,100.0,46.989,47.0,431,163.65,163.65
2656,7969,UMI,150.0,43.83023,-79.29778,100.0,36.007,36.0,366,133.32,133.32
2656,7970,UMI,270.0,43.83023,-79.29778,100.0,35.914,35.9,368,144.79,144.79
2657,7971,UMI,30.0,43.83023,-79.29107,100.0,48.378,48.4,442,185.94,185.94
2657,7972,UMI,150.0,43.83023,-79.29107,100.0,49.494,49.5,485,184.6,184.6
2657,7973,UMI,270.0,43.83023,-79.29107,100.0,48.322,48.3,437,173.88,173.88
2658,7974,UMI,30.0,43.83023,-79.28436,100.0,49.493,49.5,470,178.52,178.52
2658,7975,UMI,150.0,43.83023,-79.28436,100.0,37.1,37.1,474,163.29,163.29
2658,7976,UMI,270.0,43.83023,-79.28436,100.0,55.762,55.8,536,207.51,207.51
2659,7977,UMI,30.0,43.83023,-79.27765,100.0,44.083,44.1,394,149.08,149.08
2659,7978,UMI,150.0,43.83023,-79.27765,100.0,49.875,49.9,442,175.58,175.58
2659,7979,UMI,270.0,43.83023,-79.27765,100.0,49.926,49.9,440,173.26,173.26
2660,7980,UMI,30.0,43.83023,-79.27095,100.0,35.389,35.4,347,140.35,140.35
2660,7981,UMI,150.0,43.83023,-79.27095,100.0,29.152,29.2,320,119.33,119.33
2660,7982,UMI,270.0,43.83023,-79.27095,100.0,36.346,36.3,336,146.62,146.62
2661,7983,UMI,30.0,43.83023,-79.26424,100.0,28.41,28.4,257,101.22,101.22
2661,7984,UMI,150.0,43.83023,-79.26424,100.0,29.383,29.4,270,109.32,109.32
2661,7985,UMI,270.0,43.83023,-79.26424,100.0,30.222,30.2,279,108.46,108.46
2662,7986,UMI,30.0,43.83023,-79.25753,100.0,19.226,19.2,207,85.46,85.46
2662,7987,UMI,150.0,43.83023,-79.25753,100.0,16.367,16.4,174,63.88,63.88
2662,7988,UMI,270.0,43.83023,-79.25753,100.0,24.264,24.3,227,103.89,103.89
2663,7989,UMI,30.0,43.83023,-79.25082,100.0,16.428,16.4,160,65.59,65.59
2663,7990,UMI,150.0,43.83023,-79.25082,100.0,17.513,17.5,166,70.23,70.23
2663,7991,UMI,270.0,43.83023,-79.25082,100.0,17.835,17.8,172,72.79,72.79
2664,7992,UMI,30.0,43.83023,-79.24411,100.0,15.311,15.3,146,63.56,63.56
2664,7993,UMI,150.0,43.83023,-79.24411,100.0,21.917,21.9,162,64.84,64.84
2664,7994,UMI,270.0,43.83023,-79.24411,100.0,16.991,17.0,171,65.07,65.07
2665,7995,UMI,30.0,43.83023,-79.23741,100.0,15.415,15.4,188,60.98,60.98
2665,7996,UMI,150.0,43.83023,-79.23741,100.0,29.877,29.9,230,109.43,109.43
2665,7997,UMI,270.0,43.83023,-79.23741,100.0,16.303,16.3,142,64.02,64.02
2666,7998,UMI,30.0,43.83023,-79.2307,100.0,27.29,27.3,220,88.78,88.78
2666,7999,UMI,150.0,43.83023,-79.2307,100.0,20.563,20.6,201,75.85,75.85
2666,8000,UMI,270.0,43.83023,-79.2307,100.0,21.404,21.4,236,82.95,82.95
2667,8001,UMI,30.0,43.83023,-79.22399,100.0,13.187,13.2,132,51.95,51.95
2667,8002,UMI,150.0,43.83023,-79.22399,100.0,14.52,14.5,144,57.39,57.39
2667,8003,UMI,270.0,43.83023,-79.22399,100.0,21.829,21.8,182,75.92,75.92
2668,8004,UMI,30.0,43.83023,-79.21728,100.0,5.192,5.2,51,21.92,21.92
2668,8005,UMI,150.0,43.83023,-79.21728,100.0,11.152,11.2,114,42.52,42.52
2668,8006,UMI,270.0,43.83023,-79.21728,100.0,15.697,15.7,118,57.32,57.32
2669,8007,UMI,30.0,43.83023,-79.21057,100.0,7.342,7.3,44,19.0,19.0
2669,8008,UMI,150.0,43.83023,-79.21057,100.0,9.114,9.1,83,31.85,31.85
2669,8009,UMI,270.0,43.83023,-79.21057,100.0,5.411,5.4,69,19.05,19.05
2670,8010,UMI,30.0,43.83023,-79.19045,100.0,2.954,3.0,29,10.69,10.69
2670,8011,UMI,150.0,43.83023,-79.19045,100.0,2.278,2.3,32,9.75,9.75
2670,8012,UMI,270.0,43.83023,-79.19045,100.0,3.609,3.6,25,14.32,14.32
2671,8013,UMI,30.0,43.83023,-79.17703,100.0,2.14,2.1,29,8.97,8.97
2671,8014,UMI,150.0,43.83023,-79.17703,100.0,2.262,2.3,37,10.87,10.87
2671,8015,UMI,270.0,43.83023,-79.17703,100.0,3.005,3.0,35,12.42,12.42
2672,8016,UMI,30.0,43.83023,-79.17032,100.0,3.015,3.0,35,13.25,13.25
2672,8017,UMI,150.0,43.83023,-79.17032,100.0,2.411,2.4,31,9.71,9.71
2672,8018,UMI,270.0,43.83023,-79.17032,100.0,5.287,5.3,29,14.61,14.61
2673,8019,UMI,30.0,43.83023,-79.1502,100.0,7.991,8.0,88,35.26,35.26
2673,8020,UMI,150.0,43.83023,-79.1502,100.0,8.837,8.8,116,36.91,36.91
2673,8021,UMI,270.0,43.83023,-79.1502,100.0,6.109,6.1,66,27.08,27.08
2674,8022,UMI,30.0,43.83023,-79.14349,100.0,7.423,7.4,101,31.07,31.07
2674,8023,UMI,150.0,43.83023,-79.14349,100.0,13.721,13.7,145,55.37,55.37
2674,8024,UMI,270.0,43.83023,-79.14349,100.0,12.615,12.6,108,51.0,51.0
2675,8025,UMI,30.0,43.83023,-79.13678,100.0,14.29,14.3,153,53.49,53.49
2675,8026,UMI,150.0,43.83023,-79.13678,100.0,23.732,23.7,181,67.72,67.72
2675,8027,UMI,270.0,43.83023,-79.13678,100.0,19.456,19.5,151,70.31,70.31
2676,8028,UMI,30.0,43.83023,-79.13007,100.0,27.214,27.2,281,106.48,106.48
2676,8029,UMI,150.0,43.83023,-79.13007,100.0,32.195,32.2,332,121.19,121.19
2676,8030,UMI,270.0,43.83023,-79.13007,100.0,27.691,27.7,268,105.59,105.59
2677,8031,UMI,30.0,43.83023,-79.12337,100.0,37.983,38.0,319,136.15,136.15
2677,8032,UMI,150.0,43.83023,-79.12337,100.0,35.869,35.9,343,130.12,130.12
2677,8033,UMI,270.0,43.83023,-79.12337,100.0,34.275,34.3,341,130.19,130.19
2678,8034,UMI,30.0,43.83023,-79.11666,100.0,38.678,38.7,349,145.12,145.12
2678,8035,UMI,150.0,43.83023,-79.11666,100.0,29.653,29.7,331,113.23,113.23
2678,8036,UMI,270.0,43.83023,-79.11666,100.0,38.15,38.1,333,140.94,140.94
2679,8037,UMI,30.0,43.83023,-79.10995,100.0,37.906,37.9,310,128.48,128.48
2679,8038,UMI,150.0,43.83023,-79.10995,100.0,30.567,30.6,313,122.0,122.0
2679,8039,UMI,270.0,43.83023,-79.10995,100.0,35.689,35.7,337,148.79,148.79
2680,8040,UMI,30.0,43.83023,-79.10324,100.0,35.226,35.2,307,127.84,127.84
2680,8041,UMI,150.0,43.83023,-79.10324,100.0,31.635,31.6,272,95.41,95.41
2680,8042,UMI,270.0,43.83023,-79.10324,100.0,31.27,31.3,310,130.92,130.92
2681,8043,UMI,30.0,43.83023,-79.09653,100.0,23.001,23.0,213,84.1,84.1
2681,8044,UMI,150.0,43.83023,-79.09653,100.0,21.513,21.5,213,85.98,85.98
2681,8045,UMI,270.0,43.83023,-79.09653,100.0,23.924,23.9,236,84.94,84.94
2682,8046,UMI,30.0,43.83023,-79.08983,100.0,15.938,15.9,166,67.81,67.81
2682,8047,UMI,150.0,43.83023,-79.08983,100.0,18.874,18.9,170,70.88,70.88
2682,8048,UMI,270.0,43.83023,-79.08983,100.0,20.547,20.5,192,76.45,76.45
2683,8049,UMI,30.0,43.83023,-79.08312,100.0,18.072,18.1,154,61.71,61.71
2683,8050,UMI,150.0,43.83023,-79.08312,100.0,19.635,19.6,198,67.85,67.85
2683,8051,UMI,270.0,43.83023,-79.08312,100.0,15.728,15.7,164,69.1,69.1
2684,8052,UMI,30.0,43.83023,-79.07641,100.0,14.444,14.4,146,49.22,49.22
2684,8053,UMI,150.0,43.83023,-79.07641,100.0,20.928,20.9,151,60.57,60.57
2684,8054,UMI,270.0,43.83023,-79.07641,100.0,18.039,18.0,165,71.32,71.32
2685,8055,UMI,30.0,43.83023,-79.0697,100.0,11.571,11.6,118,41.1,41.1
2685,8056,UMI,150.0,43.83023,-79.0697,100.0,14.179,14.2,106,48.61,48.61
2685,8057,UMI,270.0,43.83023,-79.0697,100.0,19.078,19.1,143,61.81,61.81
2686,8058,UMI,30.0,43.83023,-79.06299,100.0,11.72,11.7,96,34.35,34.35
2686,8059,UMI,150.0,43.83023,-79.06299,100.0,9.316,9.3,107,37.72,37.72
2686,8060,UMI,270.0,43.83023,-79.06299,100.0,8.886,8.9,94,36.19,36.19
2687,8061,UMI,30.0,43.83023,-79.05629,100.0,8.111,8.1,77,30.75,30.75
2687,8062,UMI,150.0,43.83023,-79.05629,100.0,9.784,9.8,77,28.24,28.24
2687,8063,UMI,270.0,43.83023,-79.05629,100.0,7.728,7.7,71,32.53,32.53
2688,8064,UMI,30.0,43.83023,-79.04958,100.0,6.365,6.4,57,24.05,24.05
2688,8065,UMI,150.0,43.83023,-79.04958,100.0,7.321,7.3,65,29.16,29.16
2688,8066,UMI,270.0,43.83023,-79.04958,100.0,8.875,8.9,74,33.16,33.16
2689,8067,UMI,30.0,43.83023,-79.04287,100.0,5.341,5.3,55,18.12,18.12
2689,8068,UMI,150.0,43.83023,-79.04287,100.0,4.929,4.9,44,16.71,16.71
2689,8069,UMI,270.0,43.83023,-79.04287,100.0,6.164,6.2,44,18.4,18.4
2690,8070,UMI,30.0,43.83023,-79.03616,100.0,11.8,11.8,101,41.94,41.94
2690,8071,UMI,150.0,43.83023,-79.03616,100.0,8.398,8.4,81,33.75,33.75
2690,8072,UMI,270.0,43.83023,-79.03616,100.0,5.268,5.3,56,23.28,23.28
2691,8073,UMI,30.0,43.83023,-79.02945,100.0,15.481,15.5,153,62.89,62.89
2691,8074,UMI,150.0,43.83023,-79.02945,100.0,14.507,14.5,139,51.84,51.84
2691,8075,UMI,270.0,43.83023,-79.02945,100.0,12.998,13.0,119,50.62,50.62
2692,8076,UMI,30.0,43.83023,-79.02274,100.0,26.59,26.6,207,81.36,81.36
2692,8077,UMI,150.0,43.83023,-79.02274,100.0,19.748,19.7,184,76.97,76.97
2692,8078,UMI,270.0,43.83023,-79.02274,100.0,14.657,14.7,166,58.75,58.75
2693,8079,UMI,30.0,43.83023,-79.01604,100.0,27.096,27.1,279,103.59,103.59
2693,8080,UMI,150.0,43.83023,-79.01604,100.0,21.976,22.0,228,78.51,78.51
2693,8081,UMI,270.0,43.83023,-79.01604,100.0,22.353,22.4,241,100.64,100.64
2694,8082,UMI,30.0,43.83023,-79.00933,100.0,34.59,34.6,341,135.73,135.73
2694,8083,UMI,150.0,43.83023,-79.00933,100.0,21.747,21.7,252,91.47,91.47
2694,8084,UMI,270.0,43.83023,-79.00933,100.0,29.986,30.0,317,116.63,116.63
2695,8085,UMI,30.0,43.83023,-79.00262,100.0,19.007,19.0,222,84.55,84.55
2695,8086,UMI,150.0,43.83023,-79.00262,100.0,26.809,26.8,229,89.33,89.33
2695,8087,UMI,270.0,43.83023,-79.00262,100.0,27.073,27.1,288,104.67,104.67
2696,8088,UMI,30.0,43.83023,-78.99591,100.0,16.148,16.1,152,61.96,61.96
2696,8089,UMI,150.0,43.83023,-78.99591,100.0,14.924,14.9,118,44.18,44.18
2696,8090,UMI,270.0,43.83023,-78.99591,100.0,22.036,22.0,167,74.26,74.26
2697,8091,UMI,30.0,43.83023,-78.9892,100.0,9.022,9.0,101,36.78,36.78
2697,8092,UMI,150.0,43.83023,-78.9892,100.0,6.936,6.9,79,29.6,29.6
2697,8093,UMI,270.0,43.83023,-78.9892,100.0,14.005,14.0,103,42.29,42.29
2698,8094,UMI,30.0,43.83023,-78.9825,100.0,11.556,11.6,67,34.88,34.88
2698,8095,UMI,150.0,43.83023,-78.9825,100.0,6.797,6.8,67,23.93,23.93
2698,8096,UMI,270.0,43.83023,-78.9825,100.0,7.996,8.0,74,25.55,25.55
2699,8097,UMI,30.0,43.83443,-79.52921,100.0,7.699,7.7,51,24.8,24.8
2699,8098,UMI,150.0,43.83443,-79.52921,100.0,10.419,10.4,62,22.38,22.38
2699,8099,UMI,270.0,43.83443,-79.52921,100.0,3.34,3.3,41,14.68,14.68
2700,8100,UMI,30.0,43.83443,-79.5225,100.0,10.679,10.7,99,41.95,41.95
2700,8101,UMI,150.0,43.83443,-79.5225,100.0,11.48,11.5,87,39.02,39.02
2700,8102,UMI,270.0,43.83443,-79.5225,100.0,8.07,8.1,70,26.44,26.44
2701,8103,UMI,30.0,43.83443,-79.51579,100.0,11.744,11.7,126,49.3,49.3
2701,8104,UMI,150.0,43.83443,-79.51579,100.0,14.19,14.2,116,53.53,53.53
2701,8105,UMI,270.0,43.83443,-79.51579,100.0,10.447,10.4,107,49.41,49.41
2702,8106,UMI,30.0,43.83443,-79.50909,100.0,17.925,17.9,163,71.97,71.97
2702,8107,UMI,150.0,43.83443,-79.50909,100.0,15.032,15.0,133,61.26,61.26
2702,8108,UMI,270.0,43.83443,-79.50909,100.0,16.891,16.9,153,64.67,64.67
2703,8109,UMI,30.0,43.83443,-79.50238,100.0,15.82,15.8,148,54.86,54.86
2703,8110,UMI,150.0,43.83443,-79.50238,100.0,12.405,12.4,121,48.73,48.73
2703,8111,UMI,270.0,43.83443,-79.50238,100.0,17.531,17.5,127,67.24,67.24
2704,8112,UMI,30.0,43.83443,-79.49567,100.0,15.98,16.0,169,66.8,66.8
2704,8113,UMI,150.0,43.83443,-79.49567,100.0,18.676,18.7,163,72.44,72.44
2704,8114,UMI,270.0,43.83443,-79.49567,100.0,15.331,15.3,152,59.37,59.37
2705,8115,UMI,30.0,43.83443,-79.48896,100.0,24.536,24.5,227,88.08,88.08
2705,8116,UMI,150.0,43.83443,-79.48896,100.0,17.944,17.9,207,75.24,75.24
2705,8117,UMI,270.0,43.83443,-79.48896,100.0,20.669,20.7,208,83.4,83.4
2706,8118,UMI,30.0,43.83443,-79.48225,100.0,27.944,27.9,253,107.44,107.44
2706,8119,UMI,150.0,43.83443,-79.48225,100.0,20.085,20.1,205,79.06,79.06
2706,8120,UMI,270.0,43.83443,-79.48225,100.0,27.944,27.9,215,101.94,101.94
2707,8121,UMI,30.0,43.83443,-79.47554,100.0,25.156,25.2,287,101.61,101.61
2707,8122,UMI,150.0,43.83443,-79.47554,100.0,26.037,26.0,260,106.44,106.44
2707,8123,UMI,270.0,43.83443,-79.47554,100.0,17.637,17.6,208,72.96,72.96
2708,8124,UMI,30.0,43.83443,-79.46884,100.0,30.691,30.7,291,119.3,119.3
2708,8125,UMI,150.0,43.83443,-79.46884,100.0,23.524,23.5,238,86.68,86.68
2708,8126,UMI,270.0,43.83443,-79.46884,100.0,24.017,24.0,247,92.91,92.91
2709,8127,UMI,30.0,43.83443,-79.46213,100.0,21.843,21.8,197,72.49,72.49
2709,8128,UMI,150.0,43.83443,-79.46213,100.0,18.165,18.2,182,66.01,66.01
2709,8129,UMI,270.0,43.83443,-79.46213,100.0,25.373,25.4,225,89.2,89.2
2710,8130,UMI,30.0,43.83443,-79.45542,100.0,15.423,15.4,175,60.8,60.8
2710,8131,UMI,150.0,43.83443,-79.45542,100.0,15.586,15.6,152,63.35,63.35
2710,8132,UMI,270.0,43.83443,-79.45542,100.0,15.728,15.7,168,61.98,61.98
2711,8133,UMI,30.0,43.83443,-79.44871,100.0,17.795,17.8,169,71.26,71.26
2711,8134,UMI,150.0,43.83443,-79.44871,100.0,15.672,15.7,132,59.44,59.44
2711,8135,UMI,270.0,43.83443,-79.44871,100.0,10.645,10.6,125,46.8,46.8
2712,8136,UMI,30.0,43.83443,-79.442,100.0,26.7,26.7,227,93.56,93.56
2712,8137,UMI,150.0,43.83443,-79.442,100.0,21.58,21.6,196,77.79,77.79
2712,8138,UMI,270.0,43.83443,-79.442,100.0,19.718,19.7,204,75.74,75.74
2713,8139,UMI,30.0,43.83443,-79.4353,100.0,20.441,20.4,199,85.04,85.04
2713,8140,UMI,150.0,43.83443,-79.4353,100.0,17.822,17.8,182,72.73,72.73
2713,8141,UMI,270.0,43.83443,-79.4353,100.0,26.57,26.6,233,95.4,95.4
2714,8142,UMI,30.0,43.83443,-79.42859,100.0,18.665,18.7,168,69.67,69.67
2714,8143,UMI,150.0,43.83443,-79.42859,100.0,21.01,21.0,154,63.98,63.98
2714,8144,UMI,270.0,43.83443,-79.42859,100.0,13.66,13.7,151,53.84,53.84
2715,8145,UMI,30.0,43.83443,-79.42188,100.0,18.354,18.4,142,63.46,63.46
2715,8146,UMI,150.0,43.83443,-79.42188,100.0,20.978,21.0,143,67.92,67.92
2715,8147,UMI,270.0,43.83443,-79.42188,100.0,12.216,12.2,140,49.66,49.66
2716,8148,UMI,30.0,43.83443,-79.41517,100.0,18.656,18.7,176,66.9,66.9
2716,8149,UMI,150.0,43.83443,-79.41517,100.0,16.617,16.6,176,73.89,73.89
2716,8150,UMI,270.0,43.83443,-79.41517,100.0,16.356,16.4,166,69.29,69.29
2717,8151,UMI,30.0,43.83443,-79.40846,100.0,14.203,14.2,164,56.2,56.2
2717,8152,UMI,150.0,43.83443,-79.40846,100.0,22.624,22.6,207,78.03,78.03
2717,8153,UMI,270.0,43.83443,-79.40846,100.0,22.397,22.4,168,71.33,71.33
2718,8154,UMI,30.0,43.83443,-79.40175,100.0,18.802,18.8,173,59.7,59.7
2718,8155,UMI,150.0,43.83443,-79.40175,100.0,19.901,19.9,181,69.93,69.93
2718,8156,UMI,270.0,43.83443,-79.40175,100.0,27.101,27.1,218,90.45,90.45
2719,8157,UMI,30.0,43.83443,-79.39505,100.0,15.499,15.5,160,60.33,60.33
2719,8158,UMI,150.0,43.83443,-79.39505,100.0,20.227,20.2,184,73.43,73.43
2719,8159,UMI,270.0,43.83443,-79.39505,100.0,17.232,17.2,192,70.69,70.69
2720,8160,UMI,30.0,43.83443,-79.38834,100.0,13.807,13.8,163,51.86,51.86
2720,8161,UMI,150.0,43.83443,-79.38834,100.0,14.619,14.6,153,55.61,55.61
2720,8162,UMI,270.0,43.83443,-79.38834,100.0,17.066,17.1,162,67.95,67.95
2721,8163,UMI,30.0,43.83443,-79.38163,100.0,14.03,14.0,128,48.68,48.68
2721,8164,UMI,150.0,43.83443,-79.38163,100.0,21.011,21.0,177,79.03,79.03
2721,8165,UMI,270.0,43.83443,-79.38163,100.0,19.977,20.0,144,55.45,55.45
2722,8166,UMI,30.0,43.83443,-79.37492,100.0,11.021,11.0,118,49.05,49.05
2722,8167,UMI,150.0,43.83443,-79.37492,100.0,23.554,23.6,183,85.98,85.98
2722,8168,UMI,270.0,43.83443,-79.37492,100.0,14.323,14.3,150,57.28,57.28
2723,8169,UMI,30.0,43.83443,-79.36821,100.0,8.03,8.0,105,35.78,35.78
2723,8170,UMI,150.0,43.83443,-79.36821,100.0,16.695,16.7,144,65.39,65.39
2723,8171,UMI,270.0,43.83443,-79.36821,100.0,13.337,13.3,144,55.69,55.69
2724,8172,UMI,30.0,43.83443,-79.36151,100.0,17.286,17.3,113,49.6,49.6
2724,8173,UMI,150.0,43.83443,-79.36151,100.0,10.131,10.1,124,42.91,42.91
2724,8174,UMI,270.0,43.83443,-79.36151,100.0,8.755,8.8,95,35.24,35.24
2725,8175,UMI,30.0,43.83443,-79.3548,100.0,11.486,11.5,100,44.7,44.7
2725,8176,UMI,150.0,43.83443,-79.3548,100.0,14.954,15.0,129,48.0,48.0
2725,8177,UMI,270.0,43.83443,-79.3548,100.0,10.958,11.0,114,39.96,39.96
2726,8178,UMI,30.0,43.83443,-79.34809,100.0,14.227,14.2,111,46.86,46.86
2726,8179,UMI,150.0,43.83443,-79.34809,100.0,15.807,15.8,131,55.88,55.88
2726,8180,UMI,270.0,43.83443,-79.34809,100.0,8.816,8.8,122,35.68,35.68
2727,8181,UMI,30.0,43.83443,-79.34138,100.0,9.19,9.2,107,43.41,43.41
2727,8182,UMI,150.0,43.83443,-79.34138,100.0,13.026,13.0,123,47.07,47.07
2727,8183,UMI,270.0,43.83443,-79.34138,100.0,13.553,13.6,132,47.76,47.76
2728,8184,UMI,30.0,43.83443,-79.33467,100.0,12.739,12.7,123,49.47,49.47
2728,8185,UMI,150.0,43.83443,-79.33467,100.0,13.629,13.6,140,50.39,50.39
2728,8186,UMI,270.0,43.83443,-79.33467,100.0,19.542,19.5,134,58.4,58.4
2729,8187,UMI,30.0,43.83443,-79.32797,100.0,17.022,17.0,133,59.6,59.6
2729,8188,UMI,150.0,43.83443,-79.32797,100.0,14.488,14.5,136,55.97,55.97
2729,8189,UMI,270.0,43.83443,-79.32797,100.0,15.497,15.5,143,59.23,59.23
2730,8190,UMI,30.0,43.83443,-79.32126,100.0,17.126,17.1,161,63.07,63.07
2730,8191,UMI,150.0,43.83443,-79.32126,100.0,20.749,20.7,205,77.84,77.84
2730,8192,UMI,270.0,43.83443,-79.32126,100.0,11.093,11.1,142,48.21,48.21
2731,8193,UMI,30.0,43.83443,-79.31455,100.0,23.335,23.3,211,98.08,98.08
2731,8194,UMI,150.0,43.83443,-79.31455,100.0,31.093,31.1,273,111.08,111.08
2731,8195,UMI,270.0,43.83443,-79.31455,100.0,20.102,20.1,198,79.53,79.53
2732,8196,UMI,30.0,43.83443,-79.30784,100.0,24.309,24.3,253,93.45,93.45
2732,8197,UMI,150.0,43.83443,-79.30784,100.0,34.464,34.5,292,115.11,115.11
2732,8198,UMI,270.0,43.83443,-79.30784,100.0,23.603,23.6,242,90.29,90.29
2733,8199,UMI,30.0,43.83443,-79.30113,100.0,35.633,35.6,350,137.54,137.54
2733,8200,UMI,150.0,43.83443,-79.30113,100.0,34.376,34.4,372,143.28,143.28
2733,8201,UMI,270.0,43.83443,-79.30113,100.0,35.196,35.2,315,138.99,138.99
2734,8202,UMI,30.0,43.83443,-79.29442,100.0,43.243,43.2,417,163.31,163.31
2734,8203,UMI,150.0,43.83443,-79.29442,100.0,38.474,38.5,413,156.78,156.78
2734,8204,UMI,270.0,43.83443,-79.29442,100.0,40.871,40.9,415,170.03,170.03
2735,8205,UMI,30.0,43.83443,-79.28772,100.0,42.722,42.7,435,157.71,157.71
2735,8206,UMI,150.0,43.83443,-79.28772,100.0,46.16,46.2,475,191.22,191.22
2735,8207,UMI,270.0,43.83443,-79.28772,100.0,39.916,39.9,430,168.44,168.44
2736,8208,UMI,30.0,43.83443,-79.28101,100.0,51.788,51.8,441,186.18,186.18
2736,8209,UMI,150.0,43.83443,-79.28101,100.0,43.755,43.8,460,169.97,169.97
2736,8210,UMI,270.0,43.83443,-79.28101,100.0,46.069,46.1,447,180.64,180.64
2737,8211,UMI,30.0,43.83443,-79.2743,100.0,44.243,44.2,427,164.89,164.89
2737,8212,UMI,150.0,43.83443,-79.2743,100.0,35.862,35.9,361,141.92,141.92
2737,8213,UMI,270.0,43.83443,-79.2743,100.0,43.933,43.9,412,165.26,165.26
2738,8214,UMI,30.0,43.83443,-79.26759,100.0,38.996,39.0,360,148.67,148.67
2738,8215,UMI,150.0,43.83443,-79.26759,100.0,27.786,27.8,323,112.44,112.44
2738,8216,UMI,270.0,43.83443,-79.26759,100.0,37.324,37.3,388,155.73,155.73
2739,8217,UMI,30.0,43.83443,-79.26088,100.0,30.903,30.9,302,117.08,117.08
2739,8218,UMI,150.0,43.83443,-79.26088,100.0,20.218,20.2,238,85.89,85.89
2739,8219,UMI,270.0,43.83443,-79.26088,100.0,23.245,23.2,234,94.32,94.32
2740,8220,UMI,30.0,43.83443,-79.25418,100.0,17.85,17.8,194,71.78,71.78
2740,8221,UMI,150.0,43.83443,-79.25418,100.0,16.013,16.0,181,71.77,71.77
2740,8222,UMI,270.0,43.83443,-79.25418,100.0,28.888,28.9,266,109.02,109.02
2741,8223,UMI,30.0,43.83443,-79.24747,100.0,13.089,13.1,135,54.94,54.94
2741,8224,UMI,150.0,43.83443,-79.24747,100.0,14.533,14.5,126,52.91,52.91
2741,8225,UMI,270.0,43.83443,-79.24747,100.0,12.195,12.2,152,50.16,50.16
2742,8226,UMI,30.0,43.83443,-79.24076,100.0,11.429,11.4,125,49.07,49.07
2742,8227,UMI,150.0,43.83443,-79.24076,100.0,11.681,11.7,137,53.2,53.2
2742,8228,UMI,270.0,43.83443,-79.24076,100.0,12.703,12.7,137,52.28,52.28
2743,8229,UMI,30.0,43.83443,-79.23405,100.0,17.407,17.4,154,65.0,65.0
2743,8230,UMI,150.0,43.83443,-79.23405,100.0,19.015,19.0,172,70.13,70.13
2743,8231,UMI,270.0,43.83443,-79.23405,100.0,13.208,13.2,145,56.38,56.38
2744,8232,UMI,30.0,43.83443,-79.22734,100.0,15.763,15.8,147,72.71,72.71
2744,8233,UMI,150.0,43.83443,-79.22734,100.0,19.634,19.6,169,76.05,76.05
2744,8234,UMI,270.0,43.83443,-79.22734,100.0,26.475,26.5,183,81.56,81.56
2745,8235,UMI,30.0,43.83443,-79.22063,100.0,5.475,5.5,64,25.86,25.86
2745,8236,UMI,150.0,43.83443,-79.22063,100.0,5.058,5.1,63,20.48,20.48
2745,8237,UMI,270.0,43.83443,-79.22063,100.0,11.35,11.4,100,39.01,39.01
2746,8238,UMI,30.0,43.83443,-79.20722,100.0,6.119,6.1,28,16.56,16.56
2746,8239,UMI,150.0,43.83443,-79.20722,100.0,3.24,3.2,29,6.99,6.99
2746,8240,UMI,270.0,43.83443,-79.20722,100.0,2.634,2.6,32,12.13,12.13
2747,8241,UMI,30.0,43.83443,-79.18039,100.0,2.005,2.0,23,8.32,8.32
2747,8242,UMI,150.0,43.83443,-79.18039,100.0,3.118,3.1,28,12.56,12.56
2747,8243,UMI,270.0,43.83443,-79.18039,100.0,2.843,2.8,33,11.87,11.87
2748,8244,UMI,30.0,43.83443,-79.15355,100.0,4.124,4.1,48,21.99,21.99
2748,8245,UMI,150.0,43.83443,-79.15355,100.0,5.867,5.9,66,22.14,22.14
2748,8246,UMI,270.0,43.83443,-79.15355,100.0,3.02,3.0,35,13.56,13.56
2749,8247,UMI,30.0,43.83443,-79.14685,100.0,5.9,5.9,60,20.86,20.86
2749,8248,UMI,150.0,43.83443,-79.14685,100.0,7.794,7.8,87,35.15,35.15
2749,8249,UMI,270.0,43.83443,-79.14685,100.0,7.357,7.4,69,26.71,26.71
2750,8250,UMI,30.0,43.83443,-79.14014,100.0,9.082,9.1,90,33.17,33.17
2750,8251,UMI,150.0,43.83443,-79.14014,100.0,12.074,12.1,121,46.42,46.42
2750,8252,UMI,270.0,43.83443,-79.14014,100.0,7.595,7.6,83,37.81,37.81
2751,8253,UMI,30.0,43.83443,-79.13343,100.0,18.497,18.5,195,67.91,67.91
2751,8254,UMI,150.0,43.83443,-79.13343,100.0,21.271,21.3,230,81.34,81.34
2751,8255,UMI,270.0,43.83443,-79.13343,100.0,16.405,16.4,165,67.1,67.1
2752,8256,UMI,30.0,43.83443,-79.12672,100.0,21.472,21.5,238,96.47,96.47
2752,8257,UMI,150.0,43.83443,-79.12672,100.0,29.084,29.1,302,109.02,109.02
2752,8258,UMI,270.0,43.83443,-79.12672,100.0,22.268,22.3,249,88.12,88.12
2753,8259,UMI,30.0,43.83443,-79.12001,100.0,28.038,28.0,306,112.58,112.58
2753,8260,UMI,150.0,43.83443,-79.12001,100.0,34.721,34.7,343,137.11,137.11
2753,8261,UMI,270.0,43.83443,-79.12001,100.0,32.661,32.7,306,133.18,133.18
2754,8262,UMI,30.0,43.83443,-79.1133,100.0,36.943,36.9,334,134.21,134.21
2754,8263,UMI,150.0,43.83443,-79.1133,100.0,30.95,30.9,345,125.59,125.59
2754,8264,UMI,270.0,43.83443,-79.1133,100.0,31.571,31.6,295,116.69,116.69
2755,8265,UMI,30.0,43.83443,-79.1066,100.0,35.502,35.5,366,142.15,142.15
2755,8266,UMI,150.0,43.83443,-79.1066,100.0,37.913,37.9,342,140.68,140.68
2755,8267,UMI,270.0,43.83443,-79.1066,100.0,31.114,31.1,344,124.92,124.92
2756,8268,UMI,30.0,43.83443,-79.09989,100.0,32.92,32.9,296,118.93,118.93
2756,8269,UMI,150.0,43.83443,-79.09989,100.0,29.25,29.2,334,125.71,125.71
2756,8270,UMI,270.0,43.83443,-79.09989,100.0,36.826,36.8,347,145.9,145.9
2757,8271,UMI,30.0,43.83443,-79.09318,100.0,31.021,31.0,259,101.99,101.99
2757,8272,UMI,150.0,43.83443,-79.09318,100.0,25.232,25.2,204,77.16,77.16
2757,8273,UMI,270.0,43.83443,-79.09318,100.0,29.64,29.6,280,121.08,121.08
2758,8274,UMI,30.0,43.83443,-79.08647,100.0,14.919,14.9,169,61.46,61.46
2758,8275,UMI,150.0,43.83443,-79.08647,100.0,15.143,15.1,166,62.16,62.16
2758,8276,UMI,270.0,43.83443,-79.08647,100.0,15.889,15.9,180,64.4,64.4
2759,8277,UMI,30.0,43.83443,-79.07976,100.0,13.893,13.9,153,58.26,58.26
2759,8278,UMI,150.0,43.83443,-79.07976,100.0,17.547,17.5,171,74.23,74.23
2759,8279,UMI,270.0,43.83443,-79.07976,100.0,22.274,22.3,177,63.81,63.81
2760,8280,UMI,30.0,43.83443,-79.07306,100.0,11.526,11.5,143,53.03,53.03
2760,8281,UMI,150.0,43.83443,-79.07306,100.0,14.545,14.5,126,48.51,48.51
2760,8282,UMI,270.0,43.83443,-79.07306,100.0,12.224,12.2,135,57.72,57.72
2761,8283,UMI,30.0,43.83443,-79.06635,100.0,9.559,9.6,89,36.56,36.56
2761,8284,UMI,150.0,43.83443,-79.06635,100.0,9.672,9.7,115,39.64,39.64
2761,8285,UMI,270.0,43.83443,-79.06635,100.0,11.784,11.8,126,48.13,48.13
2762,8286,UMI,30.0,43.83443,-79.05964,100.0,6.709,6.7,61,25.46,25.46
2762,8287,UMI,150.0,43.83443,-79.05964,100.0,6.699,6.7,58,22.23,22.23
2762,8288,UMI,270.0,43.83443,-79.05964,100.0,8.812,8.8,81,35.77,35.77
2763,8289,UMI,30.0,43.83443,-79.05293,100.0,9.602,9.6,59,26.93,26.93
2763,8290,UMI,150.0,43.83443,-79.05293,100.0,4.649,4.6,63,19.81,19.81
2763,8291,UMI,270.0,43.83443,-79.05293,100.0,5.935,5.9,53,20.52,20.52
2764,8292,UMI,30.0,43.83443,-79.04622,100.0,9.922,9.9,57,28.59,28.59
2764,8293,UMI,150.0,43.83443,-79.04622,100.0,4.638,4.6,43,12.93,12.93
2764,8294,UMI,270.0,43.83443,-79.04622,100.0,4.768,4.8,55,18.68,18.68
2765,8295,UMI,30.0,43.83443,-79.03951,100.0,5.986,6.0,63,23.58,23.58
2765,8296,UMI,150.0,43.83443,-79.03951,100.0,5.222,5.2,62,21.1,21.1
2765,8297,UMI,270.0,43.83443,-79.03951,100.0,6.823,6.8,61,27.19,27.19
2766,8298,UMI,30.0,43.83443,-79.03281,100.0,9.045,9.0,111,37.36,37.36
2766,8299,UMI,150.0,43.83443,-79.03281,100.0,10.156,10.2,107,35.0,35.0
2766,8300,UMI,270.0,43.83443,-79.03281,100.0,8.409,8.4,96,31.74,31.74
2767,8301,UMI,30.0,43.83443,-79.0261,100.0,14.945,14.9,188,66.9,66.9
2767,8302,UMI,150.0,43.83443,-79.0261,100.0,15.027,15.0,167,56.83,56.83
2767,8303,UMI,270.0,43.83443,-79.0261,100.0,12.083,12.1,119,47.2,47.2
2768,8304,UMI,30.0,43.83443,-79.01939,100.0,23.689,23.7,219,95.15,95.15
2768,8305,UMI,150.0,43.83443,-79.01939,100.0,22.839,22.8,215,75.7,75.7
2768,8306,UMI,270.0,43.83443,-79.01939,100.0,17.273,17.3,174,63.98,63.98
2769,8307,UMI,30.0,43.83443,-79.01268,100.0,29.136,29.1,325,119.45,119.45
2769,8308,UMI,150.0,43.83443,-79.01268,100.0,34.676,34.7,349,140.11,140.11
2769,8309,UMI,270.0,43.83443,-79.01268,100.0,30.372,30.4,285,121.1,121.1
2770,8310,UMI,30.0,43.83443,-79.00597,100.0,41.024,41.0,343,144.55,144.55
2770,8311,UMI,150.0,43.83443,-79.00597,100.0,31.411,31.4,319,115.27,115.27
2770,8312,UMI,270.0,43.83443,-79.00597,100.0,31.133,31.1,291,123.74,123.74
2771,8313,UMI,30.0,43.83443,-78.99927,100.0,19.42,19.4,204,85.51,85.51
2771,8314,UMI,150.0,43.83443,-78.99927,100.0,23.391,23.4,216,93.06,93.06
2771,8315,UMI,270.0,43.83443,-78.99927,100.0,28.034,28.0,273,112.06,112.06
2772,8316,UMI,30.0,43.83443,-78.99256,100.0,20.479,20.5,152,65.15,65.15
2772,8317,UMI,150.0,43.83443,-78.99256,100.0,11.741,11.7,126,49.42,49.42
2772,8318,UMI,270.0,43.83443,-78.99256,100.0,22.101,22.1,159,71.27,71.27
2773,8319,UMI,30.0,43.83443,-78.98585,100.0,12.842,12.8,119,46.56,46.56
2773,8320,UMI,150.0,43.83443,-78.98585,100.0,6.136,6.1,100,28.75,28.75
2773,8321,UMI,270.0,43.83443,-78.98585,100.0,12.429,12.4,119,51.01,51.01
2774,8322,UMI,30.0,43.83443,-78.97914,100.0,2.888,2.9,28,9.02,9.02
2774,8323,UMI,150.0,43.83443,-78.97914,100.0,2.942,2.9,39,13.75,13.75
2774,8324,UMI,270.0,43.83443,-78.97914,100.0,7.194,7.2,87,31.51,31.51
2775,8325,UMI,30.0,43.83863,-79.51915,100.0,13.355,13.4,138,54.41,54.41
2775,8326,UMI,150.0,43.83863,-79.51915,100.0,10.034,10.0,125,47.01,47.01
2775,8327,UMI,270.0,43.83863,-79.51915,100.0,8.486,8.5,100,30.55,30.55
2776,8328,UMI,30.0,43.83863,-79.51244,100.0,18.12,18.1,175,72.63,72.63
2776,8329,UMI,150.0,43.83863,-79.51244,100.0,21.658,21.7,200,81.64,81.64
2776,8330,UMI,270.0,43.83863,-79.51244,100.0,19.001,19.0,212,85.09,85.09
2777,8331,UMI,30.0,43.83863,-79.50573,100.0,20.503,20.5,196,77.52,77.52
2777,8332,UMI,150.0,43.83863,-79.50573,100.0,14.666,14.7,153,67.4,67.4
2777,8333,UMI,270.0,43.83863,-79.50573,100.0,23.138,23.1,198,75.88,75.88
2778,8334,UMI,30.0,43.83863,-79.49902,100.0,13.608,13.6,163,58.34,58.34
2778,8335,UMI,150.0,43.83863,-79.49902,100.0,21.69,21.7,158,60.53,60.53
2778,8336,UMI,270.0,43.83863,-79.49902,100.0,14.586,14.6,156,56.03,56.03
2779,8337,UMI,30.0,43.83863,-79.49231,100.0,19.985,20.0,204,80.19,80.19
2779,8338,UMI,150.0,43.83863,-79.49231,100.0,19.723,19.7,207,82.99,82.99
2779,8339,UMI,270.0,43.83863,-79.49231,100.0,15.798,15.8,176,56.76,56.76
2780,8340,UMI,30.0,43.83863,-79.48561,100.0,23.203,23.2,212,87.87,87.87
2780,8341,UMI,150.0,43.83863,-79.48561,100.0,27.531,27.5,233,100.87,100.87
2780,8342,UMI,270.0,43.83863,-79.48561,100.0,24.866,24.9,229,85.76,85.76
2781,8343,UMI,30.0,43.83863,-79.4789,100.0,22.81,22.8,231,87.02,87.02
2781,8344,UMI,150.0,43.83863,-79.4789,100.0,29.793,29.8,283,118.55,118.55
2781,8345,UMI,270.0,43.83863,-79.4789,100.0,26.595,26.6,217,90.51,90.51
2782,8346,UMI,30.0,43.83863,-79.47219,100.0,26.485,26.5,300,104.24,104.24
2782,8347,UMI,150.0,43.83863,-79.47219,100.0,27.212,27.2,286,116.72,116.72
2782,8348,UMI,270.0,43.83863,-79.47219,100.0,28.087,28.1,266,105.66,105.66
2783,8349,UMI,30.0,43.83863,-79.46548,100.0,24.081,24.1,229,96.57,96.57
2783,8350,UMI,150.0,43.83863,-79.46548,100.0,21.411,21.4,240,88.36,88.36
2783,8351,UMI,270.0,43.83863,-79.46548,100.0,20.804,20.8,241,82.71,82.71
2784,8352,UMI,30.0,43.83863,-79.45877,100.0,16.946,16.9,189,70.89,70.89
2784,8353,UMI,150.0,43.83863,-79.45877,100.0,16.258,16.3,165,58.47,58.47
2784,8354,UMI,270.0,43.83863,-79.45877,100.0,19.693,19.7,207,80.86,80.86
2785,8355,UMI,30.0,43.83863,-79.45207,100.0,16.209,16.2,168,65.57,65.57
2785,8356,UMI,150.0,43.83863,-79.45207,100.0,21.054,21.1,155,66.25,66.25
2785,8357,UMI,270.0,43.83863,-79.45207,100.0,12.389,12.4,132,57.89,57.89
2786,8358,UMI,30.0,43.83863,-79.44536,100.0,25.619,25.6,264,107.11,107.11
2786,8359,UMI,150.0,43.83863,-79.44536,100.0,21.594,21.6,229,84.11,84.11
2786,8360,UMI,270.0,43.83863,-79.44536,100.0,21.77,21.8,214,84.99,84.99
2787,8361,UMI,30.0,43.83863,-79.43865,100.0,27.869,27.9,238,106.27,106.27
2787,8362,UMI,150.0,43.83863,-79.43865,100.0,26.856,26.9,231,103.24,103.24
2787,8363,UMI,270.0,43.83863,-79.43865,100.0,27.626,27.6,266,101.41,101.41
2788,8364,UMI,30.0,43.83863,-79.43194,100.0,21.44,21.4,226,84.17,84.17
2788,8365,UMI,150.0,43.83863,-79.43194,100.0,14.83,14.8,181,67.47,67.47
2788,8366,UMI,270.0,43.83863,-79.43194,100.0,23.073,23.1,217,83.53,83.53
2789,8367,UMI,30.0,43.83863,-79.42523,100.0,20.208,20.2,185,66.86,66.86
2789,8368,UMI,150.0,43.83863,-79.42523,100.0,15.629,15.6,163,68.93,68.93
2789,8369,UMI,270.0,43.83863,-79.42523,100.0,14.392,14.4,166,53.94,53.94
2790,8370,UMI,30.0,43.83863,-79.41853,100.0,18.366,18.4,171,67.63,67.63
2790,8371,UMI,150.0,43.83863,-79.41853,100.0,14.568,14.6,161,61.07,61.07
2790,8372,UMI,270.0,43.83863,-79.41853,100.0,19.109,19.1,173,69.55,69.55
2791,8373,UMI,30.0,43.83863,-79.41182,100.0,14.587,14.6,158,63.69,63.69
2791,8374,UMI,150.0,43.83863,-79.41182,100.0,15.225,15.2,140,60.91,60.91
2791,8375,UMI,270.0,43.83863,-79.41182,100.0,22.598,22.6,166,67.13,67.13
2792,8376,UMI,30.0,43.83863,-79.40511,100.0,16.182,16.2,163,60.79,60.79
2792,8377,UMI,150.0,43.83863,-79.40511,100.0,13.528,13.5,145,47.69,47.69
2792,8378,UMI,270.0,43.83863,-79.40511,100.0,20.564,20.6,171,77.5,77.5
2793,8379,UMI,30.0,43.83863,-79.3984,100.0,21.06,21.1,189,76.5,76.5
2793,8380,UMI,150.0,43.83863,-79.3984,100.0,18.853,18.9,167,64.29,64.29
2793,8381,UMI,270.0,43.83863,-79.3984,100.0,18.299,18.3,187,79.14,79.14
2794,8382,UMI,30.0,43.83863,-79.39169,100.0,21.782,21.8,188,76.8,76.8
2794,8383,UMI,150.0,43.83863,-79.39169,100.0,16.16,16.2,155,63.87,63.87
2794,8384,UMI,270.0,43.83863,-79.39169,100.0,16.655,16.7,169,63.22,63.22
2795,8385,UMI,30.0,43.83863,-79.38498,100.0,10.631,10.6,120,44.87,44.87
2795,8386,UMI,150.0,43.83863,-79.38498,100.0,13.934,13.9,113,43.28,43.28
2795,8387,UMI,270.0,43.83863,-79.38498,100.0,19.732,19.7,156,66.24,66.24
2796,8388,UMI,30.0,43.83863,-79.37828,100.0,12.13,12.1,121,43.1,43.1
2796,8389,UMI,150.0,43.83863,-79.37828,100.0,11.541,11.5,118,42.0,42.0
2796,8390,UMI,270.0,43.83863,-79.37828,100.0,10.511,10.5,101,40.44,40.44
2797,8391,UMI,30.0,43.83863,-79.37157,100.0,11.285,11.3,93,37.66,37.66
2797,8392,UMI,150.0,43.83863,-79.37157,100.0,10.704,10.7,97,39.88,39.88
2797,8393,UMI,270.0,43.83863,-79.37157,100.0,13.996,14.0,100,43.49,43.49
2798,8394,UMI,30.0,43.83863,-79.36486,100.0,9.879,9.9,88,36.29,36.29
2798,8395,UMI,150.0,43.83863,-79.36486,100.0,8.105,8.1,82,37.08,37.08
2798,8396,UMI,270.0,43.83863,-79.36486,100.0,5.944,5.9,79,22.68,22.68
2799,8397,UMI,30.0,43.83863,-79.35815,100.0,10.407,10.4,92,43.22,43.22
2799,8398,UMI,150.0,43.83863,-79.35815,100.0,14.33,14.3,102,46.17,46.17
2799,8399,UMI,270.0,43.83863,-79.35815,100.0,11.838,11.8,85,31.9,31.9
2800,8400,UMI,30.0,43.83863,-79.35144,100.0,10.625,10.6,94,43.18,43.18
2800,8401,UMI,150.0,43.83863,-79.35144,100.0,11.443,11.4,89,32.34,32.34
2800,8402,UMI,270.0,43.83863,-79.35144,100.0,8.654,8.7,102,38.5,38.5
2801,8403,UMI,30.0,43.83863,-79.34474,100.0,9.489,9.5,90,32.68,32.68
2801,8404,UMI,150.0,43.83863,-79.34474,100.0,14.488,14.5,107,50.96,50.96
2801,8405,UMI,270.0,43.83863,-79.34474,100.0,8.379,8.4,93,34.72,34.72
2802,8406,UMI,30.0,43.83863,-79.33803,100.0,9.301,9.3,88,40.93,40.93
2802,8407,UMI,150.0,43.83863,-79.33803,100.0,12.214,12.2,112,42.11,42.11
2802,8408,UMI,270.0,43.83863,-79.33803,100.0,8.962,9.0,88,36.08,36.08
2803,8409,UMI,30.0,43.83863,-79.33132,100.0,12.469,12.5,81,32.32,32.32
2803,8410,UMI,150.0,43.83863,-79.33132,100.0,10.816,10.8,99,36.06,36.06
2803,8411,UMI,270.0,43.83863,-79.33132,100.0,9.626,9.6,100,37.93,37.93
2804,8412,UMI,30.0,43.83863,-79.32461,100.0,10.73,10.7,91,40.23,40.23
2804,8413,UMI,150.0,43.83863,-79.32461,100.0,13.079,13.1,105,45.97,45.97
2804,8414,UMI,270.0,43.83863,-79.32461,100.0,12.569,12.6,108,41.37,41.37
2805,8415,UMI,30.0,43.83863,-79.3179,100.0,13.941,13.9,130,58.64,58.64
2805,8416,UMI,150.0,43.83863,-79.3179,100.0,17.414,17.4,170,58.81,58.81
2805,8417,UMI,270.0,43.83863,-79.3179,100.0,14.355,14.4,145,57.37,57.37
2806,8418,UMI,30.0,43.83863,-79.31119,100.0,12.707,12.7,151,52.23,52.23
2806,8419,UMI,150.0,43.83863,-79.31119,100.0,20.199,20.2,232,82.14,82.14
2806,8420,UMI,270.0,43.83863,-79.31119,100.0,13.367,13.4,157,57.78,57.78
2807,8421,UMI,30.0,43.83863,-79.30449,100.0,26.146,26.1,248,100.01,100.01
2807,8422,UMI,150.0,43.83863,-79.30449,100.0,32.138,32.1,287,113.66,113.66
2807,8423,UMI,270.0,43.83863,-79.30449,100.0,24.756,24.8,218,87.64,87.64
2808,8424,UMI,30.0,43.83863,-79.29778,100.0,31.981,32.0,338,126.27,126.27
2808,8425,UMI,150.0,43.83863,-79.29778,100.0,41.895,41.9,425,158.94,158.94
2808,8426,UMI,270.0,43.83863,-79.29778,100.0,35.632,35.6,363,140.29,140.29
2809,8427,UMI,30.0,43.83863,-79.29107,100.0,45.173,45.2,394,161.38,161.38
2809,8428,UMI,150.0,43.83863,-79.29107,100.0,49.258,49.3,419,174.36,174.36
2809,8429,UMI,270.0,43.83863,-79.29107,100.0,42.298,42.3,430,172.36,172.36
2810,8430,UMI,30.0,43.83863,-79.28436,100.0,43.149,43.1,412,177.46,177.46
2810,8431,UMI,150.0,43.83863,-79.28436,100.0,43.429,43.4,436,164.13,164.13
2810,8432,UMI,270.0,43.83863,-79.28436,100.0,39.973,40.0,396,153.32,153.32
2811,8433,UMI,30.0,43.83863,-79.27765,100.0,45.545,45.5,437,176.14,176.14
2811,8434,UMI,150.0,43.83863,-79.27765,100.0,48.307,48.3,425,172.84,172.84
2811,8435,UMI,270.0,43.83863,-79.27765,100.0,42.25,42.3,431,162.74,162.74
2812,8436,UMI,30.0,43.83863,-79.27095,100.0,37.726,37.7,349,129.82,129.82
2812,8437,UMI,150.0,43.83863,-79.27095,100.0,42.876,42.9,351,134.06,134.06
2812,8438,UMI,270.0,43.83863,-79.27095,100.0,45.392,45.4,398,148.96,148.96
2813,8439,UMI,30.0,43.83863,-79.26424,100.0,38.534,38.5,372,141.68,141.68
2813,8440,UMI,150.0,43.83863,-79.26424,100.0,35.301,35.3,342,137.74,137.74
2813,8441,UMI,270.0,43.83863,-79.26424,100.0,37.175,37.2,371,140.23,140.23
2814,8442,UMI,30.0,43.83863,-79.25753,100.0,38.238,38.2,294,126.05,126.05
2814,8443,UMI,150.0,43.83863,-79.25753,100.0,28.396,28.4,300,118.24,118.24
2814,8444,UMI,270.0,43.83863,-79.25753,100.0,28.771,28.8,290,106.32,106.32
2815,8445,UMI,30.0,43.83863,-79.25082,100.0,19.736,19.7,189,77.43,77.43
2815,8446,UMI,150.0,43.83863,-79.25082,100.0,16.892,16.9,179,69.89,69.89
2815,8447,UMI,270.0,43.83863,-79.25082,100.0,20.811,20.8,232,84.29,84.29
2816,8448,UMI,30.0,43.83863,-79.24411,100.0,14.864,14.9,136,57.47,57.47
2816,8449,UMI,150.0,43.83863,-79.24411,100.0,10.726,10.7,104,39.11,39.11
2816,8450,UMI,270.0,43.83863,-79.24411,100.0,12.226,12.2,123,49.74,49.74
2817,8451,UMI,30.0,43.83863,-79.23741,100.0,10.4,10.4,102,44.19,44.19
2817,8452,UMI,150.0,43.83863,-79.23741,100.0,9.954,10.0,115,46.41,46.41
2817,8453,UMI,270.0,43.83863,-79.23741,100.0,11.519,11.5,113,46.22,46.22
2818,8454,UMI,30.0,43.83863,-79.2307,100.0,7.489,7.5,89,31.61,31.61
2818,8455,UMI,150.0,43.83863,-79.2307,100.0,16.473,16.5,171,67.93,67.93
2818,8456,UMI,270.0,43.83863,-79.2307,100.0,15.612,15.6,173,60.17,60.17
2819,8457,UMI,30.0,43.83863,-79.22399,100.0,4.103,4.1,53,21.99,21.99
2819,8458,UMI,150.0,43.83863,-79.22399,100.0,6.281,6.3,73,22.03,22.03
2819,8459,UMI,270.0,43.83863,-79.22399,100.0,5.767,5.8,80,26.65,26.65
2820,8460,UMI,30.0,43.83863,-79.16362,100.0,1.536,1.5,16,6.6,6.6
2820,8461,UMI,150.0,43.83863,-79.16362,100.0,2.064,2.1,21,10.38,10.38
2820,8462,UMI,270.0,43.83863,-79.16362,100.0,2.181,2.2,20,10.03,10.03
2821,8463,UMI,30.0,43.83863,-79.1502,100.0,4.016,4.0,34,16.45,16.45
2821,8464,UMI,150.0,43.83863,-79.1502,100.0,3.596,3.6,47,19.9,19.9
2821,8465,UMI,270.0,43.83863,-79.1502,100.0,1.7,1.7,34,7.14,7.14
2822,8466,UMI,30.0,43.83863,-79.14349,100.0,5.09,5.1,43,17.39,17.39
2822,8467,UMI,150.0,43.83863,-79.14349,100.0,6.086,6.1,60,24.09,24.09
2822,8468,UMI,270.0,43.83863,-79.14349,100.0,4.049,4.0,45,14.79,14.79
2823,8469,UMI,30.0,43.83863,-79.13678,100.0,8.59,8.6,79,33.83,33.83
2823,8470,UMI,150.0,43.83863,-79.13678,100.0,12.72,12.7,108,38.76,38.76
2823,8471,UMI,270.0,43.83863,-79.13678,100.0,6.75,6.7,73,27.71,27.71
2824,8472,UMI,30.0,43.83863,-79.13007,100.0,21.598,21.6,193,80.49,80.49
2824,8473,UMI,150.0,43.83863,-79.13007,100.0,18.213,18.2,217,69.59,69.59
2824,8474,UMI,270.0,43.83863,-79.13007,100.0,17.269,17.3,162,65.04,65.04
2825,8475,UMI,30.0,43.83863,-79.12337,100.0,19.201,19.2,223,85.31,85.31
2825,8476,UMI,150.0,43.83863,-79.12337,100.0,29.662,29.7,285,110.01,110.01
2825,8477,UMI,270.0,43.83863,-79.12337,100.0,27.024,27.0,249,100.9,100.9
2826,8478,UMI,30.0,43.83863,-79.11666,100.0,20.769,20.8,264,88.9,88.9
2826,8479,UMI,150.0,43.83863,-79.11666,100.0,34.787,34.8,307,131.05,131.05
2826,8480,UMI,270.0,43.83863,-79.11666,100.0,27.59,27.6,287,110.44,110.44
2827,8481,UMI,30.0,43.83863,-79.10995,100.0,34.554,34.6,324,125.7,125.7
2827,8482,UMI,150.0,43.83863,-79.10995,100.0,34.018,34.0,322,122.42,122.42
2827,8483,UMI,270.0,43.83863,-79.10995,100.0,35.543,35.5,325,139.99,139.99
2828,8484,UMI,30.0,43.83863,-79.10324,100.0,42.3,42.3,344,142.97,142.97
2828,8485,UMI,150.0,43.83863,-79.10324,100.0,31.167,31.2,335,129.05,129.05
2828,8486,UMI,270.0,43.83863,-79.10324,100.0,33.989,34.0,348,135.8,135.8
2829,8487,UMI,30.0,43.83863,-79.09653,100.0,30.006,30.0,296,122.52,122.52
2829,8488,UMI,150.0,43.83863,-79.09653,100.0,31.72,31.7,295,112.02,112.02
2829,8489,UMI,270.0,43.83863,-79.09653,100.0,31.222,31.2,320,125.62,125.62
2830,8490,UMI,30.0,43.83863,-79.08983,100.0,22.012,22.0,236,84.35,84.35
2830,8491,UMI,150.0,43.83863,-79.08983,100.0,32.72,32.7,225,94.64,94.64
2830,8492,UMI,270.0,43.83863,-79.08983,100.0,28.396,28.4,273,116.16,116.16
2831,8493,UMI,30.0,43.83863,-79.08312,100.0,22.618,22.6,221,88.64,88.64
2831,8494,UMI,150.0,43.83863,-79.08312,100.0,13.847,13.8,162,62.2,62.2
2831,8495,UMI,270.0,43.83863,-79.08312,100.0,21.972,22.0,213,83.43,83.43
2832,8496,UMI,30.0,43.83863,-79.07641,100.0,19.019,19.0,174,68.36,68.36
2832,8497,UMI,150.0,43.83863,-79.07641,100.0,19.494,19.5,171,76.37,76.37
2832,8498,UMI,270.0,43.83863,-79.07641,100.0,18.4,18.4,189,77.95,77.95
2833,8499,UMI,30.0,43.83863,-79.0697,100.0,10.413,10.4,129,43.91,43.91
2833,8500,UMI,150.0,43.83863,-79.0697,100.0,12.999,13.0,134,45.16,45.16
2833,8501,UMI,270.0,43.83863,-79.0697,100.0,15.102,15.1,129,52.64,52.64
2834,8502,UMI,30.0,43.83863,-79.06299,100.0,6.699,6.7,73,26.11,26.11
2834,8503,UMI,150.0,43.83863,-79.06299,100.0,7.611,7.6,88,34.8,34.8
2834,8504,UMI,270.0,43.83863,-79.06299,100.0,11.315,11.3,112,44.16,44.16
2835,8505,UMI,30.0,43.83863,-79.05629,100.0,11.209,11.2,71,33.5,33.5
2835,8506,UMI,150.0,43.83863,-79.05629,100.0,5.507,5.5,64,24.38,24.38
2835,8507,UMI,270.0,43.83863,-79.05629,100.0,6.184,6.2,64,23.19,23.19
2836,8508,UMI,30.0,43.83863,-79.04958,100.0,7.282,7.3,59,21.91,21.91
2836,8509,UMI,150.0,43.83863,-79.04958,100.0,6.405,6.4,60,22.82,22.82
2836,8510,UMI,270.0,43.83863,-79.04958,100.0,5.081,5.1,48,20.7,20.7
2837,8511,UMI,30.0,43.83863,-79.04287,100.0,6.078,6.1,62,24.85,24.85
2837,8512,UMI,150.0,43.83863,-79.04287,100.0,6.023,6.0,50,24.49,24.49
2837,8513,UMI,270.0,43.83863,-79.04287,100.0,4.757,4.8,44,19.82,19.82
2838,8514,UMI,30.0,43.83863,-79.03616,100.0,9.342,9.3,112,40.62,40.62
2838,8515,UMI,150.0,43.83863,-79.03616,100.0,6.231,6.2,78,23.82,23.82
2838,8516,UMI,270.0,43.83863,-79.03616,100.0,6.809,6.8,81,26.47,26.47
2839,8517,UMI,30.0,43.83863,-79.02945,100.0,20.19,20.2,195,81.22,81.22
2839,8518,UMI,150.0,43.83863,-79.02945,100.0,9.543,9.5,137,43.83,43.83
2839,8519,UMI,270.0,43.83863,-79.02945,100.0,13.507,13.5,145,60.61,60.61
2840,8520,UMI,30.0,43.83863,-79.02274,100.0,23.08,23.1,230,86.88,86.88
2840,8521,UMI,150.0,43.83863,-79.02274,100.0,20.758,20.8,205,89.22,89.22
2840,8522,UMI,270.0,43.83863,-79.02274,100.0,14.74,14.7,174,65.79,65.79
2841,8523,UMI,30.0,43.83863,-79.01604,100.0,33.134,33.1,306,133.1,133.1
2841,8524,UMI,150.0,43.83863,-79.01604,100.0,31.717,31.7,293,121.02,121.02
2841,8525,UMI,270.0,43.83863,-79.01604,100.0,23.396,23.4,234,96.84,96.84
2842,8526,UMI,30.0,43.83863,-79.00933,100.0,43.025,43.0,381,158.74,158.74
2842,8527,UMI,150.0,43.83863,-79.00933,100.0,27.439,27.4,325,110.84,110.84
2842,8528,UMI,270.0,43.83863,-79.00933,100.0,37.077,37.1,337,124.86,124.86
2843,8529,UMI,30.0,43.83863,-79.00262,100.0,24.323,24.3,220,95.31,95.31
2843,8530,UMI,150.0,43.83863,-79.00262,100.0,25.636,25.6,265,109.17,109.17
2843,8531,UMI,270.0,43.83863,-79.00262,100.0,29.849,29.8,273,118.81,118.81
2844,8532,UMI,30.0,43.83863,-78.99591,100.0,18.38,18.4,127,57.82,57.82
2844,8533,UMI,150.0,43.83863,-78.99591,100.0,12.384,12.4,131,48.99,48.99
2844,8534,UMI,270.0,43.83863,-78.99591,100.0,18.968,19.0,147,59.74,59.74
2845,8535,UMI,30.0,43.83863,-78.9892,100.0,10.264,10.3,98,39.47,39.47
2845,8536,UMI,150.0,43.83863,-78.9892,100.0,9.838,9.8,93,40.74,40.74
2845,8537,UMI,270.0,43.83863,-78.9892,100.0,10.113,10.1,100,35.36,35.36
2846,8538,UMI,30.0,43.83863,-78.9825,100.0,6.695,6.7,61,21.14,21.14
2846,8539,UMI,150.0,43.83863,-78.9825,100.0,6.959,7.0,66,26.15,26.15
2846,8540,UMI,270.0,43.83863,-78.9825,100.0,9.86,9.9,75,32.79,32.79
2847,8541,UMI,30.0,43.84282,-79.51579,100.0,10.655,10.7,135,39.93,39.93
2847,8542,UMI,150.0,43.84282,-79.51579,100.0,14.032,14.0,160,63.72,63.72
2847,8543,UMI,270.0,43.84282,-79.51579,100.0,11.034,11.0,99,44.0,44.0
2848,8544,UMI,30.0,43.84282,-79.50909,100.0,26.382,26.4,217,83.4,83.4
2848,8545,UMI,150.0,43.84282,-79.50909,100.0,20.548,20.5,216,83.32,83.32
2848,8546,UMI,270.0,43.84282,-79.50909,100.0,24.006,24.0,191,80.17,80.17
2849,8547,UMI,30.0,43.84282,-79.50238,100.0,17.944,17.9,229,81.8,81.8
2849,8548,UMI,150.0,43.84282,-79.50238,100.0,19.555,19.6,228,77.15,77.15
2849,8549,UMI,270.0,43.84282,-79.50238,100.0,21.753,21.8,243,92.63,92.63
2850,8550,UMI,30.0,43.84282,-79.49567,100.0,19.296,19.3,176,76.32,76.32
2850,8551,UMI,150.0,43.84282,-79.49567,100.0,13.736,13.7,160,56.29,56.29
2850,8552,UMI,270.0,43.84282,-79.49567,100.0,19.501,19.5,187,74.85,74.85
2851,8553,UMI,30.0,43.84282,-79.48896,100.0,19.945,19.9,174,76.25,76.25
2851,8554,UMI,150.0,43.84282,-79.48896,100.0,25.68,25.7,196,87.25,87.25
2851,8555,UMI,270.0,43.84282,-79.48896,100.0,20.095,20.1,180,75.69,75.69
2852,8556,UMI,30.0,43.84282,-79.48225,100.0,15.998,16.0,161,63.51,63.51
2852,8557,UMI,150.0,43.84282,-79.48225,100.0,18.027,18.0,183,70.59,70.59
2852,8558,UMI,270.0,43.84282,-79.48225,100.0,19.409,19.4,160,64.14,64.14
2853,8559,UMI,30.0,43.84282,-79.47554,100.0,21.382,21.4,223,90.94,90.94
2853,8560,UMI,150.0,43.84282,-79.47554,100.0,24.969,25.0,242,105.24,105.24
2853,8561,UMI,270.0,43.84282,-79.47554,100.0,17.413,17.4,168,65.38,65.38
2854,8562,UMI,30.0,43.84282,-79.46884,100.0,27.417,27.4,241,104.75,104.75
2854,8563,UMI,150.0,43.84282,-79.46884,100.0,30.398,30.4,259,115.23,115.23
2854,8564,UMI,270.0,43.84282,-79.46884,100.0,29.949,29.9,277,109.72,109.72
2855,8565,UMI,30.0,43.84282,-79.46213,100.0,20.459,20.5,198,74.7,74.7
2855,8566,UMI,150.0,43.84282,-79.46213,100.0,26.478,26.5,211,95.34,95.34
2855,8567,UMI,270.0,43.84282,-79.46213,100.0,27.155,27.2,221,89.69,89.69
2856,8568,UMI,30.0,43.84282,-79.45542,100.0,26.669,26.7,217,93.56,93.56
2856,8569,UMI,150.0,43.84282,-79.45542,100.0,18.578,18.6,189,71.6,71.6
2856,8570,UMI,270.0,43.84282,-79.45542,100.0,19.878,19.9,173,73.66,73.66
2857,8571,UMI,30.0,43.84282,-79.44871,100.0,24.959,25.0,235,97.74,97.74
2857,8572,UMI,150.0,43.84282,-79.44871,100.0,21.63,21.6,240,86.0,86.0
2857,8573,UMI,270.0,43.84282,-79.44871,100.0,22.294,22.3,221,89.82,89.82
2858,8574,UMI,30.0,43.84282,-79.442,100.0,31.019,31.0,300,109.8,109.8
2858,8575,UMI,150.0,43.84282,-79.442,100.0,32.51,32.5,286,118.96,118.96
2858,8576,UMI,270.0,43.84282,-79.442,100.0,32.583,32.6,297,124.11,124.11
2859,8577,UMI,30.0,43.84282,-79.4353,100.0,28.823,28.8,278,105.15,105.15
2859,8578,UMI,150.0,43.84282,-79.4353,100.0,32.384,32.4,299,116.31,116.31
2859,8579,UMI,270.0,43.84282,-79.4353,100.0,30.48,30.5,303,121.94,121.94
2860,8580,UMI,30.0,43.84282,-79.42859,100.0,24.492,24.5,258,97.5,97.5
2860,8581,UMI,150.0,43.84282,-79.42859,100.0,25.075,25.1,199,83.69,83.69
2860,8582,UMI,270.0,43.84282,-79.42859,100.0,21.829,21.8,236,88.22,88.22
2861,8583,UMI,30.0,43.84282,-79.42188,100.0,29.176,29.2,223,97.28,97.28
2861,8584,UMI,150.0,43.84282,-79.42188,100.0,21.36,21.4,185,80.61,80.61
2861,8585,UMI,270.0,43.84282,-79.42188,100.0,23.489,23.5,217,89.3,89.3
2862,8586,UMI,30.0,43.84282,-79.41517,100.0,24.857,24.9,265,105.62,105.62
2862,8587,UMI,150.0,43.84282,-79.41517,100.0,16.263,16.3,200,71.04,71.04
2862,8588,UMI,270.0,43.84282,-79.41517,100.0,18.559,18.6,224,79.35,79.35
2863,8589,UMI,30.0,43.84282,-79.40846,100.0,22.773,22.8,230,88.65,88.65
2863,8590,UMI,150.0,43.84282,-79.40846,100.0,17.588,17.6,198,79.17,79.17
2863,8591,UMI,270.0,43.84282,-79.40846,100.0,26.416,26.4,221,97.4,97.4
2864,8592,UMI,30.0,43.84282,-79.40175,100.0,28.853,28.9,236,94.65,94.65
2864,8593,UMI,150.0,43.84282,-79.40175,100.0,17.871,17.9,198,72.86,72.86
2864,8594,UMI,270.0,43.84282,-79.40175,100.0,21.603,21.6,226,83.36,83.36
2865,8595,UMI,30.0,43.84282,-79.39505,100.0,21.552,21.6,216,79.81,79.81
2865,8596,UMI,150.0,43.84282,-79.39505,100.0,21.344,21.3,207,94.1,94.1
2865,8597,UMI,270.0,43.84282,-79.39505,100.0,22.91,22.9,228,79.28,79.28
2866,8598,UMI,30.0,43.84282,-79.38834,100.0,17.045,17.0,150,63.28,63.28
2866,8599,UMI,150.0,43.84282,-79.38834,100.0,14.755,14.8,143,52.59,52.59
2866,8600,UMI,270.0,43.84282,-79.38834,100.0,19.349,19.3,189,69.75,69.75
2867,8601,UMI,30.0,43.84282,-79.38163,100.0,7.161,7.2,90,30.51,30.51
2867,8602,UMI,150.0,43.84282,-79.38163,100.0,10.013,10.0,99,40.91,40.91
2867,8603,UMI,270.0,43.84282,-79.38163,100.0,13.407,13.4,151,54.23,54.23
2868,8604,UMI,30.0,43.84282,-79.37492,100.0,8.213,8.2,72,29.92,29.92
2868,8605,UMI,150.0,43.84282,-79.37492,100.0,8.134,8.1,75,27.21,27.21
2868,8606,UMI,270.0,43.84282,-79.37492,100.0,11.574,11.6,108,45.19,45.19
2869,8607,UMI,30.0,43.84282,-79.36821,100.0,7.904,7.9,73,25.08,25.08
2869,8608,UMI,150.0,43.84282,-79.36821,100.0,8.688,8.7,74,34.62,34.62
2869,8609,UMI,270.0,43.84282,-79.36821,100.0,7.288,7.3,63,27.23,27.23
2870,8610,UMI,30.0,43.84282,-79.36151,100.0,8.922,8.9,81,32.53,32.53
2870,8611,UMI,150.0,43.84282,-79.36151,100.0,7.065,7.1,84,25.86,25.86
2870,8612,UMI,270.0,43.84282,-79.36151,100.0,7.67,7.7,80,33.6,33.6
2871,8613,UMI,30.0,43.84282,-79.3548,100.0,8.487,8.5,96,36.71,36.71
2871,8614,UMI,150.0,43.84282,-79.3548,100.0,9.098,9.1,87,37.16,37.16
2871,8615,UMI,270.0,43.84282,-79.3548,100.0,9.001,9.0,91,42.8,42.8
2872,8616,UMI,30.0,43.84282,-79.34809,100.0,10.034,10.0,87,35.69,35.69
2872,8617,UMI,150.0,43.84282,-79.34809,100.0,6.288,6.3,78,24.7,24.7
2872,8618,UMI,270.0,43.84282,-79.34809,100.0,9.313,9.3,77,30.18,30.18
2873,8619,UMI,30.0,43.84282,-79.34138,100.0,8.353,8.4,94,37.76,37.76
2873,8620,UMI,150.0,43.84282,-79.34138,100.0,8.049,8.0,77,31.78,31.78
2873,8621,UMI,270.0,43.84282,-79.34138,100.0,4.782,4.8,66,22.62,22.62
2874,8622,UMI,30.0,43.84282,-79.33467,100.0,10.425,10.4,64,26.09,26.09
2874,8623,UMI,150.0,43.84282,-79.33467,100.0,6.933,6.9,85,31.38,31.38
2874,8624,UMI,270.0,43.84282,-79.33467,100.0,9.282,9.3,87,34.95,34.95
2875,8625,UMI,30.0,43.84282,-79.32797,100.0,10.167,10.2,80,32.84,32.84
2875,8626,UMI,150.0,43.84282,-79.32797,100.0,10.642,10.6,103,41.07,41.07
2875,8627,UMI,270.0,43.84282,-79.32797,100.0,10.684,10.7,82,36.83,36.83
2876,8628,UMI,30.0,43.84282,-79.32126,100.0,11.784,11.8,112,51.73,51.73
2876,8629,UMI,150.0,43.84282,-79.32126,100.0,8.445,8.4,95,35.66,35.66
2876,8630,UMI,270.0,43.84282,-79.32126,100.0,10.855,10.9,74,31.51,31.51
2877,8631,UMI,30.0,43.84282,-79.31455,100.0,14.149,14.1,119,48.15,48.15
2877,8632,UMI,150.0,43.84282,-79.31455,100.0,15.967,16.0,140,62.63,62.63
2877,8633,UMI,270.0,43.84282,-79.31455,100.0,11.865,11.9,95,37.45,37.45
2878,8634,UMI,30.0,43.84282,-79.30784,100.0,16.934,16.9,166,58.28,58.28
2878,8635,UMI,150.0,43.84282,-79.30784,100.0,19.132,19.1,180,76.82,76.82
2878,8636,UMI,270.0,43.84282,-79.30784,100.0,10.671,10.7,145,42.21,42.21
2879,8637,UMI,30.0,43.84282,-79.30113,100.0,27.208,27.2,266,103.23,103.23
2879,8638,UMI,150.0,43.84282,-79.30113,100.0,26.935,26.9,317,118.98,118.98
2879,8639,UMI,270.0,43.84282,-79.30113,100.0,27.826,27.8,234,104.59,104.59
2880,8640,UMI,30.0,43.84282,-79.29442,100.0,37.534,37.5,331,121.77,121.77
2880,8641,UMI,150.0,43.84282,-79.29442,100.0,33.743,33.7,362,131.98,131.98
2880,8642,UMI,270.0,43.84282,-79.29442,100.0,34.133,34.1,344,135.01,135.01
2881,8643,UMI,30.0,43.84282,-79.28772,100.0,35.758,35.8,346,144.05,144.05
2881,8644,UMI,150.0,43.84282,-79.28772,100.0,40.729,40.7,392,157.61,157.61
2881,8645,UMI,270.0,43.84282,-79.28772,100.0,44.575,44.6,377,169.95,169.95
2882,8646,UMI,30.0,43.84282,-79.28101,100.0,41.812,41.8,382,148.83,148.83
2882,8647,UMI,150.0,43.84282,-79.28101,100.0,38.536,38.5,390,153.43,153.43
2882,8648,UMI,270.0,43.84282,-79.28101,100.0,43.824,43.8,398,172.46,172.46
2883,8649,UMI,30.0,43.84282,-79.2743,100.0,38.74,38.7,367,152.58,152.58
2883,8650,UMI,150.0,43.84282,-79.2743,100.0,46.713,46.7,407,159.24,159.24
2883,8651,UMI,270.0,43.84282,-79.2743,100.0,38.989,39.0,349,129.55,129.55
2884,8652,UMI,30.0,43.84282,-79.26759,100.0,26.414,26.4,313,107.43,107.43
2884,8653,UMI,150.0,43.84282,-79.26759,100.0,42.231,42.2,373,161.65,161.65
2884,8654,UMI,270.0,43.84282,-79.26759,100.0,43.197,43.2,387,147.32,147.32
2885,8655,UMI,30.0,43.84282,-79.26088,100.0,32.73,32.7,333,134.12,134.12
2885,8656,UMI,150.0,43.84282,-79.26088,100.0,27.469,27.5,306,113.57,113.57
2885,8657,UMI,270.0,43.84282,-79.26088,100.0,37.387,37.4,353,145.35,145.35
2886,8658,UMI,30.0,43.84282,-79.25418,100.0,27.013,27.0,235,102.97,102.97
2886,8659,UMI,150.0,43.84282,-79.25418,100.0,29.212,29.2,259,115.64,115.64
2886,8660,UMI,270.0,43.84282,-79.25418,100.0,32.176,32.2,311,124.75,124.75
2887,8661,UMI,30.0,43.84282,-79.24747,100.0,12.922,12.9,150,49.79,49.79
2887,8662,UMI,150.0,43.84282,-79.24747,100.0,19.547,19.5,162,64.54,64.54
2887,8663,UMI,270.0,43.84282,-79.24747,100.0,19.829,19.8,196,81.7,81.7
2888,8664,UMI,30.0,43.84282,-79.24076,100.0,7.404,7.4,88,28.04,28.04
2888,8665,UMI,150.0,43.84282,-79.24076,100.0,8.938,8.9,100,34.64,34.64
2888,8666,UMI,270.0,43.84282,-79.24076,100.0,7.69,7.7,91,28.63,28.63
2889,8667,UMI,30.0,43.84282,-79.23405,100.0,8.014,8.0,77,34.16,34.16
2889,8668,UMI,150.0,43.84282,-79.23405,100.0,12.37,12.4,126,49.21,49.21
2889,8669,UMI,270.0,43.84282,-79.23405,100.0,7.923,7.9,79,31.4,31.4
2890,8670,UMI,30.0,43.84282,-79.22734,100.0,5.825,5.8,57,28.08,28.08
2890,8671,UMI,150.0,43.84282,-79.22734,100.0,8.855,8.9,85,35.91,35.91
2890,8672,UMI,270.0,43.84282,-79.22734,100.0,7.467,7.5,61,25.76,25.76
2891,8673,UMI,30.0,43.84282,-79.21393,100.0,2.964,3.0,27,9.31,9.31
2891,8674,UMI,150.0,43.84282,-79.21393,100.0,3.315,3.3,29,12.48,12.48
2891,8675,UMI,270.0,43.84282,-79.21393,100.0,2.24,2.2,29,8.17,8.17
2892,8676,UMI,30.0,43.84282,-79.20722,100.0,1.794,1.8,21,7.44,7.44
2892,8677,UMI,150.0,43.84282,-79.20722,100.0,3.082,3.1,37,15.19,15.19
2892,8678,UMI,270.0,43.84282,-79.20722,100.0,1.747,1.7,32,8.32,8.32
2893,8679,UMI,30.0,43.84282,-79.14685,100.0,3.257,3.3,30,12.96,12.96
2893,8680,UMI,150.0,43.84282,-79.14685,100.0,3.028,3.0,29,9.39,9.39
2893,8681,UMI,270.0,43.84282,-79.14685,100.0,3.535,3.5,23,12.18,12.18
2894,8682,UMI,30.0,43.84282,-79.14014,100.0,7.566,7.6,39,22.41,22.41
2894,8683,UMI,150.0,43.84282,-79.14014,100.0,7.233,7.2,63,24.25,24.25
2894,8684,UMI,270.0,43.84282,-79.14014,100.0,2.592,2.6,32,12.57,12.57
2895,8685,UMI,30.0,43.84282,-79.13343,100.0,8.14,8.1,81,29.63,29.63
2895,8686,UMI,150.0,43.84282,-79.13343,100.0,13.39,13.4,131,52.76,52.76
2895,8687,UMI,270.0,43.84282,-79.13343,100.0,7.032,7.0,82,33.13,33.13
2896,8688,UMI,30.0,43.84282,-79.12672,100.0,13.464,13.5,137,44.4,44.4
2896,8689,UMI,150.0,43.84282,-79.12672,100.0,17.118,17.1,186,65.4,65.4
2896,8690,UMI,270.0,43.84282,-79.12672,100.0,10.53,10.5,119,40.21,40.21
2897,8691,UMI,30.0,43.84282,-79.12001,100.0,15.679,15.7,170,69.46,69.46
2897,8692,UMI,150.0,43.84282,-79.12001,100.0,20.522,20.5,222,78.38,78.38
2897,8693,UMI,270.0,43.84282,-79.12001,100.0,18.313,18.3,170,72.5,72.5
2898,8694,UMI,30.0,43.84282,-79.1133,100.0,19.461,19.5,224,82.37,82.37
2898,8695,UMI,150.0,43.84282,-79.1133,100.0,26.91,26.9,262,95.78,95.78
2898,8696,UMI,270.0,43.84282,-79.1133,100.0,16.586,16.6,203,71.77,71.77
2899,8697,UMI,30.0,43.84282,-79.1066,100.0,28.991,29.0,309,110.39,110.39
2899,8698,UMI,150.0,43.84282,-79.1066,100.0,31.026,31.0,298,118.59,118.59
2899,8699,UMI,270.0,43.84282,-79.1066,100.0,24.656,24.7,269,105.48,105.48
2900,8700,UMI,30.0,43.84282,-79.09989,100.0,30.287,30.3,311,123.24,123.24
2900,8701,UMI,150.0,43.84282,-79.09989,100.0,31.291,31.3,318,125.25,125.25
2900,8702,UMI,270.0,43.84282,-79.09989,100.0,35.438,35.4,307,131.47,131.47
2901,8703,UMI,30.0,43.84282,-79.09318,100.0,31.05,31.0,293,127.07,127.07
2901,8704,UMI,150.0,43.84282,-79.09318,100.0,27.505,27.5,303,107.84,107.84
2901,8705,UMI,270.0,43.84282,-79.09318,100.0,31.942,31.9,287,122.7,122.7
2902,8706,UMI,30.0,43.84282,-79.08647,100.0,23.335,23.3,248,95.11,95.11
2902,8707,UMI,150.0,43.84282,-79.08647,100.0,23.214,23.2,222,90.58,90.58
2902,8708,UMI,270.0,43.84282,-79.08647,100.0,23.996,24.0,248,90.66,90.66
2903,8709,UMI,30.0,43.84282,-79.07976,100.0,22.387,22.4,202,80.33,80.33
2903,8710,UMI,150.0,43.84282,-79.07976,100.0,23.276,23.3,199,82.4,82.4
2903,8711,UMI,270.0,43.84282,-79.07976,100.0,21.575,21.6,212,81.37,81.37
2904,8712,UMI,30.0,43.84282,-79.07306,100.0,19.105,19.1,170,59.38,59.38
2904,8713,UMI,150.0,43.84282,-79.07306,100.0,17.456,17.5,147,59.68,59.68
2904,8714,UMI,270.0,43.84282,-79.07306,100.0,18.471,18.5,189,77.91,77.91
2905,8715,UMI,30.0,43.84282,-79.06635,100.0,12.585,12.6,129,50.84,50.84
2905,8716,UMI,150.0,43.84282,-79.06635,100.0,11.803,11.8,103,43.34,43.34
2905,8717,UMI,270.0,43.84282,-79.06635,100.0,13.029,13.0,134,50.63,50.63
2906,8718,UMI,30.0,43.84282,-79.05964,100.0,9.644,9.6,111,45.04,45.04
2906,8719,UMI,150.0,43.84282,-79.05964,100.0,4.747,4.7,63,21.63,21.63
2906,8720,UMI,270.0,43.84282,-79.05964,100.0,9.946,9.9,91,37.7,37.7
2907,8721,UMI,30.0,43.84282,-79.05293,100.0,10.656,10.7,80,31.11,31.11
2907,8722,UMI,150.0,43.84282,-79.05293,100.0,6.545,6.5,64,20.13,20.13
2907,8723,UMI,270.0,43.84282,-79.05293,100.0,6.457,6.5,68,25.28,25.28
2908,8724,UMI,30.0,43.84282,-79.04622,100.0,8.875,8.9,93,38.96,38.96
2908,8725,UMI,150.0,43.84282,-79.04622,100.0,7.889,7.9,73,30.33,30.33
2908,8726,UMI,270.0,43.84282,-79.04622,100.0,6.243,6.2,64,21.5,21.5
2909,8727,UMI,30.0,43.84282,-79.03951,100.0,15.985,16.0,130,54.99,54.99
2909,8728,UMI,150.0,43.84282,-79.03951,100.0,7.894,7.9,79,34.9,34.9
2909,8729,UMI,270.0,43.84282,-79.03951,100.0,10.272,10.3,84,32.57,32.57
2910,8730,UMI,30.0,43.84282,-79.03281,100.0,18.424,18.4,170,69.39,69.39
2910,8731,UMI,150.0,43.84282,-79.03281,100.0,13.608,13.6,132,54.02,54.02
2910,8732,UMI,270.0,43.84282,-79.03281,100.0,10.116,10.1,121,46.96,46.96
2911,8733,UMI,30.0,43.84282,-79.0261,100.0,19.752,19.8,201,79.98,79.98
2911,8734,UMI,150.0,43.84282,-79.0261,100.0,17.166,17.2,172,67.78,67.78
2911,8735,UMI,270.0,43.84282,-79.0261,100.0,16.13,16.1,162,62.97,62.97
2912,8736,UMI,30.0,43.84282,-79.01939,100.0,28.54,28.5,263,118.52,118.52
2912,8737,UMI,150.0,43.84282,-79.01939,100.0,25.233,25.2,230,93.72,93.72
2912,8738,UMI,270.0,43.84282,-79.01939,100.0,17.678,17.7,222,73.5,73.5
2913,8739,UMI,30.0,43.84282,-79.01268,100.0,32.298,32.3,294,113.3,113.3
2913,8740,UMI,150.0,43.84282,-79.01268,100.0,34.903,34.9,305,139.22,139.22
2913,8741,UMI,270.0,43.84282,-79.01268,100.0,31.88,31.9,252,108.8,108.8
2914,8742,UMI,30.0,43.84282,-79.00597,100.0,24.877,24.9,236,103.95,103.95
2914,8743,UMI,150.0,43.84282,-79.00597,100.0,28.925,28.9,282,113.46,113.46
2914,8744,UMI,270.0,43.84282,-79.00597,100.0,29.271,29.3,300,116.97,116.97
2915,8745,UMI,30.0,43.84282,-78.99927,100.0,11.864,11.9,114,48.72,48.72
2915,8746,UMI,150.0,43.84282,-78.99927,100.0,12.461,12.5,132,47.96,47.96
2915,8747,UMI,270.0,43.84282,-78.99927,100.0,14.936,14.9,156,56.38,56.38
2916,8748,UMI,30.0,43.84282,-78.99256,100.0,6.878,6.9,82,31.63,31.63
2916,8749,UMI,150.0,43.84282,-78.99256,100.0,10.27,10.3,77,25.76,25.76
2916,8750,UMI,270.0,43.84282,-78.99256,100.0,10.759,10.8,107,41.43,41.43
2917,8751,UMI,30.0,43.84282,-78.98585,100.0,3.661,3.7,49,16.71,16.71
2917,8752,UMI,150.0,43.84282,-78.98585,100.0,7.409,7.4,74,28.91,28.91
2917,8753,UMI,270.0,43.84282,-78.98585,100.0,5.537,5.5,68,23.78,23.78
2918,8754,UMI,30.0,43.84702,-79.51244,100.0,27.513,27.5,240,101.96,101.96
2918,8755,UMI,150.0,43.84702,-79.51244,100.0,23.096,23.1,222,85.66,85.66
2918,8756,UMI,270.0,43.84702,-79.51244,100.0,16.174,16.2,165,55.24,55.24
2919,8757,UMI,30.0,43.84702,-79.50573,100.0,31.27,31.3,269,110.87,110.87
2919,8758,UMI,150.0,43.84702,-79.50573,100.0,17.891,17.9,217,75.26,75.26
2919,8759,UMI,270.0,43.84702,-79.50573,100.0,25.933,25.9,260,100.19,100.19
2920,8760,UMI,30.0,43.84702,-79.49902,100.0,22.115,22.1,184,88.27,88.27
2920,8761,UMI,150.0,43.84702,-79.49902,100.0,21.362,21.4,198,80.09,80.09
2920,8762,UMI,270.0,43.84702,-79.49902,100.0,19.636,19.6,209,86.15,86.15
2921,8763,UMI,30.0,43.84702,-79.49231,100.0,19.874,19.9,166,77.74,77.74
2921,8764,UMI,150.0,43.84702,-79.49231,100.0,15.708,15.7,184,64.41,64.41
2921,8765,UMI,270.0,43.84702,-79.49231,100.0,20.99,21.0,194,83.76,83.76
2922,8766,UMI,30.0,43.84702,-79.48561,100.0,13.165,13.2,135,54.66,54.66
2922,8767,UMI,150.0,43.84702,-79.48561,100.0,15.844,15.8,152,66.31,66.31
2922,8768,UMI,270.0,43.84702,-79.48561,100.0,19.383,19.4,162,70.42,70.42
2923,8769,UMI,30.0,43.84702,-79.4789,100.0,14.814,14.8,131,56.59,56.59
2923,8770,UMI,150.0,43.84702,-79.4789,100.0,17.191,17.2,147,60.19,60.19
2923,8771,UMI,270.0,43.84702,-79.4789,100.0,15.838,15.8,143,54.44,54.44
2924,8772,UMI,30.0,43.84702,-79.47219,100.0,21.813,21.8,194,72.52,72.52
2924,8773,UMI,150.0,43.84702,-79.47219,100.0,29.275,29.3,227,93.21,93.21
2924,8774,UMI,270.0,43.84702,-79.47219,100.0,14.86,14.9,150,53.6,53.6
2925,8775,UMI,30.0,43.84702,-79.46548,100.0,21.836,21.8,202,90.82,90.82
2925,8776,UMI,150.0,43.84702,-79.46548,100.0,23.427,23.4,219,89.48,89.48
2925,8777,UMI,270.0,43.84702,-79.46548,100.0,18.739,18.7,198,71.74,71.74
2926,8778,UMI,30.0,43.84702,-79.45877,100.0,34.74,34.7,255,105.48,105.48
2926,8779,UMI,150.0,43.84702,-79.45877,100.0,22.731,22.7,254,86.8,86.8
2926,8780,UMI,270.0,43.84702,-79.45877,100.0,16.912,16.9,206,69.76,69.76
2927,8781,UMI,30.0,43.84702,-79.45207,100.0,32.473,32.5,276,123.54,123.54
2927,8782,UMI,150.0,43.84702,-79.45207,100.0,28.105,28.1,253,109.91,109.91
2927,8783,UMI,270.0,43.84702,-79.45207,100.0,29.229,29.2,263,111.84,111.84
2928,8784,UMI,30.0,43.84702,-79.44536,100.0,29.981,30.0,296,115.24,115.24
2928,8785,UMI,150.0,43.84702,-79.44536,100.0,33.75,33.8,291,125.78,125.78
2928,8786,UMI,270.0,43.84702,-79.44536,100.0,32.809,32.8,300,120.0,120.0
2929,8787,UMI,30.0,43.84702,-79.43865,100.0,41.97,42.0,337,140.63,140.63
2929,8788,UMI,150.0,43.84702,-79.43865,100.0,34.718,34.7,298,114.87,114.87
2929,8789,UMI,270.0,43.84702,-79.43865,100.0,32.735,32.7,315,124.68,124.68
2930,8790,UMI,30.0,43.84702,-79.43194,100.0,34.211,34.2,306,123.91,123.91
2930,8791,UMI,150.0,43.84702,-79.43194,100.0,33.81,33.8,285,121.76,121.76
2930,8792,UMI,270.0,43.84702,-79.43194,100.0,31.766,31.8,299,118.03,118.03
2931,8793,UMI,30.0,43.84702,-79.42523,100.0,29.074,29.1,307,114.72,114.72
2931,8794,UMI,150.0,43.84702,-79.42523,100.0,30.061,30.1,308,112.5,112.5
2931,8795,UMI,270.0,43.84702,-79.42523,100.0,32.372,32.4,291,113.43,113.43
2932,8796,UMI,30.0,43.84702,-79.41853,100.0,38.589,38.6,319,130.23,130.23
2932,8797,UMI,150.0,43.84702,-79.41853,100.0,28.935,28.9,268,112.33,112.33
2932,8798,UMI,270.0,43.84702,-79.41853,100.0,33.62,33.6,329,130.03,130.03
2933,8799,UMI,30.0,43.84702,-79.41182,100.0,31.683,31.7,288,117.77,117.77
2933,8800,UMI,150.0,43.84702,-79.41182,100.0,31.145,31.1,289,119.89,119.89
2933,8801,UMI,270.0,43.84702,-79.41182,100.0,23.192,23.2,260,89.43,89.43
2934,8802,UMI,30.0,43.84702,-79.40511,100.0,25.094,25.1,301,107.62,107.62
2934,8803,UMI,150.0,43.84702,-79.40511,100.0,35.11,35.1,289,116.9,116.9
2934,8804,UMI,270.0,43.84702,-79.40511,100.0,29.583,29.6,272,108.34,108.34
2935,8805,UMI,30.0,43.84702,-79.3984,100.0,30.097,30.1,291,117.26,117.26
2935,8806,UMI,150.0,43.84702,-79.3984,100.0,29.58,29.6,289,120.01,120.01
2935,8807,UMI,270.0,43.84702,-79.3984,100.0,35.998,36.0,290,128.82,128.82
2936,8808,UMI,30.0,43.84702,-79.39169,100.0,19.952,20.0,200,73.25,73.25
2936,8809,UMI,150.0,43.84702,-79.39169,100.0,25.929,25.9,225,85.98,85.98
2936,8810,UMI,270.0,43.84702,-79.39169,100.0,31.497,31.5,272,115.26,115.26
2937,8811,UMI,30.0,43.84702,-79.38498,100.0,15.393,15.4,129,54.6,54.6
2937,8812,UMI,150.0,43.84702,-79.38498,100.0,17.168,17.2,134,58.72,58.72
2937,8813,UMI,270.0,43.84702,-79.38498,100.0,22.586,22.6,157,73.62,73.62
2938,8814,UMI,30.0,43.84702,-79.37828,100.0,6.871,6.9,85,29.8,29.8
2938,8815,UMI,150.0,43.84702,-79.37828,100.0,6.775,6.8,76,26.75,26.75
2938,8816,UMI,270.0,43.84702,-79.37828,100.0,14.533,14.5,102,48.64,48.64
2939,8817,UMI,30.0,43.84702,-79.37157,100.0,13.114,13.1,77,32.98,32.98
2939,8818,UMI,150.0,43.84702,-79.37157,100.0,10.839,10.8,70,32.49,32.49
2939,8819,UMI,270.0,43.84702,-79.37157,100.0,7.359,7.4,68,32.78,32.78
2940,8820,UMI,30.0,43.84702,-79.36486,100.0,6.422,6.4,83,25.72,25.72
2940,8821,UMI,150.0,43.84702,-79.36486,100.0,11.609,11.6,94,45.94,45.94
2940,8822,UMI,270.0,43.84702,-79.36486,100.0,9.932,9.9,95,42.38,42.38
2941,8823,UMI,30.0,43.84702,-79.35815,100.0,12.378,12.4,132,52.07,52.07
2941,8824,UMI,150.0,43.84702,-79.35815,100.0,10.011,10.0,97,35.09,35.09
2941,8825,UMI,270.0,43.84702,-79.35815,100.0,10.366,10.4,90,43.1,43.1
2942,8826,UMI,30.0,43.84702,-79.35144,100.0,8.729,8.7,88,32.03,32.03
2942,8827,UMI,150.0,43.84702,-79.35144,100.0,7.671,7.7,80,31.56,31.56
2942,8828,UMI,270.0,43.84702,-79.35144,100.0,9.455,9.5,82,36.48,36.48
2943,8829,UMI,30.0,43.84702,-79.34474,100.0,8.104,8.1,100,31.78,31.78
2943,8830,UMI,150.0,43.84702,-79.34474,100.0,10.604,10.6,82,39.56,39.56
2943,8831,UMI,270.0,43.84702,-79.34474,100.0,9.876,9.9,90,38.29,38.29
2944,8832,UMI,30.0,43.84702,-79.33803,100.0,8.498,8.5,103,34.56,34.56
2944,8833,UMI,150.0,43.84702,-79.33803,100.0,7.71,7.7,78,33.65,33.65
2944,8834,UMI,270.0,43.84702,-79.33803,100.0,6.547,6.5,78,30.95,30.95
2945,8835,UMI,30.0,43.84702,-79.33132,100.0,8.605,8.6,83,35.01,35.01
2945,8836,UMI,150.0,43.84702,-79.33132,100.0,8.976,9.0,86,35.79,35.79
2945,8837,UMI,270.0,43.84702,-79.33132,100.0,5.818,5.8,72,21.13,21.13
2946,8838,UMI,30.0,43.84702,-79.32461,100.0,7.386,7.4,84,33.66,33.66
2946,8839,UMI,150.0,43.84702,-79.32461,100.0,8.011,8.0,68,28.92,28.92
2946,8840,UMI,270.0,43.84702,-79.32461,100.0,10.506,10.5,89,35.99,35.99
2947,8841,UMI,30.0,43.84702,-79.3179,100.0,8.069,8.1,86,32.9,32.9
2947,8842,UMI,150.0,43.84702,-79.3179,100.0,10.121,10.1,81,29.14,29.14
2947,8843,UMI,270.0,43.84702,-79.3179,100.0,12.498,12.5,78,24.71,24.71
2948,8844,UMI,30.0,43.84702,-79.31119,100.0,13.317,13.3,105,44.41,44.41
2948,8845,UMI,150.0,43.84702,-79.31119,100.0,13.261,13.3,120,43.1,43.1
2948,8846,UMI,270.0,43.84702,-79.31119,100.0,12.33,12.3,106,50.49,50.49
2949,8847,UMI,30.0,43.84702,-79.30449,100.0,18.918,18.9,168,68.91,68.91
2949,8848,UMI,150.0,43.84702,-79.30449,100.0,20.421,20.4,203,78.7,78.7
2949,8849,UMI,270.0,43.84702,-79.30449,100.0,13.445,13.4,130,51.44,51.44
2950,8850,UMI,30.0,43.84702,-79.29778,100.0,22.161,22.2,215,89.62,89.62
2950,8851,UMI,150.0,43.84702,-79.29778,100.0,26.675,26.7,259,100.87,100.87
2950,8852,UMI,270.0,43.84702,-79.29778,100.0,25.248,25.2,238,87.58,87.58
2951,8853,UMI,30.0,43.84702,-79.29107,100.0,31.419,31.4,276,114.04,114.04
2951,8854,UMI,150.0,43.84702,-79.29107,100.0,33.923,33.9,321,131.08,131.08
2951,8855,UMI,270.0,43.84702,-79.29107,100.0,30.326,30.3,268,103.61,103.61
2952,8856,UMI,30.0,43.84702,-79.28436,100.0,29.646,29.6,255,115.18,115.18
2952,8857,UMI,150.0,43.84702,-79.28436,100.0,32.812,32.8,336,123.09,123.09
2952,8858,UMI,270.0,43.84702,-79.28436,100.0,34.259,34.3,307,121.53,121.53
2953,8859,UMI,30.0,43.84702,-79.27765,100.0,29.112,29.1,285,113.98,113.98
2953,8860,UMI,150.0,43.84702,-79.27765,100.0,37.748,37.7,310,142.14,142.14
2953,8861,UMI,270.0,43.84702,-79.27765,100.0,27.837,27.8,301,118.73,118.73
2954,8862,UMI,30.0,43.84702,-79.27095,100.0,23.778,23.8,260,103.62,103.62
2954,8863,UMI,150.0,43.84702,-79.27095,100.0,32.044,32.0,320,125.58,125.58
2954,8864,UMI,270.0,43.84702,-79.27095,100.0,26.293,26.3,280,111.63,111.63
2955,8865,UMI,30.0,43.84702,-79.26424,100.0,21.371,21.4,242,87.81,87.81
2955,8866,UMI,150.0,43.84702,-79.26424,100.0,34.045,34.0,314,129.91,129.91
2955,8867,UMI,270.0,43.84702,-79.26424,100.0,28.973,29.0,278,111.36,111.36
2956,8868,UMI,30.0,43.84702,-79.25753,100.0,34.537,34.5,298,125.48,125.48
2956,8869,UMI,150.0,43.84702,-79.25753,100.0,28.703,28.7,285,115.94,115.94
2956,8870,UMI,270.0,43.84702,-79.25753,100.0,31.423,31.4,295,118.61,118.61
2957,8871,UMI,30.0,43.84702,-79.25082,100.0,18.898,18.9,186,77.07,77.07
2957,8872,UMI,150.0,43.84702,-79.25082,100.0,25.623,25.6,213,87.71,87.71
2957,8873,UMI,270.0,43.84702,-79.25082,100.0,22.681,22.7,202,80.92,80.92
2958,8874,UMI,30.0,43.84702,-79.24411,100.0,7.665,7.7,101,35.24,35.24
2958,8875,UMI,150.0,43.84702,-79.24411,100.0,11.42,11.4,125,45.46,45.46
2958,8876,UMI,270.0,43.84702,-79.24411,100.0,19.557,19.6,147,71.23,71.23
2959,8877,UMI,30.0,43.84702,-79.23741,100.0,10.198,10.2,90,38.29,38.29
2959,8878,UMI,150.0,43.84702,-79.23741,100.0,6.132,6.1,77,26.74,26.74
2959,8879,UMI,270.0,43.84702,-79.23741,100.0,14.847,14.8,115,45.46,45.46
2960,8880,UMI,30.0,43.84702,-79.2307,100.0,6.299,6.3,67,30.61,30.61
2960,8881,UMI,150.0,43.84702,-79.2307,100.0,6.973,7.0,59,22.49,22.49
2960,8882,UMI,270.0,43.84702,-79.2307,100.0,4.966,5.0,63,24.46,24.46
2961,8883,UMI,30.0,43.84702,-79.22399,100.0,4.167,4.2,52,20.85,20.85
2961,8884,UMI,150.0,43.84702,-79.22399,100.0,7.294,7.3,46,18.96,18.96
2961,8885,UMI,270.0,43.84702,-79.22399,100.0,3.867,3.9,56,17.3,17.3
2962,8886,UMI,30.0,43.84702,-79.21728,100.0,2.724,2.7,40,15.3,15.3
2962,8887,UMI,150.0,43.84702,-79.21728,100.0,2.814,2.8,39,12.59,12.59
2962,8888,UMI,270.0,43.84702,-79.21728,100.0,4.59,4.6,40,19.09,19.09
2963,8889,UMI,30.0,43.84702,-79.21057,100.0,4.517,4.5,35,16.14,16.14
2963,8890,UMI,150.0,43.84702,-79.21057,100.0,2.37,2.4,27,9.71,9.71
2963,8891,UMI,270.0,43.84702,-79.21057,100.0,6.437,6.4,31,18.32,18.32
2964,8892,UMI,30.0,43.84702,-79.20386,100.0,1.987,2.0,21,7.06,7.06
2964,8893,UMI,150.0,43.84702,-79.20386,100.0,6.8,6.8,36,17.09,17.09
2964,8894,UMI,270.0,43.84702,-79.20386,100.0,1.692,1.7,28,9.77,9.77
2965,8895,UMI,30.0,43.84702,-79.19716,100.0,1.315,1.3,23,7.55,7.55
2965,8896,UMI,150.0,43.84702,-79.19716,100.0,2.859,2.9,32,13.8,13.8
2965,8897,UMI,270.0,43.84702,-79.19716,100.0,4.735,4.7,32,17.3,17.3
2966,8898,UMI,30.0,43.84702,-79.17032,100.0,2.491,2.5,22,12.22,12.22
2966,8899,UMI,150.0,43.84702,-79.17032,100.0,2.78,2.8,17,9.83,9.83
2966,8900,UMI,270.0,43.84702,-79.17032,100.0,2.553,2.6,21,10.35,10.35
2967,8901,UMI,30.0,43.84702,-79.15691,100.0,2.085,2.1,27,10.54,10.54
2967,8902,UMI,150.0,43.84702,-79.15691,100.0,3.288,3.3,25,10.63,10.63
2967,8903,UMI,270.0,43.84702,-79.15691,100.0,2.28,2.3,30,11.31,11.31
2968,8904,UMI,30.0,43.84702,-79.1502,100.0,3.196,3.2,32,16.02,16.02
2968,8905,UMI,150.0,43.84702,-79.1502,100.0,2.85,2.8,32,14.03,14.03
2968,8906,UMI,270.0,43.84702,-79.1502,100.0,3.298,3.3,35,16.05,16.05
2969,8907,UMI,30.0,43.84702,-79.13007,100.0,4.751,4.8,54,21.34,21.34
2969,8908,UMI,150.0,43.84702,-79.13007,100.0,9.463,9.5,78,30.42,30.42
2969,8909,UMI,270.0,43.84702,-79.13007,100.0,4.599,4.6,55,18.42,18.42
2970,8910,UMI,30.0,43.84702,-79.12337,100.0,9.665,9.7,86,35.88,35.88
2970,8911,UMI,150.0,43.84702,-79.12337,100.0,11.365,11.4,110,43.71,43.71
2970,8912,UMI,270.0,43.84702,-79.12337,100.0,13.478,13.5,99,47.8,47.8
2971,8913,UMI,30.0,43.84702,-79.11666,100.0,16.676,16.7,146,60.77,60.77
2971,8914,UMI,150.0,43.84702,-79.11666,100.0,25.129,25.1,191,72.43,72.43
2971,8915,UMI,270.0,43.84702,-79.11666,100.0,12.17,12.2,109,48.87,48.87
2972,8916,UMI,30.0,43.84702,-79.10995,100.0,22.822,22.8,235,92.83,92.83
2972,8917,UMI,150.0,43.84702,-79.10995,100.0,28.95,28.9,276,102.52,102.52
2972,8918,UMI,270.0,43.84702,-79.10995,100.0,22.288,22.3,206,89.36,89.36
2973,8919,UMI,30.0,43.84702,-79.10324,100.0,24.513,24.5,258,92.84,92.84
2973,8920,UMI,150.0,43.84702,-79.10324,100.0,32.225,32.2,316,124.52,124.52
2973,8921,UMI,270.0,43.84702,-79.10324,100.0,26.734,26.7,268,104.99,104.99
2974,8922,UMI,30.0,43.84702,-79.09653,100.0,24.793,24.8,229,90.19,90.19
2974,8923,UMI,150.0,43.84702,-79.09653,100.0,24.584,24.6,276,107.21,107.21
2974,8924,UMI,270.0,43.84702,-79.09653,100.0,25.263,25.3,270,104.34,104.34
2975,8925,UMI,30.0,43.84702,-79.08983,100.0,21.469,21.5,215,82.83,82.83
2975,8926,UMI,150.0,43.84702,-79.08983,100.0,25.311,25.3,249,100.57,100.57
2975,8927,UMI,270.0,43.84702,-79.08983,100.0,23.683,23.7,240,88.28,88.28
2976,8928,UMI,30.0,43.84702,-79.08312,100.0,20.715,20.7,203,75.31,75.31
2976,8929,UMI,150.0,43.84702,-79.08312,100.0,21.285,21.3,202,80.53,80.53
2976,8930,UMI,270.0,43.84702,-79.08312,100.0,25.436,25.4,247,104.08,104.08
2977,8931,UMI,30.0,43.84702,-79.07641,100.0,18.511,18.5,184,80.11,80.11
2977,8932,UMI,150.0,43.84702,-79.07641,100.0,23.536,23.5,200,82.6,82.6
2977,8933,UMI,270.0,43.84702,-79.07641,100.0,15.939,15.9,192,62.44,62.44
2978,8934,UMI,30.0,43.84702,-79.0697,100.0,24.1,24.1,206,91.81,91.81
2978,8935,UMI,150.0,43.84702,-79.0697,100.0,15.738,15.7,161,62.39,62.39
2978,8936,UMI,270.0,43.84702,-79.0697,100.0,19.562,19.6,163,67.18,67.18
2979,8937,UMI,30.0,43.84702,-79.06299,100.0,16.056,16.1,169,64.44,64.44
2979,8938,UMI,150.0,43.84702,-79.06299,100.0,10.96,11.0,120,46.36,46.36
2979,8939,UMI,270.0,43.84702,-79.06299,100.0,24.42,24.4,179,83.77,83.77
2980,8940,UMI,30.0,43.84702,-79.05629,100.0,18.218,18.2,140,55.92,55.92
2980,8941,UMI,150.0,43.84702,-79.05629,100.0,9.502,9.5,88,40.4,40.4
2980,8942,UMI,270.0,43.84702,-79.05629,100.0,14.15,14.1,142,53.93,53.93
2981,8943,UMI,30.0,43.84702,-79.04958,100.0,20.12,20.1,184,68.68,68.68
2981,8944,UMI,150.0,43.84702,-79.04958,100.0,10.588,10.6,102,39.58,39.58
2981,8945,UMI,270.0,43.84702,-79.04958,100.0,13.25,13.2,124,54.2,54.2
2982,8946,UMI,30.0,43.84702,-79.04287,100.0,18.462,18.5,171,73.53,73.53
2982,8947,UMI,150.0,43.84702,-79.04287,100.0,8.817,8.8,116,39.31,39.31
2982,8948,UMI,270.0,43.84702,-79.04287,100.0,17.875,17.9,153,62.22,62.22
2983,8949,UMI,30.0,43.84702,-79.03616,100.0,30.781,30.8,218,94.93,94.93
2983,8950,UMI,150.0,43.84702,-79.03616,100.0,15.323,15.3,165,62.56,62.56
2983,8951,UMI,270.0,43.84702,-79.03616,100.0,22.117,22.1,178,82.8,82.8
2984,8952,UMI,30.0,43.84702,-79.02945,100.0,24.744,24.7,244,91.74,91.74
2984,8953,UMI,150.0,43.84702,-79.02945,100.0,25.528,25.5,232,101.11,101.11
2984,8954,UMI,270.0,43.84702,-79.02945,100.0,15.127,15.1,174,62.74,62.74
2985,8955,UMI,30.0,43.84702,-79.02274,100.0,28.853,28.9,274,110.35,110.35
2985,8956,UMI,150.0,43.84702,-79.02274,100.0,26.845,26.8,250,98.27,98.27
2985,8957,UMI,270.0,43.84702,-79.02274,100.0,30.123,30.1,222,92.01,92.01
2986,8958,UMI,30.0,43.84702,-79.01604,100.0,30.664,30.7,261,109.28,109.28
2986,8959,UMI,150.0,43.84702,-79.01604,100.0,29.869,29.9,265,103.14,103.14
2986,8960,UMI,270.0,43.84702,-79.01604,100.0,28.252,28.3,298,115.76,115.76
2987,8961,UMI,30.0,43.84702,-79.00933,100.0,17.646,17.6,182,64.55,64.55
2987,8962,UMI,150.0,43.84702,-79.00933,100.0,24.82,24.8,244,100.26,100.26
2987,8963,UMI,270.0,43.84702,-79.00933,100.0,25.712,25.7,255,100.28,100.28
2988,8964,UMI,30.0,43.84702,-79.00262,100.0,8.182,8.2,107,36.42,36.42
2988,8965,UMI,150.0,43.84702,-79.00262,100.0,13.954,14.0,140,55.78,55.78
2988,8966,UMI,270.0,43.84702,-79.00262,100.0,18.44,18.4,168,74.12,74.12
2989,8967,UMI,30.0,43.84702,-78.99591,100.0,8.632,8.6,75,29.32,29.32
2989,8968,UMI,150.0,43.84702,-78.99591,100.0,8.04,8.0,74,29.15,29.15
2989,8969,UMI,270.0,43.84702,-78.99591,100.0,9.674,9.7,97,37.14,37.14
2990,8970,UMI,30.0,43.84702,-78.9892,100.0,5.99,6.0,66,27.09,27.09
2990,8971,UMI,150.0,43.84702,-78.9892,100.0,7.218,7.2,75,28.27,28.27
2990,8972,UMI,270.0,43.84702,-78.9892,100.0,5.342,5.3,73,27.11,27.11
2991,8973,UMI,30.0,43.85121,-79.51579,100.0,18.236,18.2,148,64.75,64.75
2991,8974,UMI,150.0,43.85121,-79.51579,100.0,14.62,14.6,141,54.2,54.2
2991,8975,UMI,270.0,43.85121,-79.51579,100.0,11.407,11.4,114,48.81,48.81
2992,8976,UMI,30.0,43.85121,-79.50909,100.0,23.763,23.8,233,90.42,90.42
2992,8977,UMI,150.0,43.85121,-79.50909,100.0,26.045,26.0,247,106.01,106.01
2992,8978,UMI,270.0,43.85121,-79.50909,100.0,25.83,25.8,219,92.97,92.97
2993,8979,UMI,30.0,43.85121,-79.50238,100.0,19.874,19.9,226,81.76,81.76
2993,8980,UMI,150.0,43.85121,-79.50238,100.0,20.651,20.7,225,81.36,81.36
2993,8981,UMI,270.0,43.85121,-79.50238,100.0,32.359,32.4,289,101.08,101.08
2994,8982,UMI,30.0,43.85121,-79.49567,100.0,29.191,29.2,220,86.01,86.01
2994,8983,UMI,150.0,43.85121,-79.49567,100.0,22.319,22.3,224,90.9,90.9
2994,8984,UMI,270.0,43.85121,-79.49567,100.0,26.205,26.2,255,97.92,97.92
2995,8985,UMI,30.0,43.85121,-79.48896,100.0,16.183,16.2,160,69.42,69.42
2995,8986,UMI,150.0,43.85121,-79.48896,100.0,16.42,16.4,185,66.26,66.26
2995,8987,UMI,270.0,43.85121,-79.48896,100.0,22.747,22.7,212,89.77,89.77
2996,8988,UMI,30.0,43.85121,-79.48225,100.0,12.05,12.0,126,50.91,50.91
2996,8989,UMI,150.0,43.85121,-79.48225,100.0,11.834,11.8,119,44.23,44.23
2996,8990,UMI,270.0,43.85121,-79.48225,100.0,13.756,13.8,127,46.79,46.79
2997,8991,UMI,30.0,43.85121,-79.47554,100.0,10.39,10.4,105,36.39,36.39
2997,8992,UMI,150.0,43.85121,-79.47554,100.0,14.11,14.1,128,48.71,48.71
2997,8993,UMI,270.0,43.85121,-79.47554,100.0,12.909,12.9,109,47.77,47.77
2998,8994,UMI,30.0,43.85121,-79.46884,100.0,17.796,17.8,177,62.49,62.49
2998,8995,UMI,150.0,43.85121,-79.46884,100.0,17.79,17.8,179,69.41,69.41
2998,8996,UMI,270.0,43.85121,-79.46884,100.0,14.143,14.1,161,66.17,66.17
2999,8997,UMI,30.0,43.85121,-79.46213,100.0,27.074,27.1,253,107.29,107.29
2999,8998,UMI,150.0,43.85121,-79.46213,100.0,24.641,24.6,242,96.46,96.46
2999,8999,UMI,270.0,43.85121,-79.46213,100.0,30.941,30.9,214,89.51,89.51
3000,9000,UMI,30.0,43.85121,-79.45542,100.0,35.336,35.3,321,131.95,131.95
3000,9001,UMI,150.0,43.85121,-79.45542,100.0,29.446,29.4,292,110.19,110.19
3000,9002,UMI,270.0,43.85121,-79.45542,100.0,23.445,23.4,260,105.41,105.41
3001,9003,UMI,30.0,43.85121,-79.44871,100.0,26.418,26.4,299,105.39,105.39
3001,9004,UMI,150.0,43.85121,-79.44871,100.0,30.414,30.4,286,110.84,110.84
3001,9005,UMI,270.0,43.85121,-79.44871,100.0,26.375,26.4,277,100.5,100.5
3002,9006,UMI,30.0,43.85121,-79.442,100.0,33.176,33.2,332,121.79,121.79
3002,9007,UMI,150.0,43.85121,-79.442,100.0,28.25,28.2,330,122.22,122.22
3002,9008,UMI,270.0,43.85121,-79.442,100.0,35.748,35.7,302,126.52,126.52
3003,9009,UMI,30.0,43.85121,-79.4353,100.0,26.489,26.5,283,113.58,113.58
3003,9010,UMI,150.0,43.85121,-79.4353,100.0,33.364,33.4,327,133.18,133.18
3003,9011,UMI,270.0,43.85121,-79.4353,100.0,26.189,26.2,273,109.4,109.4
3004,9012,UMI,30.0,43.85121,-79.42859,100.0,22.829,22.8,237,89.97,89.97
3004,9013,UMI,150.0,43.85121,-79.42859,100.0,38.34,38.3,330,142.55,142.55
3004,9014,UMI,270.0,43.85121,-79.42859,100.0,31.738,31.7,284,106.77,106.77
3005,9015,UMI,30.0,43.85121,-79.42188,100.0,28.216,28.2,309,115.9,115.9
3005,9016,UMI,150.0,43.85121,-79.42188,100.0,27.661,27.7,272,106.83,106.83
3005,9017,UMI,270.0,43.85121,-79.42188,100.0,26.071,26.1,272,101.53,101.53
3006,9018,UMI,30.0,43.85121,-79.41517,100.0,37.794,37.8,345,131.8,131.8
3006,9019,UMI,150.0,43.85121,-79.41517,100.0,36.577,36.6,342,141.51,141.51
3006,9020,UMI,270.0,43.85121,-79.41517,100.0,36.876,36.9,327,135.13,135.13
3007,9021,UMI,30.0,43.85121,-79.40846,100.0,34.827,34.8,351,123.85,123.85
3007,9022,UMI,150.0,43.85121,-79.40846,100.0,36.221,36.2,328,137.36,137.36
3007,9023,UMI,270.0,43.85121,-79.40846,100.0,26.783,26.8,341,120.2,120.2
3008,9024,UMI,30.0,43.85121,-79.40175,100.0,35.625,35.6,349,149.56,149.56
3008,9025,UMI,150.0,43.85121,-79.40175,100.0,33.638,33.6,313,121.27,121.27
3008,9026,UMI,270.0,43.85121,-79.40175,100.0,41.608,41.6,403,147.36,147.36
3009,9027,UMI,30.0,43.85121,-79.39505,100.0,29.647,29.6,238,101.26,101.26
3009,9028,UMI,150.0,43.85121,-79.39505,100.0,25.365,25.4,247,89.0,89.0
3009,9029,UMI,270.0,43.85121,-79.39505,100.0,33.687,33.7,318,116.96,116.96
3010,9030,UMI,30.0,43.85121,-79.38834,100.0,18.551,18.6,170,67.88,67.88
3010,9031,UMI,150.0,43.85121,-79.38834,100.0,17.657,17.7,174,64.08,64.08
3010,9032,UMI,270.0,43.85121,-79.38834,100.0,19.453,19.5,194,77.57,77.57
3011,9033,UMI,30.0,43.85121,-79.38163,100.0,14.052,14.1,114,54.72,54.72
3011,9034,UMI,150.0,43.85121,-79.38163,100.0,12.279,12.3,110,44.59,44.59
3011,9035,UMI,270.0,43.85121,-79.38163,100.0,13.204,13.2,143,53.48,53.48
3012,9036,UMI,30.0,43.85121,-79.37492,100.0,10.675,10.7,78,39.45,39.45
3012,9037,UMI,150.0,43.85121,-79.37492,100.0,8.16,8.2,80,34.15,34.15
3012,9038,UMI,270.0,43.85121,-79.37492,100.0,11.439,11.4,97,41.03,41.03
3013,9039,UMI,30.0,43.85121,-79.36821,100.0,10.459,10.5,90,28.41,28.41
3013,9040,UMI,150.0,43.85121,-79.36821,100.0,9.059,9.1,82,33.79,33.79
3013,9041,UMI,270.0,43.85121,-79.36821,100.0,7.292,7.3,65,26.02,26.02
3014,9042,UMI,30.0,43.85121,-79.36151,100.0,10.763,10.8,131,44.68,44.68
3014,9043,UMI,150.0,43.85121,-79.36151,100.0,16.976,17.0,106,42.22,42.22
3014,9044,UMI,270.0,43.85121,-79.36151,100.0,10.062,10.1,99,40.51,40.51
3015,9045,UMI,30.0,43.85121,-79.3548,100.0,17.424,17.4,164,62.42,62.42
3015,9046,UMI,150.0,43.85121,-79.3548,100.0,13.73,13.7,131,52.03,52.03
3015,9047,UMI,270.0,43.85121,-79.3548,100.0,12.467,12.5,130,54.56,54.56
3016,9048,UMI,30.0,43.85121,-79.34809,100.0,16.626,16.6,143,54.78,54.78
3016,9049,UMI,150.0,43.85121,-79.34809,100.0,12.961,13.0,133,47.68,47.68
3016,9050,UMI,270.0,43.85121,-79.34809,100.0,10.705,10.7,124,43.38,43.38
3017,9051,UMI,30.0,43.85121,-79.34138,100.0,16.426,16.4,146,63.29,63.29
3017,9052,UMI,150.0,43.85121,-79.34138,100.0,11.061,11.1,118,46.29,46.29
3017,9053,UMI,270.0,43.85121,-79.34138,100.0,9.84,9.8,112,37.77,37.77
3018,9054,UMI,30.0,43.85121,-79.33467,100.0,13.091,13.1,132,55.55,55.55
3018,9055,UMI,150.0,43.85121,-79.33467,100.0,9.538,9.5,99,37.14,37.14
3018,9056,UMI,270.0,43.85121,-79.33467,100.0,11.337,11.3,119,46.44,46.44
3019,9057,UMI,30.0,43.85121,-79.32797,100.0,15.349,15.3,133,52.3,52.3
3019,9058,UMI,150.0,43.85121,-79.32797,100.0,11.618,11.6,96,43.54,43.54
3019,9059,UMI,270.0,43.85121,-79.32797,100.0,10.864,10.9,134,52.53,52.53
3020,9060,UMI,30.0,43.85121,-79.32126,100.0,7.489,7.5,99,31.58,31.58
3020,9061,UMI,150.0,43.85121,-79.32126,100.0,7.605,7.6,82,34.01,34.01
3020,9062,UMI,270.0,43.85121,-79.32126,100.0,7.664,7.7,82,24.62,24.62
3021,9063,UMI,30.0,43.85121,-79.31455,100.0,7.38,7.4,94,30.18,30.18
3021,9064,UMI,150.0,43.85121,-79.31455,100.0,7.583,7.6,88,31.75,31.75
3021,9065,UMI,270.0,43.85121,-79.31455,100.0,8.347,8.3,63,25.49,25.49
3022,9066,UMI,30.0,43.85121,-79.30784,100.0,13.695,13.7,114,47.36,47.36
3022,9067,UMI,150.0,43.85121,-79.30784,100.0,10.798,10.8,107,47.41,47.41
3022,9068,UMI,270.0,43.85121,-79.30784,100.0,11.865,11.9,118,49.52,49.52
3023,9069,UMI,30.0,43.85121,-79.30113,100.0,15.715,15.7,195,63.98,63.98
3023,9070,UMI,150.0,43.85121,-79.30113,100.0,19.465,19.5,182,86.18,86.18
3023,9071,UMI,270.0,43.85121,-79.30113,100.0,13.327,13.3,162,56.23,56.23
3024,9072,UMI,30.0,43.85121,-79.29442,100.0,14.04,14.0,178,58.8,58.8
3024,9073,UMI,150.0,43.85121,-79.29442,100.0,17.907,17.9,187,72.67,72.67
3024,9074,UMI,270.0,43.85121,-79.29442,100.0,20.299,20.3,174,84.01,84.01
3025,9075,UMI,30.0,43.85121,-79.28772,100.0,16.558,16.6,166,59.03,59.03
3025,9076,UMI,150.0,43.85121,-79.28772,100.0,23.889,23.9,235,95.26,95.26
3025,9077,UMI,270.0,43.85121,-79.28772,100.0,19.634,19.6,203,73.82,73.82
3026,9078,UMI,30.0,43.85121,-79.28101,100.0,17.292,17.3,172,70.48,70.48
3026,9079,UMI,150.0,43.85121,-79.28101,100.0,17.19,17.2,219,75.93,75.93
3026,9080,UMI,270.0,43.85121,-79.28101,100.0,26.163,26.2,234,85.41,85.41
3027,9081,UMI,30.0,43.85121,-79.2743,100.0,19.98,20.0,167,72.95,72.95
3027,9082,UMI,150.0,43.85121,-79.2743,100.0,18.973,19.0,201,69.82,69.82
3027,9083,UMI,270.0,43.85121,-79.2743,100.0,20.466,20.5,184,73.12,73.12
3028,9084,UMI,30.0,43.85121,-79.26759,100.0,20.383,20.4,147,62.97,62.97
3028,9085,UMI,150.0,43.85121,-79.26759,100.0,20.663,20.7,208,89.88,89.88
3028,9086,UMI,270.0,43.85121,-79.26759,100.0,24.75,24.7,212,86.05,86.05
3029,9087,UMI,30.0,43.85121,-79.26088,100.0,16.726,16.7,151,63.92,63.92
3029,9088,UMI,150.0,43.85121,-79.26088,100.0,22.758,22.8,211,80.77,80.77
3029,9089,UMI,270.0,43.85121,-79.26088,100.0,12.299,12.3,183,53.65,53.65
3030,9090,UMI,30.0,43.85121,-79.25418,100.0,14.137,14.1,177,68.17,68.17
3030,9091,UMI,150.0,43.85121,-79.25418,100.0,16.996,17.0,170,62.11,62.11
3030,9092,UMI,270.0,43.85121,-79.25418,100.0,19.802,19.8,207,77.62,77.62
3031,9093,UMI,30.0,43.85121,-79.24747,100.0,14.079,14.1,144,59.1,59.1
3031,9094,UMI,150.0,43.85121,-79.24747,100.0,15.765,15.8,130,55.64,55.64
3031,9095,UMI,270.0,43.85121,-79.24747,100.0,18.586,18.6,183,67.46,67.46
3032,9096,UMI,30.0,43.85121,-79.24076,100.0,15.1,15.1,162,61.04,61.04
3032,9097,UMI,150.0,43.85121,-79.24076,100.0,8.887,8.9,111,42.98,42.98
3032,9098,UMI,270.0,43.85121,-79.24076,100.0,11.943,11.9,129,42.13,42.13
3033,9099,UMI,30.0,43.85121,-79.23405,100.0,13.359,13.4,121,46.4,46.4
3033,9100,UMI,150.0,43.85121,-79.23405,100.0,13.156,13.2,95,34.81,34.81
3033,9101,UMI,270.0,43.85121,-79.23405,100.0,10.005,10.0,101,40.32,40.32
3034,9102,UMI,30.0,43.85121,-79.22734,100.0,8.069,8.1,91,32.51,32.51
3034,9103,UMI,150.0,43.85121,-79.22734,100.0,6.11,6.1,70,26.7,26.7
3034,9104,UMI,270.0,43.85121,-79.22734,100.0,8.652,8.7,87,31.75,31.75
3035,9105,UMI,30.0,43.85121,-79.22063,100.0,7.239,7.2,62,26.03,26.03
3035,9106,UMI,150.0,43.85121,-79.22063,100.0,6.818,6.8,50,23.75,23.75
3035,9107,UMI,270.0,43.85121,-79.22063,100.0,12.303,12.3,85,35.46,35.46
3036,9108,UMI,30.0,43.85121,-79.18039,100.0,1.914,1.9,24,8.94,8.94
3036,9109,UMI,150.0,43.85121,-79.18039,100.0,3.163,3.2,21,10.35,10.35
3036,9110,UMI,270.0,43.85121,-79.18039,100.0,3.489,3.5,19,6.08,6.08
3037,9111,UMI,30.0,43.85121,-79.15355,100.0,0.776,0.8,17,3.91,3.91
3037,9112,UMI,150.0,43.85121,-79.15355,100.0,2.621,2.6,30,9.79,9.79
3037,9113,UMI,270.0,43.85121,-79.15355,100.0,1.255,1.3,19,7.26,7.26
3038,9114,UMI,30.0,43.85121,-79.14014,100.0,2.45,2.4,25,12.24,12.24
3038,9115,UMI,150.0,43.85121,-79.14014,100.0,3.214,3.2,35,10.44,10.44
3038,9116,UMI,270.0,43.85121,-79.14014,100.0,1.569,1.6,22,6.64,6.64
3039,9117,UMI,30.0,43.85121,-79.13343,100.0,2.814,2.8,32,13.62,13.62
3039,9118,UMI,150.0,43.85121,-79.13343,100.0,4.062,4.1,32,15.06,15.06
3039,9119,UMI,270.0,43.85121,-79.13343,100.0,1.84,1.8,31,10.52,10.52
3040,9120,UMI,30.0,43.85121,-79.12001,100.0,7.282,7.3,92,29.77,29.77
3040,9121,UMI,150.0,43.85121,-79.12001,100.0,9.981,10.0,100,39.63,39.63
3040,9122,UMI,270.0,43.85121,-79.12001,100.0,5.708,5.7,62,25.88,25.88
3041,9123,UMI,30.0,43.85121,-79.1133,100.0,17.727,17.7,155,64.06,64.06
3041,9124,UMI,150.0,43.85121,-79.1133,100.0,19.391,19.4,194,77.6,77.6
3041,9125,UMI,270.0,43.85121,-79.1133,100.0,14.971,15.0,149,59.17,59.17
3042,9126,UMI,30.0,43.85121,-79.1066,100.0,18.915,18.9,181,76.15,76.15
3042,9127,UMI,150.0,43.85121,-79.1066,100.0,21.525,21.5,224,85.69,85.69
3042,9128,UMI,270.0,43.85121,-79.1066,100.0,16.717,16.7,189,72.38,72.38
3043,9129,UMI,30.0,43.85121,-79.09989,100.0,17.258,17.3,175,65.04,65.04
3043,9130,UMI,150.0,43.85121,-79.09989,100.0,22.912,22.9,205,96.35,96.35
3043,9131,UMI,270.0,43.85121,-79.09989,100.0,16.595,16.6,188,63.44,63.44
3044,9132,UMI,30.0,43.85121,-79.09318,100.0,12.375,12.4,149,48.01,48.01
3044,9133,UMI,150.0,43.85121,-79.09318,100.0,18.855,18.9,205,77.8,77.8
3044,9134,UMI,270.0,43.85121,-79.09318,100.0,17.496,17.5,164,65.37,65.37
3045,9135,UMI,30.0,43.85121,-79.08647,100.0,16.194,16.2,193,69.44,69.44
3045,9136,UMI,150.0,43.85121,-79.08647,100.0,21.067,21.1,192,75.75,75.75
3045,9137,UMI,270.0,43.85121,-79.08647,100.0,15.243,15.2,171,60.71,60.71
3046,9138,UMI,30.0,43.85121,-79.07976,100.0,24.294,24.3,219,83.94,83.94
3046,9139,UMI,150.0,43.85121,-79.07976,100.0,18.145,18.1,165,64.54,64.54
3046,9140,UMI,270.0,43.85121,-79.07976,100.0,18.862,18.9,207,87.16,87.16
3047,9141,UMI,30.0,43.85121,-79.07306,100.0,16.089,16.1,141,55.72,55.72
3047,9142,UMI,150.0,43.85121,-79.07306,100.0,13.721,13.7,150,51.7,51.7
3047,9143,UMI,270.0,43.85121,-79.07306,100.0,17.22,17.2,173,65.16,65.16
3048,9144,UMI,30.0,43.85121,-79.06635,100.0,21.391,21.4,172,74.63,74.63
3048,9145,UMI,150.0,43.85121,-79.06635,100.0,19.239,19.2,198,79.51,79.51
3048,9146,UMI,270.0,43.85121,-79.06635,100.0,14.049,14.0,168,60.7,60.7
3049,9147,UMI,30.0,43.85121,-79.05964,100.0,20.925,20.9,214,92.29,92.29
3049,9148,UMI,150.0,43.85121,-79.05964,100.0,25.353,25.4,172,71.14,71.14
3049,9149,UMI,270.0,43.85121,-79.05964,100.0,16.51,16.5,168,63.57,63.57
3050,9150,UMI,30.0,43.85121,-79.05293,100.0,26.54,26.5,297,105.63,105.63
3050,9151,UMI,150.0,43.85121,-79.05293,100.0,21.499,21.5,234,93.99,93.99
3050,9152,UMI,270.0,43.85121,-79.05293,100.0,28.481,28.5,210,89.2,89.2
3051,9153,UMI,30.0,43.85121,-79.04622,100.0,32.814,32.8,293,121.79,121.79
3051,9154,UMI,150.0,43.85121,-79.04622,100.0,21.809,21.8,198,83.04,83.04
3051,9155,UMI,270.0,43.85121,-79.04622,100.0,23.735,23.7,243,97.18,97.18
3052,9156,UMI,30.0,43.85121,-79.03951,100.0,28.715,28.7,265,103.49,103.49
3052,9157,UMI,150.0,43.85121,-79.03951,100.0,24.628,24.6,230,93.28,93.28
3052,9158,UMI,270.0,43.85121,-79.03951,100.0,22.048,22.0,249,93.47,93.47
3053,9159,UMI,30.0,43.85121,-79.03281,100.0,26.257,26.3,293,106.8,106.8
3053,9160,UMI,150.0,43.85121,-79.03281,100.0,24.46,24.5,230,89.73,89.73
3053,9161,UMI,270.0,43.85121,-79.03281,100.0,28.902,28.9,265,115.83,115.83
3054,9162,UMI,30.0,43.85121,-79.0261,100.0,31.62,31.6,309,129.8,129.8
3054,9163,UMI,150.0,43.85121,-79.0261,100.0,30.416,30.4,282,113.36,113.36
3054,9164,UMI,270.0,43.85121,-79.0261,100.0,22.643,22.6,267,97.35,97.35
3055,9165,UMI,30.0,43.85121,-79.01939,100.0,22.633,22.6,246,91.57,91.57
3055,9166,UMI,150.0,43.85121,-79.01939,100.0,20.716,20.7,242,87.03,87.03
3055,9167,UMI,270.0,43.85121,-79.01939,100.0,23.291,23.3,238,89.43,89.43
3056,9168,UMI,30.0,43.85121,-79.01268,100.0,13.627,13.6,161,55.7,55.7
3056,9169,UMI,150.0,43.85121,-79.01268,100.0,23.289,23.3,212,78.91,78.91
3056,9170,UMI,270.0,43.85121,-79.01268,100.0,21.396,21.4,211,87.47,87.47
3057,9171,UMI,30.0,43.85121,-79.00597,100.0,8.179,8.2,84,26.39,26.39
3057,9172,UMI,150.0,43.85121,-79.00597,100.0,11.674,11.7,126,48.68,48.68
3057,9173,UMI,270.0,43.85121,-79.00597,100.0,13.131,13.1,137,50.01,50.01
3058,9174,UMI,30.0,43.85121,-78.99927,100.0,5.481,5.5,50,21.77,21.77
3058,9175,UMI,150.0,43.85121,-78.99927,100.0,6.631,6.6,63,25.45,25.45
3058,9176,UMI,270.0,43.85121,-78.99927,100.0,7.053,7.1,69,28.52,28.52
3059,9177,UMI,30.0,43.85121,-78.99256,100.0,4.204,4.2,38,21.86,21.86
3059,9178,UMI,150.0,43.85121,-78.99256,100.0,5.118,5.1,59,22.51,22.51
3059,9179,UMI,270.0,43.85121,-78.99256,100.0,3.992,4.0,47,18.87,18.87
3060,9180,UMI,30.0,43.85541,-79.51244,100.0,18.589,18.6,194,79.53,79.53
3060,9181,UMI,150.0,43.85541,-79.51244,100.0,19.399,19.4,208,78.65,78.65
3060,9182,UMI,270.0,43.85541,-79.51244,100.0,12.208,12.2,151,61.91,61.91
3061,9183,UMI,30.0,43.85541,-79.50573,100.0,16.763,16.8,198,67.5,67.5
3061,9184,UMI,150.0,43.85541,-79.50573,100.0,24.715,24.7,267,100.92,100.92
3061,9185,UMI,270.0,43.85541,-79.50573,100.0,18.225,18.2,213,78.13,78.13
3062,9186,UMI,30.0,43.85541,-79.49902,100.0,22.985,23.0,194,79.31,79.31
3062,9187,UMI,150.0,43.85541,-79.49902,100.0,24.633,24.6,239,90.37,90.37
3062,9188,UMI,270.0,43.85541,-79.49902,100.0,20.691,20.7,234,78.0,78.0
3063,9189,UMI,30.0,43.85541,-79.49231,100.0,17.134,17.1,169,71.79,71.79
3063,9190,UMI,150.0,43.85541,-79.49231,100.0,18.116,18.1,175,72.31,72.31
3063,9191,UMI,270.0,43.85541,-79.49231,100.0,20.911,20.9,218,84.0,84.0
3064,9192,UMI,30.0,43.85541,-79.48561,100.0,11.798,11.8,121,46.01,46.01
3064,9193,UMI,150.0,43.85541,-79.48561,100.0,10.556,10.6,103,35.07,35.07
3064,9194,UMI,270.0,43.85541,-79.48561,100.0,13.514,13.5,137,59.7,59.7
3065,9195,UMI,30.0,43.85541,-79.4789,100.0,8.063,8.1,101,33.94,33.94
3065,9196,UMI,150.0,43.85541,-79.4789,100.0,9.192,9.2,97,39.56,39.56
3065,9197,UMI,270.0,43.85541,-79.4789,100.0,9.329,9.3,104,31.82,31.82
3066,9198,UMI,30.0,43.85541,-79.47219,100.0,20.61,20.6,147,66.65,66.65
3066,9199,UMI,150.0,43.85541,-79.47219,100.0,20.821,20.8,181,68.74,68.74
3066,9200,UMI,270.0,43.85541,-79.47219,100.0,15.343,15.3,130,59.05,59.05
3067,9201,UMI,30.0,43.85541,-79.46548,100.0,27.74,27.7,224,94.09,94.09
3067,9202,UMI,150.0,43.85541,-79.46548,100.0,16.139,16.1,196,65.11,65.11
3067,9203,UMI,270.0,43.85541,-79.46548,100.0,19.455,19.5,193,78.68,78.68
3068,9204,UMI,30.0,43.85541,-79.45877,100.0,32.964,33.0,292,126.21,126.21
3068,9205,UMI,150.0,43.85541,-79.45877,100.0,25.19,25.2,287,103.37,103.37
3068,9206,UMI,270.0,43.85541,-79.45877,100.0,29.432,29.4,269,113.74,113.74
3069,9207,UMI,30.0,43.85541,-79.45207,100.0,38.637,38.6,337,136.61,136.61
3069,9208,UMI,150.0,43.85541,-79.45207,100.0,29.667,29.7,295,117.18,117.18
3069,9209,UMI,270.0,43.85541,-79.45207,100.0,32.047,32.0,338,138.59,138.59
3070,9210,UMI,30.0,43.85541,-79.44536,100.0,40.965,41.0,308,135.48,135.48
3070,9211,UMI,150.0,43.85541,-79.44536,100.0,30.211,30.2,252,109.02,109.02
3070,9212,UMI,270.0,43.85541,-79.44536,100.0,30.457,30.5,274,106.7,106.7
3071,9213,UMI,30.0,43.85541,-79.43865,100.0,29.242,29.2,272,115.47,115.47
3071,9214,UMI,150.0,43.85541,-79.43865,100.0,27.239,27.2,308,109.57,109.57
3071,9215,UMI,270.0,43.85541,-79.43865,100.0,31.607,31.6,323,123.74,123.74
3072,9216,UMI,30.0,43.85541,-79.43194,100.0,24.722,24.7,245,100.32,100.32
3072,9217,UMI,150.0,43.85541,-79.43194,100.0,21.648,21.6,241,91.7,91.7
3072,9218,UMI,270.0,43.85541,-79.43194,100.0,29.559,29.6,254,110.27,110.27
3073,9219,UMI,30.0,43.85541,-79.42523,100.0,24.953,25.0,260,104.03,104.03
3073,9220,UMI,150.0,43.85541,-79.42523,100.0,31.993,32.0,302,125.23,125.23
3073,9221,UMI,270.0,43.85541,-79.42523,100.0,31.476,31.5,280,112.79,112.79
3074,9222,UMI,30.0,43.85541,-79.41853,100.0,31.854,31.9,287,110.09,110.09
3074,9223,UMI,150.0,43.85541,-79.41853,100.0,34.758,34.8,317,126.95,126.95
3074,9224,UMI,270.0,43.85541,-79.41853,100.0,29.953,30.0,279,120.33,120.33
3075,9225,UMI,30.0,43.85541,-79.41182,100.0,31.028,31.0,318,124.58,124.58
3075,9226,UMI,150.0,43.85541,-79.41182,100.0,32.954,33.0,311,123.2,123.2
3075,9227,UMI,270.0,43.85541,-79.41182,100.0,33.695,33.7,320,124.78,124.78
3076,9228,UMI,30.0,43.85541,-79.40511,100.0,36.209,36.2,369,138.75,138.75
3076,9229,UMI,150.0,43.85541,-79.40511,100.0,35.988,36.0,374,140.77,140.77
3076,9230,UMI,270.0,43.85541,-79.40511,100.0,39.855,39.9,356,145.53,145.53
3077,9231,UMI,30.0,43.85541,-79.3984,100.0,28.746,28.7,302,117.3,117.3
3077,9232,UMI,150.0,43.85541,-79.3984,100.0,31.111,31.1,308,115.77,115.77
3077,9233,UMI,270.0,43.85541,-79.3984,100.0,38.738,38.7,360,145.38,145.38
3078,9234,UMI,30.0,43.85541,-79.39169,100.0,24.987,25.0,237,98.02,98.02
3078,9235,UMI,150.0,43.85541,-79.39169,100.0,28.807,28.8,191,95.97,95.97
3078,9236,UMI,270.0,43.85541,-79.39169,100.0,28.945,28.9,255,108.51,108.51
3079,9237,UMI,30.0,43.85541,-79.38498,100.0,15.095,15.1,158,58.03,58.03
3079,9238,UMI,150.0,43.85541,-79.38498,100.0,13.785,13.8,156,54.58,54.58
3079,9239,UMI,270.0,43.85541,-79.38498,100.0,19.175,19.2,178,81.96,81.96
3080,9240,UMI,30.0,43.85541,-79.37828,100.0,12.081,12.1,88,36.57,36.57
3080,9241,UMI,150.0,43.85541,-79.37828,100.0,12.05,12.0,103,45.5,45.5
3080,9242,UMI,270.0,43.85541,-79.37828,100.0,15.971,16.0,121,45.55,45.55
3081,9243,UMI,30.0,43.85541,-79.37157,100.0,11.656,11.7,81,29.14,29.14
3081,9244,UMI,150.0,43.85541,-79.37157,100.0,8.414,8.4,82,28.87,28.87
3081,9245,UMI,270.0,43.85541,-79.37157,100.0,10.227,10.2,91,35.31,35.31
3082,9246,UMI,30.0,43.85541,-79.36486,100.0,11.004,11.0,123,41.85,41.85
3082,9247,UMI,150.0,43.85541,-79.36486,100.0,11.467,11.5,98,38.42,38.42
3082,9248,UMI,270.0,43.85541,-79.36486,100.0,9.831,9.8,89,30.16,30.16
3083,9249,UMI,30.0,43.85541,-79.35815,100.0,16.605,16.6,181,66.08,66.08
3083,9250,UMI,150.0,43.85541,-79.35815,100.0,15.622,15.6,159,59.59,59.59
3083,9251,UMI,270.0,43.85541,-79.35815,100.0,11.998,12.0,134,45.38,45.38
3084,9252,UMI,30.0,43.85541,-79.35144,100.0,17.918,17.9,197,75.89,75.89
3084,9253,UMI,150.0,43.85541,-79.35144,100.0,14.987,15.0,167,64.51,64.51
3084,9254,UMI,270.0,43.85541,-79.35144,100.0,20.786,20.8,198,81.49,81.49
3085,9255,UMI,30.0,43.85541,-79.34474,100.0,34.682,34.7,249,102.83,102.83
3085,9256,UMI,150.0,43.85541,-79.34474,100.0,24.022,24.0,222,83.49,83.49
3085,9257,UMI,270.0,43.85541,-79.34474,100.0,25.213,25.2,226,90.13,90.13
3086,9258,UMI,30.0,43.85541,-79.33803,100.0,19.701,19.7,190,75.53,75.53
3086,9259,UMI,150.0,43.85541,-79.33803,100.0,14.605,14.6,159,58.55,58.55
3086,9260,UMI,270.0,43.85541,-79.33803,100.0,17.665,17.7,195,74.03,74.03
3087,9261,UMI,30.0,43.85541,-79.33132,100.0,16.0,16.0,190,64.33,64.33
3087,9262,UMI,150.0,43.85541,-79.33132,100.0,14.139,14.1,142,49.48,49.48
3087,9263,UMI,270.0,43.85541,-79.33132,100.0,16.389,16.4,168,61.13,61.13
3088,9264,UMI,30.0,43.85541,-79.32461,100.0,16.908,16.9,172,71.47,71.47
3088,9265,UMI,150.0,43.85541,-79.32461,100.0,9.118,9.1,114,38.02,38.02
3088,9266,UMI,270.0,43.85541,-79.32461,100.0,16.845,16.8,150,56.88,56.88
3089,9267,UMI,30.0,43.85541,-79.3179,100.0,14.119,14.1,137,56.79,56.79
3089,9268,UMI,150.0,43.85541,-79.3179,100.0,10.025,10.0,92,32.54,32.54
3089,9269,UMI,270.0,43.85541,-79.3179,100.0,14.149,14.1,119,51.99,51.99
3090,9270,UMI,30.0,43.85541,-79.31119,100.0,13.492,13.5,134,49.64,49.64
3090,9271,UMI,150.0,43.85541,-79.31119,100.0,12.146,12.1,105,47.77,47.77
3090,9272,UMI,270.0,43.85541,-79.31119,100.0,10.399,10.4,97,35.0,35.0
3091,9273,UMI,30.0,43.85541,-79.30449,100.0,17.812,17.8,184,74.18,74.18
3091,9274,UMI,150.0,43.85541,-79.30449,100.0,16.974,17.0,173,63.06,63.06
3091,9275,UMI,270.0,43.85541,-79.30449,100.0,14.934,14.9,156,55.2,55.2
3092,9276,UMI,30.0,43.85541,-79.29778,100.0,23.016,23.0,220,85.92,85.92
3092,9277,UMI,150.0,43.85541,-79.29778,100.0,18.627,18.6,186,79.55,79.55
3092,9278,UMI,270.0,43.85541,-79.29778,100.0,19.627,19.6,212,85.39,85.39
3093,9279,UMI,30.0,43.85541,-79.29107,100.0,23.153,23.2,212,88.99,88.99
3093,9280,UMI,150.0,43.85541,-79.29107,100.0,17.223,17.2,163,62.25,62.25
3093,9281,UMI,270.0,43.85541,-79.29107,100.0,15.545,15.5,179,69.71,69.71
3094,9282,UMI,30.0,43.85541,-79.28436,100.0,14.845,14.8,162,65.01,65.01
3094,9283,UMI,150.0,43.85541,-79.28436,100.0,14.224,14.2,142,52.97,52.97
3094,9284,UMI,270.0,43.85541,-79.28436,100.0,26.121,26.1,205,93.07,93.07
3095,9285,UMI,30.0,43.85541,-79.27765,100.0,8.73,8.7,90,33.29,33.29
3095,9286,UMI,150.0,43.85541,-79.27765,100.0,14.039,14.0,128,50.52,50.52
3095,9287,UMI,270.0,43.85541,-79.27765,100.0,14.299,14.3,138,54.95,54.95
3096,9288,UMI,30.0,43.85541,-79.27095,100.0,8.691,8.7,71,28.76,28.76
3096,9289,UMI,150.0,43.85541,-79.27095,100.0,16.642,16.6,141,65.88,65.88
3096,9290,UMI,270.0,43.85541,-79.27095,100.0,12.545,12.5,103,45.77,45.77
3097,9291,UMI,30.0,43.85541,-79.26424,100.0,8.051,8.1,100,32.99,32.99
3097,9292,UMI,150.0,43.85541,-79.26424,100.0,8.715,8.7,109,35.35,35.35
3097,9293,UMI,270.0,43.85541,-79.26424,100.0,12.519,12.5,103,40.54,40.54
3098,9294,UMI,30.0,43.85541,-79.25753,100.0,18.434,18.4,135,61.64,61.64
3098,9295,UMI,150.0,43.85541,-79.25753,100.0,16.426,16.4,160,66.58,66.58
3098,9296,UMI,270.0,43.85541,-79.25753,100.0,17.448,17.4,147,57.97,57.97
3099,9297,UMI,30.0,43.85541,-79.25082,100.0,18.373,18.4,174,66.55,66.55
3099,9298,UMI,150.0,43.85541,-79.25082,100.0,17.666,17.7,153,58.59,58.59
3099,9299,UMI,270.0,43.85541,-79.25082,100.0,17.337,17.3,159,63.43,63.43
3100,9300,UMI,30.0,43.85541,-79.24411,100.0,15.695,15.7,180,66.38,66.38
3100,9301,UMI,150.0,43.85541,-79.24411,100.0,20.56,20.6,184,73.08,73.08
3100,9302,UMI,270.0,43.85541,-79.24411,100.0,24.462,24.5,193,88.76,88.76
3101,9303,UMI,30.0,43.85541,-79.23741,100.0,22.961,23.0,191,74.58,74.58
3101,9304,UMI,150.0,43.85541,-79.23741,100.0,11.471,11.5,141,52.95,52.95
3101,9305,UMI,270.0,43.85541,-79.23741,100.0,16.897,16.9,183,64.16,64.16
3102,9306,UMI,30.0,43.85541,-79.2307,100.0,11.784,11.8,149,53.15,53.15
3102,9307,UMI,150.0,43.85541,-79.2307,100.0,15.742,15.7,136,53.68,53.68
3102,9308,UMI,270.0,43.85541,-79.2307,100.0,11.942,11.9,118,44.01,44.01
3103,9309,UMI,30.0,43.85541,-79.22399,100.0,17.442,17.4,156,63.62,63.62
3103,9310,UMI,150.0,43.85541,-79.22399,100.0,10.32,10.3,109,44.68,44.68
3103,9311,UMI,270.0,43.85541,-79.22399,100.0,19.026,19.0,177,71.71,71.71
3104,9312,UMI,30.0,43.85541,-79.21728,100.0,5.847,5.8,65,22.41,22.41
3104,9313,UMI,150.0,43.85541,-79.21728,100.0,8.586,8.6,50,20.14,20.14
3104,9314,UMI,270.0,43.85541,-79.21728,100.0,9.789,9.8,71,34.3,34.3
3105,9315,UMI,30.0,43.85541,-79.20386,100.0,2.934,2.9,28,12.25,12.25
3105,9316,UMI,150.0,43.85541,-79.20386,100.0,1.852,1.9,28,11.42,11.42
3105,9317,UMI,270.0,43.85541,-79.20386,100.0,3.148,3.1,40,15.32,15.32
3106,9318,UMI,30.0,43.85541,-79.12337,100.0,2.804,2.8,36,14.68,14.68
3106,9319,UMI,150.0,43.85541,-79.12337,100.0,6.407,6.4,50,26.73,26.73
3106,9320,UMI,270.0,43.85541,-79.12337,100.0,3.937,3.9,37,17.83,17.83
3107,9321,UMI,30.0,43.85541,-79.11666,100.0,7.064,7.1,76,26.81,26.81
3107,9322,UMI,150.0,43.85541,-79.11666,100.0,11.132,11.1,100,37.78,37.78
3107,9323,UMI,270.0,43.85541,-79.11666,100.0,8.24,8.2,78,28.71,28.71
3108,9324,UMI,30.0,43.85541,-79.10995,100.0,11.892,11.9,105,42.32,42.32
3108,9325,UMI,150.0,43.85541,-79.10995,100.0,12.026,12.0,126,51.37,51.37
3108,9326,UMI,270.0,43.85541,-79.10995,100.0,12.518,12.5,133,50.34,50.34
3109,9327,UMI,30.0,43.85541,-79.10324,100.0,9.428,9.4,74,33.87,33.87
3109,9328,UMI,150.0,43.85541,-79.10324,100.0,12.008,12.0,115,46.97,46.97
3109,9329,UMI,270.0,43.85541,-79.10324,100.0,11.115,11.1,114,41.38,41.38
3110,9330,UMI,30.0,43.85541,-79.09653,100.0,8.993,9.0,97,38.27,38.27
3110,9331,UMI,150.0,43.85541,-79.09653,100.0,13.522,13.5,127,54.19,54.19
3110,9332,UMI,270.0,43.85541,-79.09653,100.0,10.003,10.0,106,37.24,37.24
3111,9333,UMI,30.0,43.85541,-79.08983,100.0,23.26,23.3,178,73.4,73.4
3111,9334,UMI,150.0,43.85541,-79.08983,100.0,18.595,18.6,168,70.88,70.88
3111,9335,UMI,270.0,43.85541,-79.08983,100.0,11.15,11.1,131,47.21,47.21
3112,9336,UMI,30.0,43.85541,-79.08312,100.0,19.853,19.9,209,87.47,87.47
3112,9337,UMI,150.0,43.85541,-79.08312,100.0,15.262,15.3,173,59.79,59.79
3112,9338,UMI,270.0,43.85541,-79.08312,100.0,20.27,20.3,183,74.16,74.16
3113,9339,UMI,30.0,43.85541,-79.07641,100.0,14.004,14.0,153,56.97,56.97
3113,9340,UMI,150.0,43.85541,-79.07641,100.0,14.511,14.5,153,58.38,58.38
3113,9341,UMI,270.0,43.85541,-79.07641,100.0,21.391,21.4,198,73.29,73.29
3114,9342,UMI,30.0,43.85541,-79.0697,100.0,19.979,20.0,199,78.79,78.79
3114,9343,UMI,150.0,43.85541,-79.0697,100.0,19.235,19.2,182,73.91,73.91
3114,9344,UMI,270.0,43.85541,-79.0697,100.0,13.597,13.6,139,50.66,50.66
3115,9345,UMI,30.0,43.85541,-79.06299,100.0,37.976,38.0,284,123.4,123.4
3115,9346,UMI,150.0,43.85541,-79.06299,100.0,21.446,21.4,237,80.05,80.05
3115,9347,UMI,270.0,43.85541,-79.06299,100.0,23.229,23.2,206,78.06,78.06
3116,9348,UMI,30.0,43.85541,-79.05629,100.0,30.914,30.9,300,132.19,132.19
3116,9349,UMI,150.0,43.85541,-79.05629,100.0,28.953,29.0,272,123.59,123.59
3116,9350,UMI,270.0,43.85541,-79.05629,100.0,26.154,26.2,269,109.65,109.65
3117,9351,UMI,30.0,43.85541,-79.04958,100.0,40.083,40.1,382,158.06,158.06
3117,9352,UMI,150.0,43.85541,-79.04958,100.0,29.855,29.9,323,121.18,121.18
3117,9353,UMI,270.0,43.85541,-79.04958,100.0,29.928,29.9,337,123.32,123.32
3118,9354,UMI,30.0,43.85541,-79.04287,100.0,29.74,29.7,314,116.61,116.61
3118,9355,UMI,150.0,43.85541,-79.04287,100.0,32.971,33.0,291,117.04,117.04
3118,9356,UMI,270.0,43.85541,-79.04287,100.0,33.386,33.4,342,131.67,131.67
3119,9357,UMI,30.0,43.85541,-79.03616,100.0,36.049,36.0,330,136.77,136.77
3119,9358,UMI,150.0,43.85541,-79.03616,100.0,39.224,39.2,302,126.05,126.05
3119,9359,UMI,270.0,43.85541,-79.03616,100.0,33.802,33.8,306,131.58,131.58
3120,9360,UMI,30.0,43.85541,-79.02945,100.0,34.22,34.2,326,126.43,126.43
3120,9361,UMI,150.0,43.85541,-79.02945,100.0,31.48,31.5,298,128.05,128.05
3120,9362,UMI,270.0,43.85541,-79.02945,100.0,36.667,36.7,346,143.1,143.1
3121,9363,UMI,30.0,43.85541,-79.02274,100.0,31.403,31.4,278,109.2,109.2
3121,9364,UMI,150.0,43.85541,-79.02274,100.0,23.679,23.7,233,98.49,98.49
3121,9365,UMI,270.0,43.85541,-79.02274,100.0,28.159,28.2,290,111.86,111.86
3122,9366,UMI,30.0,43.85541,-79.01604,100.0,17.193,17.2,161,59.87,59.87
3122,9367,UMI,150.0,43.85541,-79.01604,100.0,28.156,28.2,191,83.79,83.79
3122,9368,UMI,270.0,43.85541,-79.01604,100.0,18.727,18.7,199,73.87,73.87
3123,9369,UMI,30.0,43.85541,-79.00933,100.0,7.588,7.6,86,35.51,35.51
3123,9370,UMI,150.0,43.85541,-79.00933,100.0,12.362,12.4,108,44.31,44.31
3123,9371,UMI,270.0,43.85541,-79.00933,100.0,19.981,20.0,129,53.72,53.72
3124,9372,UMI,30.0,43.8596,-79.51579,100.0,12.935,12.9,129,48.18,48.18
3124,9373,UMI,150.0,43.8596,-79.51579,100.0,14.841,14.8,130,55.75,55.75
3124,9374,UMI,270.0,43.8596,-79.51579,100.0,7.201,7.2,97,29.93,29.93
3125,9375,UMI,30.0,43.8596,-79.50909,100.0,15.938,15.9,173,60.97,60.97
3125,9376,UMI,150.0,43.8596,-79.50909,100.0,22.153,22.2,202,84.66,84.66
3125,9377,UMI,270.0,43.8596,-79.50909,100.0,17.944,17.9,166,70.32,70.32
3126,9378,UMI,30.0,43.8596,-79.50238,100.0,14.792,14.8,129,54.88,54.88
3126,9379,UMI,150.0,43.8596,-79.50238,100.0,30.453,30.5,207,86.77,86.77
3126,9380,UMI,270.0,43.8596,-79.50238,100.0,14.604,14.6,158,58.83,58.83
3127,9381,UMI,30.0,43.8596,-79.49567,100.0,13.846,13.8,126,53.11,53.11
3127,9382,UMI,150.0,43.8596,-79.49567,100.0,14.75,14.7,164,63.83,63.83
3127,9383,UMI,270.0,43.8596,-79.49567,100.0,11.498,11.5,126,42.67,42.67
3128,9384,UMI,30.0,43.8596,-79.48896,100.0,8.57,8.6,97,32.02,32.02
3128,9385,UMI,150.0,43.8596,-79.48896,100.0,13.54,13.5,132,51.03,51.03
3128,9386,UMI,270.0,43.8596,-79.48896,100.0,13.144,13.1,130,51.23,51.23
3129,9387,UMI,30.0,43.8596,-79.48225,100.0,10.148,10.1,83,31.04,31.04
3129,9388,UMI,150.0,43.8596,-79.48225,100.0,9.876,9.9,94,41.53,41.53
3129,9389,UMI,270.0,43.8596,-79.48225,100.0,9.86,9.9,105,40.78,40.78
3130,9390,UMI,30.0,43.8596,-79.47554,100.0,12.255,12.3,107,43.18,43.18
3130,9391,UMI,150.0,43.8596,-79.47554,100.0,11.863,11.9,118,44.71,44.71
3130,9392,UMI,270.0,43.8596,-79.47554,100.0,18.762,18.8,103,43.04,43.04
3131,9393,UMI,30.0,43.8596,-79.46884,100.0,14.816,14.8,161,61.79,61.79
3131,9394,UMI,150.0,43.8596,-79.46884,100.0,20.234,20.2,184,85.87,85.87
3131,9395,UMI,270.0,43.8596,-79.46884,100.0,11.861,11.9,121,50.79,50.79
3132,9396,UMI,30.0,43.8596,-79.46213,100.0,26.636,26.6,277,110.64,110.64
3132,9397,UMI,150.0,43.8596,-79.46213,100.0,27.691,27.7,249,100.63,100.63
3132,9398,UMI,270.0,43.8596,-79.46213,100.0,22.676,22.7,228,92.31,92.31
3133,9399,UMI,30.0,43.8596,-79.45542,100.0,29.116,29.1,301,108.4,108.4
3133,9400,UMI,150.0,43.8596,-79.45542,100.0,27.854,27.9,282,107.64,107.64
3133,9401,UMI,270.0,43.8596,-79.45542,100.0,30.593,30.6,302,115.61,115.61
3134,9402,UMI,30.0,43.8596,-79.44871,100.0,30.285,30.3,298,124.55,124.55
3134,9403,UMI,150.0,43.8596,-79.44871,100.0,32.715,32.7,336,130.67,130.67
3134,9404,UMI,270.0,43.8596,-79.44871,100.0,32.216,32.2,299,121.86,121.86
3135,9405,UMI,30.0,43.8596,-79.442,100.0,32.331,32.3,301,129.2,129.2
3135,9406,UMI,150.0,43.8596,-79.442,100.0,34.411,34.4,329,140.64,140.64
3135,9407,UMI,270.0,43.8596,-79.442,100.0,32.382,32.4,319,135.25,135.25
3136,9408,UMI,30.0,43.8596,-79.4353,100.0,25.128,25.1,257,99.37,99.37
3136,9409,UMI,150.0,43.8596,-79.4353,100.0,30.705,30.7,249,105.2,105.2
3136,9410,UMI,270.0,43.8596,-79.4353,100.0,27.505,27.5,293,105.24,105.24
3137,9411,UMI,30.0,43.8596,-79.42859,100.0,24.234,24.2,260,101.92,101.92
3137,9412,UMI,150.0,43.8596,-79.42859,100.0,32.952,33.0,257,107.64,107.64
3137,9413,UMI,270.0,43.8596,-79.42859,100.0,25.753,25.8,252,100.62,100.62
3138,9414,UMI,30.0,43.8596,-79.42188,100.0,21.624,21.6,220,89.49,89.49
3138,9415,UMI,150.0,43.8596,-79.42188,100.0,19.841,19.8,223,79.88,79.88
3138,9416,UMI,270.0,43.8596,-79.42188,100.0,21.376,21.4,216,81.9,81.9
3139,9417,UMI,30.0,43.8596,-79.41517,100.0,23.792,23.8,252,96.95,96.95
3139,9418,UMI,150.0,43.8596,-79.41517,100.0,32.104,32.1,279,116.21,116.21
3139,9419,UMI,270.0,43.8596,-79.41517,100.0,26.952,27.0,238,100.94,100.94
3140,9420,UMI,30.0,43.8596,-79.40846,100.0,36.112,36.1,359,144.58,144.58
3140,9421,UMI,150.0,43.8596,-79.40846,100.0,40.362,40.4,329,143.5,143.5
3140,9422,UMI,270.0,43.8596,-79.40846,100.0,33.262,33.3,301,125.67,125.67
3141,9423,UMI,30.0,43.8596,-79.40175,100.0,34.751,34.8,358,141.66,141.66
3141,9424,UMI,150.0,43.8596,-79.40175,100.0,33.305,33.3,348,127.87,127.87
3141,9425,UMI,270.0,43.8596,-79.40175,100.0,36.667,36.7,374,136.49,136.49
3142,9426,UMI,30.0,43.8596,-79.39505,100.0,30.279,30.3,319,121.55,121.55
3142,9427,UMI,150.0,43.8596,-79.39505,100.0,27.137,27.1,323,118.5,118.5
3142,9428,UMI,270.0,43.8596,-79.39505,100.0,36.401,36.4,327,139.88,139.88
3143,9429,UMI,30.0,43.8596,-79.38834,100.0,15.607,15.6,151,57.47,57.47
3143,9430,UMI,150.0,43.8596,-79.38834,100.0,16.297,16.3,189,64.14,64.14
3143,9431,UMI,270.0,43.8596,-79.38834,100.0,20.536,20.5,239,89.81,89.81
3144,9432,UMI,30.0,43.8596,-79.38163,100.0,17.696,17.7,118,50.08,50.08
3144,9433,UMI,150.0,43.8596,-79.38163,100.0,9.245,9.2,103,37.17,37.17
3144,9434,UMI,270.0,43.8596,-79.38163,100.0,15.804,15.8,125,47.14,47.14
3145,9435,UMI,30.0,43.8596,-79.37492,100.0,9.122,9.1,87,26.29,26.29
3145,9436,UMI,150.0,43.8596,-79.37492,100.0,9.639,9.6,76,37.02,37.02
3145,9437,UMI,270.0,43.8596,-79.37492,100.0,11.96,12.0,92,45.2,45.2
3146,9438,UMI,30.0,43.8596,-79.36821,100.0,14.28,14.3,109,39.81,39.81
3146,9439,UMI,150.0,43.8596,-79.36821,100.0,13.531,13.5,104,48.53,48.53
3146,9440,UMI,270.0,43.8596,-79.36821,100.0,8.425,8.4,62,22.27,22.27
3147,9441,UMI,30.0,43.8596,-79.36151,100.0,18.019,18.0,188,74.66,74.66
3147,9442,UMI,150.0,43.8596,-79.36151,100.0,18.754,18.8,175,74.02,74.02
3147,9443,UMI,270.0,43.8596,-79.36151,100.0,11.388,11.4,133,43.71,43.71
3148,9444,UMI,30.0,43.8596,-79.3548,100.0,26.123,26.1,253,95.27,95.27
3148,9445,UMI,150.0,43.8596,-79.3548,100.0,21.952,22.0,242,90.15,90.15
3148,9446,UMI,270.0,43.8596,-79.3548,100.0,21.572,21.6,188,66.51,66.51
3149,9447,UMI,30.0,43.8596,-79.34809,100.0,30.172,30.2,276,110.85,110.85
3149,9448,UMI,150.0,43.8596,-79.34809,100.0,24.48,24.5,244,100.23,100.23
3149,9449,UMI,270.0,43.8596,-79.34809,100.0,28.271,28.3,253,102.1,102.1
3150,9450,UMI,30.0,43.8596,-79.34138,100.0,25.305,25.3,300,103.45,103.45
3150,9451,UMI,150.0,43.8596,-79.34138,100.0,29.019,29.0,244,95.25,95.25
3150,9452,UMI,270.0,43.8596,-79.34138,100.0,32.482,32.5,299,109.4,109.4
3151,9453,UMI,30.0,43.8596,-79.33467,100.0,32.572,32.6,330,118.47,118.47
3151,9454,UMI,150.0,43.8596,-79.33467,100.0,24.215,24.2,246,93.96,93.96
3151,9455,UMI,270.0,43.8596,-79.33467,100.0,24.833,24.8,267,99.77,99.77
3152,9456,UMI,30.0,43.8596,-79.32797,100.0,22.411,22.4,268,92.05,92.05
3152,9457,UMI,150.0,43.8596,-79.32797,100.0,23.283,23.3,221,84.95,84.95
3152,9458,UMI,270.0,43.8596,-79.32797,100.0,31.052,31.1,283,115.98,115.98
3153,9459,UMI,30.0,43.8596,-79.32126,100.0,24.641,24.6,224,84.61,84.61
3153,9460,UMI,150.0,43.8596,-79.32126,100.0,18.665,18.7,176,75.27,75.27
3153,9461,UMI,270.0,43.8596,-79.32126,100.0,28.996,29.0,254,108.81,108.81
3154,9462,UMI,30.0,43.8596,-79.31455,100.0,17.97,18.0,188,67.37,67.37
3154,9463,UMI,150.0,43.8596,-79.31455,100.0,12.563,12.6,138,49.95,49.95
3154,9464,UMI,270.0,43.8596,-79.31455,100.0,19.632,19.6,186,76.09,76.09
3155,9465,UMI,30.0,43.8596,-79.30784,100.0,17.317,17.3,167,67.62,67.62
3155,9466,UMI,150.0,43.8596,-79.30784,100.0,15.683,15.7,150,55.03,55.03
3155,9467,UMI,270.0,43.8596,-79.30784,100.0,16.72,16.7,152,68.61,68.61
3156,9468,UMI,30.0,43.8596,-79.30113,100.0,19.745,19.7,233,88.36,88.36
3156,9469,UMI,150.0,43.8596,-79.30113,100.0,22.506,22.5,227,91.11,91.11
3156,9470,UMI,270.0,43.8596,-79.30113,100.0,17.213,17.2,188,65.96,65.96
3157,9471,UMI,30.0,43.8596,-79.29442,100.0,17.659,17.7,203,73.84,73.84
3157,9472,UMI,150.0,43.8596,-79.29442,100.0,16.585,16.6,174,65.8,65.8
3157,9473,UMI,270.0,43.8596,-79.29442,100.0,25.188,25.2,229,96.59,96.59
3158,9474,UMI,30.0,43.8596,-79.28772,100.0,23.214,23.2,238,81.19,81.19
3158,9475,UMI,150.0,43.8596,-79.28772,100.0,19.319,19.3,196,79.51,79.51
3158,9476,UMI,270.0,43.8596,-79.28772,100.0,25.39,25.4,190,86.41,86.41
3159,9477,UMI,30.0,43.8596,-79.28101,100.0,14.458,14.5,129,51.48,51.48
3159,9478,UMI,150.0,43.8596,-79.28101,100.0,11.646,11.6,115,48.39,48.39
3159,9479,UMI,270.0,43.8596,-79.28101,100.0,15.47,15.5,158,59.55,59.55
3160,9480,UMI,30.0,43.8596,-79.2743,100.0,6.282,6.3,75,24.25,24.25
3160,9481,UMI,150.0,43.8596,-79.2743,100.0,4.977,5.0,77,22.19,22.19
3160,9482,UMI,270.0,43.8596,-79.2743,100.0,14.533,14.5,72,36.0,36.0
3161,9483,UMI,30.0,43.8596,-79.26759,100.0,6.132,6.1,63,24.84,24.84
3161,9484,UMI,150.0,43.8596,-79.26759,100.0,10.291,10.3,77,35.81,35.81
3161,9485,UMI,270.0,43.8596,-79.26759,100.0,5.76,5.8,59,23.39,23.39
3162,9486,UMI,30.0,43.8596,-79.26088,100.0,12.035,12.0,97,41.04,41.04
3162,9487,UMI,150.0,43.8596,-79.26088,100.0,8.71,8.7,98,36.65,36.65
3162,9488,UMI,270.0,43.8596,-79.26088,100.0,8.409,8.4,88,39.17,39.17
3163,9489,UMI,30.0,43.8596,-79.25418,100.0,20.055,20.1,162,65.47,65.47
3163,9490,UMI,150.0,43.8596,-79.25418,100.0,20.275,20.3,196,81.15,81.15
3163,9491,UMI,270.0,43.8596,-79.25418,100.0,11.462,11.5,137,45.59,45.59
3164,9492,UMI,30.0,43.8596,-79.24747,100.0,18.861,18.9,190,75.6,75.6
3164,9493,UMI,150.0,43.8596,-79.24747,100.0,21.756,21.8,199,75.28,75.28
3164,9494,UMI,270.0,43.8596,-79.24747,100.0,22.853,22.9,196,82.1,82.1
3165,9495,UMI,30.0,43.8596,-79.24076,100.0,17.774,17.8,171,73.71,73.71
3165,9496,UMI,150.0,43.8596,-79.24076,100.0,19.708,19.7,187,73.32,73.32
3165,9497,UMI,270.0,43.8596,-79.24076,100.0,20.394,20.4,164,76.87,76.87
3166,9498,UMI,30.0,43.8596,-79.23405,100.0,22.841,22.8,186,78.09,78.09
3166,9499,UMI,150.0,43.8596,-79.23405,100.0,21.376,21.4,186,71.22,71.22
3166,9500,UMI,270.0,43.8596,-79.23405,100.0,18.566,18.6,183,71.55,71.55
3167,9501,UMI,30.0,43.8596,-79.22734,100.0,22.012,22.0,182,77.51,77.51
3167,9502,UMI,150.0,43.8596,-79.22734,100.0,16.161,16.2,166,64.6,64.6
3167,9503,UMI,270.0,43.8596,-79.22734,100.0,14.76,14.8,157,55.25,55.25
3168,9504,UMI,30.0,43.8596,-79.22063,100.0,16.706,16.7,134,61.73,61.73
3168,9505,UMI,150.0,43.8596,-79.22063,100.0,12.09,12.1,117,52.03,52.03
3168,9506,UMI,270.0,43.8596,-79.22063,100.0,18.091,18.1,163,65.46,65.46
3169,9507,UMI,30.0,43.8596,-79.21393,100.0,4.102,4.1,55,17.51,17.51
3169,9508,UMI,150.0,43.8596,-79.21393,100.0,5.458,5.5,50,24.81,24.81
3169,9509,UMI,270.0,43.8596,-79.21393,100.0,11.769,11.8,94,39.11,39.11
3170,9510,UMI,30.0,43.8596,-79.20722,100.0,2.452,2.5,28,8.85,8.85
3170,9511,UMI,150.0,43.8596,-79.20722,100.0,2.018,2.0,28,9.14,9.14
3170,9512,UMI,270.0,43.8596,-79.20722,100.0,5.025,5.0,40,19.09,19.09
3171,9513,UMI,30.0,43.8596,-79.12672,100.0,2.575,2.6,18,9.1,9.1
3171,9514,UMI,150.0,43.8596,-79.12672,100.0,3.509,3.5,27,11.26,11.26
3171,9515,UMI,270.0,43.8596,-79.12672,100.0,1.527,1.5,19,5.58,5.58
3172,9516,UMI,30.0,43.8596,-79.12001,100.0,3.118,3.1,34,12.0,12.0
3172,9517,UMI,150.0,43.8596,-79.12001,100.0,4.719,4.7,41,16.49,16.49
3172,9518,UMI,270.0,43.8596,-79.12001,100.0,1.579,1.6,22,6.72,6.72
3173,9519,UMI,30.0,43.8596,-79.1133,100.0,5.648,5.6,41,11.86,11.86
3173,9520,UMI,150.0,43.8596,-79.1133,100.0,6.824,6.8,65,31.04,31.04
3173,9521,UMI,270.0,43.8596,-79.1133,100.0,4.661,4.7,55,21.33,21.33
3174,9522,UMI,30.0,43.8596,-79.1066,100.0,4.491,4.5,57,19.26,19.26
3174,9523,UMI,150.0,43.8596,-79.1066,100.0,5.685,5.7,76,24.91,24.91
3174,9524,UMI,270.0,43.8596,-79.1066,100.0,5.049,5.0,58,20.52,20.52
3175,9525,UMI,30.0,43.8596,-79.09989,100.0,4.879,4.9,50,20.24,20.24
3175,9526,UMI,150.0,43.8596,-79.09989,100.0,8.261,8.3,62,29.05,29.05
3175,9527,UMI,270.0,43.8596,-79.09989,100.0,5.391,5.4,54,20.0,20.0
3176,9528,UMI,30.0,43.8596,-79.09318,100.0,8.482,8.5,91,29.08,29.08
3176,9529,UMI,150.0,43.8596,-79.09318,100.0,11.764,11.8,110,39.66,39.66
3176,9530,UMI,270.0,43.8596,-79.09318,100.0,7.571,7.6,80,33.92,33.92
3177,9531,UMI,30.0,43.8596,-79.08647,100.0,17.58,17.6,189,69.82,69.82
3177,9532,UMI,150.0,43.8596,-79.08647,100.0,20.481,20.5,197,78.16,78.16
3177,9533,UMI,270.0,43.8596,-79.08647,100.0,17.13,17.1,184,68.05,68.05
3178,9534,UMI,30.0,43.8596,-79.07976,100.0,17.422,17.4,151,63.24,63.24
3178,9535,UMI,150.0,43.8596,-79.07976,100.0,14.604,14.6,167,63.73,63.73
3178,9536,UMI,270.0,43.8596,-79.07976,100.0,23.984,24.0,207,73.03,73.03
3179,9537,UMI,30.0,43.8596,-79.07306,100.0,15.504,15.5,158,62.21,62.21
3179,9538,UMI,150.0,43.8596,-79.07306,100.0,15.38,15.4,148,67.12,67.12
3179,9539,UMI,270.0,43.8596,-79.07306,100.0,12.905,12.9,119,47.33,47.33
3180,9540,UMI,30.0,43.8596,-79.06635,100.0,26.452,26.5,279,100.63,100.63
3180,9541,UMI,150.0,43.8596,-79.06635,100.0,25.854,25.9,270,109.73,109.73
3180,9542,UMI,270.0,43.8596,-79.06635,100.0,24.745,24.7,231,98.04,98.04
3181,9543,UMI,30.0,43.8596,-79.05964,100.0,31.665,31.7,349,137.08,137.08
3181,9544,UMI,150.0,43.8596,-79.05964,100.0,29.943,29.9,323,122.35,122.35
3181,9545,UMI,270.0,43.8596,-79.05964,100.0,32.203,32.2,326,136.99,136.99
3182,9546,UMI,30.0,43.8596,-79.05293,100.0,43.694,43.7,399,178.53,178.53
3182,9547,UMI,150.0,43.8596,-79.05293,100.0,34.921,34.9,332,131.95,131.95
3182,9548,UMI,270.0,43.8596,-79.05293,100.0,36.598,36.6,387,149.33,149.33
3183,9549,UMI,30.0,43.8596,-79.04622,100.0,32.4,32.4,345,128.51,128.51
3183,9550,UMI,150.0,43.8596,-79.04622,100.0,33.646,33.6,365,133.06,133.06
3183,9551,UMI,270.0,43.8596,-79.04622,100.0,35.013,35.0,372,141.96,141.96
3184,9552,UMI,30.0,43.8596,-79.03951,100.0,25.951,26.0,298,113.97,113.97
3184,9553,UMI,150.0,43.8596,-79.03951,100.0,30.679,30.7,302,122.82,122.82
3184,9554,UMI,270.0,43.8596,-79.03951,100.0,37.745,37.7,328,121.38,121.38
3185,9555,UMI,30.0,43.8596,-79.03281,100.0,25.795,25.8,271,108.46,108.46
3185,9556,UMI,150.0,43.8596,-79.03281,100.0,34.324,34.3,365,139.65,139.65
3185,9557,UMI,270.0,43.8596,-79.03281,100.0,27.768,27.8,300,105.56,105.56
3186,9558,UMI,30.0,43.8596,-79.0261,100.0,20.361,20.4,236,86.99,86.99
3186,9559,UMI,150.0,43.8596,-79.0261,100.0,31.433,31.4,300,118.38,118.38
3186,9560,UMI,270.0,43.8596,-79.0261,100.0,32.746,32.7,294,135.03,135.03
3187,9561,UMI,30.0,43.8596,-79.01939,100.0,14.636,14.6,135,56.36,56.36
3187,9562,UMI,150.0,43.8596,-79.01939,100.0,15.875,15.9,195,66.51,66.51
3187,9563,UMI,270.0,43.8596,-79.01939,100.0,16.926,16.9,214,78.92,78.92
3188,9564,UMI,30.0,43.8638,-79.51244,100.0,9.388,9.4,106,43.7,43.7
3188,9565,UMI,150.0,43.8638,-79.51244,100.0,13.541,13.5,140,54.53,54.53
3188,9566,UMI,270.0,43.8638,-79.51244,100.0,14.531,14.5,138,53.19,53.19
3189,9567,UMI,30.0,43.8638,-79.50573,100.0,9.309,9.3,100,34.38,34.38
3189,9568,UMI,150.0,43.8638,-79.50573,100.0,7.756,7.8,105,33.43,33.43
3189,9569,UMI,270.0,43.8638,-79.50573,100.0,11.115,11.1,123,49.65,49.65
3190,9570,UMI,30.0,43.8638,-79.49902,100.0,9.621,9.6,75,31.48,31.48
3190,9571,UMI,150.0,43.8638,-79.49902,100.0,8.684,8.7,98,36.0,36.0
3190,9572,UMI,270.0,43.8638,-79.49902,100.0,12.368,12.4,117,46.95,46.95
3191,9573,UMI,30.0,43.8638,-79.49231,100.0,6.655,6.7,59,25.31,25.31
3191,9574,UMI,150.0,43.8638,-79.49231,100.0,11.415,11.4,79,36.04,36.04
3191,9575,UMI,270.0,43.8638,-79.49231,100.0,10.813,10.8,83,36.1,36.1
3192,9576,UMI,30.0,43.8638,-79.48561,100.0,9.287,9.3,93,39.56,39.56
3192,9577,UMI,150.0,43.8638,-79.48561,100.0,9.477,9.5,87,38.62,38.62
3192,9578,UMI,270.0,43.8638,-79.48561,100.0,11.004,11.0,116,41.5,41.5
3193,9579,UMI,30.0,43.8638,-79.4789,100.0,14.197,14.2,106,34.97,34.97
3193,9580,UMI,150.0,43.8638,-79.4789,100.0,8.574,8.6,89,32.73,32.73
3193,9581,UMI,270.0,43.8638,-79.4789,100.0,7.077,7.1,98,30.73,30.73
3194,9582,UMI,30.0,43.8638,-79.47219,100.0,10.951,11.0,130,46.79,46.79
3194,9583,UMI,150.0,43.8638,-79.47219,100.0,17.181,17.2,151,63.24,63.24
3194,9584,UMI,270.0,43.8638,-79.47219,100.0,12.081,12.1,104,41.18,41.18
3195,9585,UMI,30.0,43.8638,-79.46548,100.0,20.013,20.0,219,76.45,76.45
3195,9586,UMI,150.0,43.8638,-79.46548,100.0,34.024,34.0,274,113.22,113.22
3195,9587,UMI,270.0,43.8638,-79.46548,100.0,20.916,20.9,205,78.26,78.26
3196,9588,UMI,30.0,43.8638,-79.45877,100.0,30.526,30.5,302,130.39,130.39
3196,9589,UMI,150.0,43.8638,-79.45877,100.0,28.921,28.9,284,109.29,109.29
3196,9590,UMI,270.0,43.8638,-79.45877,100.0,25.78,25.8,255,105.26,105.26
3197,9591,UMI,30.0,43.8638,-79.45207,100.0,27.591,27.6,311,117.59,117.59
3197,9592,UMI,150.0,43.8638,-79.45207,100.0,28.299,28.3,295,108.23,108.23
3197,9593,UMI,270.0,43.8638,-79.45207,100.0,28.457,28.5,269,95.52,95.52
3198,9594,UMI,30.0,43.8638,-79.44536,100.0,30.551,30.6,298,117.93,117.93
3198,9595,UMI,150.0,43.8638,-79.44536,100.0,41.864,41.9,357,151.98,151.98
3198,9596,UMI,270.0,43.8638,-79.44536,100.0,30.521,30.5,304,115.36,115.36
3199,9597,UMI,30.0,43.8638,-79.43865,100.0,23.621,23.6,267,100.8,100.8
3199,9598,UMI,150.0,43.8638,-79.43865,100.0,28.69,28.7,296,113.41,113.41
3199,9599,UMI,270.0,43.8638,-79.43865,100.0,36.223,36.2,321,143.39,143.39
3200,9600,UMI,30.0,43.8638,-79.43194,100.0,32.086,32.1,309,133.55,133.55
3200,9601,UMI,150.0,43.8638,-79.43194,100.0,21.703,21.7,270,87.58,87.58
3200,9602,UMI,270.0,43.8638,-79.43194,100.0,27.458,27.5,284,112.32,112.32
3201,9603,UMI,30.0,43.8638,-79.42523,100.0,27.125,27.1,233,101.62,101.62
3201,9604,UMI,150.0,43.8638,-79.42523,100.0,27.543,27.5,240,102.63,102.63
3201,9605,UMI,270.0,43.8638,-79.42523,100.0,28.232,28.2,245,101.43,101.43
3202,9606,UMI,30.0,43.8638,-79.41853,100.0,20.061,20.1,221,80.69,80.69
3202,9607,UMI,150.0,43.8638,-79.41853,100.0,24.37,24.4,229,92.75,92.75
3202,9608,UMI,270.0,43.8638,-79.41853,100.0,18.373,18.4,214,72.63,72.63
3203,9609,UMI,30.0,43.8638,-79.41182,100.0,30.316,30.3,304,115.93,115.93
3203,9610,UMI,150.0,43.8638,-79.41182,100.0,25.243,25.2,303,100.16,100.16
3203,9611,UMI,270.0,43.8638,-79.41182,100.0,23.748,23.7,225,96.99,96.99
3204,9612,UMI,30.0,43.8638,-79.40511,100.0,30.582,30.6,331,117.84,117.84
3204,9613,UMI,150.0,43.8638,-79.40511,100.0,37.955,38.0,367,147.81,147.81
3204,9614,UMI,270.0,43.8638,-79.40511,100.0,30.132,30.1,335,131.19,131.19
3205,9615,UMI,30.0,43.8638,-79.3984,100.0,34.512,34.5,368,133.99,133.99
3205,9616,UMI,150.0,43.8638,-79.3984,100.0,36.818,36.8,351,135.48,135.48
3205,9617,UMI,270.0,43.8638,-79.3984,100.0,32.081,32.1,349,134.41,134.41
3206,9618,UMI,30.0,43.8638,-79.39169,100.0,27.194,27.2,257,104.97,104.97
3206,9619,UMI,150.0,43.8638,-79.39169,100.0,26.803,26.8,248,103.02,103.02
3206,9620,UMI,270.0,43.8638,-79.39169,100.0,28.908,28.9,281,108.18,108.18
3207,9621,UMI,30.0,43.8638,-79.38498,100.0,8.343,8.3,112,37.53,37.53
3207,9622,UMI,150.0,43.8638,-79.38498,100.0,10.896,10.9,121,44.88,44.88
3207,9623,UMI,270.0,43.8638,-79.38498,100.0,19.542,19.5,175,68.87,68.87
3208,9624,UMI,30.0,43.8638,-79.37828,100.0,6.309,6.3,83,25.57,25.57
3208,9625,UMI,150.0,43.8638,-79.37828,100.0,10.695,10.7,82,41.31,41.31
3208,9626,UMI,270.0,43.8638,-79.37828,100.0,7.759,7.8,97,30.41,30.41
3209,9627,UMI,30.0,43.8638,-79.37157,100.0,5.56,5.6,74,24.44,24.44
3209,9628,UMI,150.0,43.8638,-79.37157,100.0,8.994,9.0,73,32.06,32.06
3209,9629,UMI,270.0,43.8638,-79.37157,100.0,8.563,8.6,70,27.46,27.46
3210,9630,UMI,30.0,43.8638,-79.36486,100.0,13.62,13.6,143,51.68,51.68
3210,9631,UMI,150.0,43.8638,-79.36486,100.0,12.163,12.2,127,46.89,46.89
3210,9632,UMI,270.0,43.8638,-79.36486,100.0,10.681,10.7,119,45.66,45.66
3211,9633,UMI,30.0,43.8638,-79.35815,100.0,28.898,28.9,271,119.6,119.6
3211,9634,UMI,150.0,43.8638,-79.35815,100.0,21.036,21.0,210,84.87,84.87
3211,9635,UMI,270.0,43.8638,-79.35815,100.0,26.651,26.7,218,81.87,81.87
3212,9636,UMI,30.0,43.8638,-79.35144,100.0,37.891,37.9,363,130.79,130.79
3212,9637,UMI,150.0,43.8638,-79.35144,100.0,33.746,33.7,320,140.48,140.48
3212,9638,UMI,270.0,43.8638,-79.35144,100.0,32.48,32.5,290,113.46,113.46
3213,9639,UMI,30.0,43.8638,-79.34474,100.0,30.204,30.2,294,105.25,105.25
3213,9640,UMI,150.0,43.8638,-79.34474,100.0,38.34,38.3,368,139.05,139.05
3213,9641,UMI,270.0,43.8638,-79.34474,100.0,35.74,35.7,331,144.57,144.57
3214,9642,UMI,30.0,43.8638,-79.33803,100.0,44.469,44.5,402,158.09,158.09
3214,9643,UMI,150.0,43.8638,-79.33803,100.0,32.631,32.6,343,136.68,136.68
3214,9644,UMI,270.0,43.8638,-79.33803,100.0,38.577,38.6,405,162.73,162.73
3215,9645,UMI,30.0,43.8638,-79.33132,100.0,35.63,35.6,375,135.6,135.6
3215,9646,UMI,150.0,43.8638,-79.33132,100.0,36.375,36.4,346,142.06,142.06
3215,9647,UMI,270.0,43.8638,-79.33132,100.0,33.92,33.9,381,147.8,147.8
3216,9648,UMI,30.0,43.8638,-79.32461,100.0,29.276,29.3,322,125.1,125.1
3216,9649,UMI,150.0,43.8638,-79.32461,100.0,26.012,26.0,303,106.13,106.13
3216,9650,UMI,270.0,43.8638,-79.32461,100.0,38.215,38.2,326,127.72,127.72
3217,9651,UMI,30.0,43.8638,-79.3179,100.0,27.168,27.2,275,116.06,116.06
3217,9652,UMI,150.0,43.8638,-79.3179,100.0,27.622,27.6,246,103.79,103.79
3217,9653,UMI,270.0,43.8638,-79.3179,100.0,33.158,33.2,288,115.04,115.04
3218,9654,UMI,30.0,43.8638,-79.31119,100.0,26.302,26.3,243,91.71,91.71
3218,9655,UMI,150.0,43.8638,-79.31119,100.0,24.572,24.6,221,93.08,93.08
3218,9656,UMI,270.0,43.8638,-79.31119,100.0,22.595,22.6,206,87.55,87.55
3219,9657,UMI,30.0,43.8638,-79.30449,100.0,24.335,24.3,204,85.09,85.09
3219,9658,UMI,150.0,43.8638,-79.30449,100.0,20.747,20.7,179,69.26,69.26
3219,9659,UMI,270.0,43.8638,-79.30449,100.0,17.041,17.0,190,80.13,80.13
3220,9660,UMI,30.0,43.8638,-79.29778,100.0,20.142,20.1,203,78.01,78.01
3220,9661,UMI,150.0,43.8638,-79.29778,100.0,19.789,19.8,198,76.66,76.66
3220,9662,UMI,270.0,43.8638,-79.29778,100.0,20.908,20.9,184,83.29,83.29
3221,9663,UMI,30.0,43.8638,-79.29107,100.0,16.767,16.8,193,65.36,65.36
3221,9664,UMI,150.0,43.8638,-79.29107,100.0,22.971,23.0,232,85.01,85.01
3221,9665,UMI,270.0,43.8638,-79.29107,100.0,15.939,15.9,192,63.07,63.07
3222,9666,UMI,30.0,43.8638,-79.28436,100.0,18.289,18.3,188,73.39,73.39
3222,9667,UMI,150.0,43.8638,-79.28436,100.0,14.905,14.9,172,59.77,59.77
3222,9668,UMI,270.0,43.8638,-79.28436,100.0,18.161,18.2,175,65.18,65.18
3223,9669,UMI,30.0,43.8638,-79.27765,100.0,17.137,17.1,163,68.11,68.11
3223,9670,UMI,150.0,43.8638,-79.27765,100.0,10.526,10.5,103,38.34,38.34
3223,9671,UMI,270.0,43.8638,-79.27765,100.0,13.929,13.9,140,52.21,52.21
3224,9672,UMI,30.0,43.8638,-79.27095,100.0,11.878,11.9,108,49.91,49.91
3224,9673,UMI,150.0,43.8638,-79.27095,100.0,6.96,7.0,85,23.49,23.49
3224,9674,UMI,270.0,43.8638,-79.27095,100.0,11.536,11.5,119,45.84,45.84
3225,9675,UMI,30.0,43.8638,-79.26424,100.0,12.462,12.5,105,44.83,44.83
3225,9676,UMI,150.0,43.8638,-79.26424,100.0,6.31,6.3,73,26.34,26.34
3225,9677,UMI,270.0,43.8638,-79.26424,100.0,11.975,12.0,81,36.6,36.6
3226,9678,UMI,30.0,43.8638,-79.25753,100.0,16.928,16.9,130,59.34,59.34
3226,9679,UMI,150.0,43.8638,-79.25753,100.0,13.593,13.6,114,42.82,42.82
3226,9680,UMI,270.0,43.8638,-79.25753,100.0,9.507,9.5,110,34.09,34.09
3227,9681,UMI,30.0,43.8638,-79.25082,100.0,15.25,15.2,129,62.14,62.14
3227,9682,UMI,150.0,43.8638,-79.25082,100.0,24.673,24.7,189,86.83,86.83
3227,9683,UMI,270.0,43.8638,-79.25082,100.0,18.774,18.8,174,70.58,70.58
3228,9684,UMI,30.0,43.8638,-79.24411,100.0,23.582,23.6,200,87.61,87.61
3228,9685,UMI,150.0,43.8638,-79.24411,100.0,18.103,18.1,174,75.0,75.0
3228,9686,UMI,270.0,43.8638,-79.24411,100.0,18.028,18.0,185,63.83,63.83
3229,9687,UMI,30.0,43.8638,-79.23741,100.0,19.064,19.1,181,75.2,75.2
3229,9688,UMI,150.0,43.8638,-79.23741,100.0,22.162,22.2,196,72.34,72.34
3229,9689,UMI,270.0,43.8638,-79.23741,100.0,19.323,19.3,211,78.19,78.19
3230,9690,UMI,30.0,43.8638,-79.2307,100.0,18.364,18.4,166,65.27,65.27
3230,9691,UMI,150.0,43.8638,-79.2307,100.0,19.563,19.6,189,76.53,76.53
3230,9692,UMI,270.0,43.8638,-79.2307,100.0,20.142,20.1,191,75.02,75.02
3231,9693,UMI,30.0,43.8638,-79.22399,100.0,21.455,21.5,188,70.71,70.71
3231,9694,UMI,150.0,43.8638,-79.22399,100.0,13.853,13.9,144,48.5,48.5
3231,9695,UMI,270.0,43.8638,-79.22399,100.0,19.784,19.8,196,79.83,79.83
3232,9696,UMI,30.0,43.8638,-79.21728,100.0,20.294,20.3,147,57.2,57.2
3232,9697,UMI,150.0,43.8638,-79.21728,100.0,12.407,12.4,105,43.23,43.23
3232,9698,UMI,270.0,43.8638,-79.21728,100.0,14.717,14.7,152,56.95,56.95
3233,9699,UMI,30.0,43.8638,-79.20386,100.0,2.459,2.5,28,10.67,10.67
3233,9700,UMI,150.0,43.8638,-79.20386,100.0,3.306,3.3,36,15.52,15.52
3233,9701,UMI,270.0,43.8638,-79.20386,100.0,3.304,3.3,38,13.77,13.77
3234,9702,UMI,30.0,43.8638,-79.18374,100.0,0.409,0.4,15,2.59,2.59
3234,9703,UMI,150.0,43.8638,-79.18374,100.0,0.604,0.6,12,2.76,2.76
3234,9704,UMI,270.0,43.8638,-79.18374,100.0,0.691,0.7,11,3.4,3.4
3235,9705,UMI,30.0,43.8638,-79.09653,100.0,8.194,8.2,56,29.54,29.54
3235,9706,UMI,150.0,43.8638,-79.09653,100.0,6.836,6.8,67,28.29,28.29
3235,9707,UMI,270.0,43.8638,-79.09653,100.0,5.617,5.6,46,19.81,19.81
3236,9708,UMI,30.0,43.8638,-79.08983,100.0,9.906,9.9,97,38.01,38.01
3236,9709,UMI,150.0,43.8638,-79.08983,100.0,13.832,13.8,136,52.83,52.83
3236,9710,UMI,270.0,43.8638,-79.08983,100.0,8.741,8.7,75,29.23,29.23
3237,9711,UMI,30.0,43.8638,-79.08312,100.0,10.489,10.5,133,47.75,47.75
3237,9712,UMI,150.0,43.8638,-79.08312,100.0,15.65,15.7,143,46.87,46.87
3237,9713,UMI,270.0,43.8638,-79.08312,100.0,11.61,11.6,132,50.68,50.68
3238,9714,UMI,30.0,43.8638,-79.07641,100.0,9.273,9.3,108,38.49,38.49
3238,9715,UMI,150.0,43.8638,-79.07641,100.0,11.558,11.6,124,49.02,49.02
3238,9716,UMI,270.0,43.8638,-79.07641,100.0,10.651,10.7,125,46.48,46.48
3239,9717,UMI,30.0,43.8638,-79.0697,100.0,18.027,18.0,164,62.23,62.23
3239,9718,UMI,150.0,43.8638,-79.0697,100.0,22.135,22.1,217,92.95,92.95
3239,9719,UMI,270.0,43.8638,-79.0697,100.0,12.045,12.0,132,46.89,46.89
3240,9720,UMI,30.0,43.8638,-79.06299,100.0,39.987,40.0,334,138.03,138.03
3240,9721,UMI,150.0,43.8638,-79.06299,100.0,30.991,31.0,367,128.14,128.14
3240,9722,UMI,270.0,43.8638,-79.06299,100.0,30.671,30.7,293,110.66,110.66
3241,9723,UMI,30.0,43.8638,-79.05629,100.0,35.759,35.8,350,140.91,140.91
3241,9724,UMI,150.0,43.8638,-79.05629,100.0,42.652,42.7,408,156.37,156.37
3241,9725,UMI,270.0,43.8638,-79.05629,100.0,32.351,32.4,381,137.92,137.92
3242,9726,UMI,30.0,43.8638,-79.04958,100.0,35.419,35.4,367,135.47,135.47
3242,9727,UMI,150.0,43.8638,-79.04958,100.0,39.366,39.4,383,151.34,151.34
3242,9728,UMI,270.0,43.8638,-79.04958,100.0,47.831,47.8,400,164.67,164.67
3243,9729,UMI,30.0,43.8638,-79.04287,100.0,28.889,28.9,304,125.56,125.56
3243,9730,UMI,150.0,43.8638,-79.04287,100.0,31.999,32.0,310,123.56,123.56
3243,9731,UMI,270.0,43.8638,-79.04287,100.0,29.492,29.5,327,118.28,118.28
3244,9732,UMI,30.0,43.8638,-79.03616,100.0,24.335,24.3,231,101.2,101.2
3244,9733,UMI,150.0,43.8638,-79.03616,100.0,26.31,26.3,277,100.01,100.01
3244,9734,UMI,270.0,43.8638,-79.03616,100.0,23.607,23.6,245,84.53,84.53
3245,9735,UMI,30.0,43.86799,-79.51579,100.0,8.823,8.8,90,37.03,37.03
3245,9736,UMI,150.0,43.86799,-79.51579,100.0,10.693,10.7,103,45.23,45.23
3245,9737,UMI,270.0,43.86799,-79.51579,100.0,4.724,4.7,63,19.91,19.91
3246,9738,UMI,30.0,43.86799,-79.50909,100.0,6.943,6.9,62,24.13,24.13
3246,9739,UMI,150.0,43.86799,-79.50909,100.0,7.72,7.7,86,32.44,32.44
3246,9740,UMI,270.0,43.86799,-79.50909,100.0,6.14,6.1,82,27.17,27.17
3247,9741,UMI,30.0,43.86799,-79.49567,100.0,4.799,4.8,40,16.19,16.19
3247,9742,UMI,150.0,43.86799,-79.49567,100.0,4.326,4.3,55,16.55,16.55
3247,9743,UMI,270.0,43.86799,-79.49567,100.0,3.137,3.1,42,14.39,14.39
3248,9744,UMI,30.0,43.86799,-79.48896,100.0,6.74,6.7,69,28.57,28.57
3248,9745,UMI,150.0,43.86799,-79.48896,100.0,10.059,10.1,96,33.56,33.56
3248,9746,UMI,270.0,43.86799,-79.48896,100.0,6.281,6.3,71,24.37,24.37
3249,9747,UMI,30.0,43.86799,-79.48225,100.0,9.574,9.6,108,35.52,35.52
3249,9748,UMI,150.0,43.86799,-79.48225,100.0,10.971,11.0,97,34.8,34.8
3249,9749,UMI,270.0,43.86799,-79.48225,100.0,9.388,9.4,94,35.08,35.08
3250,9750,UMI,30.0,43.86799,-79.47554,100.0,12.167,12.2,138,46.85,46.85
3250,9751,UMI,150.0,43.86799,-79.47554,100.0,13.53,13.5,129,51.45,51.45
3250,9752,UMI,270.0,43.86799,-79.47554,100.0,8.392,8.4,93,33.49,33.49
3251,9753,UMI,30.0,43.86799,-79.46884,100.0,17.939,17.9,214,75.43,75.43
3251,9754,UMI,150.0,43.86799,-79.46884,100.0,19.587,19.6,178,70.53,70.53
3251,9755,UMI,270.0,43.86799,-79.46884,100.0,17.199,17.2,188,78.63,78.63
3252,9756,UMI,30.0,43.86799,-79.46213,100.0,28.89,28.9,269,118.96,118.96
3252,9757,UMI,150.0,43.86799,-79.46213,100.0,27.501,27.5,300,111.59,111.59
3252,9758,UMI,270.0,43.86799,-79.46213,100.0,24.257,24.3,235,90.18,90.18
3253,9759,UMI,30.0,43.86799,-79.45542,100.0,24.758,24.8,276,105.65,105.65
3253,9760,UMI,150.0,43.86799,-79.45542,100.0,24.33,24.3,296,102.86,102.86
3253,9761,UMI,270.0,43.86799,-79.45542,100.0,30.082,30.1,285,119.44,119.44
3254,9762,UMI,30.0,43.86799,-79.44871,100.0,24.009,24.0,242,99.94,99.94
3254,9763,UMI,150.0,43.86799,-79.44871,100.0,31.346,31.3,319,123.17,123.17
3254,9764,UMI,270.0,43.86799,-79.44871,100.0,24.966,25.0,257,86.95,86.95
3255,9765,UMI,30.0,43.86799,-79.442,100.0,31.435,31.4,312,120.33,120.33
3255,9766,UMI,150.0,43.86799,-79.442,100.0,31.641,31.6,305,119.64,119.64
3255,9767,UMI,270.0,43.86799,-79.442,100.0,28.266,28.3,305,110.57,110.57
3256,9768,UMI,30.0,43.86799,-79.4353,100.0,38.938,38.9,376,145.7,145.7
3256,9769,UMI,150.0,43.86799,-79.4353,100.0,37.477,37.5,322,138.33,138.33
3256,9770,UMI,270.0,43.86799,-79.4353,100.0,31.534,31.5,287,109.67,109.67
3257,9771,UMI,30.0,43.86799,-79.42859,100.0,27.372,27.4,280,107.16,107.16
3257,9772,UMI,150.0,43.86799,-79.42859,100.0,28.518,28.5,289,104.73,104.73
3257,9773,UMI,270.0,43.86799,-79.42859,100.0,25.455,25.5,292,108.4,108.4
3258,9774,UMI,30.0,43.86799,-79.42188,100.0,27.031,27.0,309,121.23,121.23
3258,9775,UMI,150.0,43.86799,-79.42188,100.0,25.903,25.9,270,114.53,114.53
3258,9776,UMI,270.0,43.86799,-79.42188,100.0,31.476,31.5,241,110.26,110.26
3259,9777,UMI,30.0,43.86799,-79.41517,100.0,31.122,31.1,312,125.42,125.42
3259,9778,UMI,150.0,43.86799,-79.41517,100.0,26.841,26.8,246,99.3,99.3
3259,9779,UMI,270.0,43.86799,-79.41517,100.0,31.238,31.2,269,114.95,114.95
3260,9780,UMI,30.0,43.86799,-79.40846,100.0,32.218,32.2,335,130.15,130.15
3260,9781,UMI,150.0,43.86799,-79.40846,100.0,33.391,33.4,347,126.24,126.24
3260,9782,UMI,270.0,43.86799,-79.40846,100.0,26.548,26.5,309,109.79,109.79
3261,9783,UMI,30.0,43.86799,-79.40175,100.0,32.073,32.1,334,117.95,117.95
3261,9784,UMI,150.0,43.86799,-79.40175,100.0,40.603,40.6,349,131.34,131.34
3261,9785,UMI,270.0,43.86799,-79.40175,100.0,33.928,33.9,319,122.98,122.98
3262,9786,UMI,30.0,43.86799,-79.39505,100.0,26.915,26.9,300,113.32,113.32
3262,9787,UMI,150.0,43.86799,-79.39505,100.0,36.149,36.1,331,136.09,136.09
3262,9788,UMI,270.0,43.86799,-79.39505,100.0,37.322,37.3,321,133.43,133.43
3263,9789,UMI,30.0,43.86799,-79.38834,100.0,17.733,17.7,177,69.8,69.8
3263,9790,UMI,150.0,43.86799,-79.38834,100.0,16.999,17.0,179,70.48,70.48
3263,9791,UMI,270.0,43.86799,-79.38834,100.0,26.02,26.0,267,111.26,111.26
3264,9792,UMI,30.0,43.86799,-79.38163,100.0,9.335,9.3,107,30.85,30.85
3264,9793,UMI,150.0,43.86799,-79.38163,100.0,8.733,8.7,94,33.88,33.88
3264,9794,UMI,270.0,43.86799,-79.38163,100.0,15.067,15.1,142,56.22,56.22
3265,9795,UMI,30.0,43.86799,-79.37492,100.0,9.177,9.2,78,32.63,32.63
3265,9796,UMI,150.0,43.86799,-79.37492,100.0,7.495,7.5,77,27.63,27.63
3265,9797,UMI,270.0,43.86799,-79.37492,100.0,6.603,6.6,90,30.63,30.63
3266,9798,UMI,30.0,43.86799,-79.36821,100.0,12.579,12.6,115,43.18,43.18
3266,9799,UMI,150.0,43.86799,-79.36821,100.0,9.953,10.0,108,36.34,36.34
3266,9800,UMI,270.0,43.86799,-79.36821,100.0,8.212,8.2,78,31.89,31.89
3267,9801,UMI,30.0,43.86799,-79.36151,100.0,21.291,21.3,205,82.16,82.16
3267,9802,UMI,150.0,43.86799,-79.36151,100.0,22.462,22.5,212,87.68,87.68
3267,9803,UMI,270.0,43.86799,-79.36151,100.0,19.139,19.1,154,62.73,62.73
3268,9804,UMI,30.0,43.86799,-79.3548,100.0,37.62,37.6,329,135.08,135.08
3268,9805,UMI,150.0,43.86799,-79.3548,100.0,30.117,30.1,329,127.82,127.82
3268,9806,UMI,270.0,43.86799,-79.3548,100.0,23.734,23.7,254,91.79,91.79
3269,9807,UMI,30.0,43.86799,-79.34809,100.0,33.187,33.2,348,131.47,131.47
3269,9808,UMI,150.0,43.86799,-79.34809,100.0,44.988,45.0,394,156.58,156.58
3269,9809,UMI,270.0,43.86799,-79.34809,100.0,39.458,39.5,348,132.27,132.27
3270,9810,UMI,30.0,43.86799,-79.34138,100.0,46.972,47.0,402,154.7,154.7
3270,9811,UMI,150.0,43.86799,-79.34138,100.0,44.198,44.2,388,164.59,164.59
3270,9812,UMI,270.0,43.86799,-79.34138,100.0,36.199,36.2,388,142.57,142.57
3271,9813,UMI,30.0,43.86799,-79.33467,100.0,32.617,32.6,335,120.56,120.56
3271,9814,UMI,150.0,43.86799,-79.33467,100.0,42.653,42.7,374,172.5,172.5
3271,9815,UMI,270.0,43.86799,-79.33467,100.0,41.279,41.3,372,155.64,155.64
3272,9816,UMI,30.0,43.86799,-79.32797,100.0,35.229,35.2,327,142.75,142.75
3272,9817,UMI,150.0,43.86799,-79.32797,100.0,36.076,36.1,341,141.27,141.27
3272,9818,UMI,270.0,43.86799,-79.32797,100.0,28.603,28.6,295,118.65,118.65
3273,9819,UMI,30.0,43.86799,-79.32126,100.0,29.104,29.1,315,126.06,126.06
3273,9820,UMI,150.0,43.86799,-79.32126,100.0,32.6,32.6,292,123.36,123.36
3273,9821,UMI,270.0,43.86799,-79.32126,100.0,35.015,35.0,323,134.11,134.11
3274,9822,UMI,30.0,43.86799,-79.31455,100.0,25.574,25.6,277,100.17,100.17
3274,9823,UMI,150.0,43.86799,-79.31455,100.0,30.453,30.5,287,115.84,115.84
3274,9824,UMI,270.0,43.86799,-79.31455,100.0,34.411,34.4,263,128.52,128.52
3275,9825,UMI,30.0,43.86799,-79.30784,100.0,27.2,27.2,265,102.58,102.58
3275,9826,UMI,150.0,43.86799,-79.30784,100.0,24.871,24.9,225,98.35,98.35
3275,9827,UMI,270.0,43.86799,-79.30784,100.0,24.202,24.2,231,88.8,88.8
3276,9828,UMI,30.0,43.86799,-79.30113,100.0,21.287,21.3,216,86.53,86.53
3276,9829,UMI,150.0,43.86799,-79.30113,100.0,23.588,23.6,209,93.97,93.97
3276,9830,UMI,270.0,43.86799,-79.30113,100.0,21.183,21.2,246,89.04,89.04
3277,9831,UMI,30.0,43.86799,-79.29442,100.0,29.031,29.0,251,99.87,99.87
3277,9832,UMI,150.0,43.86799,-79.29442,100.0,24.602,24.6,215,90.37,90.37
3277,9833,UMI,270.0,43.86799,-79.29442,100.0,19.822,19.8,222,80.99,80.99
3278,9834,UMI,30.0,43.86799,-79.28772,100.0,22.125,22.1,205,86.24,86.24
3278,9835,UMI,150.0,43.86799,-79.28772,100.0,19.635,19.6,207,83.0,83.0
3278,9836,UMI,270.0,43.86799,-79.28772,100.0,18.775,18.8,202,66.05,66.05
3279,9837,UMI,30.0,43.86799,-79.28101,100.0,19.491,19.5,183,73.81,73.81
3279,9838,UMI,150.0,43.86799,-79.28101,100.0,19.736,19.7,180,84.23,84.23
3279,9839,UMI,270.0,43.86799,-79.28101,100.0,18.673,18.7,170,72.53,72.53
3280,9840,UMI,30.0,43.86799,-79.2743,100.0,17.527,17.5,199,65.82,65.82
3280,9841,UMI,150.0,43.86799,-79.2743,100.0,20.828,20.8,175,68.65,68.65
3280,9842,UMI,270.0,43.86799,-79.2743,100.0,19.258,19.3,198,76.67,76.67
3281,9843,UMI,30.0,43.86799,-79.26759,100.0,15.218,15.2,177,64.31,64.31
3281,9844,UMI,150.0,43.86799,-79.26759,100.0,12.904,12.9,130,53.09,53.09
3281,9845,UMI,270.0,43.86799,-79.26759,100.0,16.741,16.7,165,67.6,67.6
3282,9846,UMI,30.0,43.86799,-79.26088,100.0,18.159,18.2,152,63.16,63.16
3282,9847,UMI,150.0,43.86799,-79.26088,100.0,14.936,14.9,125,47.46,47.46
3282,9848,UMI,270.0,43.86799,-79.26088,100.0,10.273,10.3,135,41.1,41.1
3283,9849,UMI,30.0,43.86799,-79.25418,100.0,19.782,19.8,203,78.29,78.29
3283,9850,UMI,150.0,43.86799,-79.25418,100.0,16.342,16.3,174,63.11,63.11
3283,9851,UMI,270.0,43.86799,-79.25418,100.0,17.959,18.0,186,71.48,71.48
3284,9852,UMI,30.0,43.86799,-79.24747,100.0,26.294,26.3,218,84.68,84.68
3284,9853,UMI,150.0,43.86799,-79.24747,100.0,18.728,18.7,166,68.17,68.17
3284,9854,UMI,270.0,43.86799,-79.24747,100.0,21.715,21.7,189,78.92,78.92
3285,9855,UMI,30.0,43.86799,-79.24076,100.0,20.334,20.3,182,72.79,72.79
3285,9856,UMI,150.0,43.86799,-79.24076,100.0,19.655,19.7,198,75.16,75.16
3285,9857,UMI,270.0,43.86799,-79.24076,100.0,22.022,22.0,219,81.67,81.67
3286,9858,UMI,30.0,43.86799,-79.23405,100.0,13.658,13.7,157,54.39,54.39
3286,9859,UMI,150.0,43.86799,-79.23405,100.0,18.336,18.3,178,71.46,71.46
3286,9860,UMI,270.0,43.86799,-79.23405,100.0,19.812,19.8,204,82.41,82.41
3287,9861,UMI,30.0,43.86799,-79.22734,100.0,13.01,13.0,157,50.48,50.48
3287,9862,UMI,150.0,43.86799,-79.22734,100.0,24.536,24.5,192,70.37,70.37
3287,9863,UMI,270.0,43.86799,-79.22734,100.0,15.881,15.9,156,55.33,55.33
3288,9864,UMI,30.0,43.86799,-79.22063,100.0,13.072,13.1,138,54.7,54.7
3288,9865,UMI,150.0,43.86799,-79.22063,100.0,13.578,13.6,164,55.64,55.64
3288,9866,UMI,270.0,43.86799,-79.22063,100.0,19.419,19.4,182,65.19,65.19
3289,9867,UMI,30.0,43.86799,-79.21393,100.0,8.404,8.4,93,33.15,33.15
3289,9868,UMI,150.0,43.86799,-79.21393,100.0,7.513,7.5,91,27.87,27.87
3289,9869,UMI,270.0,43.86799,-79.21393,100.0,15.373,15.4,137,47.05,47.05
3290,9870,UMI,30.0,43.86799,-79.20722,100.0,3.695,3.7,38,15.05,15.05
3290,9871,UMI,150.0,43.86799,-79.20722,100.0,2.536,2.5,32,11.74,11.74
3290,9872,UMI,270.0,43.86799,-79.20722,100.0,7.835,7.8,58,29.93,29.93
3291,9873,UMI,30.0,43.86799,-79.20051,100.0,2.78,2.8,26,10.31,10.31
3291,9874,UMI,150.0,43.86799,-79.20051,100.0,1.493,1.5,19,7.6,7.6
3291,9875,UMI,270.0,43.86799,-79.20051,100.0,1.424,1.4,18,6.41,6.41
3292,9876,UMI,30.0,43.86799,-79.17368,100.0,0.913,0.9,12,3.53,3.53
3292,9877,UMI,150.0,43.86799,-79.17368,100.0,1.254,1.3,14,6.21,6.21
3292,9878,UMI,270.0,43.86799,-79.17368,100.0,0.73,0.7,10,3.94,3.94
3293,9879,UMI,30.0,43.86799,-79.09318,100.0,5.62,5.6,57,23.31,23.31
3293,9880,UMI,150.0,43.86799,-79.09318,100.0,4.41,4.4,47,15.23,15.23
3293,9881,UMI,270.0,43.86799,-79.09318,100.0,5.017,5.0,38,15.53,15.53
3294,9882,UMI,30.0,43.86799,-79.08647,100.0,5.916,5.9,65,26.59,26.59
3294,9883,UMI,150.0,43.86799,-79.08647,100.0,6.646,6.6,83,28.01,28.01
3294,9884,UMI,270.0,43.86799,-79.08647,100.0,14.04,14.0,84,34.45,34.45
3295,9885,UMI,30.0,43.86799,-79.07976,100.0,7.66,7.7,85,32.61,32.61
3295,9886,UMI,150.0,43.86799,-79.07976,100.0,12.163,12.2,147,56.28,56.28
3295,9887,UMI,270.0,43.86799,-79.07976,100.0,5.643,5.6,81,27.8,27.8
3296,9888,UMI,30.0,43.86799,-79.07306,100.0,12.171,12.2,103,36.0,36.0
3296,9889,UMI,150.0,43.86799,-79.07306,100.0,13.205,13.2,133,46.61,46.61
3296,9890,UMI,270.0,43.86799,-79.07306,100.0,10.864,10.9,121,42.17,42.17
3297,9891,UMI,30.0,43.86799,-79.06635,100.0,20.823,20.8,201,81.05,81.05
3297,9892,UMI,150.0,43.86799,-79.06635,100.0,16.516,16.5,223,74.72,74.72
3297,9893,UMI,270.0,43.86799,-79.06635,100.0,16.1,16.1,145,56.07,56.07
3298,9894,UMI,30.0,43.86799,-79.05964,100.0,28.92,28.9,267,109.64,109.64
3298,9895,UMI,150.0,43.86799,-79.05964,100.0,26.831,26.8,306,110.82,110.82
3298,9896,UMI,270.0,43.86799,-79.05964,100.0,33.315,33.3,282,116.92,116.92
3299,9897,UMI,30.0,43.86799,-79.05293,100.0,26.077,26.1,254,105.53,105.53
3299,9898,UMI,150.0,43.86799,-79.05293,100.0,31.421,31.4,340,133.39,133.39
3299,9899,UMI,270.0,43.86799,-79.05293,100.0,38.453,38.5,297,127.92,127.92
3300,9900,UMI,30.0,43.86799,-79.04622,100.0,18.758,18.8,201,81.49,81.49
3300,9901,UMI,150.0,43.86799,-79.04622,100.0,26.983,27.0,295,108.93,108.93
3300,9902,UMI,270.0,43.86799,-79.04622,100.0,26.132,26.1,283,111.66,111.66
3301,9903,UMI,30.0,43.87219,-79.51244,100.0,4.647,4.6,37,20.25,20.25
3301,9904,UMI,150.0,43.87219,-79.51244,100.0,6.104,6.1,55,24.3,24.3
3301,9905,UMI,270.0,43.87219,-79.51244,100.0,9.493,9.5,81,42.98,42.98
3302,9906,UMI,30.0,43.87219,-79.49902,100.0,1.756,1.8,30,6.26,6.26
3302,9907,UMI,150.0,43.87219,-79.49902,100.0,2.868,2.9,33,12.17,12.17
3302,9908,UMI,270.0,43.87219,-79.49902,100.0,2.604,2.6,26,9.34,9.34
3303,9909,UMI,30.0,43.87219,-79.48561,100.0,9.097,9.1,88,41.38,41.38
3303,9910,UMI,150.0,43.87219,-79.48561,100.0,9.856,9.9,97,40.58,40.58
3303,9911,UMI,270.0,43.87219,-79.48561,100.0,8.253,8.3,73,30.44,30.44
3304,9912,UMI,30.0,43.87219,-79.4789,100.0,14.996,15.0,140,61.59,61.59
3304,9913,UMI,150.0,43.87219,-79.4789,100.0,12.033,12.0,156,51.75,51.75
3304,9914,UMI,270.0,43.87219,-79.4789,100.0,15.33,15.3,128,54.85,54.85
3305,9915,UMI,30.0,43.87219,-79.47219,100.0,25.677,25.7,215,82.75,82.75
3305,9916,UMI,150.0,43.87219,-79.47219,100.0,15.199,15.2,166,59.06,59.06
3305,9917,UMI,270.0,43.87219,-79.47219,100.0,18.554,18.6,169,63.8,63.8
3306,9918,UMI,30.0,43.87219,-79.46548,100.0,17.945,17.9,204,69.74,69.74
3306,9919,UMI,150.0,43.87219,-79.46548,100.0,28.617,28.6,245,107.46,107.46
3306,9920,UMI,270.0,43.87219,-79.46548,100.0,21.533,21.5,227,89.75,89.75
3307,9921,UMI,30.0,43.87219,-79.45877,100.0,28.798,28.8,279,99.28,99.28
3307,9922,UMI,150.0,43.87219,-79.45877,100.0,29.387,29.4,293,112.55,112.55
3307,9923,UMI,270.0,43.87219,-79.45877,100.0,30.192,30.2,309,123.17,123.17
3308,9924,UMI,30.0,43.87219,-79.45207,100.0,30.782,30.8,299,114.77,114.77
3308,9925,UMI,150.0,43.87219,-79.45207,100.0,23.163,23.2,262,96.83,96.83
3308,9926,UMI,270.0,43.87219,-79.45207,100.0,29.247,29.2,264,96.34,96.34
3309,9927,UMI,30.0,43.87219,-79.44536,100.0,35.659,35.7,301,135.67,135.67
3309,9928,UMI,150.0,43.87219,-79.44536,100.0,34.267,34.3,293,124.0,124.0
3309,9929,UMI,270.0,43.87219,-79.44536,100.0,28.733,28.7,279,104.18,104.18
3310,9930,UMI,30.0,43.87219,-79.43865,100.0,30.339,30.3,317,127.78,127.78
3310,9931,UMI,150.0,43.87219,-79.43865,100.0,32.442,32.4,309,117.46,117.46
3310,9932,UMI,270.0,43.87219,-79.43865,100.0,29.352,29.4,292,108.35,108.35
3311,9933,UMI,30.0,43.87219,-79.43194,100.0,33.59,33.6,326,135.75,135.75
3311,9934,UMI,150.0,43.87219,-79.43194,100.0,38.608,38.6,329,138.12,138.12
3311,9935,UMI,270.0,43.87219,-79.43194,100.0,36.163,36.2,348,131.22,131.22
3312,9936,UMI,30.0,43.87219,-79.42523,100.0,30.516,30.5,284,109.31,109.31
3312,9937,UMI,150.0,43.87219,-79.42523,100.0,34.632,34.6,285,118.05,118.05
3312,9938,UMI,270.0,43.87219,-79.42523,100.0,28.368,28.4,270,105.18,105.18
3313,9939,UMI,30.0,43.87219,-79.41853,100.0,29.805,29.8,327,118.63,118.63
3313,9940,UMI,150.0,43.87219,-79.41853,100.0,34.591,34.6,312,131.02,131.02
3313,9941,UMI,270.0,43.87219,-79.41853,100.0,30.488,30.5,305,122.74,122.74
3314,9942,UMI,30.0,43.87219,-79.41182,100.0,36.111,36.1,353,147.05,147.05
3314,9943,UMI,150.0,43.87219,-79.41182,100.0,38.888,38.9,357,141.8,141.8
3314,9944,UMI,270.0,43.87219,-79.41182,100.0,29.656,29.7,341,123.63,123.63
3315,9945,UMI,30.0,43.87219,-79.40511,100.0,33.958,34.0,337,129.09,129.09
3315,9946,UMI,150.0,43.87219,-79.40511,100.0,37.935,37.9,342,130.28,130.28
3315,9947,UMI,270.0,43.87219,-79.40511,100.0,39.903,39.9,365,148.84,148.84
3316,9948,UMI,30.0,43.87219,-79.3984,100.0,33.618,33.6,311,126.14,126.14
3316,9949,UMI,150.0,43.87219,-79.3984,100.0,30.505,30.5,313,118.46,118.46
3316,9950,UMI,270.0,43.87219,-79.3984,100.0,40.091,40.1,354,140.44,140.44
3317,9951,UMI,30.0,43.87219,-79.39169,100.0,22.615,22.6,221,94.16,94.16
3317,9952,UMI,150.0,43.87219,-79.39169,100.0,22.928,22.9,230,88.5,88.5
3317,9953,UMI,270.0,43.87219,-79.39169,100.0,33.254,33.3,306,132.38,132.38
3318,9954,UMI,30.0,43.87219,-79.38498,100.0,9.823,9.8,118,40.55,40.55
3318,9955,UMI,150.0,43.87219,-79.38498,100.0,13.801,13.8,129,58.36,58.36
3318,9956,UMI,270.0,43.87219,-79.38498,100.0,16.022,16.0,168,65.93,65.93
3319,9957,UMI,30.0,43.87219,-79.37828,100.0,6.652,6.7,68,24.17,24.17
3319,9958,UMI,150.0,43.87219,-79.37828,100.0,7.114,7.1,81,35.1,35.1
3319,9959,UMI,270.0,43.87219,-79.37828,100.0,6.178,6.2,80,24.96,24.96
3320,9960,UMI,30.0,43.87219,-79.37157,100.0,22.081,22.1,173,77.27,77.27
3320,9961,UMI,150.0,43.87219,-79.37157,100.0,15.439,15.4,109,45.1,45.1
3320,9962,UMI,270.0,43.87219,-79.37157,100.0,12.334,12.3,100,44.26,44.26
3321,9963,UMI,30.0,43.87219,-79.36486,100.0,27.32,27.3,228,91.35,91.35
3321,9964,UMI,150.0,43.87219,-79.36486,100.0,23.249,23.2,164,80.92,80.92
3321,9965,UMI,270.0,43.87219,-79.36486,100.0,16.752,16.8,171,68.18,68.18
3322,9966,UMI,30.0,43.87219,-79.35815,100.0,27.975,28.0,266,111.88,111.88
3322,9967,UMI,150.0,43.87219,-79.35815,100.0,35.223,35.2,339,146.79,146.79
3322,9968,UMI,270.0,43.87219,-79.35815,100.0,27.777,27.8,233,93.57,93.57
3323,9969,UMI,30.0,43.87219,-79.35144,100.0,37.636,37.6,389,137.39,137.39
3323,9970,UMI,150.0,43.87219,-79.35144,100.0,40.707,40.7,330,144.83,144.83
3323,9971,UMI,270.0,43.87219,-79.35144,100.0,36.644,36.6,341,144.59,144.59
3324,9972,UMI,30.0,43.87219,-79.34474,100.0,31.914,31.9,317,113.35,113.35
3324,9973,UMI,150.0,43.87219,-79.34474,100.0,38.755,38.8,333,140.16,140.16
3324,9974,UMI,270.0,43.87219,-79.34474,100.0,41.74,41.7,374,143.12,143.12
3325,9975,UMI,30.0,43.87219,-79.33803,100.0,30.218,30.2,299,125.06,125.06
3325,9976,UMI,150.0,43.87219,-79.33803,100.0,37.881,37.9,363,138.1,138.1
3325,9977,UMI,270.0,43.87219,-79.33803,100.0,34.231,34.2,333,125.84,125.84
3326,9978,UMI,30.0,43.87219,-79.33132,100.0,26.547,26.5,241,86.01,86.01
3326,9979,UMI,150.0,43.87219,-79.33132,100.0,35.677,35.7,319,131.48,131.48
3326,9980,UMI,270.0,43.87219,-79.33132,100.0,29.092,29.1,290,111.47,111.47
3327,9981,UMI,30.0,43.87219,-79.32461,100.0,25.639,25.6,233,93.4,93.4
3327,9982,UMI,150.0,43.87219,-79.32461,100.0,33.528,33.5,294,127.0,127.0
3327,9983,UMI,270.0,43.87219,-79.32461,100.0,21.063,21.1,246,82.99,82.99
3328,9984,UMI,30.0,43.87219,-79.3179,100.0,19.235,19.2,214,72.18,72.18
3328,9985,UMI,150.0,43.87219,-79.3179,100.0,22.59,22.6,267,94.52,94.52
3328,9986,UMI,270.0,43.87219,-79.3179,100.0,22.706,22.7,280,92.08,92.08
3329,9987,UMI,30.0,43.87219,-79.31119,100.0,33.625,33.6,316,125.68,125.68
3329,9988,UMI,150.0,43.87219,-79.31119,100.0,26.045,26.0,284,110.47,110.47
3329,9989,UMI,270.0,43.87219,-79.31119,100.0,21.102,21.1,241,88.21,88.21
3330,9990,UMI,30.0,43.87219,-79.30449,100.0,39.448,39.4,331,135.73,135.73
3330,9991,UMI,150.0,43.87219,-79.30449,100.0,30.177,30.2,284,118.13,118.13
3330,9992,UMI,270.0,43.87219,-79.30449,100.0,30.477,30.5,283,113.9,113.9
3331,9993,UMI,30.0,43.87219,-79.29778,100.0,33.47,33.5,320,130.05,130.05
3331,9994,UMI,150.0,43.87219,-79.29778,100.0,24.475,24.5,263,99.51,99.51
3331,9995,UMI,270.0,43.87219,-79.29778,100.0,31.157,31.2,298,117.39,117.39
3332,9996,UMI,30.0,43.87219,-79.29107,100.0,31.633,31.6,317,120.16,120.16
3332,9997,UMI,150.0,43.87219,-79.29107,100.0,30.043,30.0,231,92.73,92.73
3332,9998,UMI,270.0,43.87219,-79.29107,100.0,36.376,36.4,309,129.13,129.13
3333,9999,UMI,30.0,43.87219,-79.28436,100.0,23.586,23.6,222,82.83,82.83
3333,10000,UMI,150.0,43.87219,-79.28436,100.0,25.05,25.1,228,86.45,86.45
3333,10001,UMI,270.0,43.87219,-79.28436,100.0,24.542,24.5,236,88.21,88.21
3334,10002,UMI,30.0,43.87219,-79.27765,100.0,24.212,24.2,266,93.53,93.53
3334,10003,UMI,150.0,43.87219,-79.27765,100.0,23.059,23.1,266,95.79,95.79
3334,10004,UMI,270.0,43.87219,-79.27765,100.0,26.488,26.5,253,103.02,103.02
3335,10005,UMI,30.0,43.87219,-79.27095,100.0,25.452,25.5,276,105.57,105.57
3335,10006,UMI,150.0,43.87219,-79.27095,100.0,23.121,23.1,221,93.9,93.9
3335,10007,UMI,270.0,43.87219,-79.27095,100.0,26.465,26.5,270,103.1,103.1
3336,10008,UMI,30.0,43.87219,-79.26424,100.0,22.162,22.2,220,92.74,92.74
3336,10009,UMI,150.0,43.87219,-79.26424,100.0,22.431,22.4,219,94.33,94.33
3336,10010,UMI,270.0,43.87219,-79.26424,100.0,22.873,22.9,243,89.76,89.76
3337,10011,UMI,30.0,43.87219,-79.25753,100.0,20.845,20.8,242,82.22,82.22
3337,10012,UMI,150.0,43.87219,-79.25753,100.0,23.66,23.7,213,91.17,91.17
3337,10013,UMI,270.0,43.87219,-79.25753,100.0,23.179,23.2,201,83.88,83.88
3338,10014,UMI,30.0,43.87219,-79.25082,100.0,24.132,24.1,239,96.92,96.92
3338,10015,UMI,150.0,43.87219,-79.25082,100.0,18.662,18.7,178,66.45,66.45
3338,10016,UMI,270.0,43.87219,-79.25082,100.0,22.798,22.8,210,89.71,89.71
3339,10017,UMI,30.0,43.87219,-79.24411,100.0,29.998,30.0,274,116.28,116.28
3339,10018,UMI,150.0,43.87219,-79.24411,100.0,26.65,26.7,231,102.09,102.09
3339,10019,UMI,270.0,43.87219,-79.24411,100.0,28.31,28.3,250,105.97,105.97
3340,10020,UMI,30.0,43.87219,-79.23741,100.0,26.961,27.0,234,96.19,96.19
3340,10021,UMI,150.0,43.87219,-79.23741,100.0,23.104,23.1,219,82.02,82.02
3340,10022,UMI,270.0,43.87219,-79.23741,100.0,25.535,25.5,254,87.5,87.5
3341,10023,UMI,30.0,43.87219,-79.2307,100.0,20.737,20.7,150,72.28,72.28
3341,10024,UMI,150.0,43.87219,-79.2307,100.0,16.505,16.5,155,63.19,63.19
3341,10025,UMI,270.0,43.87219,-79.2307,100.0,18.72,18.7,185,77.72,77.72
3342,10026,UMI,30.0,43.87219,-79.22399,100.0,11.205,11.2,106,43.22,43.22
3342,10027,UMI,150.0,43.87219,-79.22399,100.0,14.009,14.0,118,47.49,47.49
3342,10028,UMI,270.0,43.87219,-79.22399,100.0,14.67,14.7,143,59.17,59.17
3343,10029,UMI,30.0,43.87219,-79.21728,100.0,8.788,8.8,73,28.97,28.97
3343,10030,UMI,150.0,43.87219,-79.21728,100.0,9.604,9.6,91,33.18,33.18
3343,10031,UMI,270.0,43.87219,-79.21728,100.0,11.472,11.5,111,44.49,44.49
3344,10032,UMI,30.0,43.87219,-79.21057,100.0,3.065,3.1,38,11.98,11.98
3344,10033,UMI,150.0,43.87219,-79.21057,100.0,9.006,9.0,71,31.55,31.55
3344,10034,UMI,270.0,43.87219,-79.21057,100.0,5.775,5.8,68,20.35,20.35
3345,10035,UMI,30.0,43.87219,-79.19716,100.0,2.242,2.2,20,10.67,10.67
3345,10036,UMI,150.0,43.87219,-79.19716,100.0,1.724,1.7,16,7.5,7.5
3345,10037,UMI,270.0,43.87219,-79.19716,100.0,1.135,1.1,18,4.7,4.7
3346,10038,UMI,30.0,43.87219,-79.12337,100.0,0.562,0.6,20,3.55,3.55
3346,10039,UMI,150.0,43.87219,-79.12337,100.0,0.821,0.8,14,4.05,4.05
3346,10040,UMI,270.0,43.87219,-79.12337,100.0,1.267,1.3,15,6.44,6.44
3347,10041,UMI,30.0,43.87219,-79.10995,100.0,1.155,1.2,12,5.5,5.5
3347,10042,UMI,150.0,43.87219,-79.10995,100.0,1.122,1.1,15,7.78,7.78
3347,10043,UMI,270.0,43.87219,-79.10995,100.0,0.853,0.9,15,4.08,4.08
3348,10044,UMI,30.0,43.87219,-79.09653,100.0,3.49,3.5,35,16.64,16.64
3348,10045,UMI,150.0,43.87219,-79.09653,100.0,4.413,4.4,35,17.06,17.06
3348,10046,UMI,270.0,43.87219,-79.09653,100.0,4.56,4.6,48,19.58,19.58
3349,10047,UMI,30.0,43.87219,-79.08983,100.0,5.834,5.8,40,18.59,18.59
3349,10048,UMI,150.0,43.87219,-79.08983,100.0,5.603,5.6,63,23.73,23.73
3349,10049,UMI,270.0,43.87219,-79.08983,100.0,4.906,4.9,41,15.53,15.53
3350,10050,UMI,30.0,43.87219,-79.08312,100.0,5.921,5.9,63,25.64,25.64
3350,10051,UMI,150.0,43.87219,-79.08312,100.0,3.421,3.4,57,13.74,13.74
3350,10052,UMI,270.0,43.87219,-79.08312,100.0,4.569,4.6,53,17.96,17.96
3351,10053,UMI,30.0,43.87219,-79.07641,100.0,9.857,9.9,63,34.29,34.29
3351,10054,UMI,150.0,43.87219,-79.07641,100.0,7.115,7.1,68,30.34,30.34
3351,10055,UMI,270.0,43.87219,-79.07641,100.0,8.034,8.0,74,34.2,34.2
3352,10056,UMI,30.0,43.87219,-79.0697,100.0,6.917,6.9,94,32.04,32.04
3352,10057,UMI,150.0,43.87219,-79.0697,100.0,12.868,12.9,115,45.07,45.07
3352,10058,UMI,270.0,43.87219,-79.0697,100.0,6.612,6.6,95,28.66,28.66
3353,10059,UMI,30.0,43.87219,-79.06299,100.0,12.333,12.3,120,47.09,47.09
3353,10060,UMI,150.0,43.87219,-79.06299,100.0,18.044,18.0,204,79.8,79.8
3353,10061,UMI,270.0,43.87219,-79.06299,100.0,17.802,17.8,166,68.6,68.6
3354,10062,UMI,30.0,43.87219,-79.05629,100.0,10.579,10.6,132,44.78,44.78
3354,10063,UMI,150.0,43.87219,-79.05629,100.0,18.742,18.7,204,77.59,77.59
3354,10064,UMI,270.0,43.87219,-79.05629,100.0,18.365,18.4,171,63.34,63.34
3355,10065,UMI,30.0,43.87638,-79.49567,100.0,3.969,4.0,37,14.08,14.08
3355,10066,UMI,150.0,43.87638,-79.49567,100.0,2.982,3.0,39,15.57,15.57
3355,10067,UMI,270.0,43.87638,-79.49567,100.0,3.734,3.7,35,12.42,12.42
3356,10068,UMI,30.0,43.87638,-79.48896,100.0,7.135,7.1,88,27.58,27.58
3356,10069,UMI,150.0,43.87638,-79.48896,100.0,5.902,5.9,60,25.89,25.89
3356,10070,UMI,270.0,43.87638,-79.48896,100.0,8.107,8.1,62,23.44,23.44
3357,10071,UMI,30.0,43.87638,-79.48225,100.0,10.654,10.7,132,44.12,44.12
3357,10072,UMI,150.0,43.87638,-79.48225,100.0,18.763,18.8,129,52.45,52.45
3357,10073,UMI,270.0,43.87638,-79.48225,100.0,12.187,12.2,112,44.31,44.31
3358,10074,UMI,30.0,43.87638,-79.47554,100.0,14.982,15.0,167,59.09,59.09
3358,10075,UMI,150.0,43.87638,-79.47554,100.0,17.27,17.3,181,76.78,76.78
3358,10076,UMI,270.0,43.87638,-79.47554,100.0,15.318,15.3,152,56.96,56.96
3359,10077,UMI,30.0,43.87638,-79.46884,100.0,21.18,21.2,205,88.45,88.45
3359,10078,UMI,150.0,43.87638,-79.46884,100.0,26.015,26.0,206,102.06,102.06
3359,10079,UMI,270.0,43.87638,-79.46884,100.0,15.949,15.9,181,70.01,70.01
3360,10080,UMI,30.0,43.87638,-79.46213,100.0,27.764,27.8,276,115.09,115.09
3360,10081,UMI,150.0,43.87638,-79.46213,100.0,25.941,25.9,253,102.61,102.61
3360,10082,UMI,270.0,43.87638,-79.46213,100.0,26.322,26.3,258,111.86,111.86
3361,10083,UMI,30.0,43.87638,-79.45542,100.0,24.787,24.8,250,88.15,88.15
3361,10084,UMI,150.0,43.87638,-79.45542,100.0,27.413,27.4,293,111.62,111.62
3361,10085,UMI,270.0,43.87638,-79.45542,100.0,27.321,27.3,259,99.64,99.64
3362,10086,UMI,30.0,43.87638,-79.44871,100.0,37.016,37.0,318,123.96,123.96
3362,10087,UMI,150.0,43.87638,-79.44871,100.0,34.837,34.8,293,117.1,117.1
3362,10088,UMI,270.0,43.87638,-79.44871,100.0,37.134,37.1,272,113.99,113.99
3363,10089,UMI,30.0,43.87638,-79.442,100.0,34.44,34.4,349,132.98,132.98
3363,10090,UMI,150.0,43.87638,-79.442,100.0,35.092,35.1,319,131.13,131.13
3363,10091,UMI,270.0,43.87638,-79.442,100.0,40.792,40.8,348,140.72,140.72
3364,10092,UMI,30.0,43.87638,-79.4353,100.0,30.895,30.9,304,124.33,124.33
3364,10093,UMI,150.0,43.87638,-79.4353,100.0,35.102,35.1,342,138.17,138.17
3364,10094,UMI,270.0,43.87638,-79.4353,100.0,38.103,38.1,322,122.66,122.66
3365,10095,UMI,30.0,43.87638,-79.42859,100.0,27.942,27.9,266,113.35,113.35
3365,10096,UMI,150.0,43.87638,-79.42859,100.0,36.697,36.7,301,119.3,119.3
3365,10097,UMI,270.0,43.87638,-79.42859,100.0,25.876,25.9,285,113.15,113.15
3366,10098,UMI,30.0,43.87638,-79.42188,100.0,38.146,38.1,398,153.85,153.85
3366,10099,UMI,150.0,43.87638,-79.42188,100.0,36.777,36.8,349,140.76,140.76
3366,10100,UMI,270.0,43.87638,-79.42188,100.0,29.842,29.8,302,126.02,126.02
3367,10101,UMI,30.0,43.87638,-79.41517,100.0,29.829,29.8,316,122.12,122.12
3367,10102,UMI,150.0,43.87638,-79.41517,100.0,30.449,30.4,335,125.33,125.33
3367,10103,UMI,270.0,43.87638,-79.41517,100.0,31.805,31.8,334,119.84,119.84
3368,10104,UMI,30.0,43.87638,-79.40846,100.0,27.789,27.8,293,118.23,118.23
3368,10105,UMI,150.0,43.87638,-79.40846,100.0,35.498,35.5,334,119.83,119.83
3368,10106,UMI,270.0,43.87638,-79.40846,100.0,29.506,29.5,335,129.13,129.13
3369,10107,UMI,30.0,43.87638,-79.40175,100.0,41.224,41.2,390,153.23,153.23
3369,10108,UMI,150.0,43.87638,-79.40175,100.0,29.857,29.9,307,120.09,120.09
3369,10109,UMI,270.0,43.87638,-79.40175,100.0,32.886,32.9,329,116.77,116.77
3370,10110,UMI,30.0,43.87638,-79.39505,100.0,30.113,30.1,279,117.87,117.87
3370,10111,UMI,150.0,43.87638,-79.39505,100.0,27.174,27.2,312,112.84,112.84
3370,10112,UMI,270.0,43.87638,-79.39505,100.0,35.673,35.7,318,135.74,135.74
3371,10113,UMI,30.0,43.87638,-79.38834,100.0,15.695,15.7,137,55.26,55.26
3371,10114,UMI,150.0,43.87638,-79.38834,100.0,13.788,13.8,137,52.63,52.63
3371,10115,UMI,270.0,43.87638,-79.38834,100.0,19.886,19.9,212,77.77,77.77
3372,10116,UMI,30.0,43.87638,-79.38163,100.0,13.042,13.0,88,35.61,35.61
3372,10117,UMI,150.0,43.87638,-79.38163,100.0,10.911,10.9,92,39.52,39.52
3372,10118,UMI,270.0,43.87638,-79.38163,100.0,11.441,11.4,103,34.59,34.59
3373,10119,UMI,30.0,43.87638,-79.37492,100.0,13.61,13.6,129,50.05,50.05
3373,10120,UMI,150.0,43.87638,-79.37492,100.0,15.234,15.2,127,51.84,51.84
3373,10121,UMI,270.0,43.87638,-79.37492,100.0,7.99,8.0,83,35.72,35.72
3374,10122,UMI,30.0,43.87638,-79.36821,100.0,27.162,27.2,256,107.85,107.85
3374,10123,UMI,150.0,43.87638,-79.36821,100.0,25.331,25.3,218,93.83,93.83
3374,10124,UMI,270.0,43.87638,-79.36821,100.0,21.515,21.5,196,87.13,87.13
3375,10125,UMI,30.0,43.87638,-79.36151,100.0,30.347,30.3,301,122.52,122.52
3375,10126,UMI,150.0,43.87638,-79.36151,100.0,33.692,33.7,268,109.03,109.03
3375,10127,UMI,270.0,43.87638,-79.36151,100.0,30.863,30.9,256,104.04,104.04
3376,10128,UMI,30.0,43.87638,-79.3548,100.0,31.151,31.2,320,131.22,131.22
3376,10129,UMI,150.0,43.87638,-79.3548,100.0,35.137,35.1,300,115.45,115.45
3376,10130,UMI,270.0,43.87638,-79.3548,100.0,29.374,29.4,308,118.74,118.74
3377,10131,UMI,30.0,43.87638,-79.34809,100.0,33.48,33.5,296,121.75,121.75
3377,10132,UMI,150.0,43.87638,-79.34809,100.0,28.973,29.0,353,123.71,123.71
3377,10133,UMI,270.0,43.87638,-79.34809,100.0,32.4,32.4,320,127.33,127.33
3378,10134,UMI,30.0,43.87638,-79.34138,100.0,22.26,22.3,224,80.11,80.11
3378,10135,UMI,150.0,43.87638,-79.34138,100.0,29.956,30.0,283,118.58,118.58
3378,10136,UMI,270.0,43.87638,-79.34138,100.0,35.005,35.0,269,120.18,120.18
3379,10137,UMI,30.0,43.87638,-79.33467,100.0,18.863,18.9,197,77.82,77.82
3379,10138,UMI,150.0,43.87638,-79.33467,100.0,31.213,31.2,244,110.34,110.34
3379,10139,UMI,270.0,43.87638,-79.33467,100.0,24.565,24.6,249,101.58,101.58
3380,10140,UMI,30.0,43.87638,-79.32797,100.0,12.567,12.6,145,49.36,49.36
3380,10141,UMI,150.0,43.87638,-79.32797,100.0,21.955,22.0,203,77.47,77.47
3380,10142,UMI,270.0,43.87638,-79.32797,100.0,21.701,21.7,197,79.44,79.44
3381,10143,UMI,30.0,43.87638,-79.32126,100.0,15.556,15.6,163,67.53,67.53
3381,10144,UMI,150.0,43.87638,-79.32126,100.0,19.584,19.6,222,84.66,84.66
3381,10145,UMI,270.0,43.87638,-79.32126,100.0,16.697,16.7,199,70.66,70.66
3382,10146,UMI,30.0,43.87638,-79.31455,100.0,24.405,24.4,262,93.67,93.67
3382,10147,UMI,150.0,43.87638,-79.31455,100.0,26.446,26.4,256,104.61,104.61
3382,10148,UMI,270.0,43.87638,-79.31455,100.0,30.955,31.0,243,111.53,111.53
3383,10149,UMI,30.0,43.87638,-79.30784,100.0,36.754,36.8,349,127.51,127.51
3383,10150,UMI,150.0,43.87638,-79.30784,100.0,33.191,33.2,317,125.88,125.88
3383,10151,UMI,270.0,43.87638,-79.30784,100.0,31.241,31.2,327,126.57,126.57
3384,10152,UMI,30.0,43.87638,-79.30113,100.0,32.59,32.6,344,132.68,132.68
3384,10153,UMI,150.0,43.87638,-79.30113,100.0,36.434,36.4,353,148.4,148.4
3384,10154,UMI,270.0,43.87638,-79.30113,100.0,31.449,31.4,322,113.09,113.09
3385,10155,UMI,30.0,43.87638,-79.29442,100.0,38.706,38.7,354,152.39,152.39
3385,10156,UMI,150.0,43.87638,-79.29442,100.0,32.892,32.9,358,130.29,130.29
3385,10157,UMI,270.0,43.87638,-79.29442,100.0,33.658,33.7,355,129.83,129.83
3386,10158,UMI,30.0,43.87638,-79.28772,100.0,32.619,32.6,301,119.87,119.87
3386,10159,UMI,150.0,43.87638,-79.28772,100.0,30.943,30.9,273,110.36,110.36
3386,10160,UMI,270.0,43.87638,-79.28772,100.0,32.161,32.2,310,125.74,125.74
3387,10161,UMI,30.0,43.87638,-79.28101,100.0,38.314,38.3,318,137.16,137.16
3387,10162,UMI,150.0,43.87638,-79.28101,100.0,29.37,29.4,259,106.79,106.79
3387,10163,UMI,270.0,43.87638,-79.28101,100.0,25.922,25.9,273,112.04,112.04
3388,10164,UMI,30.0,43.87638,-79.2743,100.0,27.617,27.6,266,104.29,104.29
3388,10165,UMI,150.0,43.87638,-79.2743,100.0,32.956,33.0,316,122.0,122.0
3388,10166,UMI,270.0,43.87638,-79.2743,100.0,32.876,32.9,279,122.13,122.13
3389,10167,UMI,30.0,43.87638,-79.26759,100.0,33.329,33.3,313,127.89,127.89
3389,10168,UMI,150.0,43.87638,-79.26759,100.0,28.782,28.8,276,111.76,111.76
3389,10169,UMI,270.0,43.87638,-79.26759,100.0,31.088,31.1,303,116.06,116.06
3390,10170,UMI,30.0,43.87638,-79.26088,100.0,31.098,31.1,284,127.98,127.98
3390,10171,UMI,150.0,43.87638,-79.26088,100.0,24.572,24.6,256,96.72,96.72
3390,10172,UMI,270.0,43.87638,-79.26088,100.0,26.178,26.2,294,106.14,106.14
3391,10173,UMI,30.0,43.87638,-79.25418,100.0,28.836,28.8,249,107.24,107.24
3391,10174,UMI,150.0,43.87638,-79.25418,100.0,24.402,24.4,235,98.25,98.25
3391,10175,UMI,270.0,43.87638,-79.25418,100.0,23.703,23.7,245,91.07,91.07
3392,10176,UMI,30.0,43.87638,-79.24747,100.0,37.029,37.0,329,126.54,126.54
3392,10177,UMI,150.0,43.87638,-79.24747,100.0,34.16,34.2,275,117.4,117.4
3392,10178,UMI,270.0,43.87638,-79.24747,100.0,31.798,31.8,286,111.86,111.86
3393,10179,UMI,30.0,43.87638,-79.24076,100.0,32.722,32.7,312,126.44,126.44
3393,10180,UMI,150.0,43.87638,-79.24076,100.0,26.944,26.9,308,112.4,112.4
3393,10181,UMI,270.0,43.87638,-79.24076,100.0,30.47,30.5,292,113.04,113.04
3394,10182,UMI,30.0,43.87638,-79.23405,100.0,21.349,21.3,234,85.47,85.47
3394,10183,UMI,150.0,43.87638,-79.23405,100.0,16.824,16.8,204,63.89,63.89
3394,10184,UMI,270.0,43.87638,-79.23405,100.0,30.114,30.1,292,112.2,112.2
3395,10185,UMI,30.0,43.87638,-79.22734,100.0,15.706,15.7,112,46.7,46.7
3395,10186,UMI,150.0,43.87638,-79.22734,100.0,10.802,10.8,126,50.27,50.27
3395,10187,UMI,270.0,43.87638,-79.22734,100.0,16.783,16.8,175,62.9,62.9
3396,10188,UMI,30.0,43.87638,-79.22063,100.0,4.822,4.8,65,21.65,21.65
3396,10189,UMI,150.0,43.87638,-79.22063,100.0,5.734,5.7,78,24.99,24.99
3396,10190,UMI,270.0,43.87638,-79.22063,100.0,13.097,13.1,96,51.53,51.53
3397,10191,UMI,30.0,43.87638,-79.21393,100.0,3.485,3.5,55,16.53,16.53
3397,10192,UMI,150.0,43.87638,-79.21393,100.0,4.979,5.0,42,15.84,15.84
3397,10193,UMI,270.0,43.87638,-79.21393,100.0,4.738,4.7,50,17.57,17.57
3398,10194,UMI,30.0,43.87638,-79.20722,100.0,4.187,4.2,41,16.84,16.84
3398,10195,UMI,150.0,43.87638,-79.20722,100.0,2.371,2.4,38,10.08,10.08
3398,10196,UMI,270.0,43.87638,-79.20722,100.0,4.817,4.8,34,17.85,17.85
3399,10197,UMI,30.0,43.87638,-79.09989,100.0,5.605,5.6,38,21.23,21.23
3399,10198,UMI,150.0,43.87638,-79.09989,100.0,1.505,1.5,31,7.05,7.05
3399,10199,UMI,270.0,43.87638,-79.09989,100.0,3.601,3.6,27,11.62,11.62
3400,10200,UMI,30.0,43.87638,-79.09318,100.0,3.882,3.9,56,19.27,19.27
3400,10201,UMI,150.0,43.87638,-79.09318,100.0,4.121,4.1,52,18.22,18.22
3400,10202,UMI,270.0,43.87638,-79.09318,100.0,5.676,5.7,66,28.01,28.01
3401,10203,UMI,30.0,43.87638,-79.08647,100.0,5.987,6.0,70,23.81,23.81
3401,10204,UMI,150.0,43.87638,-79.08647,100.0,4.519,4.5,56,19.84,19.84
3401,10205,UMI,270.0,43.87638,-79.08647,100.0,4.474,4.5,53,21.34,21.34
3402,10206,UMI,30.0,43.87638,-79.07976,100.0,5.599,5.6,44,22.08,22.08
3402,10207,UMI,150.0,43.87638,-79.07976,100.0,6.265,6.3,47,22.63,22.63
3402,10208,UMI,270.0,43.87638,-79.07976,100.0,5.654,5.7,66,24.79,24.79
3403,10209,UMI,30.0,43.87638,-79.07306,100.0,3.379,3.4,43,17.33,17.33
3403,10210,UMI,150.0,43.87638,-79.07306,100.0,4.936,4.9,59,19.67,19.67
3403,10211,UMI,270.0,43.87638,-79.07306,100.0,3.385,3.4,47,15.49,15.49
3404,10212,UMI,30.0,43.88058,-79.51244,100.0,2.74,2.7,31,8.71,8.71
3404,10213,UMI,150.0,43.88058,-79.51244,100.0,3.588,3.6,30,13.51,13.51
3404,10214,UMI,270.0,43.88058,-79.51244,100.0,4.2,4.2,29,14.24,14.24
3405,10215,UMI,30.0,43.88058,-79.49902,100.0,4.244,4.2,41,18.45,18.45
3405,10216,UMI,150.0,43.88058,-79.49902,100.0,3.349,3.3,39,13.99,13.99
3405,10217,UMI,270.0,43.88058,-79.49902,100.0,2.801,2.8,36,12.75,12.75
3406,10218,UMI,30.0,43.88058,-79.49231,100.0,4.233,4.2,62,22.7,22.7
3406,10219,UMI,150.0,43.88058,-79.49231,100.0,5.067,5.1,51,17.49,17.49
3406,10220,UMI,270.0,43.88058,-79.49231,100.0,3.981,4.0,47,18.95,18.95
3407,10221,UMI,30.0,43.88058,-79.48561,100.0,9.255,9.3,78,33.15,33.15
3407,10222,UMI,150.0,43.88058,-79.48561,100.0,11.576,11.6,108,44.53,44.53
3407,10223,UMI,270.0,43.88058,-79.48561,100.0,8.554,8.6,78,28.79,28.79
3408,10224,UMI,30.0,43.88058,-79.4789,100.0,14.758,14.8,148,59.38,59.38
3408,10225,UMI,150.0,43.88058,-79.4789,100.0,19.045,19.0,161,61.35,61.35
3408,10226,UMI,270.0,43.88058,-79.4789,100.0,9.626,9.6,121,36.95,36.95
3409,10227,UMI,30.0,43.88058,-79.47219,100.0,19.042,19.0,212,78.06,78.06
3409,10228,UMI,150.0,43.88058,-79.47219,100.0,20.581,20.6,194,87.9,87.9
3409,10229,UMI,270.0,43.88058,-79.47219,100.0,15.452,15.5,162,62.65,62.65
3410,10230,UMI,30.0,43.88058,-79.46548,100.0,29.776,29.8,235,102.1,102.1
3410,10231,UMI,150.0,43.88058,-79.46548,100.0,27.867,27.9,255,100.23,100.23
3410,10232,UMI,270.0,43.88058,-79.46548,100.0,31.439,31.4,249,95.31,95.31
3411,10233,UMI,30.0,43.88058,-79.45877,100.0,31.205,31.2,266,120.08,120.08
3411,10234,UMI,150.0,43.88058,-79.45877,100.0,28.022,28.0,241,104.24,104.24
3411,10235,UMI,270.0,43.88058,-79.45877,100.0,22.82,22.8,228,98.92,98.92
3412,10236,UMI,30.0,43.88058,-79.45207,100.0,34.924,34.9,310,127.97,127.97
3412,10237,UMI,150.0,43.88058,-79.45207,100.0,26.172,26.2,280,108.7,108.7
3412,10238,UMI,270.0,43.88058,-79.45207,100.0,29.167,29.2,260,109.59,109.59
3413,10239,UMI,30.0,43.88058,-79.44536,100.0,30.088,30.1,296,118.33,118.33
3413,10240,UMI,150.0,43.88058,-79.44536,100.0,35.288,35.3,335,138.19,138.19
3413,10241,UMI,270.0,43.88058,-79.44536,100.0,39.448,39.4,332,133.9,133.9
3414,10242,UMI,30.0,43.88058,-79.43865,100.0,31.712,31.7,296,121.06,121.06
3414,10243,UMI,150.0,43.88058,-79.43865,100.0,31.042,31.0,339,132.67,132.67
3414,10244,UMI,270.0,43.88058,-79.43865,100.0,35.35,35.3,313,116.32,116.32
3415,10245,UMI,30.0,43.88058,-79.43194,100.0,32.488,32.5,272,123.28,123.28
3415,10246,UMI,150.0,43.88058,-79.43194,100.0,23.031,23.0,271,93.59,93.59
3415,10247,UMI,270.0,43.88058,-79.43194,100.0,24.72,24.7,297,106.92,106.92
3416,10248,UMI,30.0,43.88058,-79.42523,100.0,31.597,31.6,311,125.55,125.55
3416,10249,UMI,150.0,43.88058,-79.42523,100.0,27.051,27.1,293,106.28,106.28
3416,10250,UMI,270.0,43.88058,-79.42523,100.0,23.66,23.7,251,91.76,91.76
3417,10251,UMI,30.0,43.88058,-79.41853,100.0,33.01,33.0,323,115.37,115.37
3417,10252,UMI,150.0,43.88058,-79.41853,100.0,37.485,37.5,340,138.15,138.15
3417,10253,UMI,270.0,43.88058,-79.41853,100.0,41.501,41.5,373,152.31,152.31
3418,10254,UMI,30.0,43.88058,-79.41182,100.0,41.519,41.5,329,147.68,147.68
3418,10255,UMI,150.0,43.88058,-79.41182,100.0,43.745,43.7,328,139.55,139.55
3418,10256,UMI,270.0,43.88058,-79.41182,100.0,36.495,36.5,324,130.27,130.27
3419,10257,UMI,30.0,43.88058,-79.40511,100.0,32.141,32.1,343,132.88,132.88
3419,10258,UMI,150.0,43.88058,-79.40511,100.0,33.999,34.0,305,131.61,131.61
3419,10259,UMI,270.0,43.88058,-79.40511,100.0,31.797,31.8,301,117.61,117.61
3420,10260,UMI,30.0,43.88058,-79.3984,100.0,23.016,23.0,259,101.98,101.98
3420,10261,UMI,150.0,43.88058,-79.3984,100.0,31.116,31.1,291,113.98,113.98
3420,10262,UMI,270.0,43.88058,-79.3984,100.0,35.176,35.2,323,125.36,125.36
3421,10263,UMI,30.0,43.88058,-79.39169,100.0,14.355,14.4,153,60.31,60.31
3421,10264,UMI,150.0,43.88058,-79.39169,100.0,21.321,21.3,171,74.71,74.71
3421,10265,UMI,270.0,43.88058,-79.39169,100.0,22.578,22.6,208,86.34,86.34
3422,10266,UMI,30.0,43.88058,-79.38498,100.0,5.369,5.4,65,25.49,25.49
3422,10267,UMI,150.0,43.88058,-79.38498,100.0,6.211,6.2,85,28.12,28.12
3422,10268,UMI,270.0,43.88058,-79.38498,100.0,9.632,9.6,110,46.11,46.11
3423,10269,UMI,30.0,43.88058,-79.37828,100.0,13.267,13.3,115,45.91,45.91
3423,10270,UMI,150.0,43.88058,-79.37828,100.0,9.279,9.3,96,42.34,42.34
3423,10271,UMI,270.0,43.88058,-79.37828,100.0,6.021,6.0,81,27.96,27.96
3424,10272,UMI,30.0,43.88058,-79.37157,100.0,24.697,24.7,222,88.55,88.55
3424,10273,UMI,150.0,43.88058,-79.37157,100.0,25.48,25.5,221,93.64,93.64
3424,10274,UMI,270.0,43.88058,-79.37157,100.0,17.95,18.0,172,71.23,71.23
3425,10275,UMI,30.0,43.88058,-79.36486,100.0,25.064,25.1,222,91.04,91.04
3425,10276,UMI,150.0,43.88058,-79.36486,100.0,25.355,25.4,253,99.57,99.57
3425,10277,UMI,270.0,43.88058,-79.36486,100.0,21.751,21.8,245,88.13,88.13
3426,10278,UMI,30.0,43.88058,-79.35815,100.0,19.82,19.8,207,79.57,79.57
3426,10279,UMI,150.0,43.88058,-79.35815,100.0,27.543,27.5,292,120.05,120.05
3426,10280,UMI,270.0,43.88058,-79.35815,100.0,26.639,26.6,220,98.35,98.35
3427,10281,UMI,30.0,43.88058,-79.35144,100.0,25.001,25.0,239,100.28,100.28
3427,10282,UMI,150.0,43.88058,-79.35144,100.0,28.112,28.1,314,116.0,116.0
3427,10283,UMI,270.0,43.88058,-79.35144,100.0,24.97,25.0,273,98.08,98.08
3428,10284,UMI,30.0,43.88058,-79.34474,100.0,24.385,24.4,200,78.11,78.11
3428,10285,UMI,150.0,43.88058,-79.34474,100.0,19.46,19.5,231,85.31,85.31
3428,10286,UMI,270.0,43.88058,-79.34474,100.0,25.066,25.1,252,96.0,96.0
3429,10287,UMI,30.0,43.88058,-79.33803,100.0,15.167,15.2,133,59.92,59.92
3429,10288,UMI,150.0,43.88058,-79.33803,100.0,17.218,17.2,169,62.35,62.35
3429,10289,UMI,270.0,43.88058,-79.33803,100.0,15.567,15.6,130,56.54,56.54
3430,10290,UMI,30.0,43.88058,-79.33132,100.0,10.562,10.6,104,42.43,42.43
3430,10291,UMI,150.0,43.88058,-79.33132,100.0,13.532,13.5,111,46.31,46.31
3430,10292,UMI,270.0,43.88058,-79.33132,100.0,14.126,14.1,139,57.34,57.34
3431,10293,UMI,30.0,43.88058,-79.32461,100.0,11.009,11.0,109,42.92,42.92
3431,10294,UMI,150.0,43.88058,-79.32461,100.0,11.615,11.6,136,46.2,46.2
3431,10295,UMI,270.0,43.88058,-79.32461,100.0,10.565,10.6,112,41.24,41.24
3432,10296,UMI,30.0,43.88058,-79.3179,100.0,18.477,18.5,194,73.46,73.46
3432,10297,UMI,150.0,43.88058,-79.3179,100.0,17.356,17.4,190,75.87,75.87
3432,10298,UMI,270.0,43.88058,-79.3179,100.0,13.396,13.4,120,41.85,41.85
3433,10299,UMI,30.0,43.88058,-79.31119,100.0,30.632,30.6,313,115.35,115.35
3433,10300,UMI,150.0,43.88058,-79.31119,100.0,31.856,31.9,319,124.76,124.76
3433,10301,UMI,270.0,43.88058,-79.31119,100.0,25.603,25.6,246,97.69,97.69
3434,10302,UMI,30.0,43.88058,-79.30449,100.0,32.37,32.4,340,137.51,137.51
3434,10303,UMI,150.0,43.88058,-79.30449,100.0,32.544,32.5,305,122.97,122.97
3434,10304,UMI,270.0,43.88058,-79.30449,100.0,33.018,33.0,341,131.06,131.06
3435,10305,UMI,30.0,43.88058,-79.29778,100.0,43.635,43.6,390,164.7,164.7
3435,10306,UMI,150.0,43.88058,-79.29778,100.0,38.044,38.0,374,160.19,160.19
3435,10307,UMI,270.0,43.88058,-79.29778,100.0,34.91,34.9,371,138.28,138.28
3436,10308,UMI,30.0,43.88058,-79.29107,100.0,32.648,32.6,345,136.95,136.95
3436,10309,UMI,150.0,43.88058,-79.29107,100.0,48.019,48.0,397,166.63,166.63
3436,10310,UMI,270.0,43.88058,-79.29107,100.0,30.039,30.0,333,119.72,119.72
3437,10311,UMI,30.0,43.88058,-79.28436,100.0,32.399,32.4,311,115.23,115.23
3437,10312,UMI,150.0,43.88058,-79.28436,100.0,27.805,27.8,312,129.96,129.96
3437,10313,UMI,270.0,43.88058,-79.28436,100.0,33.747,33.7,371,136.37,136.37
3438,10314,UMI,30.0,43.88058,-79.27765,100.0,31.767,31.8,325,126.4,126.4
3438,10315,UMI,150.0,43.88058,-79.27765,100.0,28.912,28.9,267,111.04,111.04
3438,10316,UMI,270.0,43.88058,-79.27765,100.0,38.185,38.2,298,135.94,135.94
3439,10317,UMI,30.0,43.88058,-79.27095,100.0,32.263,32.3,330,126.82,126.82
3439,10318,UMI,150.0,43.88058,-79.27095,100.0,27.358,27.4,316,129.15,129.15
3439,10319,UMI,270.0,43.88058,-79.27095,100.0,36.806,36.8,340,135.84,135.84
3440,10320,UMI,30.0,43.88058,-79.26424,100.0,43.794,43.8,314,134.96,134.96
3440,10321,UMI,150.0,43.88058,-79.26424,100.0,32.75,32.8,286,121.51,121.51
3440,10322,UMI,270.0,43.88058,-79.26424,100.0,31.447,31.4,330,114.03,114.03
3441,10323,UMI,30.0,43.88058,-79.25753,100.0,26.628,26.6,292,113.92,113.92
3441,10324,UMI,150.0,43.88058,-79.25753,100.0,35.377,35.4,290,131.42,131.42
3441,10325,UMI,270.0,43.88058,-79.25753,100.0,32.384,32.4,297,127.63,127.63
3442,10326,UMI,30.0,43.88058,-79.25082,100.0,33.422,33.4,318,125.17,125.17
3442,10327,UMI,150.0,43.88058,-79.25082,100.0,32.981,33.0,326,132.89,132.89
3442,10328,UMI,270.0,43.88058,-79.25082,100.0,32.634,32.6,302,120.75,120.75
3443,10329,UMI,30.0,43.88058,-79.24411,100.0,40.231,40.2,355,142.94,142.94
3443,10330,UMI,150.0,43.88058,-79.24411,100.0,38.335,38.3,342,136.57,136.57
3443,10331,UMI,270.0,43.88058,-79.24411,100.0,36.947,36.9,347,141.75,141.75
3444,10332,UMI,30.0,43.88058,-79.23741,100.0,35.496,35.5,331,145.2,145.2
3444,10333,UMI,150.0,43.88058,-79.23741,100.0,24.831,24.8,275,103.5,103.5
3444,10334,UMI,270.0,43.88058,-79.23741,100.0,33.049,33.0,369,132.39,132.39
3445,10335,UMI,30.0,43.88058,-79.2307,100.0,18.632,18.6,180,59.31,59.31
3445,10336,UMI,150.0,43.88058,-79.2307,100.0,19.213,19.2,187,80.75,80.75
3445,10337,UMI,270.0,43.88058,-79.2307,100.0,21.724,21.7,185,72.24,72.24
3446,10338,UMI,30.0,43.88058,-79.22399,100.0,10.169,10.2,92,36.54,36.54
3446,10339,UMI,150.0,43.88058,-79.22399,100.0,9.437,9.4,86,33.56,33.56
3446,10340,UMI,270.0,43.88058,-79.22399,100.0,13.981,14.0,132,52.15,52.15
3447,10341,UMI,30.0,43.88058,-79.21728,100.0,9.515,9.5,65,38.17,38.17
3447,10342,UMI,150.0,43.88058,-79.21728,100.0,4.565,4.6,48,20.38,20.38
3447,10343,UMI,270.0,43.88058,-79.21728,100.0,7.81,7.8,80,32.17,32.17
3448,10344,UMI,30.0,43.88058,-79.21057,100.0,3.81,3.8,34,17.99,17.99
3448,10345,UMI,150.0,43.88058,-79.21057,100.0,1.389,1.4,31,6.35,6.35
3448,10346,UMI,270.0,43.88058,-79.21057,100.0,4.707,4.7,43,21.76,21.76
3449,10347,UMI,30.0,43.88058,-79.09653,100.0,3.873,3.9,38,17.64,17.64
3449,10348,UMI,150.0,43.88058,-79.09653,100.0,3.07,3.1,40,15.66,15.66
3449,10349,UMI,270.0,43.88058,-79.09653,100.0,1.891,1.9,24,9.63,9.63
3450,10350,UMI,30.0,43.88058,-79.08983,100.0,5.455,5.5,49,23.88,23.88
3450,10351,UMI,150.0,43.88058,-79.08983,100.0,4.104,4.1,55,16.05,16.05
3450,10352,UMI,270.0,43.88058,-79.08983,100.0,3.85,3.9,47,17.18,17.18
3451,10353,UMI,30.0,43.88058,-79.08312,100.0,2.738,2.7,31,13.22,13.22
3451,10354,UMI,150.0,43.88058,-79.08312,100.0,6.654,6.7,66,26.57,26.57
3451,10355,UMI,270.0,43.88058,-79.08312,100.0,3.288,3.3,54,16.22,16.22
3452,10356,UMI,30.0,43.88058,-79.07641,100.0,2.557,2.6,29,11.88,11.88
3452,10357,UMI,150.0,43.88058,-79.07641,100.0,3.418,3.4,29,12.16,12.16
3452,10358,UMI,270.0,43.88058,-79.07641,100.0,5.59,5.6,27,15.68,15.68
3453,10359,UMI,30.0,43.88477,-79.51579,100.0,9.826,9.8,81,33.6,33.6
3453,10360,UMI,150.0,43.88477,-79.51579,100.0,3.654,3.7,54,19.09,19.09
3453,10361,UMI,270.0,43.88477,-79.51579,100.0,7.953,8.0,54,29.88,29.88
3454,10362,UMI,30.0,43.88477,-79.50909,100.0,3.716,3.7,51,15.86,15.86
3454,10363,UMI,150.0,43.88477,-79.50909,100.0,2.236,2.2,33,9.45,9.45
3454,10364,UMI,270.0,43.88477,-79.50909,100.0,5.065,5.1,54,23.08,23.08
3455,10365,UMI,30.0,43.88477,-79.50238,100.0,4.338,4.3,56,17.32,17.32
3455,10366,UMI,150.0,43.88477,-79.50238,100.0,6.018,6.0,48,27.5,27.5
3455,10367,UMI,270.0,43.88477,-79.50238,100.0,3.355,3.4,42,14.09,14.09
3456,10368,UMI,30.0,43.88477,-79.49567,100.0,8.308,8.3,99,33.93,33.93
3456,10369,UMI,150.0,43.88477,-79.49567,100.0,8.578,8.6,82,30.66,30.66
3456,10370,UMI,270.0,43.88477,-79.49567,100.0,7.043,7.0,72,21.43,21.43
3457,10371,UMI,30.0,43.88477,-79.48896,100.0,2.999,3.0,40,12.98,12.98
3457,10372,UMI,150.0,43.88477,-79.48896,100.0,5.941,5.9,52,22.76,22.76
3457,10373,UMI,270.0,43.88477,-79.48896,100.0,11.123,11.1,72,34.77,34.77
3458,10374,UMI,30.0,43.88477,-79.48225,100.0,12.54,12.5,94,40.41,40.41
3458,10375,UMI,150.0,43.88477,-79.48225,100.0,7.378,7.4,86,34.24,34.24
3458,10376,UMI,270.0,43.88477,-79.48225,100.0,6.369,6.4,59,22.62,22.62
3459,10377,UMI,30.0,43.88477,-79.47554,100.0,11.01,11.0,126,44.81,44.81
3459,10378,UMI,150.0,43.88477,-79.47554,100.0,11.974,12.0,130,53.16,53.16
3459,10379,UMI,270.0,43.88477,-79.47554,100.0,9.378,9.4,122,42.29,42.29
3460,10380,UMI,30.0,43.88477,-79.46884,100.0,19.11,19.1,181,65.03,65.03
3460,10381,UMI,150.0,43.88477,-79.46884,100.0,22.499,22.5,200,78.3,78.3
3460,10382,UMI,270.0,43.88477,-79.46884,100.0,13.916,13.9,149,54.66,54.66
3461,10383,UMI,30.0,43.88477,-79.46213,100.0,21.958,22.0,247,95.91,95.91
3461,10384,UMI,150.0,43.88477,-79.46213,100.0,24.856,24.9,242,89.77,89.77
3461,10385,UMI,270.0,43.88477,-79.46213,100.0,18.01,18.0,224,75.0,75.0
3462,10386,UMI,30.0,43.88477,-79.45542,100.0,31.854,31.9,307,116.72,116.72
3462,10387,UMI,150.0,43.88477,-79.45542,100.0,36.099,36.1,306,132.85,132.85
3462,10388,UMI,270.0,43.88477,-79.45542,100.0,32.046,32.0,296,123.3,123.3
3463,10389,UMI,30.0,43.88477,-79.44871,100.0,39.479,39.5,339,133.27,133.27
3463,10390,UMI,150.0,43.88477,-79.44871,100.0,29.196,29.2,284,118.0,118.0
3463,10391,UMI,270.0,43.88477,-79.44871,100.0,30.176,30.2,315,126.7,126.7
3464,10392,UMI,30.0,43.88477,-79.442,100.0,23.457,23.5,252,101.15,101.15
3464,10393,UMI,150.0,43.88477,-79.442,100.0,28.172,28.2,295,117.84,117.84
3464,10394,UMI,270.0,43.88477,-79.442,100.0,38.028,38.0,312,138.86,138.86
3465,10395,UMI,30.0,43.88477,-79.4353,100.0,21.141,21.1,205,89.84,89.84
3465,10396,UMI,150.0,43.88477,-79.4353,100.0,22.736,22.7,235,90.61,90.61
3465,10397,UMI,270.0,43.88477,-79.4353,100.0,21.086,21.1,245,85.32,85.32
3466,10398,UMI,30.0,43.88477,-79.42859,100.0,27.923,27.9,272,117.38,117.38
3466,10399,UMI,150.0,43.88477,-79.42859,100.0,25.463,25.5,294,100.59,100.59
3466,10400,UMI,270.0,43.88477,-79.42859,100.0,25.182,25.2,250,101.81,101.81
3467,10401,UMI,30.0,43.88477,-79.42188,100.0,34.51,34.5,336,130.92,130.92
3467,10402,UMI,150.0,43.88477,-79.42188,100.0,34.285,34.3,300,114.97,114.97
3467,10403,UMI,270.0,43.88477,-79.42188,100.0,31.811,31.8,306,122.01,122.01
3468,10404,UMI,30.0,43.88477,-79.41517,100.0,33.849,33.8,303,130.75,130.75
3468,10405,UMI,150.0,43.88477,-79.41517,100.0,39.274,39.3,344,137.44,137.44
3468,10406,UMI,270.0,43.88477,-79.41517,100.0,29.321,29.3,335,121.34,121.34
3469,10407,UMI,30.0,43.88477,-79.40846,100.0,29.755,29.8,323,120.19,120.19
3469,10408,UMI,150.0,43.88477,-79.40846,100.0,31.941,31.9,352,135.88,135.88
3469,10409,UMI,270.0,43.88477,-79.40846,100.0,31.116,31.1,318,126.68,126.68
3470,10410,UMI,30.0,43.88477,-79.40175,100.0,24.564,24.6,281,109.28,109.28
3470,10411,UMI,150.0,43.88477,-79.40175,100.0,31.463,31.5,318,133.04,133.04
3470,10412,UMI,270.0,43.88477,-79.40175,100.0,27.927,27.9,282,108.0,108.0
3471,10413,UMI,30.0,43.88477,-79.39505,100.0,14.573,14.6,193,66.08,66.08
3471,10414,UMI,150.0,43.88477,-79.39505,100.0,22.509,22.5,222,81.59,81.59
3471,10415,UMI,270.0,43.88477,-79.39505,100.0,23.72,23.7,231,93.87,93.87
3472,10416,UMI,30.0,43.88477,-79.38834,100.0,11.75,11.7,89,43.1,43.1
3472,10417,UMI,150.0,43.88477,-79.38834,100.0,15.651,15.7,107,44.65,44.65
3472,10418,UMI,270.0,43.88477,-79.38834,100.0,12.054,12.1,128,51.18,51.18
3473,10419,UMI,30.0,43.88477,-79.38163,100.0,11.038,11.0,102,37.05,37.05
3473,10420,UMI,150.0,43.88477,-79.38163,100.0,10.999,11.0,91,34.87,34.87
3473,10421,UMI,270.0,43.88477,-79.38163,100.0,9.587,9.6,92,35.25,35.25
3474,10422,UMI,30.0,43.88477,-79.37492,100.0,15.161,15.2,143,56.86,56.86
3474,10423,UMI,150.0,43.88477,-79.37492,100.0,11.851,11.9,137,47.52,47.52
3474,10424,UMI,270.0,43.88477,-79.37492,100.0,12.362,12.4,117,48.2,48.2
3475,10425,UMI,30.0,43.88477,-79.36821,100.0,20.636,20.6,175,70.27,70.27
3475,10426,UMI,150.0,43.88477,-79.36821,100.0,18.257,18.3,218,72.08,72.08
3475,10427,UMI,270.0,43.88477,-79.36821,100.0,17.875,17.9,196,78.5,78.5
3476,10428,UMI,30.0,43.88477,-79.36151,100.0,17.375,17.4,159,71.74,71.74
3476,10429,UMI,150.0,43.88477,-79.36151,100.0,16.468,16.5,175,73.67,73.67
3476,10430,UMI,270.0,43.88477,-79.36151,100.0,16.27,16.3,179,68.21,68.21
3477,10431,UMI,30.0,43.88477,-79.3548,100.0,15.225,15.2,146,51.91,51.91
3477,10432,UMI,150.0,43.88477,-79.3548,100.0,18.826,18.8,181,66.04,66.04
3477,10433,UMI,270.0,43.88477,-79.3548,100.0,17.836,17.8,157,69.97,69.97
3478,10434,UMI,30.0,43.88477,-79.34809,100.0,12.971,13.0,142,51.0,51.0
3478,10435,UMI,150.0,43.88477,-79.34809,100.0,19.676,19.7,190,62.1,62.1
3478,10436,UMI,270.0,43.88477,-79.34809,100.0,18.703,18.7,166,70.13,70.13
3479,10437,UMI,30.0,43.88477,-79.34138,100.0,15.336,15.3,126,50.97,50.97
3479,10438,UMI,150.0,43.88477,-79.34138,100.0,19.529,19.5,145,62.26,62.26
3479,10439,UMI,270.0,43.88477,-79.34138,100.0,11.917,11.9,128,50.75,50.75
3480,10440,UMI,30.0,43.88477,-79.33467,100.0,9.435,9.4,111,39.23,39.23
3480,10441,UMI,150.0,43.88477,-79.33467,100.0,12.603,12.6,117,51.03,51.03
3480,10442,UMI,270.0,43.88477,-79.33467,100.0,16.554,16.6,148,61.9,61.9
3481,10443,UMI,30.0,43.88477,-79.32797,100.0,10.559,10.6,107,49.59,49.59
3481,10444,UMI,150.0,43.88477,-79.32797,100.0,10.604,10.6,102,39.38,39.38
3481,10445,UMI,270.0,43.88477,-79.32797,100.0,9.674,9.7,107,41.0,41.0
3482,10446,UMI,30.0,43.88477,-79.32126,100.0,13.75,13.8,136,56.38,56.38
3482,10447,UMI,150.0,43.88477,-79.32126,100.0,11.133,11.1,133,48.49,48.49
3482,10448,UMI,270.0,43.88477,-79.32126,100.0,9.726,9.7,89,32.02,32.02
3483,10449,UMI,30.0,43.88477,-79.31455,100.0,31.026,31.0,285,117.52,117.52
3483,10450,UMI,150.0,43.88477,-79.31455,100.0,27.253,27.3,269,108.84,108.84
3483,10451,UMI,270.0,43.88477,-79.31455,100.0,16.144,16.1,217,73.08,73.08
3484,10452,UMI,30.0,43.88477,-79.30784,100.0,35.514,35.5,351,136.35,136.35
3484,10453,UMI,150.0,43.88477,-79.30784,100.0,39.338,39.3,345,147.89,147.89
3484,10454,UMI,270.0,43.88477,-79.30784,100.0,37.002,37.0,321,134.49,134.49
3485,10455,UMI,30.0,43.88477,-79.30113,100.0,42.711,42.7,343,135.39,135.39
3485,10456,UMI,150.0,43.88477,-79.30113,100.0,29.988,30.0,327,122.71,122.71
3485,10457,UMI,270.0,43.88477,-79.30113,100.0,36.484,36.5,331,138.08,138.08
3486,10458,UMI,30.0,43.88477,-79.29442,100.0,42.49,42.5,365,157.58,157.58
3486,10459,UMI,150.0,43.88477,-79.29442,100.0,39.746,39.7,380,141.89,141.89
3486,10460,UMI,270.0,43.88477,-79.29442,100.0,35.81,35.8,346,137.61,137.61
3487,10461,UMI,30.0,43.88477,-79.28772,100.0,32.006,32.0,340,128.21,128.21
3487,10462,UMI,150.0,43.88477,-79.28772,100.0,35.965,36.0,344,131.73,131.73
3487,10463,UMI,270.0,43.88477,-79.28772,100.0,36.002,36.0,340,127.5,127.5
3488,10464,UMI,30.0,43.88477,-79.28101,100.0,30.363,30.4,325,118.63,118.63
3488,10465,UMI,150.0,43.88477,-79.28101,100.0,31.254,31.3,329,120.8,120.8
3488,10466,UMI,270.0,43.88477,-79.28101,100.0,31.587,31.6,352,125.92,125.92
3489,10467,UMI,30.0,43.88477,-79.2743,100.0,35.424,35.4,332,130.48,130.48
3489,10468,UMI,150.0,43.88477,-79.2743,100.0,29.148,29.1,314,113.48,113.48
3489,10469,UMI,270.0,43.88477,-79.2743,100.0,28.893,28.9,287,120.05,120.05
3490,10470,UMI,30.0,43.88477,-79.26759,100.0,36.335,36.3,369,147.75,147.75
3490,10471,UMI,150.0,43.88477,-79.26759,100.0,28.782,28.8,321,127.15,127.15
3490,10472,UMI,270.0,43.88477,-79.26759,100.0,30.756,30.8,314,123.79,123.79
3491,10473,UMI,30.0,43.88477,-79.26088,100.0,29.821,29.8,313,118.51,118.51
3491,10474,UMI,150.0,43.88477,-79.26088,100.0,37.379,37.4,312,137.29,137.29
3491,10475,UMI,270.0,43.88477,-79.26088,100.0,32.131,32.1,335,125.51,125.51
3492,10476,UMI,30.0,43.88477,-79.25418,100.0,44.524,44.5,361,159.61,159.61
3492,10477,UMI,150.0,43.88477,-79.25418,100.0,27.085,27.1,309,106.79,106.79
3492,10478,UMI,270.0,43.88477,-79.25418,100.0,30.894,30.9,318,116.78,116.78
3493,10479,UMI,30.0,43.88477,-79.24747,100.0,31.725,31.7,356,133.23,133.23
3493,10480,UMI,150.0,43.88477,-79.24747,100.0,33.226,33.2,370,138.41,138.41
3493,10481,UMI,270.0,43.88477,-79.24747,100.0,36.938,36.9,348,139.16,139.16
3494,10482,UMI,30.0,43.88477,-79.24076,100.0,37.85,37.9,384,142.71,142.71
3494,10483,UMI,150.0,43.88477,-79.24076,100.0,37.273,37.3,354,133.48,133.48
3494,10484,UMI,270.0,43.88477,-79.24076,100.0,40.212,40.2,383,155.64,155.64
3495,10485,UMI,30.0,43.88477,-79.23405,100.0,30.325,30.3,311,110.2,110.2
3495,10486,UMI,150.0,43.88477,-79.23405,100.0,27.597,27.6,263,103.68,103.68
3495,10487,UMI,270.0,43.88477,-79.23405,100.0,38.959,39.0,328,129.07,129.07
3496,10488,UMI,30.0,43.88477,-79.22734,100.0,25.578,25.6,220,94.47,94.47
3496,10489,UMI,150.0,43.88477,-79.22734,100.0,14.098,14.1,143,57.57,57.57
3496,10490,UMI,270.0,43.88477,-79.22734,100.0,32.577,32.6,253,117.22,117.22
3497,10491,UMI,30.0,43.88477,-79.22063,100.0,18.12,18.1,149,73.56,73.56
3497,10492,UMI,150.0,43.88477,-79.22063,100.0,12.841,12.8,106,44.87,44.87
3497,10493,UMI,270.0,43.88477,-79.22063,100.0,14.267,14.3,147,52.26,52.26
3498,10494,UMI,30.0,43.88477,-79.21393,100.0,8.6,8.6,82,32.66,32.66
3498,10495,UMI,150.0,43.88477,-79.21393,100.0,5.618,5.6,45,20.1,20.1
3498,10496,UMI,270.0,43.88477,-79.21393,100.0,9.579,9.6,91,42.25,42.25
3499,10497,UMI,30.0,43.88477,-79.20722,100.0,3.546,3.5,42,13.35,13.35
3499,10498,UMI,150.0,43.88477,-79.20722,100.0,2.017,2.0,26,8.77,8.77
3499,10499,UMI,270.0,43.88477,-79.20722,100.0,5.484,5.5,51,24.57,24.57
3500,10500,UMI,30.0,43.88477,-79.16697,100.0,2.399,2.4,23,10.56,10.56
3500,10501,UMI,150.0,43.88477,-79.16697,100.0,1.04,1.0,9,5.94,5.94
3500,10502,UMI,270.0,43.88477,-79.16697,100.0,1.46,1.5,14,4.87,4.87
3501,10503,UMI,30.0,43.88477,-79.16026,100.0,1.627,1.6,20,7.86,7.86
3501,10504,UMI,150.0,43.88477,-79.16026,100.0,1.778,1.8,14,7.19,7.19
3501,10505,UMI,270.0,43.88477,-79.16026,100.0,1.182,1.2,16,4.68,4.68
3502,10506,UMI,30.0,43.88477,-79.08647,100.0,2.441,2.4,20,8.48,8.48
3502,10507,UMI,150.0,43.88477,-79.08647,100.0,6.419,6.4,46,20.97,20.97
3502,10508,UMI,270.0,43.88477,-79.08647,100.0,2.232,2.2,29,11.53,11.53
3503,10509,UMI,30.0,43.88897,-79.51915,100.0,8.71,8.7,76,38.44,38.44
3503,10510,UMI,150.0,43.88897,-79.51915,100.0,7.11,7.1,73,32.98,32.98
3503,10511,UMI,270.0,43.88897,-79.51915,100.0,5.189,5.2,56,25.54,25.54
3504,10512,UMI,30.0,43.88897,-79.51244,100.0,11.19,11.2,74,35.78,35.78
3504,10513,UMI,150.0,43.88897,-79.51244,100.0,8.304,8.3,64,22.83,22.83
3504,10514,UMI,270.0,43.88897,-79.51244,100.0,8.546,8.5,78,32.24,32.24
3505,10515,UMI,30.0,43.88897,-79.50573,100.0,6.281,6.3,61,24.08,24.08
3505,10516,UMI,150.0,43.88897,-79.50573,100.0,5.162,5.2,68,21.52,21.52
3505,10517,UMI,270.0,43.88897,-79.50573,100.0,7.356,7.4,67,29.04,29.04
3506,10518,UMI,30.0,43.88897,-79.49902,100.0,8.128,8.1,89,27.13,27.13
3506,10519,UMI,150.0,43.88897,-79.49902,100.0,8.481,8.5,98,36.38,36.38
3506,10520,UMI,270.0,43.88897,-79.49902,100.0,8.373,8.4,85,35.59,35.59
3507,10521,UMI,30.0,43.88897,-79.49231,100.0,7.066,7.1,55,25.53,25.53
3507,10522,UMI,150.0,43.88897,-79.49231,100.0,4.832,4.8,67,20.27,20.27
3507,10523,UMI,270.0,43.88897,-79.49231,100.0,6.366,6.4,74,28.19,28.19
3508,10524,UMI,30.0,43.88897,-79.4789,100.0,12.055,12.1,102,38.43,38.43
3508,10525,UMI,150.0,43.88897,-79.4789,100.0,9.915,9.9,93,42.57,42.57
3508,10526,UMI,270.0,43.88897,-79.4789,100.0,5.878,5.9,62,26.09,26.09
3509,10527,UMI,30.0,43.88897,-79.47219,100.0,18.947,18.9,129,49.68,49.68
3509,10528,UMI,150.0,43.88897,-79.47219,100.0,15.556,15.6,140,57.16,57.16
3509,10529,UMI,270.0,43.88897,-79.47219,100.0,12.062,12.1,111,50.19,50.19
3510,10530,UMI,30.0,43.88897,-79.46548,100.0,21.38,21.4,231,88.48,88.48
3510,10531,UMI,150.0,43.88897,-79.46548,100.0,28.412,28.4,253,99.93,99.93
3510,10532,UMI,270.0,43.88897,-79.46548,100.0,16.753,16.8,190,69.68,69.68
3511,10533,UMI,30.0,43.88897,-79.45877,100.0,33.231,33.2,302,122.33,122.33
3511,10534,UMI,150.0,43.88897,-79.45877,100.0,30.973,31.0,295,119.93,119.93
3511,10535,UMI,270.0,43.88897,-79.45877,100.0,31.074,31.1,263,100.65,100.65
3512,10536,UMI,30.0,43.88897,-79.45207,100.0,35.852,35.9,339,133.59,133.59
3512,10537,UMI,150.0,43.88897,-79.45207,100.0,36.464,36.5,319,129.54,129.54
3512,10538,UMI,270.0,43.88897,-79.45207,100.0,30.693,30.7,332,124.18,124.18
3513,10539,UMI,30.0,43.88897,-79.44536,100.0,28.931,28.9,292,112.76,112.76
3513,10540,UMI,150.0,43.88897,-79.44536,100.0,29.12,29.1,265,99.77,99.77
3513,10541,UMI,270.0,43.88897,-79.44536,100.0,32.596,32.6,340,131.5,131.5
3514,10542,UMI,30.0,43.88897,-79.43865,100.0,28.581,28.6,253,111.28,111.28
3514,10543,UMI,150.0,43.88897,-79.43865,100.0,24.455,24.5,227,89.05,89.05
3514,10544,UMI,270.0,43.88897,-79.43865,100.0,21.281,21.3,222,90.6,90.6
3515,10545,UMI,30.0,43.88897,-79.43194,100.0,25.111,25.1,255,111.65,111.65
3515,10546,UMI,150.0,43.88897,-79.43194,100.0,32.507,32.5,282,117.46,117.46
3515,10547,UMI,270.0,43.88897,-79.43194,100.0,26.242,26.2,251,109.39,109.39
3516,10548,UMI,30.0,43.88897,-79.42523,100.0,32.356,32.4,271,116.3,116.3
3516,10549,UMI,150.0,43.88897,-79.42523,100.0,31.334,31.3,305,100.93,100.93
3516,10550,UMI,270.0,43.88897,-79.42523,100.0,26.756,26.8,282,108.17,108.17
3517,10551,UMI,30.0,43.88897,-79.41853,100.0,27.689,27.7,239,104.45,104.45
3517,10552,UMI,150.0,43.88897,-79.41853,100.0,31.226,31.2,286,120.74,120.74
3517,10553,UMI,270.0,43.88897,-79.41853,100.0,28.3,28.3,274,105.48,105.48
3518,10554,UMI,30.0,43.88897,-79.41182,100.0,29.41,29.4,231,100.06,100.06
3518,10555,UMI,150.0,43.88897,-79.41182,100.0,31.917,31.9,279,119.04,119.04
3518,10556,UMI,270.0,43.88897,-79.41182,100.0,34.404,34.4,252,106.46,106.46
3519,10557,UMI,30.0,43.88897,-79.40511,100.0,21.258,21.3,221,82.07,82.07
3519,10558,UMI,150.0,43.88897,-79.40511,100.0,27.546,27.5,224,97.66,97.66
3519,10559,UMI,270.0,43.88897,-79.40511,100.0,28.769,28.8,240,99.35,99.35
3520,10560,UMI,30.0,43.88897,-79.3984,100.0,14.146,14.1,175,61.71,61.71
3520,10561,UMI,150.0,43.88897,-79.3984,100.0,24.141,24.1,221,87.45,87.45
3520,10562,UMI,270.0,43.88897,-79.3984,100.0,22.624,22.6,222,86.21,86.21
3521,10563,UMI,30.0,43.88897,-79.39169,100.0,11.237,11.2,119,43.68,43.68
3521,10564,UMI,150.0,43.88897,-79.39169,100.0,12.514,12.5,126,51.52,51.52
3521,10565,UMI,270.0,43.88897,-79.39169,100.0,14.354,14.4,166,58.56,58.56
3522,10566,UMI,30.0,43.88897,-79.38498,100.0,5.713,5.7,88,26.83,26.83
3522,10567,UMI,150.0,43.88897,-79.38498,100.0,9.33,9.3,89,35.24,35.24
3522,10568,UMI,270.0,43.88897,-79.38498,100.0,7.978,8.0,78,29.82,29.82
3523,10569,UMI,30.0,43.88897,-79.37828,100.0,16.32,16.3,150,61.11,61.11
3523,10570,UMI,150.0,43.88897,-79.37828,100.0,12.391,12.4,126,45.12,45.12
3523,10571,UMI,270.0,43.88897,-79.37828,100.0,9.14,9.1,94,34.83,34.83
3524,10572,UMI,30.0,43.88897,-79.37157,100.0,17.109,17.1,130,55.51,55.51
3524,10573,UMI,150.0,43.88897,-79.37157,100.0,15.314,15.3,173,67.08,67.08
3524,10574,UMI,270.0,43.88897,-79.37157,100.0,19.151,19.2,172,67.19,67.19
3525,10575,UMI,30.0,43.88897,-79.36486,100.0,20.438,20.4,161,70.25,70.25
3525,10576,UMI,150.0,43.88897,-79.36486,100.0,14.695,14.7,185,59.72,59.72
3525,10577,UMI,270.0,43.88897,-79.36486,100.0,14.532,14.5,139,57.03,57.03
3526,10578,UMI,30.0,43.88897,-79.35815,100.0,14.581,14.6,128,54.45,54.45
3526,10579,UMI,150.0,43.88897,-79.35815,100.0,14.374,14.4,156,59.64,59.64
3526,10580,UMI,270.0,43.88897,-79.35815,100.0,15.881,15.9,157,58.37,58.37
3527,10581,UMI,30.0,43.88897,-79.35144,100.0,10.468,10.5,113,42.74,42.74
3527,10582,UMI,150.0,43.88897,-79.35144,100.0,15.332,15.3,139,57.8,57.8
3527,10583,UMI,270.0,43.88897,-79.35144,100.0,11.678,11.7,126,48.47,48.47
3528,10584,UMI,30.0,43.88897,-79.34474,100.0,9.786,9.8,101,36.7,36.7
3528,10585,UMI,150.0,43.88897,-79.34474,100.0,7.007,7.0,98,33.45,33.45
3528,10586,UMI,270.0,43.88897,-79.34474,100.0,10.538,10.5,118,42.4,42.4
3529,10587,UMI,30.0,43.88897,-79.33803,100.0,13.355,13.4,139,49.17,49.17
3529,10588,UMI,150.0,43.88897,-79.33803,100.0,9.012,9.0,107,41.77,41.77
3529,10589,UMI,270.0,43.88897,-79.33803,100.0,10.894,10.9,113,48.45,48.45
3530,10590,UMI,30.0,43.88897,-79.33132,100.0,12.172,12.2,108,38.75,38.75
3530,10591,UMI,150.0,43.88897,-79.33132,100.0,9.923,9.9,107,40.73,40.73
3530,10592,UMI,270.0,43.88897,-79.33132,100.0,12.191,12.2,105,52.0,52.0
3531,10593,UMI,30.0,43.88897,-79.32461,100.0,12.014,12.0,159,52.6,52.6
3531,10594,UMI,150.0,43.88897,-79.32461,100.0,15.878,15.9,127,58.26,58.26
3531,10595,UMI,270.0,43.88897,-79.32461,100.0,10.416,10.4,128,46.51,46.51
3532,10596,UMI,30.0,43.88897,-79.3179,100.0,20.554,20.6,218,81.89,81.89
3532,10597,UMI,150.0,43.88897,-79.3179,100.0,22.54,22.5,213,85.74,85.74
3532,10598,UMI,270.0,43.88897,-79.3179,100.0,24.684,24.7,178,93.77,93.77
3533,10599,UMI,30.0,43.88897,-79.31119,100.0,30.505,30.5,305,112.34,112.34
3533,10600,UMI,150.0,43.88897,-79.31119,100.0,31.038,31.0,307,117.82,117.82
3533,10601,UMI,270.0,43.88897,-79.31119,100.0,23.562,23.6,263,109.04,109.04
3534,10602,UMI,30.0,43.88897,-79.30449,100.0,31.946,31.9,320,115.71,115.71
3534,10603,UMI,150.0,43.88897,-79.30449,100.0,27.898,27.9,300,118.58,118.58
3534,10604,UMI,270.0,43.88897,-79.30449,100.0,34.673,34.7,317,123.65,123.65
3535,10605,UMI,30.0,43.88897,-79.29778,100.0,34.321,34.3,326,132.98,132.98
3535,10606,UMI,150.0,43.88897,-79.29778,100.0,34.103,34.1,338,129.23,129.23
3535,10607,UMI,270.0,43.88897,-79.29778,100.0,33.173,33.2,308,127.26,127.26
3536,10608,UMI,30.0,43.88897,-79.29107,100.0,33.681,33.7,358,136.0,136.0
3536,10609,UMI,150.0,43.88897,-79.29107,100.0,37.95,37.9,342,143.51,143.51
3536,10610,UMI,270.0,43.88897,-79.29107,100.0,35.501,35.5,373,141.71,141.71
3537,10611,UMI,30.0,43.88897,-79.28436,100.0,29.576,29.6,322,115.46,115.46
3537,10612,UMI,150.0,43.88897,-79.28436,100.0,32.558,32.6,365,132.87,132.87
3537,10613,UMI,270.0,43.88897,-79.28436,100.0,34.707,34.7,357,136.39,136.39
3538,10614,UMI,30.0,43.88897,-79.27765,100.0,30.317,30.3,304,118.06,118.06
3538,10615,UMI,150.0,43.88897,-79.27765,100.0,33.967,34.0,317,135.17,135.17
3538,10616,UMI,270.0,43.88897,-79.27765,100.0,36.029,36.0,338,129.01,129.01
3539,10617,UMI,30.0,43.88897,-79.27095,100.0,31.582,31.6,317,129.93,129.93
3539,10618,UMI,150.0,43.88897,-79.27095,100.0,35.102,35.1,367,141.44,141.44
3539,10619,UMI,270.0,43.88897,-79.27095,100.0,24.326,24.3,281,106.95,106.95
3540,10620,UMI,30.0,43.88897,-79.26424,100.0,33.934,33.9,332,128.59,128.59
3540,10621,UMI,150.0,43.88897,-79.26424,100.0,34.636,34.6,317,131.06,131.06
3540,10622,UMI,270.0,43.88897,-79.26424,100.0,42.078,42.1,350,148.07,148.07
3541,10623,UMI,30.0,43.88897,-79.25753,100.0,35.648,35.6,309,136.36,136.36
3541,10624,UMI,150.0,43.88897,-79.25753,100.0,34.195,34.2,334,143.67,143.67
3541,10625,UMI,270.0,43.88897,-79.25753,100.0,31.599,31.6,318,124.58,124.58
3542,10626,UMI,30.0,43.88897,-79.25082,100.0,36.304,36.3,335,119.58,119.58
3542,10627,UMI,150.0,43.88897,-79.25082,100.0,35.794,35.8,349,143.4,143.4
3542,10628,UMI,270.0,43.88897,-79.25082,100.0,36.46,36.5,361,140.76,140.76
3543,10629,UMI,30.0,43.88897,-79.24411,100.0,38.954,39.0,400,161.57,161.57
3543,10630,UMI,150.0,43.88897,-79.24411,100.0,34.837,34.8,359,145.91,145.91
3543,10631,UMI,270.0,43.88897,-79.24411,100.0,46.344,46.3,406,159.86,159.86
3544,10632,UMI,30.0,43.88897,-79.23741,100.0,39.632,39.6,375,149.47,149.47
3544,10633,UMI,150.0,43.88897,-79.23741,100.0,33.287,33.3,349,138.28,138.28
3544,10634,UMI,270.0,43.88897,-79.23741,100.0,42.516,42.5,400,154.82,154.82
3545,10635,UMI,30.0,43.88897,-79.2307,100.0,30.914,30.9,324,126.3,126.3
3545,10636,UMI,150.0,43.88897,-79.2307,100.0,32.309,32.3,278,115.73,115.73
3545,10637,UMI,270.0,43.88897,-79.2307,100.0,38.73,38.7,330,134.33,134.33
3546,10638,UMI,30.0,43.88897,-79.22399,100.0,20.109,20.1,212,82.58,82.58
3546,10639,UMI,150.0,43.88897,-79.22399,100.0,19.92,19.9,192,70.51,70.51
3546,10640,UMI,270.0,43.88897,-79.22399,100.0,22.229,22.2,254,85.99,85.99
3547,10641,UMI,30.0,43.88897,-79.21728,100.0,16.338,16.3,173,64.6,64.6
3547,10642,UMI,150.0,43.88897,-79.21728,100.0,9.617,9.6,120,45.61,45.61
3547,10643,UMI,270.0,43.88897,-79.21728,100.0,17.611,17.6,180,76.03,76.03
3548,10644,UMI,30.0,43.88897,-79.21057,100.0,4.265,4.3,64,18.77,18.77
3548,10645,UMI,150.0,43.88897,-79.21057,100.0,5.966,6.0,69,26.63,26.63
3548,10646,UMI,270.0,43.88897,-79.21057,100.0,9.019,9.0,88,37.56,37.56
3549,10647,UMI,30.0,43.88897,-79.15691,100.0,0.815,0.8,16,2.97,2.97
3549,10648,UMI,150.0,43.88897,-79.15691,100.0,1.608,1.6,14,7.82,7.82
3549,10649,UMI,270.0,43.88897,-79.15691,100.0,2.066,2.1,23,10.16,10.16
3550,10650,UMI,30.0,43.88897,-79.08312,100.0,0.224,0.2,5,1.69,1.69
3550,10651,UMI,150.0,43.88897,-79.08312,100.0,2.072,2.1,20,8.15,8.15
3550,10652,UMI,270.0,43.88897,-79.08312,100.0,1.531,1.5,15,7.45,7.45
3551,10653,UMI,30.0,43.88897,-79.07641,100.0,0.778,0.8,13,4.39,4.39
3551,10654,UMI,150.0,43.88897,-79.07641,100.0,2.187,2.2,23,8.94,8.94
3551,10655,UMI,270.0,43.88897,-79.07641,100.0,1.605,1.6,16,5.78,5.78
3552,10656,UMI,30.0,43.88897,-79.0697,100.0,3.178,3.2,18,10.28,10.28
3552,10657,UMI,150.0,43.88897,-79.0697,100.0,1.219,1.2,13,3.39,3.39
3552,10658,UMI,270.0,43.88897,-79.0697,100.0,0.925,0.9,13,3.9,3.9
3553,10659,UMI,30.0,43.89316,-79.51579,100.0,7.875,7.9,66,27.52,27.52
3553,10660,UMI,150.0,43.89316,-79.51579,100.0,7.84,7.8,86,24.45,24.45
3553,10661,UMI,270.0,43.89316,-79.51579,100.0,5.922,5.9,63,25.05,25.05
3554,10662,UMI,30.0,43.89316,-79.50909,100.0,10.845,10.8,75,31.04,31.04
3554,10663,UMI,150.0,43.89316,-79.50909,100.0,9.784,9.8,74,30.99,30.99
3554,10664,UMI,270.0,43.89316,-79.50909,100.0,7.762,7.8,61,30.15,30.15
3555,10665,UMI,30.0,43.89316,-79.50238,100.0,16.875,16.9,83,36.44,36.44
3555,10666,UMI,150.0,43.89316,-79.50238,100.0,9.328,9.3,88,29.8,29.8
3555,10667,UMI,270.0,43.89316,-79.50238,100.0,8.395,8.4,83,33.74,33.74
3556,10668,UMI,30.0,43.89316,-79.49567,100.0,4.259,4.3,42,16.97,16.97
3556,10669,UMI,150.0,43.89316,-79.49567,100.0,8.178,8.2,67,29.32,29.32
3556,10670,UMI,270.0,43.89316,-79.49567,100.0,6.74,6.7,83,26.78,26.78
3557,10671,UMI,30.0,43.89316,-79.48896,100.0,3.65,3.6,37,11.79,11.79
3557,10672,UMI,150.0,43.89316,-79.48896,100.0,3.773,3.8,44,17.59,17.59
3557,10673,UMI,270.0,43.89316,-79.48896,100.0,6.848,6.8,56,25.3,25.3
3558,10674,UMI,30.0,43.89316,-79.48225,100.0,3.952,4.0,44,16.03,16.03
3558,10675,UMI,150.0,43.89316,-79.48225,100.0,5.137,5.1,57,19.43,19.43
3558,10676,UMI,270.0,43.89316,-79.48225,100.0,6.109,6.1,57,27.28,27.28
3559,10677,UMI,30.0,43.89316,-79.47554,100.0,8.226,8.2,95,35.71,35.71
3559,10678,UMI,150.0,43.89316,-79.47554,100.0,14.24,14.2,114,49.62,49.62
3559,10679,UMI,270.0,43.89316,-79.47554,100.0,7.632,7.6,82,30.04,30.04
3560,10680,UMI,30.0,43.89316,-79.46884,100.0,16.845,16.8,169,64.6,64.6
3560,10681,UMI,150.0,43.89316,-79.46884,100.0,24.015,24.0,173,72.8,72.8
3560,10682,UMI,270.0,43.89316,-79.46884,100.0,12.598,12.6,131,48.45,48.45
3561,10683,UMI,30.0,43.89316,-79.46213,100.0,31.509,31.5,287,113.56,113.56
3561,10684,UMI,150.0,43.89316,-79.46213,100.0,26.309,26.3,247,96.75,96.75
3561,10685,UMI,270.0,43.89316,-79.46213,100.0,23.49,23.5,215,87.5,87.5
3562,10686,UMI,30.0,43.89316,-79.45542,100.0,31.581,31.6,315,127.94,127.94
3562,10687,UMI,150.0,43.89316,-79.45542,100.0,38.704,38.7,324,138.41,138.41
3562,10688,UMI,270.0,43.89316,-79.45542,100.0,32.451,32.5,299,116.17,116.17
3563,10689,UMI,30.0,43.89316,-79.44871,100.0,25.794,25.8,267,95.17,95.17
3563,10690,UMI,150.0,43.89316,-79.44871,100.0,25.294,25.3,273,107.55,107.55
3563,10691,UMI,270.0,43.89316,-79.44871,100.0,30.89,30.9,303,106.86,106.86
3564,10692,UMI,30.0,43.89316,-79.442,100.0,22.123,22.1,220,90.32,90.32
3564,10693,UMI,150.0,43.89316,-79.442,100.0,23.78,23.8,255,93.48,93.48
3564,10694,UMI,270.0,43.89316,-79.442,100.0,18.5,18.5,236,89.64,89.64
3565,10695,UMI,30.0,43.89316,-79.4353,100.0,25.689,25.7,258,103.53,103.53
3565,10696,UMI,150.0,43.89316,-79.4353,100.0,25.62,25.6,248,96.29,96.29
3565,10697,UMI,270.0,43.89316,-79.4353,100.0,24.187,24.2,250,98.56,98.56
3566,10698,UMI,30.0,43.89316,-79.42859,100.0,29.791,29.8,224,101.96,101.96
3566,10699,UMI,150.0,43.89316,-79.42859,100.0,28.731,28.7,265,112.84,112.84
3566,10700,UMI,270.0,43.89316,-79.42859,100.0,26.551,26.6,220,100.59,100.59
3567,10701,UMI,30.0,43.89316,-79.42188,100.0,16.124,16.1,187,67.63,67.63
3567,10702,UMI,150.0,43.89316,-79.42188,100.0,27.856,27.9,235,99.47,99.47
3567,10703,UMI,270.0,43.89316,-79.42188,100.0,28.149,28.1,256,98.82,98.82
3568,10704,UMI,30.0,43.89316,-79.41517,100.0,15.401,15.4,157,58.51,58.51
3568,10705,UMI,150.0,43.89316,-79.41517,100.0,32.484,32.5,231,103.92,103.92
3568,10706,UMI,270.0,43.89316,-79.41517,100.0,20.422,20.4,182,68.69,68.69
3569,10707,UMI,30.0,43.89316,-79.40846,100.0,15.014,15.0,161,61.3,61.3
3569,10708,UMI,150.0,43.89316,-79.40846,100.0,23.379,23.4,223,103.57,103.57
3569,10709,UMI,270.0,43.89316,-79.40846,100.0,18.596,18.6,176,66.59,66.59
3570,10710,UMI,30.0,43.89316,-79.40175,100.0,23.243,23.2,184,73.23,73.23
3570,10711,UMI,150.0,43.89316,-79.40175,100.0,18.869,18.9,203,77.05,77.05
3570,10712,UMI,270.0,43.89316,-79.40175,100.0,17.988,18.0,210,78.6,78.6
3571,10713,UMI,30.0,43.89316,-79.39505,100.0,13.096,13.1,126,40.52,40.52
3571,10714,UMI,150.0,43.89316,-79.39505,100.0,13.264,13.3,151,54.45,54.45
3571,10715,UMI,270.0,43.89316,-79.39505,100.0,14.586,14.6,177,58.01,58.01
3572,10716,UMI,30.0,43.89316,-79.38834,100.0,5.639,5.6,66,23.48,23.48
3572,10717,UMI,150.0,43.89316,-79.38834,100.0,10.189,10.2,89,38.99,38.99
3572,10718,UMI,270.0,43.89316,-79.38834,100.0,7.305,7.3,88,31.64,31.64
3573,10719,UMI,30.0,43.89316,-79.38163,100.0,9.157,9.2,100,35.83,35.83
3573,10720,UMI,150.0,43.89316,-79.38163,100.0,8.475,8.5,94,35.56,35.56
3573,10721,UMI,270.0,43.89316,-79.38163,100.0,9.689,9.7,74,28.52,28.52
3574,10722,UMI,30.0,43.89316,-79.37492,100.0,17.55,17.5,169,64.49,64.49
3574,10723,UMI,150.0,43.89316,-79.37492,100.0,24.764,24.8,186,76.0,76.0
3574,10724,UMI,270.0,43.89316,-79.37492,100.0,18.75,18.8,189,74.17,74.17
3575,10725,UMI,30.0,43.89316,-79.36821,100.0,16.459,16.5,167,60.49,60.49
3575,10726,UMI,150.0,43.89316,-79.36821,100.0,14.927,14.9,161,62.02,62.02
3575,10727,UMI,270.0,43.89316,-79.36821,100.0,13.337,13.3,168,57.19,57.19
3576,10728,UMI,30.0,43.89316,-79.36151,100.0,6.161,6.2,73,26.52,26.52
3576,10729,UMI,150.0,43.89316,-79.36151,100.0,10.781,10.8,103,43.62,43.62
3576,10730,UMI,270.0,43.89316,-79.36151,100.0,18.094,18.1,152,62.65,62.65
3577,10731,UMI,30.0,43.89316,-79.3548,100.0,5.242,5.2,57,21.18,21.18
3577,10732,UMI,150.0,43.89316,-79.3548,100.0,5.342,5.3,73,20.52,20.52
3577,10733,UMI,270.0,43.89316,-79.3548,100.0,12.616,12.6,77,38.16,38.16
3578,10734,UMI,30.0,43.89316,-79.34809,100.0,5.193,5.2,57,23.11,23.11
3578,10735,UMI,150.0,43.89316,-79.34809,100.0,8.721,8.7,78,30.84,30.84
3578,10736,UMI,270.0,43.89316,-79.34809,100.0,4.913,4.9,63,25.88,25.88
3579,10737,UMI,30.0,43.89316,-79.34138,100.0,8.361,8.4,87,33.93,33.93
3579,10738,UMI,150.0,43.89316,-79.34138,100.0,12.157,12.2,106,38.74,38.74
3579,10739,UMI,270.0,43.89316,-79.34138,100.0,8.358,8.4,68,32.38,32.38
3580,10740,UMI,30.0,43.89316,-79.33467,100.0,8.044,8.0,97,31.21,31.21
3580,10741,UMI,150.0,43.89316,-79.33467,100.0,12.728,12.7,122,48.69,48.69
3580,10742,UMI,270.0,43.89316,-79.33467,100.0,9.75,9.8,121,43.03,43.03
3581,10743,UMI,30.0,43.89316,-79.32797,100.0,11.721,11.7,100,41.96,41.96
3581,10744,UMI,150.0,43.89316,-79.32797,100.0,9.851,9.9,108,37.56,37.56
3581,10745,UMI,270.0,43.89316,-79.32797,100.0,9.646,9.6,104,35.05,35.05
3582,10746,UMI,30.0,43.89316,-79.32126,100.0,22.148,22.1,202,77.27,77.27
3582,10747,UMI,150.0,43.89316,-79.32126,100.0,22.187,22.2,227,82.21,82.21
3582,10748,UMI,270.0,43.89316,-79.32126,100.0,12.475,12.5,148,52.79,52.79
3583,10749,UMI,30.0,43.89316,-79.31455,100.0,34.711,34.7,294,127.03,127.03
3583,10750,UMI,150.0,43.89316,-79.31455,100.0,31.455,31.5,272,119.02,119.02
3583,10751,UMI,270.0,43.89316,-79.31455,100.0,20.076,20.1,259,83.83,83.83
3584,10752,UMI,30.0,43.89316,-79.30784,100.0,29.294,29.3,282,117.76,117.76
3584,10753,UMI,150.0,43.89316,-79.30784,100.0,26.241,26.2,302,108.21,108.21
3584,10754,UMI,270.0,43.89316,-79.30784,100.0,31.306,31.3,276,110.59,110.59
3585,10755,UMI,30.0,43.89316,-79.30113,100.0,31.063,31.1,312,123.25,123.25
3585,10756,UMI,150.0,43.89316,-79.30113,100.0,34.538,34.5,342,134.11,134.11
3585,10757,UMI,270.0,43.89316,-79.30113,100.0,28.352,28.4,285,98.44,98.44
3586,10758,UMI,30.0,43.89316,-79.29442,100.0,30.564,30.6,313,113.92,113.92
3586,10759,UMI,150.0,43.89316,-79.29442,100.0,34.034,34.0,325,133.99,133.99
3586,10760,UMI,270.0,43.89316,-79.29442,100.0,31.169,31.2,300,112.67,112.67
3587,10761,UMI,30.0,43.89316,-79.28772,100.0,32.144,32.1,336,130.86,130.86
3587,10762,UMI,150.0,43.89316,-79.28772,100.0,25.094,25.1,282,103.22,103.22
3587,10763,UMI,270.0,43.89316,-79.28772,100.0,33.264,33.3,320,121.89,121.89
3588,10764,UMI,30.0,43.89316,-79.28101,100.0,31.42,31.4,310,127.96,127.96
3588,10765,UMI,150.0,43.89316,-79.28101,100.0,27.678,27.7,301,112.28,112.28
3588,10766,UMI,270.0,43.89316,-79.28101,100.0,32.731,32.7,303,127.02,127.02
3589,10767,UMI,30.0,43.89316,-79.2743,100.0,35.727,35.7,315,129.12,129.12
3589,10768,UMI,150.0,43.89316,-79.2743,100.0,32.338,32.3,317,121.85,121.85
3589,10769,UMI,270.0,43.89316,-79.2743,100.0,40.234,40.2,326,141.74,141.74
3590,10770,UMI,30.0,43.89316,-79.26759,100.0,27.598,27.6,269,104.3,104.3
3590,10771,UMI,150.0,43.89316,-79.26759,100.0,31.707,31.7,338,120.85,120.85
3590,10772,UMI,270.0,43.89316,-79.26759,100.0,31.565,31.6,303,120.89,120.89
3591,10773,UMI,30.0,43.89316,-79.26088,100.0,31.357,31.4,285,116.81,116.81
3591,10774,UMI,150.0,43.89316,-79.26088,100.0,31.349,31.3,301,117.35,117.35
3591,10775,UMI,270.0,43.89316,-79.26088,100.0,31.257,31.3,289,122.74,122.74
3592,10776,UMI,30.0,43.89316,-79.25418,100.0,28.359,28.4,329,116.99,116.99
3592,10777,UMI,150.0,43.89316,-79.25418,100.0,33.097,33.1,330,128.59,128.59
3592,10778,UMI,270.0,43.89316,-79.25418,100.0,32.616,32.6,290,113.38,113.38
3593,10779,UMI,30.0,43.89316,-79.24747,100.0,37.398,37.4,371,140.53,140.53
3593,10780,UMI,150.0,43.89316,-79.24747,100.0,42.781,42.8,382,151.73,151.73
3593,10781,UMI,270.0,43.89316,-79.24747,100.0,34.384,34.4,362,133.97,133.97
3594,10782,UMI,30.0,43.89316,-79.24076,100.0,45.315,45.3,400,166.47,166.47
3594,10783,UMI,150.0,43.89316,-79.24076,100.0,43.105,43.1,380,156.99,156.99
3594,10784,UMI,270.0,43.89316,-79.24076,100.0,41.9,41.9,397,145.08,145.08
3595,10785,UMI,30.0,43.89316,-79.23405,100.0,42.277,42.3,371,168.92,168.92
3595,10786,UMI,150.0,43.89316,-79.23405,100.0,41.588,41.6,367,148.38,148.38
3595,10787,UMI,270.0,43.89316,-79.23405,100.0,37.278,37.3,351,140.05,140.05
3596,10788,UMI,30.0,43.89316,-79.22734,100.0,32.004,32.0,277,127.5,127.5
3596,10789,UMI,150.0,43.89316,-79.22734,100.0,32.485,32.5,262,100.52,100.52
3596,10790,UMI,270.0,43.89316,-79.22734,100.0,30.018,30.0,273,116.11,116.11
3597,10791,UMI,30.0,43.89316,-79.22063,100.0,23.868,23.9,221,94.92,94.92
3597,10792,UMI,150.0,43.89316,-79.22063,100.0,16.285,16.3,174,69.51,69.51
3597,10793,UMI,270.0,43.89316,-79.22063,100.0,20.743,20.7,202,82.02,82.02
3598,10794,UMI,30.0,43.89316,-79.21393,100.0,7.24,7.2,96,32.25,32.25
3598,10795,UMI,150.0,43.89316,-79.21393,100.0,8.923,8.9,104,40.11,40.11
3598,10796,UMI,270.0,43.89316,-79.21393,100.0,15.298,15.3,150,60.78,60.78
3599,10797,UMI,30.0,43.89316,-79.20722,100.0,2.83,2.8,30,11.23,11.23
3599,10798,UMI,150.0,43.89316,-79.20722,100.0,4.672,4.7,44,16.81,16.81
3599,10799,UMI,270.0,43.89316,-79.20722,100.0,3.492,3.5,37,11.82,11.82
3600,10800,UMI,30.0,43.89316,-79.20051,100.0,1.067,1.1,13,5.96,5.96
3600,10801,UMI,150.0,43.89316,-79.20051,100.0,0.512,0.5,11,2.57,2.57
3600,10802,UMI,270.0,43.89316,-79.20051,100.0,2.646,2.6,20,10.59,10.59
3601,10803,UMI,30.0,43.89736,-79.51915,100.0,4.885,4.9,30,12.28,12.28
3601,10804,UMI,150.0,43.89736,-79.51915,100.0,4.692,4.7,34,13.37,13.37
3601,10805,UMI,270.0,43.89736,-79.51915,100.0,2.492,2.5,23,12.65,12.65
3602,10806,UMI,30.0,43.89736,-79.51244,100.0,3.394,3.4,35,12.0,12.0
3602,10807,UMI,150.0,43.89736,-79.51244,100.0,5.277,5.3,55,23.26,23.26
3602,10808,UMI,270.0,43.89736,-79.51244,100.0,5.144,5.1,46,22.57,22.57
3603,10809,UMI,30.0,43.89736,-79.50573,100.0,3.11,3.1,43,15.17,15.17
3603,10810,UMI,150.0,43.89736,-79.50573,100.0,4.222,4.2,54,19.13,19.13
3603,10811,UMI,270.0,43.89736,-79.50573,100.0,3.739,3.7,51,15.3,15.3
3604,10812,UMI,30.0,43.89736,-79.49902,100.0,3.835,3.8,36,12.89,12.89
3604,10813,UMI,150.0,43.89736,-79.49902,100.0,3.698,3.7,61,16.52,16.52
3604,10814,UMI,270.0,43.89736,-79.49902,100.0,5.095,5.1,58,23.35,23.35
3605,10815,UMI,30.0,43.89736,-79.49231,100.0,1.323,1.3,24,6.76,6.76
3605,10816,UMI,150.0,43.89736,-79.49231,100.0,2.596,2.6,32,9.32,9.32
3605,10817,UMI,270.0,43.89736,-79.49231,100.0,3.047,3.0,34,12.7,12.7
3606,10818,UMI,30.0,43.89736,-79.4789,100.0,6.536,6.5,51,22.14,22.14
3606,10819,UMI,150.0,43.89736,-79.4789,100.0,10.039,10.0,77,36.48,36.48
3606,10820,UMI,270.0,43.89736,-79.4789,100.0,9.672,9.7,49,24.2,24.2
3607,10821,UMI,30.0,43.89736,-79.47219,100.0,10.864,10.9,118,38.03,38.03
3607,10822,UMI,150.0,43.89736,-79.47219,100.0,16.531,16.5,137,51.94,51.94
3607,10823,UMI,270.0,43.89736,-79.47219,100.0,8.072,8.1,96,29.27,29.27
3608,10824,UMI,30.0,43.89736,-79.46548,100.0,24.012,24.0,205,85.66,85.66
3608,10825,UMI,150.0,43.89736,-79.46548,100.0,22.151,22.2,218,91.23,91.23
3608,10826,UMI,270.0,43.89736,-79.46548,100.0,17.538,17.5,181,69.55,69.55
3609,10827,UMI,30.0,43.89736,-79.45877,100.0,27.33,27.3,259,105.29,105.29
3609,10828,UMI,150.0,43.89736,-79.45877,100.0,18.49,18.5,234,77.42,77.42
3609,10829,UMI,270.0,43.89736,-79.45877,100.0,31.704,31.7,292,111.74,111.74
3610,10830,UMI,30.0,43.89736,-79.45207,100.0,23.339,23.3,282,102.05,102.05
3610,10831,UMI,150.0,43.89736,-79.45207,100.0,26.109,26.1,294,105.09,105.09
3610,10832,UMI,270.0,43.89736,-79.45207,100.0,25.451,25.5,258,102.5,102.5
3611,10833,UMI,30.0,43.89736,-79.44536,100.0,24.659,24.7,208,90.39,90.39
3611,10834,UMI,150.0,43.89736,-79.44536,100.0,26.515,26.5,239,101.84,101.84
3611,10835,UMI,270.0,43.89736,-79.44536,100.0,26.308,26.3,264,103.86,103.86
3612,10836,UMI,30.0,43.89736,-79.43865,100.0,29.25,29.2,277,111.93,111.93
3612,10837,UMI,150.0,43.89736,-79.43865,100.0,22.401,22.4,240,92.97,92.97
3612,10838,UMI,270.0,43.89736,-79.43865,100.0,26.262,26.3,222,94.36,94.36
3613,10839,UMI,30.0,43.89736,-79.43194,100.0,18.746,18.7,227,80.78,80.78
3613,10840,UMI,150.0,43.89736,-79.43194,100.0,23.09,23.1,220,87.78,87.78
3613,10841,UMI,270.0,43.89736,-79.43194,100.0,29.45,29.5,244,94.93,94.93
3614,10842,UMI,30.0,43.89736,-79.42523,100.0,13.67,13.7,151,63.0,63.0
3614,10843,UMI,150.0,43.89736,-79.42523,100.0,20.547,20.5,198,79.53,79.53
3614,10844,UMI,270.0,43.89736,-79.42523,100.0,19.494,19.5,205,76.86,76.86
3615,10845,UMI,30.0,43.89736,-79.41853,100.0,12.524,12.5,107,38.79,38.79
3615,10846,UMI,150.0,43.89736,-79.41853,100.0,15.453,15.5,144,52.81,52.81
3615,10847,UMI,270.0,43.89736,-79.41853,100.0,22.706,22.7,180,68.29,68.29
3616,10848,UMI,30.0,43.89736,-79.41182,100.0,5.902,5.9,71,24.0,24.0
3616,10849,UMI,150.0,43.89736,-79.41182,100.0,8.683,8.7,113,37.62,37.62
3616,10850,UMI,270.0,43.89736,-79.41182,100.0,11.436,11.4,113,47.91,47.91
3617,10851,UMI,30.0,43.89736,-79.40511,100.0,9.255,9.3,94,34.2,34.2
3617,10852,UMI,150.0,43.89736,-79.40511,100.0,15.195,15.2,165,66.75,66.75
3617,10853,UMI,270.0,43.89736,-79.40511,100.0,11.851,11.9,127,47.03,47.03
3618,10854,UMI,30.0,43.89736,-79.3984,100.0,8.682,8.7,96,32.53,32.53
3618,10855,UMI,150.0,43.89736,-79.3984,100.0,15.681,15.7,141,62.9,62.9
3618,10856,UMI,270.0,43.89736,-79.3984,100.0,11.287,11.3,141,52.46,52.46
3619,10857,UMI,30.0,43.89736,-79.39169,100.0,5.513,5.5,58,25.36,25.36
3619,10858,UMI,150.0,43.89736,-79.39169,100.0,3.882,3.9,60,19.49,19.49
3619,10859,UMI,270.0,43.89736,-79.39169,100.0,7.701,7.7,81,27.48,27.48
3620,10860,UMI,30.0,43.89736,-79.38498,100.0,5.003,5.0,47,17.38,17.38
3620,10861,UMI,150.0,43.89736,-79.38498,100.0,3.63,3.6,61,17.54,17.54
3620,10862,UMI,270.0,43.89736,-79.38498,100.0,9.733,9.7,55,19.74,19.74
3621,10863,UMI,30.0,43.89736,-79.37828,100.0,10.445,10.4,117,42.04,42.04
3621,10864,UMI,150.0,43.89736,-79.37828,100.0,13.512,13.5,150,61.37,61.37
3621,10865,UMI,270.0,43.89736,-79.37828,100.0,6.154,6.2,75,24.03,24.03
3622,10866,UMI,30.0,43.89736,-79.37157,100.0,18.782,18.8,186,78.66,78.66
3622,10867,UMI,150.0,43.89736,-79.37157,100.0,19.522,19.5,158,76.83,76.83
3622,10868,UMI,270.0,43.89736,-79.37157,100.0,14.019,14.0,158,55.88,55.88
3623,10869,UMI,30.0,43.89736,-79.36486,100.0,9.562,9.6,91,36.27,36.27
3623,10870,UMI,150.0,43.89736,-79.36486,100.0,13.288,13.3,103,45.93,45.93
3623,10871,UMI,270.0,43.89736,-79.36486,100.0,13.877,13.9,136,59.6,59.6
3624,10872,UMI,30.0,43.89736,-79.35815,100.0,4.443,4.4,44,14.53,14.53
3624,10873,UMI,150.0,43.89736,-79.35815,100.0,6.836,6.8,66,27.99,27.99
3624,10874,UMI,270.0,43.89736,-79.35815,100.0,6.554,6.6,66,24.49,24.49
3625,10875,UMI,30.0,43.89736,-79.35144,100.0,5.796,5.8,41,20.94,20.94
3625,10876,UMI,150.0,43.89736,-79.35144,100.0,4.5,4.5,50,20.53,20.53
3625,10877,UMI,270.0,43.89736,-79.35144,100.0,4.535,4.5,44,16.91,16.91
3626,10878,UMI,30.0,43.89736,-79.34474,100.0,6.648,6.6,45,18.42,18.42
3626,10879,UMI,150.0,43.89736,-79.34474,100.0,4.223,4.2,40,17.37,17.37
3626,10880,UMI,270.0,43.89736,-79.34474,100.0,4.649,4.6,44,14.53,14.53
3627,10881,UMI,30.0,43.89736,-79.33803,100.0,2.52,2.5,41,10.91,10.91
3627,10882,UMI,150.0,43.89736,-79.33803,100.0,7.813,7.8,74,26.18,26.18
3627,10883,UMI,270.0,43.89736,-79.33803,100.0,7.984,8.0,59,30.25,30.25
3628,10884,UMI,30.0,43.89736,-79.33132,100.0,11.816,11.8,63,30.67,30.67
3628,10885,UMI,150.0,43.89736,-79.33132,100.0,9.8,9.8,70,28.72,28.72
3628,10886,UMI,270.0,43.89736,-79.33132,100.0,5.831,5.8,60,18.15,18.15
3629,10887,UMI,30.0,43.89736,-79.32461,100.0,9.194,9.2,79,33.55,33.55
3629,10888,UMI,150.0,43.89736,-79.32461,100.0,9.786,9.8,108,37.37,37.37
3629,10889,UMI,270.0,43.89736,-79.32461,100.0,8.415,8.4,65,28.54,28.54
3630,10890,UMI,30.0,43.89736,-79.3179,100.0,16.105,16.1,135,58.83,58.83
3630,10891,UMI,150.0,43.89736,-79.3179,100.0,20.915,20.9,209,79.49,79.49
3630,10892,UMI,270.0,43.89736,-79.3179,100.0,12.455,12.5,131,51.01,51.01
3631,10893,UMI,30.0,43.89736,-79.31119,100.0,18.919,18.9,199,81.63,81.63
3631,10894,UMI,150.0,43.89736,-79.31119,100.0,23.065,23.1,237,86.48,86.48
3631,10895,UMI,270.0,43.89736,-79.31119,100.0,21.741,21.7,215,87.9,87.9
3632,10896,UMI,30.0,43.89736,-79.30449,100.0,20.172,20.2,207,80.68,80.68
3632,10897,UMI,150.0,43.89736,-79.30449,100.0,32.656,32.7,256,107.83,107.83
3632,10898,UMI,270.0,43.89736,-79.30449,100.0,21.812,21.8,222,90.13,90.13
3633,10899,UMI,30.0,43.89736,-79.29778,100.0,18.496,18.5,190,69.09,69.09
3633,10900,UMI,150.0,43.89736,-79.29778,100.0,25.698,25.7,268,90.94,90.94
3633,10901,UMI,270.0,43.89736,-79.29778,100.0,21.716,21.7,211,87.65,87.65
3634,10902,UMI,30.0,43.89736,-79.29107,100.0,28.843,28.8,269,102.28,102.28
3634,10903,UMI,150.0,43.89736,-79.29107,100.0,27.828,27.8,280,103.71,103.71
3634,10904,UMI,270.0,43.89736,-79.29107,100.0,33.646,33.6,262,112.2,112.2
3635,10905,UMI,30.0,43.89736,-79.28436,100.0,29.714,29.7,273,112.03,112.03
3635,10906,UMI,150.0,43.89736,-79.28436,100.0,26.681,26.7,280,109.11,109.11
3635,10907,UMI,270.0,43.89736,-79.28436,100.0,30.994,31.0,301,119.35,119.35
3636,10908,UMI,30.0,43.89736,-79.27765,100.0,29.754,29.8,252,94.45,94.45
3636,10909,UMI,150.0,43.89736,-79.27765,100.0,24.649,24.6,252,96.28,96.28
3636,10910,UMI,270.0,43.89736,-79.27765,100.0,27.613,27.6,254,100.97,100.97
3637,10911,UMI,30.0,43.89736,-79.27095,100.0,30.648,30.6,324,121.24,121.24
3637,10912,UMI,150.0,43.89736,-79.27095,100.0,37.942,37.9,337,136.06,136.06
3637,10913,UMI,270.0,43.89736,-79.27095,100.0,30.052,30.1,297,109.74,109.74
3638,10914,UMI,30.0,43.89736,-79.26424,100.0,29.655,29.7,280,117.32,117.32
3638,10915,UMI,150.0,43.89736,-79.26424,100.0,26.726,26.7,270,104.06,104.06
3638,10916,UMI,270.0,43.89736,-79.26424,100.0,23.04,23.0,274,94.27,94.27
3639,10917,UMI,30.0,43.89736,-79.25753,100.0,31.897,31.9,319,127.91,127.91
3639,10918,UMI,150.0,43.89736,-79.25753,100.0,34.503,34.5,298,128.95,128.95
3639,10919,UMI,270.0,43.89736,-79.25753,100.0,27.239,27.2,277,103.85,103.85
3640,10920,UMI,30.0,43.89736,-79.25082,100.0,37.946,37.9,340,121.45,121.45
3640,10921,UMI,150.0,43.89736,-79.25082,100.0,38.609,38.6,339,141.27,141.27
3640,10922,UMI,270.0,43.89736,-79.25082,100.0,33.376,33.4,307,118.46,118.46
3641,10923,UMI,30.0,43.89736,-79.24411,100.0,35.884,35.9,346,151.67,151.67
3641,10924,UMI,150.0,43.89736,-79.24411,100.0,44.056,44.1,371,153.82,153.82
3641,10925,UMI,270.0,43.89736,-79.24411,100.0,33.691,33.7,345,125.89,125.89
3642,10926,UMI,30.0,43.89736,-79.23741,100.0,36.99,37.0,340,129.85,129.85
3642,10927,UMI,150.0,43.89736,-79.23741,100.0,38.864,38.9,332,136.93,136.93
3642,10928,UMI,270.0,43.89736,-79.23741,100.0,33.142,33.1,341,128.22,128.22
3643,10929,UMI,30.0,43.89736,-79.2307,100.0,21.99,22.0,236,88.81,88.81
3643,10930,UMI,150.0,43.89736,-79.2307,100.0,29.166,29.2,262,104.81,104.81
3643,10931,UMI,270.0,43.89736,-79.2307,100.0,26.754,26.8,329,118.04,118.04
3644,10932,UMI,30.0,43.89736,-79.22399,100.0,14.91,14.9,164,58.78,58.78
3644,10933,UMI,150.0,43.89736,-79.22399,100.0,22.408,22.4,229,76.34,76.34
3644,10934,UMI,270.0,43.89736,-79.22399,100.0,25.954,26.0,231,97.06,97.06
3645,10935,UMI,30.0,43.89736,-79.21728,100.0,10.509,10.5,104,46.64,46.64
3645,10936,UMI,150.0,43.89736,-79.21728,100.0,11.456,11.5,133,47.49,47.49
3645,10937,UMI,270.0,43.89736,-79.21728,100.0,16.04,16.0,173,67.34,67.34
3646,10938,UMI,30.0,43.89736,-79.21057,100.0,3.245,3.2,40,16.9,16.9
3646,10939,UMI,150.0,43.89736,-79.21057,100.0,6.209,6.2,54,25.15,25.15
3646,10940,UMI,270.0,43.89736,-79.21057,100.0,10.06,10.1,95,38.59,38.59
3647,10941,UMI,30.0,43.89736,-79.18374,100.0,1.353,1.4,18,7.11,7.11
3647,10942,UMI,150.0,43.89736,-79.18374,100.0,1.078,1.1,15,5.34,5.34
3647,10943,UMI,270.0,43.89736,-79.18374,100.0,0.845,0.8,13,5.22,5.22
3648,10944,UMI,30.0,43.90156,-79.51579,100.0,1.642,1.6,18,8.09,8.09
3648,10945,UMI,150.0,43.90156,-79.51579,100.0,2.415,2.4,28,11.94,11.94
3648,10946,UMI,270.0,43.90156,-79.51579,100.0,2.99,3.0,31,9.63,9.63
3649,10947,UMI,30.0,43.90156,-79.49567,100.0,1.743,1.7,26,8.35,8.35
3649,10948,UMI,150.0,43.90156,-79.49567,100.0,2.942,2.9,24,11.15,11.15
3649,10949,UMI,270.0,43.90156,-79.49567,100.0,1.608,1.6,32,8.64,8.64
3650,10950,UMI,30.0,43.90156,-79.47554,100.0,10.325,10.3,48,17.45,17.45
3650,10951,UMI,150.0,43.90156,-79.47554,100.0,4.865,4.9,71,22.23,22.23
3650,10952,UMI,270.0,43.90156,-79.47554,100.0,4.613,4.6,42,18.69,18.69
3651,10953,UMI,30.0,43.90156,-79.46884,100.0,11.964,12.0,150,50.39,50.39
3651,10954,UMI,150.0,43.90156,-79.46884,100.0,15.409,15.4,152,55.95,55.95
3651,10955,UMI,270.0,43.90156,-79.46884,100.0,12.859,12.9,131,45.56,45.56
3652,10956,UMI,30.0,43.90156,-79.46213,100.0,22.008,22.0,212,85.58,85.58
3652,10957,UMI,150.0,43.90156,-79.46213,100.0,21.896,21.9,218,86.98,86.98
3652,10958,UMI,270.0,43.90156,-79.46213,100.0,22.139,22.1,206,88.46,88.46
3653,10959,UMI,30.0,43.90156,-79.45542,100.0,24.379,24.4,216,87.12,87.12
3653,10960,UMI,150.0,43.90156,-79.45542,100.0,22.41,22.4,245,83.17,83.17
3653,10961,UMI,270.0,43.90156,-79.45542,100.0,21.408,21.4,215,79.95,79.95
3654,10962,UMI,30.0,43.90156,-79.44871,100.0,19.423,19.4,196,73.96,73.96
3654,10963,UMI,150.0,43.90156,-79.44871,100.0,22.911,22.9,209,84.35,84.35
3654,10964,UMI,270.0,43.90156,-79.44871,100.0,24.157,24.2,228,90.43,90.43
3655,10965,UMI,30.0,43.90156,-79.442,100.0,23.256,23.3,214,73.21,73.21
3655,10966,UMI,150.0,43.90156,-79.442,100.0,21.708,21.7,230,96.0,96.0
3655,10967,UMI,270.0,43.90156,-79.442,100.0,27.783,27.8,233,100.0,100.0
3656,10968,UMI,30.0,43.90156,-79.4353,100.0,22.661,22.7,184,74.27,74.27
3656,10969,UMI,150.0,43.90156,-79.4353,100.0,20.208,20.2,215,80.15,80.15
3656,10970,UMI,270.0,43.90156,-79.4353,100.0,24.152,24.2,225,92.7,92.7
3657,10971,UMI,30.0,43.90156,-79.42859,100.0,16.567,16.6,186,61.36,61.36
3657,10972,UMI,150.0,43.90156,-79.42859,100.0,17.37,17.4,188,68.78,68.78
3657,10973,UMI,270.0,43.90156,-79.42859,100.0,18.095,18.1,194,70.89,70.89
3658,10974,UMI,30.0,43.90156,-79.42188,100.0,12.358,12.4,93,39.55,39.55
3658,10975,UMI,150.0,43.90156,-79.42188,100.0,15.046,15.0,126,45.91,45.91
3658,10976,UMI,270.0,43.90156,-79.42188,100.0,16.309,16.3,138,60.07,60.07
3659,10977,UMI,30.0,43.90156,-79.41517,100.0,3.552,3.6,41,11.21,11.21
3659,10978,UMI,150.0,43.90156,-79.41517,100.0,7.073,7.1,65,26.82,26.82
3659,10979,UMI,270.0,43.90156,-79.41517,100.0,6.0,6.0,59,19.03,19.03
3660,10980,UMI,30.0,43.90156,-79.40846,100.0,5.874,5.9,50,21.19,21.19
3660,10981,UMI,150.0,43.90156,-79.40846,100.0,5.159,5.2,62,21.08,21.08
3660,10982,UMI,270.0,43.90156,-79.40846,100.0,5.457,5.5,63,24.24,24.24
3661,10983,UMI,30.0,43.90156,-79.40175,100.0,7.376,7.4,56,23.7,23.7
3661,10984,UMI,150.0,43.90156,-79.40175,100.0,6.759,6.8,91,31.16,31.16
3661,10985,UMI,270.0,43.90156,-79.40175,100.0,7.483,7.5,73,26.58,26.58
3662,10986,UMI,30.0,43.90156,-79.39505,100.0,5.101,5.1,54,23.64,23.64
3662,10987,UMI,150.0,43.90156,-79.39505,100.0,4.975,5.0,62,21.49,21.49
3662,10988,UMI,270.0,43.90156,-79.39505,100.0,6.354,6.4,64,29.84,29.84
3663,10989,UMI,30.0,43.90156,-79.38834,100.0,3.484,3.5,37,15.19,15.19
3663,10990,UMI,150.0,43.90156,-79.38834,100.0,6.403,6.4,41,18.68,18.68
3663,10991,UMI,270.0,43.90156,-79.38834,100.0,6.573,6.6,62,20.92,20.92
3664,10992,UMI,30.0,43.90156,-79.38163,100.0,9.961,10.0,75,30.37,30.37
3664,10993,UMI,150.0,43.90156,-79.38163,100.0,11.586,11.6,104,42.18,42.18
3664,10994,UMI,270.0,43.90156,-79.38163,100.0,5.22,5.2,57,27.39,27.39
3665,10995,UMI,30.0,43.90156,-79.37492,100.0,14.072,14.1,141,49.36,49.36
3665,10996,UMI,150.0,43.90156,-79.37492,100.0,16.756,16.8,144,55.26,55.26
3665,10997,UMI,270.0,43.90156,-79.37492,100.0,11.979,12.0,126,52.89,52.89
3666,10998,UMI,30.0,43.90156,-79.36821,100.0,9.874,9.9,97,42.34,42.34
3666,10999,UMI,150.0,43.90156,-79.36821,100.0,8.292,8.3,104,32.86,32.86
3666,11000,UMI,270.0,43.90156,-79.36821,100.0,11.174,11.2,126,51.67,51.67
3667,11001,UMI,30.0,43.90156,-79.36151,100.0,3.097,3.1,41,16.68,16.68
3667,11002,UMI,150.0,43.90156,-79.36151,100.0,5.204,5.2,64,21.85,21.85
3667,11003,UMI,270.0,43.90156,-79.36151,100.0,6.806,6.8,67,25.46,25.46
3668,11004,UMI,30.0,43.90156,-79.34809,100.0,3.468,3.5,31,15.0,15.0
3668,11005,UMI,150.0,43.90156,-79.34809,100.0,2.95,3.0,36,11.05,11.05
3668,11006,UMI,270.0,43.90156,-79.34809,100.0,2.651,2.7,37,13.33,13.33
3669,11007,UMI,30.0,43.90156,-79.32126,100.0,4.713,4.7,51,17.43,17.43
3669,11008,UMI,150.0,43.90156,-79.32126,100.0,10.28,10.3,93,42.66,42.66
3669,11009,UMI,270.0,43.90156,-79.32126,100.0,7.41,7.4,64,25.59,25.59
3670,11010,UMI,30.0,43.90156,-79.31455,100.0,8.289,8.3,80,35.98,35.98
3670,11011,UMI,150.0,43.90156,-79.31455,100.0,11.922,11.9,115,55.07,55.07
3670,11012,UMI,270.0,43.90156,-79.31455,100.0,7.044,7.0,76,27.71,27.71
3671,11013,UMI,30.0,43.90156,-79.30784,100.0,9.882,9.9,91,36.13,36.13
3671,11014,UMI,150.0,43.90156,-79.30784,100.0,16.949,16.9,163,72.59,72.59
3671,11015,UMI,270.0,43.90156,-79.30784,100.0,14.199,14.2,116,52.71,52.71
3672,11016,UMI,30.0,43.90156,-79.30113,100.0,10.231,10.2,101,43.51,43.51
3672,11017,UMI,150.0,43.90156,-79.30113,100.0,19.453,19.5,188,77.81,77.81
3672,11018,UMI,270.0,43.90156,-79.30113,100.0,17.361,17.4,125,56.28,56.28
3673,11019,UMI,30.0,43.90156,-79.29442,100.0,16.4,16.4,167,71.24,71.24
3673,11020,UMI,150.0,43.90156,-79.29442,100.0,21.58,21.6,224,90.99,90.99
3673,11021,UMI,270.0,43.90156,-79.29442,100.0,14.697,14.7,154,61.7,61.7
3674,11022,UMI,30.0,43.90156,-79.28772,100.0,19.636,19.6,209,88.06,88.06
3674,11023,UMI,150.0,43.90156,-79.28772,100.0,22.096,22.1,244,82.42,82.42
3674,11024,UMI,270.0,43.90156,-79.28772,100.0,32.615,32.6,240,115.37,115.37
3675,11025,UMI,30.0,43.90156,-79.28101,100.0,25.783,25.8,255,107.16,107.16
3675,11026,UMI,150.0,43.90156,-79.28101,100.0,26.209,26.2,265,114.3,114.3
3675,11027,UMI,270.0,43.90156,-79.28101,100.0,25.202,25.2,247,100.78,100.78
3676,11028,UMI,30.0,43.90156,-79.2743,100.0,28.357,28.4,264,101.77,101.77
3676,11029,UMI,150.0,43.90156,-79.2743,100.0,24.74,24.7,279,107.74,107.74
3676,11030,UMI,270.0,43.90156,-79.2743,100.0,25.679,25.7,268,105.98,105.98
3677,11031,UMI,30.0,43.90156,-79.26759,100.0,22.506,22.5,227,81.22,81.22
3677,11032,UMI,150.0,43.90156,-79.26759,100.0,29.007,29.0,279,105.33,105.33
3677,11033,UMI,270.0,43.90156,-79.26759,100.0,26.554,26.6,283,114.38,114.38
3678,11034,UMI,30.0,43.90156,-79.26088,100.0,26.6,26.6,272,96.77,96.77
3678,11035,UMI,150.0,43.90156,-79.26088,100.0,26.488,26.5,261,106.25,106.25
3678,11036,UMI,270.0,43.90156,-79.26088,100.0,26.551,26.6,235,94.85,94.85
3679,11037,UMI,30.0,43.90156,-79.25418,100.0,33.34,33.3,309,127.1,127.1
3679,11038,UMI,150.0,43.90156,-79.25418,100.0,32.68,32.7,305,110.21,110.21
3679,11039,UMI,270.0,43.90156,-79.25418,100.0,33.081,33.1,300,116.64,116.64
3680,11040,UMI,30.0,43.90156,-79.24747,100.0,33.295,33.3,312,118.91,118.91
3680,11041,UMI,150.0,43.90156,-79.24747,100.0,44.535,44.5,365,142.6,142.6
3680,11042,UMI,270.0,43.90156,-79.24747,100.0,33.462,33.5,316,128.29,128.29
3681,11043,UMI,30.0,43.90156,-79.24076,100.0,20.812,20.8,230,80.67,80.67
3681,11044,UMI,150.0,43.90156,-79.24076,100.0,27.811,27.8,273,104.12,104.12
3681,11045,UMI,270.0,43.90156,-79.24076,100.0,32.78,32.8,310,120.67,120.67
3682,11046,UMI,30.0,43.90156,-79.23405,100.0,16.033,16.0,178,56.68,56.68
3682,11047,UMI,150.0,43.90156,-79.23405,100.0,22.046,22.0,254,92.98,92.98
3682,11048,UMI,270.0,43.90156,-79.23405,100.0,25.966,26.0,234,97.18,97.18
3683,11049,UMI,30.0,43.90156,-79.22734,100.0,10.885,10.9,117,43.04,43.04
3683,11050,UMI,150.0,43.90156,-79.22734,100.0,19.329,19.3,187,74.9,74.9
3683,11051,UMI,270.0,43.90156,-79.22734,100.0,18.724,18.7,201,76.03,76.03
3684,11052,UMI,30.0,43.90156,-79.22063,100.0,7.436,7.4,83,32.94,32.94
3684,11053,UMI,150.0,43.90156,-79.22063,100.0,10.525,10.5,129,45.36,45.36
3684,11054,UMI,270.0,43.90156,-79.22063,100.0,11.829,11.8,117,47.53,47.53
3685,11055,UMI,30.0,43.90156,-79.21393,100.0,9.737,9.7,45,17.01,17.01
3685,11056,UMI,150.0,43.90156,-79.21393,100.0,5.347,5.3,52,18.78,18.78
3685,11057,UMI,270.0,43.90156,-79.21393,100.0,6.417,6.4,55,22.13,22.13
3686,11058,UMI,30.0,43.90156,-79.18709,100.0,0.666,0.7,13,3.56,3.56
3686,11059,UMI,150.0,43.90156,-79.18709,100.0,0.408,0.4,11,1.97,1.97
3686,11060,UMI,270.0,43.90156,-79.18709,100.0,2.647,2.6,9,4.32,4.32
3687,11061,UMI,30.0,43.90575,-79.51915,100.0,1.774,1.8,15,5.47,5.47
3687,11062,UMI,150.0,43.90575,-79.51915,100.0,1.842,1.8,26,7.22,7.22
3687,11063,UMI,270.0,43.90575,-79.51915,100.0,1.918,1.9,29,9.04,9.04
3688,11064,UMI,30.0,43.90575,-79.47219,100.0,10.124,10.1,104,38.15,38.15
3688,11065,UMI,150.0,43.90575,-79.47219,100.0,13.163,13.2,101,45.41,45.41
3688,11066,UMI,270.0,43.90575,-79.47219,100.0,5.689,5.7,68,26.21,26.21
3689,11067,UMI,30.0,43.90575,-79.46548,100.0,13.793,13.8,134,49.14,49.14
3689,11068,UMI,150.0,43.90575,-79.46548,100.0,11.19,11.2,129,47.21,47.21
3689,11069,UMI,270.0,43.90575,-79.46548,100.0,20.369,20.4,139,61.11,61.11
3690,11070,UMI,30.0,43.90575,-79.45877,100.0,14.639,14.6,152,68.05,68.05
3690,11071,UMI,150.0,43.90575,-79.45877,100.0,15.093,15.1,189,65.51,65.51
3690,11072,UMI,270.0,43.90575,-79.45877,100.0,12.843,12.8,154,56.6,56.6
3691,11073,UMI,30.0,43.90575,-79.45207,100.0,21.948,21.9,179,72.87,72.87
3691,11074,UMI,150.0,43.90575,-79.45207,100.0,18.827,18.8,202,73.3,73.3
3691,11075,UMI,270.0,43.90575,-79.45207,100.0,17.162,17.2,162,59.71,59.71
3692,11076,UMI,30.0,43.90575,-79.44536,100.0,23.142,23.1,208,84.85,84.85
3692,11077,UMI,150.0,43.90575,-79.44536,100.0,19.504,19.5,204,81.41,81.41
3692,11078,UMI,270.0,43.90575,-79.44536,100.0,20.815,20.8,199,85.73,85.73
3693,11079,UMI,30.0,43.90575,-79.43865,100.0,29.566,29.6,262,100.72,100.72
3693,11080,UMI,150.0,43.90575,-79.43865,100.0,29.857,29.9,252,104.11,104.11
3693,11081,UMI,270.0,43.90575,-79.43865,100.0,23.501,23.5,227,97.56,97.56
3694,11082,UMI,30.0,43.90575,-79.43194,100.0,20.387,20.4,199,77.59,77.59
3694,11083,UMI,150.0,43.90575,-79.43194,100.0,21.933,21.9,184,73.17,73.17
3694,11084,UMI,270.0,43.90575,-79.43194,100.0,24.837,24.8,225,83.67,83.67
3695,11085,UMI,30.0,43.90575,-79.42523,100.0,7.224,7.2,88,34.72,34.72
3695,11086,UMI,150.0,43.90575,-79.42523,100.0,18.339,18.3,138,48.88,48.88
3695,11087,UMI,270.0,43.90575,-79.42523,100.0,13.146,13.1,161,53.96,53.96
3696,11088,UMI,30.0,43.90575,-79.41853,100.0,6.082,6.1,55,22.7,22.7
3696,11089,UMI,150.0,43.90575,-79.41853,100.0,6.144,6.1,47,21.39,21.39
3696,11090,UMI,270.0,43.90575,-79.41853,100.0,9.537,9.5,77,41.06,41.06
3697,11091,UMI,30.0,43.90575,-79.41182,100.0,1.74,1.7,19,7.48,7.48
3697,11092,UMI,150.0,43.90575,-79.41182,100.0,5.433,5.4,42,18.28,18.28
3697,11093,UMI,270.0,43.90575,-79.41182,100.0,2.821,2.8,30,11.72,11.72
3698,11094,UMI,30.0,43.90575,-79.3984,100.0,2.438,2.4,34,12.29,12.29
3698,11095,UMI,150.0,43.90575,-79.3984,100.0,4.781,4.8,52,18.64,18.64
3698,11096,UMI,270.0,43.90575,-79.3984,100.0,4.673,4.7,44,17.98,17.98
3699,11097,UMI,30.0,43.90575,-79.38498,100.0,3.888,3.9,46,19.58,19.58
3699,11098,UMI,150.0,43.90575,-79.38498,100.0,5.733,5.7,64,24.1,24.1
3699,11099,UMI,270.0,43.90575,-79.38498,100.0,4.111,4.1,44,16.46,16.46
3700,11100,UMI,30.0,43.90575,-79.37828,100.0,19.006,19.0,120,53.85,53.85
3700,11101,UMI,150.0,43.90575,-79.37828,100.0,13.29,13.3,135,48.59,48.59
3700,11102,UMI,270.0,43.90575,-79.37828,100.0,8.896,8.9,84,36.12,36.12
3701,11103,UMI,30.0,43.90575,-79.37157,100.0,10.037,10.0,89,37.69,37.69
3701,11104,UMI,150.0,43.90575,-79.37157,100.0,13.723,13.7,127,54.19,54.19
3701,11105,UMI,270.0,43.90575,-79.37157,100.0,11.328,11.3,140,50.78,50.78
3702,11106,UMI,30.0,43.90575,-79.36486,100.0,2.914,2.9,37,12.7,12.7
3702,11107,UMI,150.0,43.90575,-79.36486,100.0,10.617,10.6,65,30.59,30.59
3702,11108,UMI,270.0,43.90575,-79.36486,100.0,5.644,5.6,71,22.51,22.51
3703,11109,UMI,30.0,43.90575,-79.35815,100.0,3.42,3.4,24,12.08,12.08
3703,11110,UMI,150.0,43.90575,-79.35815,100.0,2.76,2.8,25,13.6,13.6
3703,11111,UMI,270.0,43.90575,-79.35815,100.0,2.745,2.7,28,10.12,10.12
3704,11112,UMI,30.0,43.90575,-79.34474,100.0,1.806,1.8,23,9.45,9.45
3704,11113,UMI,150.0,43.90575,-79.34474,100.0,1.428,1.4,24,6.5,6.5
3704,11114,UMI,270.0,43.90575,-79.34474,100.0,0.994,1.0,13,5.42,5.42
3705,11115,UMI,30.0,43.90575,-79.32461,100.0,1.841,1.8,22,10.18,10.18
3705,11116,UMI,150.0,43.90575,-79.32461,100.0,2.644,2.6,28,13.44,13.44
3705,11117,UMI,270.0,43.90575,-79.32461,100.0,1.853,1.9,27,12.31,12.31
3706,11118,UMI,30.0,43.90575,-79.3179,100.0,4.292,4.3,26,13.36,13.36
3706,11119,UMI,150.0,43.90575,-79.3179,100.0,7.128,7.1,61,26.99,26.99
3706,11120,UMI,270.0,43.90575,-79.3179,100.0,3.874,3.9,47,16.66,16.66
3707,11121,UMI,30.0,43.90575,-79.30449,100.0,3.989,4.0,42,16.92,16.92
3707,11122,UMI,150.0,43.90575,-79.30449,100.0,6.645,6.6,70,28.58,28.58
3707,11123,UMI,270.0,43.90575,-79.30449,100.0,3.103,3.1,43,12.74,12.74
3708,11124,UMI,30.0,43.90575,-79.29778,100.0,4.8,4.8,57,21.29,21.29
3708,11125,UMI,150.0,43.90575,-79.29778,100.0,9.114,9.1,93,33.58,33.58
3708,11126,UMI,270.0,43.90575,-79.29778,100.0,11.234,11.2,62,32.62,32.62
3709,11127,UMI,30.0,43.90575,-79.29107,100.0,6.232,6.2,83,32.71,32.71
3709,11128,UMI,150.0,43.90575,-79.29107,100.0,10.713,10.7,154,45.31,45.31
3709,11129,UMI,270.0,43.90575,-79.29107,100.0,7.824,7.8,86,35.82,35.82
3710,11130,UMI,30.0,43.90575,-79.28436,100.0,16.457,16.5,130,65.66,65.66
3710,11131,UMI,150.0,43.90575,-79.28436,100.0,20.136,20.1,196,84.98,84.98
3710,11132,UMI,270.0,43.90575,-79.28436,100.0,15.761,15.8,172,63.87,63.87
3711,11133,UMI,30.0,43.90575,-79.27765,100.0,20.232,20.2,186,59.55,59.55
3711,11134,UMI,150.0,43.90575,-79.27765,100.0,20.872,20.9,195,64.24,64.24
3711,11135,UMI,270.0,43.90575,-79.27765,100.0,15.917,15.9,175,64.2,64.2
3712,11136,UMI,30.0,43.90575,-79.27095,100.0,14.123,14.1,148,51.86,51.86
3712,11137,UMI,150.0,43.90575,-79.27095,100.0,25.891,25.9,211,93.2,93.2
3712,11138,UMI,270.0,43.90575,-79.27095,100.0,19.857,19.9,224,76.65,76.65
3713,11139,UMI,30.0,43.90575,-79.26424,100.0,15.376,15.4,181,62.11,62.11
3713,11140,UMI,150.0,43.90575,-79.26424,100.0,18.78,18.8,202,76.27,76.27
3713,11141,UMI,270.0,43.90575,-79.26424,100.0,20.315,20.3,189,82.35,82.35
3714,11142,UMI,30.0,43.90575,-79.25753,100.0,24.516,24.5,263,101.0,101.0
3714,11143,UMI,150.0,43.90575,-79.25753,100.0,28.414,28.4,300,110.87,110.87
3714,11144,UMI,270.0,43.90575,-79.25753,100.0,24.93,24.9,241,98.4,98.4
3715,11145,UMI,30.0,43.90575,-79.25082,100.0,23.782,23.8,237,95.19,95.19
3715,11146,UMI,150.0,43.90575,-79.25082,100.0,42.135,42.1,324,138.4,138.4
3715,11147,UMI,270.0,43.90575,-79.25082,100.0,22.554,22.6,270,102.62,102.62
3716,11148,UMI,30.0,43.90575,-79.24411,100.0,23.371,23.4,202,88.92,88.92
3716,11149,UMI,150.0,43.90575,-79.24411,100.0,26.078,26.1,252,100.63,100.63
3716,11150,UMI,270.0,43.90575,-79.24411,100.0,28.041,28.0,266,112.73,112.73
3717,11151,UMI,30.0,43.90575,-79.23741,100.0,10.159,10.2,101,48.07,48.07
3717,11152,UMI,150.0,43.90575,-79.23741,100.0,16.891,16.9,175,62.11,62.11
3717,11153,UMI,270.0,43.90575,-79.23741,100.0,14.919,14.9,144,60.24,60.24
3718,11154,UMI,30.0,43.90575,-79.2307,100.0,8.359,8.4,75,27.52,27.52
3718,11155,UMI,150.0,43.90575,-79.2307,100.0,16.507,16.5,126,49.52,49.52
3718,11156,UMI,270.0,43.90575,-79.2307,100.0,12.325,12.3,120,48.53,48.53
3719,11157,UMI,30.0,43.90575,-79.21728,100.0,1.445,1.4,24,8.64,8.64
3719,11158,UMI,150.0,43.90575,-79.21728,100.0,4.063,4.1,38,15.88,15.88
3719,11159,UMI,270.0,43.90575,-79.21728,100.0,2.359,2.4,39,10.85,10.85
3720,11160,UMI,30.0,43.90995,-79.5225,100.0,3.344,3.3,25,12.63,12.63
3720,11161,UMI,150.0,43.90995,-79.5225,100.0,4.413,4.4,25,13.23,13.23
3720,11162,UMI,270.0,43.90995,-79.5225,100.0,2.35,2.4,24,8.48,8.48
3721,11163,UMI,30.0,43.90995,-79.51579,100.0,3.047,3.0,21,6.44,6.44
3721,11164,UMI,150.0,43.90995,-79.51579,100.0,1.364,1.4,14,6.48,6.48
3721,11165,UMI,270.0,43.90995,-79.51579,100.0,2.266,2.3,26,9.47,9.47
3722,11166,UMI,30.0,43.90995,-79.47554,100.0,8.966,9.0,90,36.45,36.45
3722,11167,UMI,150.0,43.90995,-79.47554,100.0,8.438,8.4,98,34.73,34.73
3722,11168,UMI,270.0,43.90995,-79.47554,100.0,6.282,6.3,73,27.69,27.69
3723,11169,UMI,30.0,43.90995,-79.46884,100.0,17.438,17.4,185,72.81,72.81
3723,11170,UMI,150.0,43.90995,-79.46884,100.0,15.504,15.5,158,64.41,64.41
3723,11171,UMI,270.0,43.90995,-79.46884,100.0,14.197,14.2,132,46.61,46.61
3724,11172,UMI,30.0,43.90995,-79.46213,100.0,12.527,12.5,144,57.8,57.8
3724,11173,UMI,150.0,43.90995,-79.46213,100.0,16.403,16.4,146,60.53,60.53
3724,11174,UMI,270.0,43.90995,-79.46213,100.0,16.554,16.6,131,55.79,55.79
3725,11175,UMI,30.0,43.90995,-79.45542,100.0,13.862,13.9,147,55.02,55.02
3725,11176,UMI,150.0,43.90995,-79.45542,100.0,13.874,13.9,142,54.86,54.86
3725,11177,UMI,270.0,43.90995,-79.45542,100.0,8.65,8.6,120,37.44,37.44
3726,11178,UMI,30.0,43.90995,-79.44871,100.0,9.103,9.1,134,43.54,43.54
3726,11179,UMI,150.0,43.90995,-79.44871,100.0,19.108,19.1,167,79.18,79.18
3726,11180,UMI,270.0,43.90995,-79.44871,100.0,17.224,17.2,172,67.7,67.7
3727,11181,UMI,30.0,43.90995,-79.442,100.0,20.971,21.0,209,82.52,82.52
3727,11182,UMI,150.0,43.90995,-79.442,100.0,21.246,21.2,218,93.65,93.65
3727,11183,UMI,270.0,43.90995,-79.442,100.0,16.3,16.3,196,73.56,73.56
3728,11184,UMI,30.0,43.90995,-79.4353,100.0,21.29,21.3,166,61.46,61.46
3728,11185,UMI,150.0,43.90995,-79.4353,100.0,21.203,21.2,219,91.69,91.69
3728,11186,UMI,270.0,43.90995,-79.4353,100.0,19.996,20.0,191,77.3,77.3
3729,11187,UMI,30.0,43.90995,-79.42859,100.0,15.129,15.1,149,56.89,56.89
3729,11188,UMI,150.0,43.90995,-79.42859,100.0,17.797,17.8,151,70.65,70.65
3729,11189,UMI,270.0,43.90995,-79.42859,100.0,18.841,18.8,182,71.22,71.22
3730,11190,UMI,30.0,43.90995,-79.41517,100.0,2.314,2.3,24,8.98,8.98
3730,11191,UMI,150.0,43.90995,-79.41517,100.0,3.325,3.3,27,9.99,9.99
3730,11192,UMI,270.0,43.90995,-79.41517,100.0,2.792,2.8,31,11.24,11.24
3731,11193,UMI,30.0,43.90995,-79.39505,100.0,4.417,4.4,28,16.11,16.11
3731,11194,UMI,150.0,43.90995,-79.39505,100.0,2.997,3.0,29,12.44,12.44
3731,11195,UMI,270.0,43.90995,-79.39505,100.0,1.426,1.4,23,6.99,6.99
3732,11196,UMI,30.0,43.90995,-79.38834,100.0,2.753,2.8,28,10.88,10.88
3732,11197,UMI,150.0,43.90995,-79.38834,100.0,5.28,5.3,41,18.67,18.67
3732,11198,UMI,270.0,43.90995,-79.38834,100.0,2.296,2.3,33,10.49,10.49
3733,11199,UMI,30.0,43.90995,-79.38163,100.0,5.737,5.7,56,21.41,21.41
3733,11200,UMI,150.0,43.90995,-79.38163,100.0,11.673,11.7,85,38.22,38.22
3733,11201,UMI,270.0,43.90995,-79.38163,100.0,3.647,3.6,46,16.38,16.38
3734,11202,UMI,30.0,43.90995,-79.37492,100.0,6.458,6.5,59,29.39,29.39
3734,11203,UMI,150.0,43.90995,-79.37492,100.0,9.296,9.3,110,41.7,41.7
3734,11204,UMI,270.0,43.90995,-79.37492,100.0,10.325,10.3,101,47.05,47.05
3735,11205,UMI,30.0,43.90995,-79.36821,100.0,3.306,3.3,39,15.08,15.08
3735,11206,UMI,150.0,43.90995,-79.36821,100.0,2.919,2.9,45,14.6,14.6
3735,11207,UMI,270.0,43.90995,-79.36821,100.0,6.797,6.8,60,29.5,29.5
3736,11208,UMI,30.0,43.90995,-79.36151,100.0,1.83,1.8,19,8.49,8.49
3736,11209,UMI,150.0,43.90995,-79.36151,100.0,1.565,1.6,20,8.09,8.09
3736,11210,UMI,270.0,43.90995,-79.36151,100.0,1.902,1.9,22,8.92,8.92
3737,11211,UMI,30.0,43.90995,-79.32126,100.0,1.438,1.4,25,6.49,6.49
3737,11212,UMI,150.0,43.90995,-79.32126,100.0,3.961,4.0,33,15.45,15.45
3737,11213,UMI,270.0,43.90995,-79.32126,100.0,1.985,2.0,15,5.69,5.69
3738,11214,UMI,30.0,43.90995,-79.29442,100.0,3.508,3.5,37,13.46,13.46
3738,11215,UMI,150.0,43.90995,-79.29442,100.0,4.144,4.1,37,14.67,14.67
3738,11216,UMI,270.0,43.90995,-79.29442,100.0,5.322,5.3,51,21.8,21.8
3739,11217,UMI,30.0,43.90995,-79.28772,100.0,4.844,4.8,59,19.38,19.38
3739,11218,UMI,150.0,43.90995,-79.28772,100.0,8.082,8.1,85,29.74,29.74
3739,11219,UMI,270.0,43.90995,-79.28772,100.0,4.154,4.2,62,21.97,21.97
3740,11220,UMI,30.0,43.90995,-79.28101,100.0,6.492,6.5,75,26.48,26.48
3740,11221,UMI,150.0,43.90995,-79.28101,100.0,9.834,9.8,101,39.24,39.24
3740,11222,UMI,270.0,43.90995,-79.28101,100.0,6.992,7.0,89,29.31,29.31
3741,11223,UMI,30.0,43.90995,-79.2743,100.0,8.689,8.7,85,35.88,35.88
3741,11224,UMI,150.0,43.90995,-79.2743,100.0,19.163,19.2,130,57.02,57.02
3741,11225,UMI,270.0,43.90995,-79.2743,100.0,8.312,8.3,95,40.16,40.16
3742,11226,UMI,30.0,43.90995,-79.26759,100.0,7.706,7.7,91,30.7,30.7
3742,11227,UMI,150.0,43.90995,-79.26759,100.0,10.149,10.1,117,43.85,43.85
3742,11228,UMI,270.0,43.90995,-79.26759,100.0,8.692,8.7,88,41.88,41.88
3743,11229,UMI,30.0,43.90995,-79.26088,100.0,13.487,13.5,144,55.57,55.57
3743,11230,UMI,150.0,43.90995,-79.26088,100.0,21.102,21.1,213,79.38,79.38
3743,11231,UMI,270.0,43.90995,-79.26088,100.0,14.334,14.3,129,52.48,52.48
3744,11232,UMI,30.0,43.90995,-79.25418,100.0,16.81,16.8,168,71.78,71.78
3744,11233,UMI,150.0,43.90995,-79.25418,100.0,25.214,25.2,230,84.53,84.53
3744,11234,UMI,270.0,43.90995,-79.25418,100.0,16.999,17.0,204,75.88,75.88
3745,11235,UMI,30.0,43.90995,-79.24747,100.0,11.397,11.4,121,44.81,44.81
3745,11236,UMI,150.0,43.90995,-79.24747,100.0,16.865,16.9,162,62.48,62.48
3745,11237,UMI,270.0,43.90995,-79.24747,100.0,21.253,21.3,169,70.38,70.38
3746,11238,UMI,30.0,43.90995,-79.24076,100.0,4.324,4.3,59,21.52,21.52
3746,11239,UMI,150.0,43.90995,-79.24076,100.0,7.692,7.7,94,32.82,32.82
3746,11240,UMI,270.0,43.90995,-79.24076,100.0,9.241,9.2,118,38.06,38.06
3747,11241,UMI,30.0,43.90995,-79.23405,100.0,3.082,3.1,43,15.7,15.7
3747,11242,UMI,150.0,43.90995,-79.23405,100.0,4.384,4.4,61,21.59,21.59
3747,11243,UMI,270.0,43.90995,-79.23405,100.0,4.713,4.7,51,21.52,21.52
3748,11244,UMI,30.0,43.91414,-79.51915,100.0,3.083,3.1,43,14.46,14.46
3748,11245,UMI,150.0,43.91414,-79.51915,100.0,3.999,4.0,42,20.12,20.12
3748,11246,UMI,270.0,43.91414,-79.51915,100.0,4.307,4.3,46,18.27,18.27
3749,11247,UMI,30.0,43.91414,-79.4789,100.0,10.62,10.6,83,43.01,43.01
3749,11248,UMI,150.0,43.91414,-79.4789,100.0,6.649,6.6,70,34.27,34.27
3749,11249,UMI,270.0,43.91414,-79.4789,100.0,6.623,6.6,46,22.26,22.26
3750,11250,UMI,30.0,43.91414,-79.47219,100.0,15.029,15.0,145,56.3,56.3
3750,11251,UMI,150.0,43.91414,-79.47219,100.0,13.207,13.2,155,52.49,52.49
3750,11252,UMI,270.0,43.91414,-79.47219,100.0,14.995,15.0,119,53.73,53.73
3751,11253,UMI,30.0,43.91414,-79.46548,100.0,20.419,20.4,167,73.78,73.78
3751,11254,UMI,150.0,43.91414,-79.46548,100.0,12.323,12.3,149,54.77,54.77
3751,11255,UMI,270.0,43.91414,-79.46548,100.0,17.044,17.0,170,69.95,69.95
3752,11256,UMI,30.0,43.91414,-79.45877,100.0,16.644,16.6,137,53.5,53.5
3752,11257,UMI,150.0,43.91414,-79.45877,100.0,11.932,11.9,142,50.49,50.49
3752,11258,UMI,270.0,43.91414,-79.45877,100.0,11.44,11.4,132,47.99,47.99
3753,11259,UMI,30.0,43.91414,-79.45207,100.0,13.198,13.2,120,42.59,42.59
3753,11260,UMI,150.0,43.91414,-79.45207,100.0,13.791,13.8,117,50.92,50.92
3753,11261,UMI,270.0,43.91414,-79.45207,100.0,12.877,12.9,144,48.74,48.74
3754,11262,UMI,30.0,43.91414,-79.44536,100.0,12.888,12.9,157,58.26,58.26
3754,11263,UMI,150.0,43.91414,-79.44536,100.0,15.559,15.6,150,52.71,52.71
3754,11264,UMI,270.0,43.91414,-79.44536,100.0,16.743,16.7,130,55.44,55.44
3755,11265,UMI,30.0,43.91414,-79.43865,100.0,16.022,16.0,154,61.73,61.73
3755,11266,UMI,150.0,43.91414,-79.43865,100.0,19.59,19.6,162,69.49,69.49
3755,11267,UMI,270.0,43.91414,-79.43865,100.0,14.708,14.7,177,65.08,65.08
3756,11268,UMI,30.0,43.91414,-79.43194,100.0,10.859,10.9,110,47.7,47.7
3756,11269,UMI,150.0,43.91414,-79.43194,100.0,18.516,18.5,153,65.61,65.61
3756,11270,UMI,270.0,43.91414,-79.43194,100.0,17.107,17.1,167,68.0,68.0
3757,11271,UMI,30.0,43.91414,-79.42523,100.0,4.177,4.2,52,19.01,19.01
3757,11272,UMI,150.0,43.91414,-79.42523,100.0,4.756,4.8,65,23.66,23.66
3757,11273,UMI,270.0,43.91414,-79.42523,100.0,6.544,6.5,79,24.94,24.94
3758,11274,UMI,30.0,43.91414,-79.41853,100.0,3.246,3.2,31,16.05,16.05
3758,11275,UMI,150.0,43.91414,-79.41853,100.0,3.853,3.9,34,14.04,14.04
3758,11276,UMI,270.0,43.91414,-79.41853,100.0,4.187,4.2,50,18.14,18.14
3759,11277,UMI,30.0,43.91414,-79.38498,100.0,5.212,5.2,44,18.23,18.23
3759,11278,UMI,150.0,43.91414,-79.38498,100.0,4.041,4.0,53,17.49,17.49
3759,11279,UMI,270.0,43.91414,-79.38498,100.0,3.717,3.7,36,15.65,15.65
3760,11280,UMI,30.0,43.91414,-79.37828,100.0,2.518,2.5,35,11.7,11.7
3760,11281,UMI,150.0,43.91414,-79.37828,100.0,5.649,5.6,61,23.58,23.58
3760,11282,UMI,270.0,43.91414,-79.37828,100.0,4.124,4.1,53,20.8,20.8
3761,11283,UMI,30.0,43.91414,-79.37157,100.0,4.233,4.2,40,20.05,20.05
3761,11284,UMI,150.0,43.91414,-79.37157,100.0,6.334,6.3,37,20.8,20.8
3761,11285,UMI,270.0,43.91414,-79.37157,100.0,3.036,3.0,37,14.1,14.1
3762,11286,UMI,30.0,43.91414,-79.27095,100.0,3.699,3.7,37,18.65,18.65
3762,11287,UMI,150.0,43.91414,-79.27095,100.0,6.32,6.3,68,27.27,27.27
3762,11288,UMI,270.0,43.91414,-79.27095,100.0,5.761,5.8,46,20.24,20.24
3763,11289,UMI,30.0,43.91414,-79.26424,100.0,5.826,5.8,67,26.87,26.87
3763,11290,UMI,150.0,43.91414,-79.26424,100.0,7.314,7.3,91,32.74,32.74
3763,11291,UMI,270.0,43.91414,-79.26424,100.0,7.325,7.3,56,20.22,20.22
3764,11292,UMI,30.0,43.91414,-79.25753,100.0,6.655,6.7,81,32.33,32.33
3764,11293,UMI,150.0,43.91414,-79.25753,100.0,14.756,14.8,135,53.02,53.02
3764,11294,UMI,270.0,43.91414,-79.25753,100.0,8.561,8.6,80,33.25,33.25
3765,11295,UMI,30.0,43.91414,-79.25082,100.0,7.326,7.3,86,31.48,31.48
3765,11296,UMI,150.0,43.91414,-79.25082,100.0,17.903,17.9,105,46.39,46.39
3765,11297,UMI,270.0,43.91414,-79.25082,100.0,12.812,12.8,118,49.06,49.06
3766,11298,UMI,30.0,43.91414,-79.24411,100.0,3.019,3.0,39,14.63,14.63
3766,11299,UMI,150.0,43.91414,-79.24411,100.0,7.372,7.4,81,31.56,31.56
3766,11300,UMI,270.0,43.91414,-79.24411,100.0,8.681,8.7,94,38.48,38.48
3767,11301,UMI,30.0,43.91834,-79.5225,100.0,7.375,7.4,55,22.05,22.05
3767,11302,UMI,150.0,43.91834,-79.5225,100.0,5.45,5.4,48,19.82,19.82
3767,11303,UMI,270.0,43.91834,-79.5225,100.0,4.534,4.5,51,21.22,21.22
3768,11304,UMI,30.0,43.91834,-79.51579,100.0,2.903,2.9,47,10.89,10.89
3768,11305,UMI,150.0,43.91834,-79.51579,100.0,3.661,3.7,41,16.28,16.28
3768,11306,UMI,270.0,43.91834,-79.51579,100.0,3.115,3.1,41,15.45,15.45
3769,11307,UMI,30.0,43.91834,-79.49567,100.0,0.94,0.9,9,6.09,6.09
3769,11308,UMI,150.0,43.91834,-79.49567,100.0,2.974,3.0,16,6.24,6.24
3769,11309,UMI,270.0,43.91834,-79.49567,100.0,1.482,1.5,18,7.17,7.17
3770,11310,UMI,30.0,43.91834,-79.47554,100.0,12.375,12.4,163,53.7,53.7
3770,11311,UMI,150.0,43.91834,-79.47554,100.0,9.588,9.6,117,44.39,44.39
3770,11312,UMI,270.0,43.91834,-79.47554,100.0,6.999,7.0,74,28.1,28.1
3771,11313,UMI,30.0,43.91834,-79.46884,100.0,21.675,21.7,160,66.65,66.65
3771,11314,UMI,150.0,43.91834,-79.46884,100.0,19.963,20.0,176,75.45,75.45
3771,11315,UMI,270.0,43.91834,-79.46884,100.0,16.972,17.0,178,67.79,67.79
3772,11316,UMI,30.0,43.91834,-79.46213,100.0,10.47,10.5,118,39.2,39.2
3772,11317,UMI,150.0,43.91834,-79.46213,100.0,13.692,13.7,125,53.4,53.4
3772,11318,UMI,270.0,43.91834,-79.46213,100.0,15.543,15.5,147,53.4,53.4
3773,11319,UMI,30.0,43.91834,-79.45542,100.0,13.323,13.3,136,49.84,49.84
3773,11320,UMI,150.0,43.91834,-79.45542,100.0,14.335,14.3,123,40.28,40.28
3773,11321,UMI,270.0,43.91834,-79.45542,100.0,15.828,15.8,112,49.8,49.8
3774,11322,UMI,30.0,43.91834,-79.44871,100.0,8.493,8.5,94,36.85,36.85
3774,11323,UMI,150.0,43.91834,-79.44871,100.0,12.884,12.9,125,52.65,52.65
3774,11324,UMI,270.0,43.91834,-79.44871,100.0,12.681,12.7,129,49.14,49.14
3775,11325,UMI,30.0,43.91834,-79.442,100.0,10.525,10.5,81,30.87,30.87
3775,11326,UMI,150.0,43.91834,-79.442,100.0,16.126,16.1,125,52.57,52.57
3775,11327,UMI,270.0,43.91834,-79.442,100.0,15.347,15.3,108,56.39,56.39
3776,11328,UMI,30.0,43.91834,-79.4353,100.0,8.808,8.8,78,34.58,34.58
3776,11329,UMI,150.0,43.91834,-79.4353,100.0,10.643,10.6,119,45.96,45.96
3776,11330,UMI,270.0,43.91834,-79.4353,100.0,10.267,10.3,122,47.61,47.61
3777,11331,UMI,30.0,43.91834,-79.42859,100.0,6.208,6.2,59,27.62,27.62
3777,11332,UMI,150.0,43.91834,-79.42859,100.0,7.424,7.4,75,31.51,31.51
3777,11333,UMI,270.0,43.91834,-79.42859,100.0,8.052,8.1,80,33.74,33.74
3778,11334,UMI,30.0,43.91834,-79.42188,100.0,3.061,3.1,46,13.25,13.25
3778,11335,UMI,150.0,43.91834,-79.42188,100.0,3.718,3.7,54,17.27,17.27
3778,11336,UMI,270.0,43.91834,-79.42188,100.0,7.179,7.2,59,28.88,28.88
3779,11337,UMI,30.0,43.91834,-79.41517,100.0,1.684,1.7,22,8.27,8.27
3779,11338,UMI,150.0,43.91834,-79.41517,100.0,1.463,1.5,19,6.54,6.54
3779,11339,UMI,270.0,43.91834,-79.41517,100.0,2.948,2.9,33,12.34,12.34
3780,11340,UMI,30.0,43.91834,-79.40175,100.0,1.226,1.2,21,6.34,6.34
3780,11341,UMI,150.0,43.91834,-79.40175,100.0,1.586,1.6,20,5.73,5.73
3780,11342,UMI,270.0,43.91834,-79.40175,100.0,2.668,2.7,20,6.9,6.9
3781,11343,UMI,30.0,43.91834,-79.38834,100.0,1.934,1.9,23,9.02,9.02
3781,11344,UMI,150.0,43.91834,-79.38834,100.0,3.05,3.0,25,6.87,6.87
3781,11345,UMI,270.0,43.91834,-79.38834,100.0,2.312,2.3,36,10.92,10.92
3782,11346,UMI,30.0,43.91834,-79.38163,100.0,2.365,2.4,30,12.14,12.14
3782,11347,UMI,150.0,43.91834,-79.38163,100.0,3.448,3.4,45,15.51,15.51
3782,11348,UMI,270.0,43.91834,-79.38163,100.0,3.454,3.5,26,12.84,12.84
3783,11349,UMI,30.0,43.91834,-79.29442,100.0,1.805,1.8,20,6.33,6.33
3783,11350,UMI,150.0,43.91834,-79.29442,100.0,1.074,1.1,18,5.54,5.54
3783,11351,UMI,270.0,43.91834,-79.29442,100.0,2.498,2.5,30,14.2,14.2
3784,11352,UMI,30.0,43.91834,-79.28772,100.0,2.83,2.8,16,10.99,10.99
3784,11353,UMI,150.0,43.91834,-79.28772,100.0,2.791,2.8,25,12.14,12.14
3784,11354,UMI,270.0,43.91834,-79.28772,100.0,1.676,1.7,21,7.42,7.42
3785,11355,UMI,30.0,43.91834,-79.2743,100.0,3.55,3.5,25,12.65,12.65
3785,11356,UMI,150.0,43.91834,-79.2743,100.0,3.622,3.6,34,14.91,14.91
3785,11357,UMI,270.0,43.91834,-79.2743,100.0,3.566,3.6,24,14.89,14.89
3786,11358,UMI,30.0,43.91834,-79.1066,100.0,0.728,0.7,9,3.71,3.71
3786,11359,UMI,150.0,43.91834,-79.1066,100.0,1.413,1.4,11,5.65,5.65
3786,11360,UMI,270.0,43.91834,-79.1066,100.0,0.56,0.6,6,2.93,2.93
3787,11361,UMI,30.0,43.92253,-79.52586,100.0,7.423,7.4,63,28.27,28.27
3787,11362,UMI,150.0,43.92253,-79.52586,100.0,7.195,7.2,69,30.81,30.81
3787,11363,UMI,270.0,43.92253,-79.52586,100.0,1.339,1.3,29,6.09,6.09
3788,11364,UMI,30.0,43.92253,-79.51915,100.0,7.456,7.5,83,30.51,30.51
3788,11365,UMI,150.0,43.92253,-79.51915,100.0,8.008,8.0,65,32.19,32.19
3788,11366,UMI,270.0,43.92253,-79.51915,100.0,7.933,7.9,79,34.87,34.87
3789,11367,UMI,30.0,43.92253,-79.51244,100.0,5.218,5.2,40,17.98,17.98
3789,11368,UMI,150.0,43.92253,-79.51244,100.0,1.965,2.0,22,8.8,8.8
3789,11369,UMI,270.0,43.92253,-79.51244,100.0,3.781,3.8,47,16.08,16.08
3790,11370,UMI,30.0,43.92253,-79.50573,100.0,1.592,1.6,17,6.25,6.25
3790,11371,UMI,150.0,43.92253,-79.50573,100.0,0.684,0.7,19,3.78,3.78
3790,11372,UMI,270.0,43.92253,-79.50573,100.0,2.126,2.1,27,9.21,9.21
3791,11373,UMI,30.0,43.92253,-79.4789,100.0,5.838,5.8,68,24.85,24.85
3791,11374,UMI,150.0,43.92253,-79.4789,100.0,6.3,6.3,67,25.77,25.77
3791,11375,UMI,270.0,43.92253,-79.4789,100.0,3.189,3.2,50,16.41,16.41
3792,11376,UMI,30.0,43.92253,-79.47219,100.0,9.669,9.7,98,38.03,38.03
3792,11377,UMI,150.0,43.92253,-79.47219,100.0,11.762,11.8,120,48.03,48.03
3792,11378,UMI,270.0,43.92253,-79.47219,100.0,9.678,9.7,122,49.59,49.59
3793,11379,UMI,30.0,43.92253,-79.46548,100.0,10.794,10.8,94,41.08,41.08
3793,11380,UMI,150.0,43.92253,-79.46548,100.0,8.578,8.6,106,37.62,37.62
3793,11381,UMI,270.0,43.92253,-79.46548,100.0,11.573,11.6,134,50.74,50.74
3794,11382,UMI,30.0,43.92253,-79.45877,100.0,7.329,7.3,94,32.63,32.63
3794,11383,UMI,150.0,43.92253,-79.45877,100.0,14.108,14.1,135,53.49,53.49
3794,11384,UMI,270.0,43.92253,-79.45877,100.0,7.97,8.0,105,38.52,38.52
3795,11385,UMI,30.0,43.92253,-79.45207,100.0,10.053,10.1,110,39.84,39.84
3795,11386,UMI,150.0,43.92253,-79.45207,100.0,12.441,12.4,109,47.88,47.88
3795,11387,UMI,270.0,43.92253,-79.45207,100.0,15.438,15.4,124,52.27,52.27
3796,11388,UMI,30.0,43.92253,-79.44536,100.0,8.305,8.3,56,25.39,25.39
3796,11389,UMI,150.0,43.92253,-79.44536,100.0,9.208,9.2,68,34.04,34.04
3796,11390,UMI,270.0,43.92253,-79.44536,100.0,6.329,6.3,68,24.83,24.83
3797,11391,UMI,30.0,43.92253,-79.43865,100.0,5.105,5.1,46,21.3,21.3
3797,11392,UMI,150.0,43.92253,-79.43865,100.0,5.695,5.7,58,19.94,19.94
3797,11393,UMI,270.0,43.92253,-79.43865,100.0,3.73,3.7,39,16.54,16.54
3798,11394,UMI,30.0,43.92253,-79.43194,100.0,3.002,3.0,36,12.49,12.49
3798,11395,UMI,150.0,43.92253,-79.43194,100.0,4.345,4.3,49,21.15,21.15
3798,11396,UMI,270.0,43.92253,-79.43194,100.0,5.413,5.4,57,22.82,22.82
3799,11397,UMI,30.0,43.92253,-79.42523,100.0,4.519,4.5,46,19.17,19.17
3799,11398,UMI,150.0,43.92253,-79.42523,100.0,4.489,4.5,52,18.7,18.7
3799,11399,UMI,270.0,43.92253,-79.42523,100.0,5.715,5.7,50,21.0,21.0
3800,11400,UMI,30.0,43.92253,-79.41853,100.0,3.694,3.7,46,15.71,15.71
3800,11401,UMI,150.0,43.92253,-79.41853,100.0,5.29,5.3,50,21.42,21.42
3800,11402,UMI,270.0,43.92253,-79.41853,100.0,3.984,4.0,57,21.83,21.83
3801,11403,UMI,30.0,43.92253,-79.37828,100.0,1.978,2.0,21,8.55,8.55
3801,11404,UMI,150.0,43.92253,-79.37828,100.0,2.417,2.4,31,8.09,8.09
3801,11405,UMI,270.0,43.92253,-79.37828,100.0,1.73,1.7,22,10.61,10.61
3802,11406,UMI,30.0,43.92253,-79.35144,100.0,1.007,1.0,13,5.93,5.93
3802,11407,UMI,150.0,43.92253,-79.35144,100.0,2.069,2.1,18,8.78,8.78
3802,11408,UMI,270.0,43.92253,-79.35144,100.0,0.683,0.7,12,3.4,3.4
3803,11409,UMI,30.0,43.92673,-79.5225,100.0,6.503,6.5,74,28.55,28.55
3803,11410,UMI,150.0,43.92673,-79.5225,100.0,7.74,7.7,74,28.85,28.85
3803,11411,UMI,270.0,43.92673,-79.5225,100.0,8.201,8.2,67,24.23,24.23
3804,11412,UMI,30.0,43.92673,-79.51579,100.0,7.82,7.8,77,33.42,33.42
3804,11413,UMI,150.0,43.92673,-79.51579,100.0,6.588,6.6,82,31.05,31.05
3804,11414,UMI,270.0,43.92673,-79.51579,100.0,8.412,8.4,79,29.4,29.4
3805,11415,UMI,30.0,43.92673,-79.50909,100.0,4.439,4.4,31,15.81,15.81
3805,11416,UMI,150.0,43.92673,-79.50909,100.0,4.526,4.5,41,21.71,21.71
3805,11417,UMI,270.0,43.92673,-79.50909,100.0,4.183,4.2,46,15.17,15.17
3806,11418,UMI,30.0,43.92673,-79.48225,100.0,6.604,6.6,56,27.13,27.13
3806,11419,UMI,150.0,43.92673,-79.48225,100.0,2.277,2.3,41,11.38,11.38
3806,11420,UMI,270.0,43.92673,-79.48225,100.0,2.422,2.4,30,11.42,11.42
3807,11421,UMI,30.0,43.92673,-79.47554,100.0,8.786,8.8,81,40.4,40.4
3807,11422,UMI,150.0,43.92673,-79.47554,100.0,10.24,10.2,87,43.28,43.28
3807,11423,UMI,270.0,43.92673,-79.47554,100.0,4.936,4.9,65,25.76,25.76
3808,11424,UMI,30.0,43.92673,-79.46884,100.0,9.67,9.7,97,43.77,43.77
3808,11425,UMI,150.0,43.92673,-79.46884,100.0,8.872,8.9,72,34.44,34.44
3808,11426,UMI,270.0,43.92673,-79.46884,100.0,6.978,7.0,70,24.69,24.69
3809,11427,UMI,30.0,43.92673,-79.46213,100.0,6.13,6.1,68,23.99,23.99
3809,11428,UMI,150.0,43.92673,-79.46213,100.0,6.256,6.3,84,24.5,24.5
3809,11429,UMI,270.0,43.92673,-79.46213,100.0,6.423,6.4,70,25.99,25.99
3810,11430,UMI,30.0,43.92673,-79.45542,100.0,4.773,4.8,90,23.13,23.13
3810,11431,UMI,150.0,43.92673,-79.45542,100.0,13.578,13.6,112,49.77,49.77
3810,11432,UMI,270.0,43.92673,-79.45542,100.0,8.724,8.7,114,35.62,35.62
3811,11433,UMI,30.0,43.92673,-79.44871,100.0,6.158,6.2,64,29.71,29.71
3811,11434,UMI,150.0,43.92673,-79.44871,100.0,4.861,4.9,55,20.1,20.1
3811,11435,UMI,270.0,43.92673,-79.44871,100.0,10.055,10.1,90,35.88,35.88
3812,11436,UMI,30.0,43.92673,-79.42859,100.0,7.224,7.2,36,11.51,11.51
3812,11437,UMI,150.0,43.92673,-79.42859,100.0,4.434,4.4,41,20.16,20.16
3812,11438,UMI,270.0,43.92673,-79.42859,100.0,4.431,4.4,44,21.04,21.04
3813,11439,UMI,30.0,43.92673,-79.42188,100.0,3.6,3.6,45,15.59,15.59
3813,11440,UMI,150.0,43.92673,-79.42188,100.0,6.94,6.9,53,20.09,20.09
3813,11441,UMI,270.0,43.92673,-79.42188,100.0,2.961,3.0,33,12.64,12.64
3814,11442,UMI,30.0,43.92673,-79.41517,100.0,3.656,3.7,41,12.75,12.75
3814,11443,UMI,150.0,43.92673,-79.41517,100.0,4.357,4.4,34,15.15,15.15
3814,11444,UMI,270.0,43.92673,-79.41517,100.0,3.669,3.7,34,14.66,14.66
3815,11445,UMI,30.0,43.92673,-79.40846,100.0,1.86,1.9,30,10.34,10.34
3815,11446,UMI,150.0,43.92673,-79.40846,100.0,1.8,1.8,29,8.82,8.82
3815,11447,UMI,270.0,43.92673,-79.40846,100.0,2.245,2.2,20,9.69,9.69
3816,11448,UMI,30.0,43.92673,-79.38163,100.0,0.912,0.9,14,5.5,5.5
3816,11449,UMI,150.0,43.92673,-79.38163,100.0,1.678,1.7,22,8.43,8.43
3816,11450,UMI,270.0,43.92673,-79.38163,100.0,1.558,1.6,15,7.47,7.47
3817,11451,UMI,30.0,43.92673,-79.37492,100.0,1.694,1.7,15,9.19,9.19
3817,11452,UMI,150.0,43.92673,-79.37492,100.0,2.161,2.2,21,5.98,5.98
3817,11453,UMI,270.0,43.92673,-79.37492,100.0,1.633,1.6,17,5.52,5.52
3818,11454,UMI,30.0,43.92673,-79.32126,100.0,1.084,1.1,14,7.01,7.01
3818,11455,UMI,150.0,43.92673,-79.32126,100.0,1.349,1.3,18,6.63,6.63
3818,11456,UMI,270.0,43.92673,-79.32126,100.0,2.169,2.2,29,9.99,9.99
3819,11457,UMI,30.0,43.92673,-79.30113,100.0,0.82,0.8,17,4.74,4.74
3819,11458,UMI,150.0,43.92673,-79.30113,100.0,1.98,2.0,22,8.94,8.94
3819,11459,UMI,270.0,43.92673,-79.30113,100.0,0.879,0.9,13,4.16,4.16
3820,11460,UMI,30.0,43.92673,-79.29442,100.0,0.923,0.9,16,3.95,3.95
3820,11461,UMI,150.0,43.92673,-79.29442,100.0,1.864,1.9,30,9.08,9.08
3820,11462,UMI,270.0,43.92673,-79.29442,100.0,2.778,2.8,20,10.57,10.57
3821,11463,UMI,30.0,43.92673,-79.2743,100.0,1.027,1.0,16,4.99,4.99
3821,11464,UMI,150.0,43.92673,-79.2743,100.0,2.019,2.0,19,8.2,8.2
3821,11465,UMI,270.0,43.92673,-79.2743,100.0,1.305,1.3,15,5.54,5.54
3822,11466,UMI,30.0,43.92673,-79.22063,100.0,0.915,0.9,8,2.63,2.63
3822,11467,UMI,150.0,43.92673,-79.22063,100.0,1.021,1.0,7,3.91,3.91
3822,11468,UMI,270.0,43.92673,-79.22063,100.0,0.781,0.8,14,4.41,4.41
3823,11469,UMI,30.0,43.92673,-79.09318,100.0,1.447,1.4,16,7.15,7.15
3823,11470,UMI,150.0,43.92673,-79.09318,100.0,0.91,0.9,12,5.72,5.72
3823,11471,UMI,270.0,43.92673,-79.09318,100.0,0.861,0.9,15,4.25,4.25
3824,11472,UMI,30.0,43.93092,-79.52586,100.0,5.765,5.8,45,21.25,21.25
3824,11473,UMI,150.0,43.93092,-79.52586,100.0,7.956,8.0,71,28.18,28.18
3824,11474,UMI,270.0,43.93092,-79.52586,100.0,3.446,3.4,47,15.44,15.44
3825,11475,UMI,30.0,43.93092,-79.51915,100.0,5.108,5.1,72,23.56,23.56
3825,11476,UMI,150.0,43.93092,-79.51915,100.0,6.78,6.8,72,31.53,31.53
3825,11477,UMI,270.0,43.93092,-79.51915,100.0,6.724,6.7,77,31.87,31.87
3826,11478,UMI,30.0,43.93092,-79.51244,100.0,4.893,4.9,59,22.6,22.6
3826,11479,UMI,150.0,43.93092,-79.51244,100.0,6.312,6.3,62,24.66,24.66
3826,11480,UMI,270.0,43.93092,-79.51244,100.0,9.977,10.0,75,28.67,28.67
3827,11481,UMI,30.0,43.93092,-79.50573,100.0,3.557,3.6,31,17.95,17.95
3827,11482,UMI,150.0,43.93092,-79.50573,100.0,5.204,5.2,33,12.18,12.18
3827,11483,UMI,270.0,43.93092,-79.50573,100.0,7.243,7.2,49,26.62,26.62
3828,11484,UMI,30.0,43.93092,-79.4789,100.0,10.612,10.6,118,46.28,46.28
3828,11485,UMI,150.0,43.93092,-79.4789,100.0,8.922,8.9,93,35.66,35.66
3828,11486,UMI,270.0,43.93092,-79.4789,100.0,5.865,5.9,55,21.39,21.39
3829,11487,UMI,30.0,43.93092,-79.47219,100.0,6.387,6.4,85,26.93,26.93
3829,11488,UMI,150.0,43.93092,-79.47219,100.0,12.943,12.9,105,37.0,37.0
3829,11489,UMI,270.0,43.93092,-79.47219,100.0,15.282,15.3,130,48.94,48.94
3830,11490,UMI,30.0,43.93092,-79.46548,100.0,10.071,10.1,63,26.79,26.79
3830,11491,UMI,150.0,43.93092,-79.46548,100.0,6.848,6.8,56,26.32,26.32
3830,11492,UMI,270.0,43.93092,-79.46548,100.0,6.166,6.2,82,27.64,27.64
3831,11493,UMI,30.0,43.93092,-79.45877,100.0,8.981,9.0,83,34.34,34.34
3831,11494,UMI,150.0,43.93092,-79.45877,100.0,7.972,8.0,67,30.17,30.17
3831,11495,UMI,270.0,43.93092,-79.45877,100.0,4.492,4.5,60,21.13,21.13
3832,11496,UMI,30.0,43.93092,-79.45207,100.0,6.899,6.9,58,23.49,23.49
3832,11497,UMI,150.0,43.93092,-79.45207,100.0,5.927,5.9,70,23.42,23.42
3832,11498,UMI,270.0,43.93092,-79.45207,100.0,7.124,7.1,77,28.27,28.27
3833,11499,UMI,30.0,43.93092,-79.43865,100.0,4.331,4.3,36,15.84,15.84
3833,11500,UMI,150.0,43.93092,-79.43865,100.0,5.285,5.3,37,14.21,14.21
3833,11501,UMI,270.0,43.93092,-79.43865,100.0,2.955,3.0,34,11.56,11.56
3834,11502,UMI,30.0,43.93092,-79.42523,100.0,3.773,3.8,48,15.52,15.52
3834,11503,UMI,150.0,43.93092,-79.42523,100.0,3.304,3.3,31,14.85,14.85
3834,11504,UMI,270.0,43.93092,-79.42523,100.0,3.558,3.6,32,13.99,13.99
3835,11505,UMI,30.0,43.93092,-79.41853,100.0,2.415,2.4,33,11.56,11.56
3835,11506,UMI,150.0,43.93092,-79.41853,100.0,3.639,3.6,37,13.9,13.9
3835,11507,UMI,270.0,43.93092,-79.41853,100.0,4.898,4.9,45,19.91,19.91
3836,11508,UMI,30.0,43.93092,-79.41182,100.0,3.214,3.2,33,12.03,12.03
3836,11509,UMI,150.0,43.93092,-79.41182,100.0,3.428,3.4,40,16.33,16.33
3836,11510,UMI,270.0,43.93092,-79.41182,100.0,1.646,1.6,27,9.13,9.13
3837,11511,UMI,30.0,43.93092,-79.37828,100.0,0.854,0.9,18,3.7,3.7
3837,11512,UMI,150.0,43.93092,-79.37828,100.0,2.729,2.7,22,10.83,10.83
3837,11513,UMI,270.0,43.93092,-79.37828,100.0,1.048,1.0,14,6.5,6.5
3838,11514,UMI,30.0,43.93092,-79.34474,100.0,1.585,1.6,18,8.31,8.31
3838,11515,UMI,150.0,43.93092,-79.34474,100.0,1.234,1.2,18,5.76,5.76
3838,11516,UMI,270.0,43.93092,-79.34474,100.0,1.398,1.4,17,5.71,5.71
3839,11517,UMI,30.0,43.93092,-79.33803,100.0,1.636,1.6,25,8.55,8.55
3839,11518,UMI,150.0,43.93092,-79.33803,100.0,1.999,2.0,19,10.34,10.34
3839,11519,UMI,270.0,43.93092,-79.33803,100.0,1.446,1.4,20,5.88,5.88
3840,11520,UMI,30.0,43.93092,-79.33132,100.0,1.265,1.3,18,7.41,7.41
3840,11521,UMI,150.0,43.93092,-79.33132,100.0,1.509,1.5,17,6.44,6.44
3840,11522,UMI,270.0,43.93092,-79.33132,100.0,4.829,4.8,16,6.31,6.31
3841,11523,UMI,30.0,43.93092,-79.27095,100.0,1.549,1.5,21,8.36,8.36
3841,11524,UMI,150.0,43.93092,-79.27095,100.0,1.449,1.4,16,8.12,8.12
3841,11525,UMI,270.0,43.93092,-79.27095,100.0,2.025,2.0,19,9.31,9.31
3842,11526,UMI,30.0,43.93092,-79.25753,100.0,0.352,0.4,9,1.8,1.8
3842,11527,UMI,150.0,43.93092,-79.25753,100.0,1.549,1.5,16,5.25,5.25
3842,11528,UMI,270.0,43.93092,-79.25753,100.0,1.385,1.4,13,6.98,6.98
3843,11529,UMI,30.0,43.93092,-79.24411,100.0,1.702,1.7,18,10.51,10.51
3843,11530,UMI,150.0,43.93092,-79.24411,100.0,0.545,0.5,10,2.74,2.74
3843,11531,UMI,270.0,43.93092,-79.24411,100.0,1.463,1.5,17,6.56,6.56
3844,11532,UMI,30.0,43.93512,-79.51579,100.0,2.556,2.6,29,9.39,9.39
3844,11533,UMI,150.0,43.93512,-79.51579,100.0,3.726,3.7,52,16.17,16.17
3844,11534,UMI,270.0,43.93512,-79.51579,100.0,3.743,3.7,33,15.03,15.03
3845,11535,UMI,30.0,43.93512,-79.50909,100.0,2.682,2.7,39,11.55,11.55
3845,11536,UMI,150.0,43.93512,-79.50909,100.0,4.273,4.3,37,18.38,18.38
3845,11537,UMI,270.0,43.93512,-79.50909,100.0,5.696,5.7,55,25.01,25.01
3846,11538,UMI,30.0,43.93512,-79.48225,100.0,10.804,10.8,86,35.69,35.69
3846,11539,UMI,150.0,43.93512,-79.48225,100.0,10.242,10.2,94,36.68,36.68
3846,11540,UMI,270.0,43.93512,-79.48225,100.0,4.509,4.5,45,18.73,18.73
3847,11541,UMI,30.0,43.93512,-79.47554,100.0,16.722,16.7,143,71.48,71.48
3847,11542,UMI,150.0,43.93512,-79.47554,100.0,12.689,12.7,159,60.87,60.87
3847,11543,UMI,270.0,43.93512,-79.47554,100.0,14.565,14.6,162,58.83,58.83
3848,11544,UMI,30.0,43.93512,-79.46884,100.0,17.861,17.9,131,64.1,64.1
3848,11545,UMI,150.0,43.93512,-79.46884,100.0,15.105,15.1,117,44.87,44.87
3848,11546,UMI,270.0,43.93512,-79.46884,100.0,15.727,15.7,151,67.23,67.23
3849,11547,UMI,30.0,43.93512,-79.46213,100.0,9.254,9.3,97,38.34,38.34
3849,11548,UMI,150.0,43.93512,-79.46213,100.0,3.612,3.6,43,15.33,15.33
3849,11549,UMI,270.0,43.93512,-79.46213,100.0,6.975,7.0,72,26.92,26.92
3850,11550,UMI,30.0,43.93512,-79.45542,100.0,5.146,5.1,71,20.77,20.77
3850,11551,UMI,150.0,43.93512,-79.45542,100.0,5.291,5.3,58,18.23,18.23
3850,11552,UMI,270.0,43.93512,-79.45542,100.0,5.796,5.8,62,21.51,21.51
3851,11553,UMI,30.0,43.93512,-79.44871,100.0,5.12,5.1,73,24.82,24.82
3851,11554,UMI,150.0,43.93512,-79.44871,100.0,6.574,6.6,58,28.41,28.41
3851,11555,UMI,270.0,43.93512,-79.44871,100.0,5.946,5.9,63,25.16,25.16
3852,11556,UMI,30.0,43.93512,-79.442,100.0,7.586,7.6,72,33.59,33.59
3852,11557,UMI,150.0,43.93512,-79.442,100.0,7.802,7.8,62,30.35,30.35
3852,11558,UMI,270.0,43.93512,-79.442,100.0,5.234,5.2,52,21.01,21.01
3853,11559,UMI,30.0,43.93512,-79.4353,100.0,6.677,6.7,70,28.94,28.94
3853,11560,UMI,150.0,43.93512,-79.4353,100.0,5.312,5.3,41,22.44,22.44
3853,11561,UMI,270.0,43.93512,-79.4353,100.0,3.311,3.3,37,13.8,13.8
3854,11562,UMI,30.0,43.93512,-79.42859,100.0,5.652,5.7,41,19.16,19.16
3854,11563,UMI,150.0,43.93512,-79.42859,100.0,5.742,5.7,45,22.12,22.12
3854,11564,UMI,270.0,43.93512,-79.42859,100.0,5.769,5.8,60,24.49,24.49
3855,11565,UMI,30.0,43.93512,-79.40846,100.0,2.111,2.1,25,8.36,8.36
3855,11566,UMI,150.0,43.93512,-79.40846,100.0,3.55,3.6,29,14.48,14.48
3855,11567,UMI,270.0,43.93512,-79.40846,100.0,1.221,1.2,23,5.0,5.0
3856,11568,UMI,30.0,43.93512,-79.40175,100.0,1.149,1.1,18,6.98,6.98
3856,11569,UMI,150.0,43.93512,-79.40175,100.0,1.959,2.0,18,6.77,6.77
3856,11570,UMI,270.0,43.93512,-79.40175,100.0,4.37,4.4,22,11.05,11.05
3857,11571,UMI,30.0,43.93512,-79.39505,100.0,1.471,1.5,21,8.49,8.49
3857,11572,UMI,150.0,43.93512,-79.39505,100.0,0.671,0.7,9,3.05,3.05
3857,11573,UMI,270.0,43.93512,-79.39505,100.0,2.212,2.2,21,9.23,9.23
3858,11574,UMI,30.0,43.93512,-79.38163,100.0,5.331,5.3,35,16.59,16.59
3858,11575,UMI,150.0,43.93512,-79.38163,100.0,1.722,1.7,19,6.68,6.68
3858,11576,UMI,270.0,43.93512,-79.38163,100.0,1.427,1.4,17,7.5,7.5
3859,11577,UMI,30.0,43.93512,-79.37492,100.0,2.952,3.0,27,13.03,13.03
3859,11578,UMI,150.0,43.93512,-79.37492,100.0,1.182,1.2,18,5.88,5.88
3859,11579,UMI,270.0,43.93512,-79.37492,100.0,3.895,3.9,37,18.34,18.34
3860,11580,UMI,30.0,43.93512,-79.32797,100.0,2.158,2.2,23,10.94,10.94
3860,11581,UMI,150.0,43.93512,-79.32797,100.0,1.106,1.1,16,6.36,6.36
3860,11582,UMI,270.0,43.93512,-79.32797,100.0,1.904,1.9,20,8.54,8.54
3861,11583,UMI,30.0,43.93512,-79.31455,100.0,1.187,1.2,16,4.93,4.93
3861,11584,UMI,150.0,43.93512,-79.31455,100.0,1.719,1.7,16,6.49,6.49
3861,11585,UMI,270.0,43.93512,-79.31455,100.0,1.233,1.2,14,4.87,4.87
3862,11586,UMI,30.0,43.93512,-79.30113,100.0,1.166,1.2,14,5.81,5.81
3862,11587,UMI,150.0,43.93512,-79.30113,100.0,2.752,2.8,29,10.65,10.65
3862,11588,UMI,270.0,43.93512,-79.30113,100.0,1.472,1.5,17,6.71,6.71
3863,11589,UMI,30.0,43.93931,-79.4789,100.0,14.965,15.0,143,52.87,52.87
3863,11590,UMI,150.0,43.93931,-79.4789,100.0,16.194,16.2,142,67.28,67.28
3863,11591,UMI,270.0,43.93931,-79.4789,100.0,8.707,8.7,103,42.68,42.68
3864,11592,UMI,30.0,43.93931,-79.47219,100.0,18.481,18.5,176,72.21,72.21
3864,11593,UMI,150.0,43.93931,-79.47219,100.0,17.776,17.8,177,71.72,71.72
3864,11594,UMI,270.0,43.93931,-79.47219,100.0,17.906,17.9,186,73.19,73.19
3865,11595,UMI,30.0,43.93931,-79.46548,100.0,19.236,19.2,168,72.11,72.11
3865,11596,UMI,150.0,43.93931,-79.46548,100.0,11.774,11.8,117,47.41,47.41
3865,11597,UMI,270.0,43.93931,-79.46548,100.0,15.54,15.5,152,53.05,53.05
3866,11598,UMI,30.0,43.93931,-79.45877,100.0,13.104,13.1,136,55.59,55.59
3866,11599,UMI,150.0,43.93931,-79.45877,100.0,10.199,10.2,97,37.75,37.75
3866,11600,UMI,270.0,43.93931,-79.45877,100.0,17.154,17.2,147,59.97,59.97
3867,11601,UMI,30.0,43.93931,-79.45207,100.0,10.959,11.0,108,51.0,51.0
3867,11602,UMI,150.0,43.93931,-79.45207,100.0,10.331,10.3,90,38.38,38.38
3867,11603,UMI,270.0,43.93931,-79.45207,100.0,9.463,9.5,85,32.06,32.06
3868,11604,UMI,30.0,43.93931,-79.44536,100.0,14.679,14.7,126,53.24,53.24
3868,11605,UMI,150.0,43.93931,-79.44536,100.0,12.93,12.9,120,49.74,49.74
3868,11606,UMI,270.0,43.93931,-79.44536,100.0,9.246,9.2,106,43.34,43.34
3869,11607,UMI,30.0,43.93931,-79.43865,100.0,7.834,7.8,92,34.14,34.14
3869,11608,UMI,150.0,43.93931,-79.43865,100.0,4.81,4.8,64,21.82,21.82
3869,11609,UMI,270.0,43.93931,-79.43865,100.0,8.355,8.4,101,38.89,38.89
3870,11610,UMI,30.0,43.93931,-79.43194,100.0,8.677,8.7,100,34.76,34.76
3870,11611,UMI,150.0,43.93931,-79.43194,100.0,7.34,7.3,70,25.01,25.01
3870,11612,UMI,270.0,43.93931,-79.43194,100.0,7.891,7.9,74,35.25,35.25
3871,11613,UMI,30.0,43.93931,-79.42523,100.0,3.195,3.2,37,14.98,14.98
3871,11614,UMI,150.0,43.93931,-79.42523,100.0,3.78,3.8,42,17.18,17.18
3871,11615,UMI,270.0,43.93931,-79.42523,100.0,7.712,7.7,60,21.77,21.77
3872,11616,UMI,30.0,43.93931,-79.40511,100.0,1.384,1.4,16,5.93,5.93
3872,11617,UMI,150.0,43.93931,-79.40511,100.0,0.866,0.9,16,4.11,4.11
3872,11618,UMI,270.0,43.93931,-79.40511,100.0,1.476,1.5,12,6.45,6.45
3873,11619,UMI,30.0,43.93931,-79.3984,100.0,2.774,2.8,30,11.59,11.59
3873,11620,UMI,150.0,43.93931,-79.3984,100.0,3.665,3.7,31,10.71,10.71
3873,11621,UMI,270.0,43.93931,-79.3984,100.0,2.78,2.8,24,11.73,11.73
3874,11622,UMI,30.0,43.93931,-79.39169,100.0,2.385,2.4,17,8.54,8.54
3874,11623,UMI,150.0,43.93931,-79.39169,100.0,1.185,1.2,15,5.1,5.1
3874,11624,UMI,270.0,43.93931,-79.39169,100.0,0.749,0.7,11,1.66,1.66
3875,11625,UMI,30.0,43.93931,-79.38498,100.0,2.524,2.5,26,9.08,9.08
3875,11626,UMI,150.0,43.93931,-79.38498,100.0,1.051,1.1,22,5.84,5.84
3875,11627,UMI,270.0,43.93931,-79.38498,100.0,1.729,1.7,17,5.63,5.63
3876,11628,UMI,30.0,43.93931,-79.37828,100.0,3.659,3.7,31,13.44,13.44
3876,11629,UMI,150.0,43.93931,-79.37828,100.0,3.235,3.2,33,10.97,10.97
3876,11630,UMI,270.0,43.93931,-79.37828,100.0,3.174,3.2,34,11.56,11.56
3877,11631,UMI,30.0,43.93931,-79.35144,100.0,1.391,1.4,19,8.15,8.15
3877,11632,UMI,150.0,43.93931,-79.35144,100.0,0.903,0.9,10,4.29,4.29
3877,11633,UMI,270.0,43.93931,-79.35144,100.0,0.65,0.7,11,2.94,2.94
3878,11634,UMI,30.0,43.93931,-79.30449,100.0,1.336,1.3,22,6.56,6.56
3878,11635,UMI,150.0,43.93931,-79.30449,100.0,0.649,0.6,15,2.89,2.89
3878,11636,UMI,270.0,43.93931,-79.30449,100.0,2.535,2.5,17,8.57,8.57
3879,11637,UMI,30.0,43.93931,-79.27765,100.0,1.468,1.5,15,5.02,5.02
3879,11638,UMI,150.0,43.93931,-79.27765,100.0,2.717,2.7,22,11.44,11.44
3879,11639,UMI,270.0,43.93931,-79.27765,100.0,0.42,0.4,6,2.2,2.2
3880,11640,UMI,30.0,43.94351,-79.47554,100.0,15.187,15.2,179,65.38,65.38
3880,11641,UMI,150.0,43.94351,-79.47554,100.0,16.337,16.3,161,68.36,68.36
3880,11642,UMI,270.0,43.94351,-79.47554,100.0,12.887,12.9,147,56.19,56.19
3881,11643,UMI,30.0,43.94351,-79.46884,100.0,17.845,17.8,172,75.26,75.26
3881,11644,UMI,150.0,43.94351,-79.46884,100.0,18.951,19.0,165,56.57,56.57
3881,11645,UMI,270.0,43.94351,-79.46884,100.0,16.836,16.8,184,72.82,72.82
3882,11646,UMI,30.0,43.94351,-79.46213,100.0,16.237,16.2,172,69.45,69.45
3882,11647,UMI,150.0,43.94351,-79.46213,100.0,19.585,19.6,158,64.7,64.7
3882,11648,UMI,270.0,43.94351,-79.46213,100.0,16.126,16.1,158,58.05,58.05
3883,11649,UMI,30.0,43.94351,-79.45542,100.0,13.075,13.1,139,50.1,50.1
3883,11650,UMI,150.0,43.94351,-79.45542,100.0,15.379,15.4,121,43.13,43.13
3883,11651,UMI,270.0,43.94351,-79.45542,100.0,13.707,13.7,149,56.66,56.66
3884,11652,UMI,30.0,43.94351,-79.44871,100.0,13.99,14.0,151,60.16,60.16
3884,11653,UMI,150.0,43.94351,-79.44871,100.0,11.053,11.1,114,42.06,42.06
3884,11654,UMI,270.0,43.94351,-79.44871,100.0,17.592,17.6,149,68.03,68.03
3885,11655,UMI,30.0,43.94351,-79.442,100.0,12.09,12.1,116,47.3,47.3
3885,11656,UMI,150.0,43.94351,-79.442,100.0,12.391,12.4,128,47.6,47.6
3885,11657,UMI,270.0,43.94351,-79.442,100.0,15.098,15.1,133,56.97,56.97
3886,11658,UMI,30.0,43.94351,-79.4353,100.0,7.02,7.0,71,29.03,29.03
3886,11659,UMI,150.0,43.94351,-79.4353,100.0,4.471,4.5,68,20.05,20.05
3886,11660,UMI,270.0,43.94351,-79.4353,100.0,11.784,11.8,73,32.44,32.44
3887,11661,UMI,30.0,43.94351,-79.42859,100.0,7.299,7.3,61,23.7,23.7
3887,11662,UMI,150.0,43.94351,-79.42859,100.0,5.921,5.9,59,25.73,25.73
3887,11663,UMI,270.0,43.94351,-79.42859,100.0,9.112,9.1,66,24.89,24.89
3888,11664,UMI,30.0,43.94351,-79.42188,100.0,3.054,3.1,33,12.98,12.98
3888,11665,UMI,150.0,43.94351,-79.42188,100.0,3.722,3.7,22,7.96,7.96
3888,11666,UMI,270.0,43.94351,-79.42188,100.0,2.869,2.9,45,14.65,14.65
3889,11667,UMI,30.0,43.94351,-79.38163,100.0,3.76,3.8,43,18.14,18.14
3889,11668,UMI,150.0,43.94351,-79.38163,100.0,3.977,4.0,32,10.87,10.87
3889,11669,UMI,270.0,43.94351,-79.38163,100.0,2.055,2.1,25,9.57,9.57
3890,11670,UMI,30.0,43.94351,-79.37492,100.0,2.993,3.0,47,16.46,16.46
3890,11671,UMI,150.0,43.94351,-79.37492,100.0,3.254,3.3,43,13.49,13.49
3890,11672,UMI,270.0,43.94351,-79.37492,100.0,3.823,3.8,35,16.8,16.8
3891,11673,UMI,30.0,43.94351,-79.3548,100.0,1.74,1.7,13,8.26,8.26
3891,11674,UMI,150.0,43.94351,-79.3548,100.0,3.15,3.2,27,13.58,13.58
3891,11675,UMI,270.0,43.94351,-79.3548,100.0,1.269,1.3,16,5.64,5.64
3892,11676,UMI,30.0,43.94351,-79.34138,100.0,1.191,1.2,17,5.08,5.08
3892,11677,UMI,150.0,43.94351,-79.34138,100.0,1.292,1.3,15,5.21,5.21
3892,11678,UMI,270.0,43.94351,-79.34138,100.0,0.69,0.7,11,3.48,3.48
3893,11679,UMI,30.0,43.94351,-79.30113,100.0,1.482,1.5,19,7.99,7.99
3893,11680,UMI,150.0,43.94351,-79.30113,100.0,1.137,1.1,14,4.71,4.71
3893,11681,UMI,270.0,43.94351,-79.30113,100.0,1.823,1.8,19,8.72,8.72
3894,11682,UMI,30.0,43.94351,-79.2743,100.0,2.442,2.4,19,10.59,10.59
3894,11683,UMI,150.0,43.94351,-79.2743,100.0,1.823,1.8,21,8.15,8.15
3894,11684,UMI,270.0,43.94351,-79.2743,100.0,2.629,2.6,25,10.68,10.68
3895,11685,UMI,30.0,43.94351,-79.26759,100.0,1.954,2.0,18,7.91,7.91
3895,11686,UMI,150.0,43.94351,-79.26759,100.0,2.252,2.3,17,9.02,9.02
3895,11687,UMI,270.0,43.94351,-79.26759,100.0,1.681,1.7,13,5.92,5.92
3896,11688,UMI,30.0,43.9477,-79.4789,100.0,13.996,14.0,133,52.49,52.49
3896,11689,UMI,150.0,43.9477,-79.4789,100.0,14.387,14.4,130,55.36,55.36
3896,11690,UMI,270.0,43.9477,-79.4789,100.0,16.848,16.8,120,59.08,59.08
3897,11691,UMI,30.0,43.9477,-79.47219,100.0,15.101,15.1,158,58.09,58.09
3897,11692,UMI,150.0,43.9477,-79.47219,100.0,13.78,13.8,161,54.53,54.53
3897,11693,UMI,270.0,43.9477,-79.47219,100.0,17.56,17.6,168,72.95,72.95
3898,11694,UMI,30.0,43.9477,-79.46548,100.0,17.923,17.9,172,59.37,59.37
3898,11695,UMI,150.0,43.9477,-79.46548,100.0,15.134,15.1,149,65.1,65.1
3898,11696,UMI,270.0,43.9477,-79.46548,100.0,28.0,28.0,197,85.86,85.86
3899,11697,UMI,30.0,43.9477,-79.45877,100.0,18.219,18.2,145,50.22,50.22
3899,11698,UMI,150.0,43.9477,-79.45877,100.0,15.712,15.7,166,62.94,62.94
3899,11699,UMI,270.0,43.9477,-79.45877,100.0,18.485,18.5,191,70.13,70.13
3900,11700,UMI,30.0,43.9477,-79.45207,100.0,13.199,13.2,156,58.45,58.45
3900,11701,UMI,150.0,43.9477,-79.45207,100.0,14.599,14.6,148,59.52,59.52
3900,11702,UMI,270.0,43.9477,-79.45207,100.0,13.46,13.5,134,57.2,57.2
3901,11703,UMI,30.0,43.9477,-79.44536,100.0,13.64,13.6,124,45.43,45.43
3901,11704,UMI,150.0,43.9477,-79.44536,100.0,14.104,14.1,127,50.34,50.34
3901,11705,UMI,270.0,43.9477,-79.44536,100.0,11.706,11.7,143,45.9,45.9
3902,11706,UMI,30.0,43.9477,-79.43865,100.0,11.687,11.7,105,40.33,40.33
3902,11707,UMI,150.0,43.9477,-79.43865,100.0,9.594,9.6,106,37.03,37.03
3902,11708,UMI,270.0,43.9477,-79.43865,100.0,8.395,8.4,97,35.14,35.14
3903,11709,UMI,30.0,43.9477,-79.43194,100.0,5.013,5.0,52,17.98,17.98
3903,11710,UMI,150.0,43.9477,-79.43194,100.0,6.524,6.5,70,26.44,26.44
3903,11711,UMI,270.0,43.9477,-79.43194,100.0,8.083,8.1,79,34.53,34.53
3904,11712,UMI,30.0,43.9477,-79.42523,100.0,4.297,4.3,44,21.58,21.58
3904,11713,UMI,150.0,43.9477,-79.42523,100.0,6.689,6.7,54,21.52,21.52
3904,11714,UMI,270.0,43.9477,-79.42523,100.0,4.805,4.8,51,16.9,16.9
3905,11715,UMI,30.0,43.9477,-79.3984,100.0,1.348,1.3,14,7.48,7.48
3905,11716,UMI,150.0,43.9477,-79.3984,100.0,1.908,1.9,15,6.5,6.5
3905,11717,UMI,270.0,43.9477,-79.3984,100.0,1.644,1.6,17,7.87,7.87
3906,11718,UMI,30.0,43.9477,-79.38498,100.0,1.416,1.4,19,7.12,7.12
3906,11719,UMI,150.0,43.9477,-79.38498,100.0,6.645,6.6,24,11.89,11.89
3906,11720,UMI,270.0,43.9477,-79.38498,100.0,1.576,1.6,20,7.2,7.2
3907,11721,UMI,30.0,43.9477,-79.37828,100.0,3.191,3.2,41,13.18,13.18
3907,11722,UMI,150.0,43.9477,-79.37828,100.0,4.347,4.3,41,13.14,13.14
3907,11723,UMI,270.0,43.9477,-79.37828,100.0,2.845,2.8,36,12.47,12.47
3908,11724,UMI,30.0,43.9477,-79.36486,100.0,1.618,1.6,19,9.11,9.11
3908,11725,UMI,150.0,43.9477,-79.36486,100.0,1.384,1.4,11,4.74,4.74
3908,11726,UMI,270.0,43.9477,-79.36486,100.0,1.256,1.3,14,6.74,6.74
3909,11727,UMI,30.0,43.9477,-79.33132,100.0,1.691,1.7,20,7.81,7.81
3909,11728,UMI,150.0,43.9477,-79.33132,100.0,1.278,1.3,12,4.31,4.31
3909,11729,UMI,270.0,43.9477,-79.33132,100.0,2.881,2.9,16,4.49,4.49
3910,11730,UMI,30.0,43.9477,-79.27765,100.0,2.506,2.5,32,11.97,11.97
3910,11731,UMI,150.0,43.9477,-79.27765,100.0,1.853,1.9,25,8.14,8.14
3910,11732,UMI,270.0,43.9477,-79.27765,100.0,2.647,2.6,23,10.85,10.85
3911,11733,UMI,30.0,43.9519,-79.48225,100.0,14.307,14.3,117,56.9,56.9
3911,11734,UMI,150.0,43.9519,-79.48225,100.0,11.865,11.9,120,45.78,45.78
3911,11735,UMI,270.0,43.9519,-79.48225,100.0,3.767,3.8,75,18.32,18.32
3912,11736,UMI,30.0,43.9519,-79.47554,100.0,13.095,13.1,146,60.15,60.15
3912,11737,UMI,150.0,43.9519,-79.47554,100.0,16.473,16.5,157,66.94,66.94
3912,11738,UMI,270.0,43.9519,-79.47554,100.0,11.429,11.4,135,50.09,50.09
3913,11739,UMI,30.0,43.9519,-79.46884,100.0,22.274,22.3,190,65.6,65.6
3913,11740,UMI,150.0,43.9519,-79.46884,100.0,18.293,18.3,186,76.14,76.14
3913,11741,UMI,270.0,43.9519,-79.46884,100.0,14.31,14.3,164,58.9,58.9
3914,11742,UMI,30.0,43.9519,-79.46213,100.0,12.955,13.0,145,53.03,53.03
3914,11743,UMI,150.0,43.9519,-79.46213,100.0,18.916,18.9,173,65.92,65.92
3914,11744,UMI,270.0,43.9519,-79.46213,100.0,20.541,20.5,172,70.09,70.09
3915,11745,UMI,30.0,43.9519,-79.45542,100.0,15.995,16.0,152,67.58,67.58
3915,11746,UMI,150.0,43.9519,-79.45542,100.0,15.374,15.4,166,62.82,62.82
3915,11747,UMI,270.0,43.9519,-79.45542,100.0,20.95,20.9,158,65.92,65.92
3916,11748,UMI,30.0,43.9519,-79.44871,100.0,17.298,17.3,157,65.02,65.02
3916,11749,UMI,150.0,43.9519,-79.44871,100.0,14.216,14.2,143,51.06,51.06
3916,11750,UMI,270.0,43.9519,-79.44871,100.0,13.187,13.2,148,55.83,55.83
3917,11751,UMI,30.0,43.9519,-79.442,100.0,16.697,16.7,131,70.68,70.68
3917,11752,UMI,150.0,43.9519,-79.442,100.0,9.105,9.1,106,42.02,42.02
3917,11753,UMI,270.0,43.9519,-79.442,100.0,12.167,12.2,127,51.39,51.39
3918,11754,UMI,30.0,43.9519,-79.4353,100.0,9.214,9.2,84,34.63,34.63
3918,11755,UMI,150.0,43.9519,-79.4353,100.0,6.974,7.0,55,21.85,21.85
3918,11756,UMI,270.0,43.9519,-79.4353,100.0,11.297,11.3,97,40.4,40.4
3919,11757,UMI,30.0,43.9519,-79.42859,100.0,3.464,3.5,30,10.48,10.48
3919,11758,UMI,150.0,43.9519,-79.42859,100.0,3.83,3.8,45,15.56,15.56
3919,11759,UMI,270.0,43.9519,-79.42859,100.0,4.757,4.8,47,19.91,19.91
3920,11760,UMI,30.0,43.9519,-79.42188,100.0,3.52,3.5,24,15.64,15.64
3920,11761,UMI,150.0,43.9519,-79.42188,100.0,1.692,1.7,25,9.97,9.97
3920,11762,UMI,270.0,43.9519,-79.42188,100.0,3.269,3.3,42,15.39,15.39
3921,11763,UMI,30.0,43.9519,-79.39505,100.0,1.789,1.8,24,8.38,8.38
3921,11764,UMI,150.0,43.9519,-79.39505,100.0,1.511,1.5,18,8.62,8.62
3921,11765,UMI,270.0,43.9519,-79.39505,100.0,2.577,2.6,27,10.62,10.62
3922,11766,UMI,30.0,43.9519,-79.38834,100.0,4.236,4.2,34,17.08,17.08
3922,11767,UMI,150.0,43.9519,-79.38834,100.0,2.609,2.6,23,10.44,10.44
3922,11768,UMI,270.0,43.9519,-79.38834,100.0,3.51,3.5,34,13.66,13.66
3923,11769,UMI,30.0,43.9519,-79.38163,100.0,3.385,3.4,34,9.1,9.1
3923,11770,UMI,150.0,43.9519,-79.38163,100.0,3.414,3.4,40,12.4,12.4
3923,11771,UMI,270.0,43.9519,-79.38163,100.0,1.966,2.0,27,9.53,9.53
3924,11772,UMI,30.0,43.9519,-79.33467,100.0,2.159,2.2,13,9.69,9.69
3924,11773,UMI,150.0,43.9519,-79.33467,100.0,0.943,0.9,15,5.02,5.02
3924,11774,UMI,270.0,43.9519,-79.33467,100.0,1.161,1.2,13,5.31,5.31
3925,11775,UMI,30.0,43.9519,-79.2743,100.0,3.845,3.8,50,20.14,20.14
3925,11776,UMI,150.0,43.9519,-79.2743,100.0,2.462,2.5,31,12.95,12.95
3925,11777,UMI,270.0,43.9519,-79.2743,100.0,3.563,3.6,33,11.47,11.47
3926,11778,UMI,30.0,43.9519,-79.26088,100.0,3.798,3.8,41,18.19,18.19
3926,11779,UMI,150.0,43.9519,-79.26088,100.0,5.43,5.4,41,17.72,17.72
3926,11780,UMI,270.0,43.9519,-79.26088,100.0,4.235,4.2,50,18.84,18.84
3927,11781,UMI,30.0,43.9519,-79.25418,100.0,4.431,4.4,46,17.76,17.76
3927,11782,UMI,150.0,43.9519,-79.25418,100.0,7.096,7.1,55,21.04,21.04
3927,11783,UMI,270.0,43.9519,-79.25418,100.0,3.128,3.1,34,13.04,13.04
3928,11784,UMI,30.0,43.9519,-79.24076,100.0,6.408,6.4,43,14.7,14.7
3928,11785,UMI,150.0,43.9519,-79.24076,100.0,1.406,1.4,22,9.23,9.23
3928,11786,UMI,270.0,43.9519,-79.24076,100.0,4.262,4.3,29,17.28,17.28
3929,11787,UMI,30.0,43.9519,-79.23405,100.0,2.005,2.0,24,9.3,9.3
3929,11788,UMI,150.0,43.9519,-79.23405,100.0,2.104,2.1,19,8.0,8.0
3929,11789,UMI,270.0,43.9519,-79.23405,100.0,2.608,2.6,19,9.59,9.59
3930,11790,UMI,30.0,43.95609,-79.4789,100.0,10.179,10.2,95,40.88,40.88
3930,11791,UMI,150.0,43.95609,-79.4789,100.0,10.145,10.1,105,43.41,43.41
3930,11792,UMI,270.0,43.95609,-79.4789,100.0,6.899,6.9,59,26.18,26.18
3931,11793,UMI,30.0,43.95609,-79.47219,100.0,18.335,18.3,146,67.68,67.68
3931,11794,UMI,150.0,43.95609,-79.47219,100.0,16.324,16.3,148,55.97,55.97
3931,11795,UMI,270.0,43.95609,-79.47219,100.0,13.316,13.3,130,48.78,48.78
3932,11796,UMI,30.0,43.95609,-79.46548,100.0,13.244,13.2,130,52.74,52.74
3932,11797,UMI,150.0,43.95609,-79.46548,100.0,14.673,14.7,166,65.17,65.17
3932,11798,UMI,270.0,43.95609,-79.46548,100.0,14.168,14.2,147,56.39,56.39
3933,11799,UMI,30.0,43.95609,-79.45877,100.0,11.021,11.0,111,47.59,47.59
3933,11800,UMI,150.0,43.95609,-79.45877,100.0,18.214,18.2,130,58.1,58.1
3933,11801,UMI,270.0,43.95609,-79.45877,100.0,10.53,10.5,115,40.84,40.84
3934,11802,UMI,30.0,43.95609,-79.45207,100.0,11.849,11.8,130,48.54,48.54
3934,11803,UMI,150.0,43.95609,-79.45207,100.0,15.249,15.2,137,49.76,49.76
3934,11804,UMI,270.0,43.95609,-79.45207,100.0,12.544,12.5,124,46.81,46.81
3935,11805,UMI,30.0,43.95609,-79.44536,100.0,12.227,12.2,144,56.25,56.25
3935,11806,UMI,150.0,43.95609,-79.44536,100.0,8.802,8.8,114,39.01,39.01
3935,11807,UMI,270.0,43.95609,-79.44536,100.0,13.506,13.5,131,45.99,45.99
3936,11808,UMI,30.0,43.95609,-79.43865,100.0,8.593,8.6,104,33.94,33.94
3936,11809,UMI,150.0,43.95609,-79.43865,100.0,15.193,15.2,127,49.57,49.57
3936,11810,UMI,270.0,43.95609,-79.43865,100.0,10.125,10.1,111,45.82,45.82
3937,11811,UMI,30.0,43.95609,-79.43194,100.0,4.046,4.0,57,20.53,20.53
3937,11812,UMI,150.0,43.95609,-79.43194,100.0,7.394,7.4,54,26.23,26.23
3937,11813,UMI,270.0,43.95609,-79.43194,100.0,7.663,7.7,83,32.05,32.05
3938,11814,UMI,30.0,43.95609,-79.3984,100.0,0.943,0.9,10,4.69,4.69
3938,11815,UMI,150.0,43.95609,-79.3984,100.0,4.036,4.0,18,9.45,9.45
3938,11816,UMI,270.0,43.95609,-79.3984,100.0,1.674,1.7,18,6.7,6.7
3939,11817,UMI,30.0,43.95609,-79.38498,100.0,3.791,3.8,24,14.86,14.86
3939,11818,UMI,150.0,43.95609,-79.38498,100.0,4.324,4.3,37,13.71,13.71
3939,11819,UMI,270.0,43.95609,-79.38498,100.0,6.501,6.5,31,20.36,20.36
3940,11820,UMI,30.0,43.95609,-79.35144,100.0,0.36,0.4,8,2.37,2.37
3940,11821,UMI,150.0,43.95609,-79.35144,100.0,1.017,1.0,13,5.33,5.33
3940,11822,UMI,270.0,43.95609,-79.35144,100.0,1.054,1.1,12,3.63,3.63
3941,11823,UMI,30.0,43.95609,-79.26424,100.0,8.017,8.0,105,36.0,36.0
3941,11824,UMI,150.0,43.95609,-79.26424,100.0,9.496,9.5,76,29.94,29.94
3941,11825,UMI,270.0,43.95609,-79.26424,100.0,7.807,7.8,70,25.29,25.29
3942,11826,UMI,30.0,43.95609,-79.25753,100.0,6.904,6.9,79,23.3,23.3
3942,11827,UMI,150.0,43.95609,-79.25753,100.0,6.557,6.6,67,29.63,29.63
3942,11828,UMI,270.0,43.95609,-79.25753,100.0,8.783,8.8,78,31.97,31.97
3943,11829,UMI,30.0,43.95609,-79.25082,100.0,14.156,14.2,121,56.03,56.03
3943,11830,UMI,150.0,43.95609,-79.25082,100.0,15.171,15.2,82,39.79,39.79
3943,11831,UMI,270.0,43.95609,-79.25082,100.0,11.226,11.2,99,46.29,46.29
3944,11832,UMI,30.0,43.95609,-79.24411,100.0,10.366,10.4,105,43.59,43.59
3944,11833,UMI,150.0,43.95609,-79.24411,100.0,5.712,5.7,55,23.5,23.5
3944,11834,UMI,270.0,43.95609,-79.24411,100.0,10.501,10.5,94,41.83,41.83
3945,11835,UMI,30.0,43.95609,-79.23741,100.0,4.764,4.8,53,18.52,18.52
3945,11836,UMI,150.0,43.95609,-79.23741,100.0,1.696,1.7,28,8.58,8.58
3945,11837,UMI,270.0,43.95609,-79.23741,100.0,7.364,7.4,60,21.25,21.25
3946,11838,UMI,30.0,43.96029,-79.46884,100.0,6.71,6.7,66,29.58,29.58
3946,11839,UMI,150.0,43.96029,-79.46884,100.0,9.831,9.8,117,45.69,45.69
3946,11840,UMI,270.0,43.96029,-79.46884,100.0,9.976,10.0,94,38.61,38.61
3947,11841,UMI,30.0,43.96029,-79.46213,100.0,8.658,8.7,84,31.96,31.96
3947,11842,UMI,150.0,43.96029,-79.46213,100.0,12.178,12.2,110,43.36,43.36
3947,11843,UMI,270.0,43.96029,-79.46213,100.0,7.442,7.4,81,29.16,29.16
3948,11844,UMI,30.0,43.96029,-79.45542,100.0,7.489,7.5,77,34.28,34.28
3948,11845,UMI,150.0,43.96029,-79.45542,100.0,9.191,9.2,71,27.47,27.47
3948,11846,UMI,270.0,43.96029,-79.45542,100.0,9.491,9.5,91,43.22,43.22
3949,11847,UMI,30.0,43.96029,-79.44871,100.0,12.513,12.5,101,47.98,47.98
3949,11848,UMI,150.0,43.96029,-79.44871,100.0,10.158,10.2,95,40.11,40.11
3949,11849,UMI,270.0,43.96029,-79.44871,100.0,6.749,6.7,92,32.2,32.2
3950,11850,UMI,30.0,43.96029,-79.442,100.0,14.017,14.0,114,40.78,40.78
3950,11851,UMI,150.0,43.96029,-79.442,100.0,9.149,9.1,109,42.23,42.23
3950,11852,UMI,270.0,43.96029,-79.442,100.0,11.18,11.2,120,40.76,40.76
3951,11853,UMI,30.0,43.96029,-79.4353,100.0,4.879,4.9,54,22.05,22.05
3951,11854,UMI,150.0,43.96029,-79.4353,100.0,8.293,8.3,79,36.03,36.03
3951,11855,UMI,270.0,43.96029,-79.4353,100.0,15.927,15.9,102,41.01,41.01
3952,11856,UMI,30.0,43.96029,-79.40846,100.0,0.285,0.3,8,1.52,1.52
3952,11857,UMI,150.0,43.96029,-79.40846,100.0,2.381,2.4,20,9.02,9.02
3952,11858,UMI,270.0,43.96029,-79.40846,100.0,1.613,1.6,19,8.38,8.38
3953,11859,UMI,30.0,43.96029,-79.39505,100.0,1.113,1.1,14,3.76,3.76
3953,11860,UMI,150.0,43.96029,-79.39505,100.0,1.287,1.3,21,8.61,8.61
3953,11861,UMI,270.0,43.96029,-79.39505,100.0,1.023,1.0,17,5.34,5.34
3954,11862,UMI,30.0,43.96029,-79.26759,100.0,5.845,5.8,82,29.22,29.22
3954,11863,UMI,150.0,43.96029,-79.26759,100.0,5.965,6.0,68,26.64,26.64
3954,11864,UMI,270.0,43.96029,-79.26759,100.0,5.547,5.5,65,26.15,26.15
3955,11865,UMI,30.0,43.96029,-79.26088,100.0,12.602,12.6,119,45.32,45.32
3955,11866,UMI,150.0,43.96029,-79.26088,100.0,12.72,12.7,117,47.38,47.38
3955,11867,UMI,270.0,43.96029,-79.26088,100.0,8.16,8.2,86,35.77,35.77
3956,11868,UMI,30.0,43.96029,-79.25418,100.0,17.932,17.9,145,61.94,61.94
3956,11869,UMI,150.0,43.96029,-79.25418,100.0,10.287,10.3,123,44.22,44.22
3956,11870,UMI,270.0,43.96029,-79.25418,100.0,12.337,12.3,122,53.12,53.12
3957,11871,UMI,30.0,43.96029,-79.24747,100.0,14.333,14.3,185,56.85,56.85
3957,11872,UMI,150.0,43.96029,-79.24747,100.0,14.677,14.7,147,57.29,57.29
3957,11873,UMI,270.0,43.96029,-79.24747,100.0,16.12,16.1,157,64.68,64.68
3958,11874,UMI,30.0,43.96029,-79.24076,100.0,18.45,18.4,137,66.62,66.62
3958,11875,UMI,150.0,43.96029,-79.24076,100.0,15.895,15.9,105,50.68,50.68
3958,11876,UMI,270.0,43.96029,-79.24076,100.0,12.579,12.6,149,56.78,56.78
3959,11877,UMI,30.0,43.96029,-79.23405,100.0,6.362,6.4,82,25.48,25.48
3959,11878,UMI,150.0,43.96029,-79.23405,100.0,5.228,5.2,68,21.23,21.23
3959,11879,UMI,270.0,43.96029,-79.23405,100.0,9.631,9.6,109,40.76,40.76
3960,11880,UMI,30.0,43.96029,-79.22734,100.0,4.916,4.9,76,21.45,21.45
3960,11881,UMI,150.0,43.96029,-79.22734,100.0,4.176,4.2,59,17.13,17.13
3960,11882,UMI,270.0,43.96029,-79.22734,100.0,6.94,6.9,74,31.14,31.14
3961,11883,UMI,30.0,43.96449,-79.45877,100.0,5.625,5.6,46,19.33,19.33
3961,11884,UMI,150.0,43.96449,-79.45877,100.0,8.587,8.6,60,22.02,22.02
3961,11885,UMI,270.0,43.96449,-79.45877,100.0,3.458,3.5,44,16.06,16.06
3962,11886,UMI,30.0,43.96449,-79.45207,100.0,7.234,7.2,62,31.7,31.7
3962,11887,UMI,150.0,43.96449,-79.45207,100.0,7.469,7.5,74,28.24,28.24
3962,11888,UMI,270.0,43.96449,-79.45207,100.0,7.309,7.3,59,23.07,23.07
3963,11889,UMI,30.0,43.96449,-79.44536,100.0,7.618,7.6,96,40.51,40.51
3963,11890,UMI,150.0,43.96449,-79.44536,100.0,9.031,9.0,98,35.96,35.96
3963,11891,UMI,270.0,43.96449,-79.44536,100.0,11.622,11.6,82,41.97,41.97
3964,11892,UMI,30.0,43.96449,-79.43865,100.0,7.937,7.9,82,27.85,27.85
3964,11893,UMI,150.0,43.96449,-79.43865,100.0,10.213,10.2,83,33.59,33.59
3964,11894,UMI,270.0,43.96449,-79.43865,100.0,7.597,7.6,90,32.3,32.3
3965,11895,UMI,30.0,43.96449,-79.43194,100.0,5.204,5.2,34,15.37,15.37
3965,11896,UMI,150.0,43.96449,-79.43194,100.0,4.483,4.5,39,19.96,19.96
3965,11897,UMI,270.0,43.96449,-79.43194,100.0,4.27,4.3,58,20.62,20.62
3966,11898,UMI,30.0,43.96449,-79.42523,100.0,0.641,0.6,15,2.9,2.9
3966,11899,UMI,150.0,43.96449,-79.42523,100.0,0.76,0.8,13,2.35,2.35
3966,11900,UMI,270.0,43.96449,-79.42523,100.0,2.297,2.3,25,11.56,11.56
3967,11901,UMI,30.0,43.96449,-79.37828,100.0,1.919,1.9,17,8.14,8.14
3967,11902,UMI,150.0,43.96449,-79.37828,100.0,1.534,1.5,24,7.64,7.64
3967,11903,UMI,270.0,43.96449,-79.37828,100.0,1.596,1.6,24,7.85,7.85
3968,11904,UMI,30.0,43.96449,-79.37157,100.0,1.782,1.8,13,5.7,5.7
3968,11905,UMI,150.0,43.96449,-79.37157,100.0,1.35,1.4,14,5.11,5.11
3968,11906,UMI,270.0,43.96449,-79.37157,100.0,2.35,2.4,18,10.24,10.24
3969,11907,UMI,30.0,43.96449,-79.26424,100.0,7.811,7.8,86,31.58,31.58
3969,11908,UMI,150.0,43.96449,-79.26424,100.0,9.815,9.8,101,41.41,41.41
3969,11909,UMI,270.0,43.96449,-79.26424,100.0,5.058,5.1,75,25.63,25.63
3970,11910,UMI,30.0,43.96449,-79.25753,100.0,20.345,20.3,173,66.95,66.95
3970,11911,UMI,150.0,43.96449,-79.25753,100.0,16.085,16.1,137,63.45,63.45
3970,11912,UMI,270.0,43.96449,-79.25753,100.0,13.306,13.3,119,50.01,50.01
3971,11913,UMI,30.0,43.96449,-79.25082,100.0,28.353,28.4,203,87.57,87.57
3971,11914,UMI,150.0,43.96449,-79.25082,100.0,21.308,21.3,196,75.2,75.2
3971,11915,UMI,270.0,43.96449,-79.25082,100.0,23.352,23.4,206,88.02,88.02
3972,11916,UMI,30.0,43.96449,-79.24411,100.0,19.44,19.4,192,70.39,70.39
3972,11917,UMI,150.0,43.96449,-79.24411,100.0,13.75,13.7,178,64.41,64.41
3972,11918,UMI,270.0,43.96449,-79.24411,100.0,21.134,21.1,206,76.93,76.93
3973,11919,UMI,30.0,43.96449,-79.23741,100.0,15.803,15.8,171,58.57,58.57
3973,11920,UMI,150.0,43.96449,-79.23741,100.0,19.549,19.5,151,68.19,68.19
3973,11921,UMI,270.0,43.96449,-79.23741,100.0,15.364,15.4,187,65.7,65.7
3974,11922,UMI,30.0,43.96449,-79.2307,100.0,21.67,21.7,207,95.68,95.68
3974,11923,UMI,150.0,43.96449,-79.2307,100.0,14.247,14.2,131,53.83,53.83
3974,11924,UMI,270.0,43.96449,-79.2307,100.0,14.469,14.5,169,66.13,66.13
3975,11925,UMI,30.0,43.96449,-79.22399,100.0,11.588,11.6,117,51.31,51.31
3975,11926,UMI,150.0,43.96449,-79.22399,100.0,5.347,5.3,66,25.77,25.77
3975,11927,UMI,270.0,43.96449,-79.22399,100.0,10.383,10.4,101,38.72,38.72
3976,11928,UMI,30.0,43.96449,-79.21728,100.0,3.0,3.0,42,13.21,13.21
3976,11929,UMI,150.0,43.96449,-79.21728,100.0,3.045,3.0,34,11.42,11.42
3976,11930,UMI,270.0,43.96449,-79.21728,100.0,5.833,5.8,62,23.65,23.65
3977,11931,UMI,30.0,43.96449,-79.13007,100.0,2.775,2.8,25,10.06,10.06
3977,11932,UMI,150.0,43.96449,-79.13007,100.0,1.582,1.6,22,8.6,8.6
3977,11933,UMI,270.0,43.96449,-79.13007,100.0,2.541,2.5,30,12.57,12.57
3978,11934,UMI,30.0,43.96868,-79.44871,100.0,6.048,6.0,51,22.03,22.03
3978,11935,UMI,150.0,43.96868,-79.44871,100.0,6.766,6.8,63,24.4,24.4
3978,11936,UMI,270.0,43.96868,-79.44871,100.0,3.514,3.5,44,16.59,16.59
3979,11937,UMI,30.0,43.96868,-79.442,100.0,6.735,6.7,67,29.88,29.88
3979,11938,UMI,150.0,43.96868,-79.442,100.0,4.579,4.6,60,19.14,19.14
3979,11939,UMI,270.0,43.96868,-79.442,100.0,3.906,3.9,49,19.34,19.34
3980,11940,UMI,30.0,43.96868,-79.4353,100.0,3.111,3.1,29,13.74,13.74
3980,11941,UMI,150.0,43.96868,-79.4353,100.0,4.374,4.4,46,16.35,16.35
3980,11942,UMI,270.0,43.96868,-79.4353,100.0,4.121,4.1,55,17.99,17.99
3981,11943,UMI,30.0,43.96868,-79.42859,100.0,1.533,1.5,22,7.72,7.72
3981,11944,UMI,150.0,43.96868,-79.42859,100.0,1.471,1.5,19,5.58,5.58
3981,11945,UMI,270.0,43.96868,-79.42859,100.0,3.665,3.7,32,11.22,11.22
3982,11946,UMI,30.0,43.96868,-79.42188,100.0,1.902,1.9,21,6.86,6.86
3982,11947,UMI,150.0,43.96868,-79.42188,100.0,1.052,1.1,13,5.01,5.01
3982,11948,UMI,270.0,43.96868,-79.42188,100.0,1.309,1.3,16,5.89,5.89
3983,11949,UMI,30.0,43.96868,-79.40846,100.0,1.548,1.5,10,5.68,5.68
3983,11950,UMI,150.0,43.96868,-79.40846,100.0,1.78,1.8,13,5.74,5.74
3983,11951,UMI,270.0,43.96868,-79.40846,100.0,0.954,1.0,16,5.53,5.53
3984,11952,UMI,30.0,43.96868,-79.26088,100.0,9.356,9.4,105,43.13,43.13
3984,11953,UMI,150.0,43.96868,-79.26088,100.0,9.617,9.6,108,39.85,39.85
3984,11954,UMI,270.0,43.96868,-79.26088,100.0,6.037,6.0,86,28.45,28.45
3985,11955,UMI,30.0,43.96868,-79.25418,100.0,17.197,17.2,188,75.16,75.16
3985,11956,UMI,150.0,43.96868,-79.25418,100.0,19.664,19.7,191,75.04,75.04
3985,11957,UMI,270.0,43.96868,-79.25418,100.0,21.391,21.4,178,71.54,71.54
3986,11958,UMI,30.0,43.96868,-79.24747,100.0,16.34,16.3,188,68.97,68.97
3986,11959,UMI,150.0,43.96868,-79.24747,100.0,21.006,21.0,217,86.17,86.17
3986,11960,UMI,270.0,43.96868,-79.24747,100.0,21.116,21.1,224,85.12,85.12
3987,11961,UMI,30.0,43.96868,-79.24076,100.0,23.394,23.4,213,95.63,95.63
3987,11962,UMI,150.0,43.96868,-79.24076,100.0,18.402,18.4,192,75.23,75.23
3987,11963,UMI,270.0,43.96868,-79.24076,100.0,18.8,18.8,174,71.59,71.59
3988,11964,UMI,30.0,43.96868,-79.23405,100.0,21.133,21.1,221,80.49,80.49
3988,11965,UMI,150.0,43.96868,-79.23405,100.0,25.166,25.2,219,91.31,91.31
3988,11966,UMI,270.0,43.96868,-79.23405,100.0,24.529,24.5,248,97.87,97.87
3989,11967,UMI,30.0,43.96868,-79.22734,100.0,18.291,18.3,203,69.28,69.28
3989,11968,UMI,150.0,43.96868,-79.22734,100.0,15.904,15.9,160,68.17,68.17
3989,11969,UMI,270.0,43.96868,-79.22734,100.0,21.959,22.0,202,78.04,78.04
3990,11970,UMI,30.0,43.96868,-79.22063,100.0,11.763,11.8,94,34.06,34.06
3990,11971,UMI,150.0,43.96868,-79.22063,100.0,7.021,7.0,77,31.48,31.48
3990,11972,UMI,270.0,43.96868,-79.22063,100.0,17.318,17.3,142,58.87,58.87
3991,11973,UMI,30.0,43.96868,-79.21393,100.0,2.106,2.1,28,9.28,9.28
3991,11974,UMI,150.0,43.96868,-79.21393,100.0,2.445,2.4,24,9.44,9.44
3991,11975,UMI,270.0,43.96868,-79.21393,100.0,2.699,2.7,34,10.62,10.62
3992,11976,UMI,30.0,43.96868,-79.20722,100.0,2.282,2.3,14,8.39,8.39
3992,11977,UMI,150.0,43.96868,-79.20722,100.0,1.061,1.1,10,4.56,4.56
3992,11978,UMI,270.0,43.96868,-79.20722,100.0,2.418,2.4,22,13.32,13.32
3993,11979,UMI,30.0,43.96868,-79.14014,100.0,1.464,1.5,19,7.02,7.02
3993,11980,UMI,150.0,43.96868,-79.14014,100.0,1.689,1.7,15,5.19,5.19
3993,11981,UMI,270.0,43.96868,-79.14014,100.0,1.14,1.1,15,5.89,5.89
3994,11982,UMI,30.0,43.96868,-79.13343,100.0,6.542,6.5,53,24.74,24.74
3994,11983,UMI,150.0,43.96868,-79.13343,100.0,3.941,3.9,39,17.12,17.12
3994,11984,UMI,270.0,43.96868,-79.13343,100.0,3.411,3.4,26,11.82,11.82
3995,11985,UMI,30.0,43.96868,-79.12672,100.0,4.477,4.5,33,15.08,15.08
3995,11986,UMI,150.0,43.96868,-79.12672,100.0,4.331,4.3,24,11.64,11.64
3995,11987,UMI,270.0,43.96868,-79.12672,100.0,7.08,7.1,45,21.6,21.6
3996,11988,UMI,30.0,43.97288,-79.44536,100.0,4.01,4.0,31,11.95,11.95
3996,11989,UMI,150.0,43.97288,-79.44536,100.0,3.466,3.5,45,15.57,15.57
3996,11990,UMI,270.0,43.97288,-79.44536,100.0,4.075,4.1,32,11.32,11.32
3997,11991,UMI,30.0,43.97288,-79.43865,100.0,3.913,3.9,29,12.32,12.32
3997,11992,UMI,150.0,43.97288,-79.43865,100.0,5.515,5.5,33,14.8,14.8
3997,11993,UMI,270.0,43.97288,-79.43865,100.0,3.946,3.9,31,15.78,15.78
3998,11994,UMI,30.0,43.97288,-79.43194,100.0,3.811,3.8,33,16.64,16.64
3998,11995,UMI,150.0,43.97288,-79.43194,100.0,3.549,3.5,37,17.29,17.29
3998,11996,UMI,270.0,43.97288,-79.43194,100.0,2.652,2.7,25,9.94,9.94
3999,11997,UMI,30.0,43.97288,-79.42523,100.0,3.939,3.9,20,6.81,6.81
3999,11998,UMI,150.0,43.97288,-79.42523,100.0,1.831,1.8,19,9.22,9.22
3999,11999,UMI,270.0,43.97288,-79.42523,100.0,2.355,2.4,29,10.18,10.18
4000,12000,UMI,30.0,43.97288,-79.25082,100.0,14.03,14.0,142,59.61,59.61
4000,12001,UMI,150.0,43.97288,-79.25082,100.0,16.883,16.9,174,68.58,68.58
4000,12002,UMI,270.0,43.97288,-79.25082,100.0,15.618,15.6,155,67.82,67.82
4001,12003,UMI,30.0,43.97288,-79.24411,100.0,20.841,20.8,203,75.63,75.63
4001,12004,UMI,150.0,43.97288,-79.24411,100.0,14.517,14.5,174,58.34,58.34
4001,12005,UMI,270.0,43.97288,-79.24411,100.0,15.552,15.6,178,62.26,62.26
4002,12006,UMI,30.0,43.97288,-79.23741,100.0,27.05,27.1,235,104.33,104.33
4002,12007,UMI,150.0,43.97288,-79.23741,100.0,27.184,27.2,243,108.43,108.43
4002,12008,UMI,270.0,43.97288,-79.23741,100.0,21.131,21.1,239,89.07,89.07
4003,12009,UMI,30.0,43.97288,-79.2307,100.0,17.608,17.6,205,69.53,69.53
4003,12010,UMI,150.0,43.97288,-79.2307,100.0,18.193,18.2,227,82.35,82.35
4003,12011,UMI,270.0,43.97288,-79.2307,100.0,25.118,25.1,254,97.75,97.75
4004,12012,UMI,30.0,43.97288,-79.22399,100.0,8.793,8.8,95,39.35,39.35
4004,12013,UMI,150.0,43.97288,-79.22399,100.0,15.587,15.6,150,59.97,59.97
4004,12014,UMI,270.0,43.97288,-79.22399,100.0,17.114,17.1,161,66.6,66.6
4005,12015,UMI,30.0,43.97288,-79.21728,100.0,2.388,2.4,35,10.68,10.68
4005,12016,UMI,150.0,43.97288,-79.21728,100.0,4.082,4.1,40,16.17,16.17
4005,12017,UMI,270.0,43.97288,-79.21728,100.0,10.086,10.1,77,33.21,33.21
4006,12018,UMI,30.0,43.97288,-79.13007,100.0,6.502,6.5,55,22.19,22.19
4006,12019,UMI,150.0,43.97288,-79.13007,100.0,4.339,4.3,53,16.52,16.52
4006,12020,UMI,270.0,43.97288,-79.13007,100.0,4.321,4.3,49,15.85,15.85
4007,12021,UMI,30.0,43.97288,-79.12337,100.0,1.812,1.8,16,6.81,6.81
4007,12022,UMI,150.0,43.97288,-79.12337,100.0,1.244,1.2,25,8.36,8.36
4007,12023,UMI,270.0,43.97288,-79.12337,100.0,3.807,3.8,46,16.59,16.59
4008,12024,UMI,30.0,43.97707,-79.40846,100.0,2.593,2.6,14,8.36,8.36
4008,12025,UMI,150.0,43.97707,-79.40846,100.0,0.675,0.7,8,3.66,3.66
4008,12026,UMI,270.0,43.97707,-79.40846,100.0,0.899,0.9,15,4.1,4.1
4009,12027,UMI,30.0,43.97707,-79.24747,100.0,8.307,8.3,86,32.05,32.05
4009,12028,UMI,150.0,43.97707,-79.24747,100.0,11.066,11.1,128,43.92,43.92
4009,12029,UMI,270.0,43.97707,-79.24747,100.0,8.195,8.2,83,35.58,35.58
4010,12030,UMI,30.0,43.97707,-79.24076,100.0,20.007,20.0,173,65.12,65.12
4010,12031,UMI,150.0,43.97707,-79.24076,100.0,19.077,19.1,216,73.49,73.49
4010,12032,UMI,270.0,43.97707,-79.24076,100.0,14.78,14.8,134,68.85,68.85
4011,12033,UMI,30.0,43.97707,-79.23405,100.0,19.639,19.6,159,64.42,64.42
4011,12034,UMI,150.0,43.97707,-79.23405,100.0,17.711,17.7,182,69.99,69.99
4011,12035,UMI,270.0,43.97707,-79.23405,100.0,15.215,15.2,190,72.44,72.44
4012,12036,UMI,30.0,43.97707,-79.22734,100.0,8.957,9.0,98,41.82,41.82
4012,12037,UMI,150.0,43.97707,-79.22734,100.0,16.905,16.9,122,51.05,51.05
4012,12038,UMI,270.0,43.97707,-79.22734,100.0,14.328,14.3,159,55.21,55.21
4013,12039,UMI,30.0,43.97707,-79.22063,100.0,3.401,3.4,40,18.31,18.31
4013,12040,UMI,150.0,43.97707,-79.22063,100.0,4.807,4.8,51,18.35,18.35
4013,12041,UMI,270.0,43.97707,-79.22063,100.0,7.726,7.7,76,32.64,32.64
4014,12042,UMI,30.0,43.97707,-79.13343,100.0,2.88,2.9,28,12.56,12.56
4014,12043,UMI,150.0,43.97707,-79.13343,100.0,2.31,2.3,35,11.21,11.21
4014,12044,UMI,270.0,43.97707,-79.13343,100.0,1.363,1.4,24,6.78,6.78
4015,12045,UMI,30.0,43.98127,-79.23741,100.0,10.53,10.5,106,42.07,42.07
4015,12046,UMI,150.0,43.98127,-79.23741,100.0,12.864,12.9,143,58.27,58.27
4015,12047,UMI,270.0,43.98127,-79.23741,100.0,8.508,8.5,103,37.68,37.68
4016,12048,UMI,30.0,43.98127,-79.2307,100.0,7.128,7.1,79,35.74,35.74
4016,12049,UMI,150.0,43.98127,-79.2307,100.0,12.023,12.0,117,50.42,50.42
4016,12050,UMI,270.0,43.98127,-79.2307,100.0,8.43,8.4,127,42.71,42.71
4017,12051,UMI,30.0,43.98127,-79.22399,100.0,4.591,4.6,54,19.47,19.47
4017,12052,UMI,150.0,43.98127,-79.22399,100.0,4.84,4.8,51,22.03,22.03
4017,12053,UMI,270.0,43.98127,-79.22399,100.0,6.99,7.0,66,27.99,27.99
4018,12054,UMI,30.0,43.99385,-79.20722,100.0,0.383,0.4,6,2.15,2.15
4018,12055,UMI,150.0,43.99385,-79.20722,100.0,0.235,0.2,5,0.84,0.84
4018,12056,UMI,270.0,43.99385,-79.20722,100.0,0.585,0.6,8,2.74,2.74
