site_id,scenario,sectors,lat,lon,site_total_MHz,site_used_MHz,site_util_pct,attached_users,demand_Mbps,served_Mbps
0,UMI,3,43.61627,-79.38163,300.0,6.244,2.1,54,23.7,23.7
1,UMI,3,43.62047,-79.38498,300.0,4.733,1.6,59,21.78,21.78
2,UMI,3,43.62047,-79.37828,300.0,4.847,1.6,50,16.56,16.56
3,UMI,3,43.62047,-79.37157,300.0,6.3,2.1,52,20.98,20.98
4,UMI,3,43.62466,-79.47554,300.0,9.776,3.3,87,38.89,38.89
5,UMI,3,43.62466,-79.41517,300.0,10.711,3.6,135,44.09,44.09
6,UMI,3,43.62466,-79.39505,300.0,13.192,4.4,114,49.9,49.9
7,UMI,3,43.62886,-79.4789,300.0,17.744,5.9,154,63.1,63.1
8,UMI,3,43.62886,-79.47219,300.0,13.652,4.6,121,55.56,55.56
9,UMI,3,43.62886,-79.43865,300.0,14.834,4.9,182,63.38,63.38
10,UMI,3,43.62886,-79.43194,300.0,23.904,8.0,284,102.24,102.24
11,UMI,3,43.62886,-79.42523,300.0,34.251,11.4,384,140.4,140.4
12,UMI,3,43.62886,-79.41853,300.0,37.567,12.5,342,136.88,136.88
13,UMI,3,43.62886,-79.41182,300.0,24.518,8.2,240,89.81,89.81
14,UMI,3,43.62886,-79.40511,300.0,15.854,5.3,159,58.27,58.27
15,UMI,3,43.62886,-79.3984,300.0,23.626,7.9,203,90.28,90.28
16,UMI,3,43.62886,-79.35815,300.0,12.773,4.3,57,31.23,31.23
17,UMI,3,43.63305,-79.47554,300.0,19.625,6.5,253,85.78,85.78
18,UMI,3,43.63305,-79.46884,300.0,18.282,6.1,206,75.53,75.53
19,UMI,3,43.63305,-79.46213,300.0,13.418,4.5,105,45.05,45.05
20,UMI,3,43.63305,-79.45542,300.0,12.073,4.0,114,39.96,39.96
21,UMI,3,43.63305,-79.44871,300.0,25.099,8.4,254,107.35,107.35
22,UMI,3,43.63305,-79.442,300.0,41.721,13.9,413,158.85,158.85
23,UMI,3,43.63305,-79.4353,300.0,64.914,21.6,637,240.96,240.96
24,UMI,3,43.63305,-79.42859,300.0,93.44,31.1,790,326.96,326.96
25,UMI,3,43.63305,-79.42188,300.0,78.636,26.2,773,306.35,306.35
26,UMI,3,43.63305,-79.41517,300.0,77.398,25.8,735,290.68,290.68
27,UMI,3,43.63305,-79.40846,300.0,46.579,15.5,472,177.25,177.25
28,UMI,3,43.63305,-79.40175,300.0,49.018,16.3,390,151.69,151.69
29,UMI,3,43.63305,-79.39505,300.0,22.653,7.6,256,89.82,89.82
30,UMI,3,43.63305,-79.38834,300.0,15.718,5.2,180,67.75,67.75
31,UMI,3,43.63305,-79.38163,300.0,9.898,3.3,110,44.33,44.33
32,UMI,3,43.63305,-79.3548,300.0,7.452,2.5,101,33.21,33.21
33,UMI,3,43.63725,-79.4789,300.0,32.698,10.9,405,153.13,153.13
34,UMI,3,43.63725,-79.47219,300.0,48.469,16.2,455,179.62,179.62
35,UMI,3,43.63725,-79.46548,300.0,27.893,9.3,277,109.91,109.91
36,UMI,3,43.63725,-79.45877,300.0,20.293,6.8,240,87.95,87.95
37,UMI,3,43.63725,-79.45207,300.0,40.541,13.5,471,170.3,170.3
38,UMI,3,43.63725,-79.44536,300.0,78.556,26.2,763,298.22,298.22
39,UMI,3,43.63725,-79.43865,300.0,104.217,34.7,1067,415.94,415.94
40,UMI,3,43.63725,-79.43194,300.0,115.039,38.3,1206,462.01,462.01
41,UMI,3,43.63725,-79.42523,300.0,124.407,41.5,1207,476.94,476.94
42,UMI,3,43.63725,-79.41853,300.0,115.519,38.5,1127,433.69,433.69
43,UMI,3,43.63725,-79.41182,300.0,105.441,35.1,938,380.99,380.99
44,UMI,3,43.63725,-79.40511,300.0,73.787,24.6,734,278.47,278.47
45,UMI,3,43.63725,-79.3984,300.0,65.662,21.9,670,265.4,265.4
46,UMI,3,43.63725,-79.39169,300.0,44.374,14.8,493,181.35,181.35
47,UMI,3,43.63725,-79.38498,300.0,33.566,11.2,326,124.06,124.06
48,UMI,3,43.63725,-79.37828,300.0,20.4,6.8,233,82.58,82.58
49,UMI,3,43.63725,-79.37157,300.0,12.144,4.0,131,52.81,52.81
50,UMI,3,43.63725,-79.35144,300.0,16.105,5.4,151,57.7,57.7
51,UMI,3,43.63725,-79.34474,300.0,15.85,5.3,142,58.15,58.15
52,UMI,3,43.64144,-79.48225,300.0,43.164,14.4,438,180.29,180.29
53,UMI,3,43.64144,-79.47554,300.0,67.982,22.7,675,264.66,264.66
54,UMI,3,43.64144,-79.46884,300.0,42.364,14.1,466,171.5,171.5
55,UMI,3,43.64144,-79.46213,300.0,42.249,14.1,395,164.67,164.67
56,UMI,3,43.64144,-79.45542,300.0,68.841,22.9,697,271.34,271.34
57,UMI,3,43.64144,-79.44871,300.0,112.869,37.6,1164,427.49,427.49
58,UMI,3,43.64144,-79.442,300.0,127.044,42.3,1413,531.93,531.93
59,UMI,3,43.64144,-79.4353,300.0,171.094,57.0,1535,635.1,635.1
60,UMI,3,43.64144,-79.42859,300.0,160.641,53.5,1589,610.77,610.77
61,UMI,3,43.64144,-79.42188,300.0,157.264,52.4,1564,606.13,606.13
62,UMI,3,43.64144,-79.41517,300.0,147.353,49.1,1533,582.05,582.05
63,UMI,3,43.64144,-79.40846,300.0,133.489,44.5,1351,534.99,534.99
64,UMI,3,43.64144,-79.40175,300.0,120.53,40.2,1203,476.1,476.1
65,UMI,3,43.64144,-79.39505,300.0,92.948,31.0,873,360.9,360.9
66,UMI,3,43.64144,-79.38834,300.0,82.464,27.5,754,296.99,296.99
67,UMI,3,43.64144,-79.38163,300.0,51.806,17.3,551,207.64,207.64
68,UMI,3,43.64144,-79.37492,300.0,44.773,14.9,402,164.55,164.55
69,UMI,3,43.64144,-79.36821,300.0,33.398,11.1,308,129.81,129.81
70,UMI,3,43.64144,-79.3548,300.0,24.33,8.1,264,92.64,92.64
71,UMI,3,43.64144,-79.34809,300.0,31.635,10.5,285,117.7,117.7
72,UMI,3,43.64144,-79.34138,300.0,27.078,9.0,247,106.25,106.25
73,UMI,3,43.64144,-79.33467,300.0,12.919,4.3,135,53.64,53.64
74,UMI,3,43.64564,-79.4789,300.0,74.78,24.9,802,308.04,308.04
75,UMI,3,43.64564,-79.47219,300.0,80.391,26.8,766,296.43,296.43
76,UMI,3,43.64564,-79.46548,300.0,57.047,19.0,515,203.81,203.81
77,UMI,3,43.64564,-79.45877,300.0,73.789,24.6,701,289.43,289.43
78,UMI,3,43.64564,-79.45207,300.0,149.809,49.9,1301,533.29,533.29
79,UMI,3,43.64564,-79.44536,300.0,173.068,57.7,1532,634.76,634.76
80,UMI,3,43.64564,-79.43865,300.0,167.207,55.7,1621,649.81,649.81
81,UMI,3,43.64564,-79.43194,300.0,193.534,64.5,1725,680.0,680.0
82,UMI,3,43.64564,-79.42523,300.0,183.216,61.1,1833,728.43,728.43
83,UMI,3,43.64564,-79.41853,300.0,166.986,55.7,1686,666.76,666.76
84,UMI,3,43.64564,-79.41182,300.0,173.079,57.7,1605,647.73,647.73
85,UMI,3,43.64564,-79.40511,300.0,164.317,54.8,1563,600.62,600.62
86,UMI,3,43.64564,-79.3984,300.0,144.194,48.1,1535,584.22,584.22
87,UMI,3,43.64564,-79.39169,300.0,118.468,39.5,1230,449.86,449.86
88,UMI,3,43.64564,-79.38498,300.0,104.238,34.7,900,379.5,379.5
89,UMI,3,43.64564,-79.37828,300.0,74.767,24.9,705,279.91,279.91
90,UMI,3,43.64564,-79.37157,300.0,76.347,25.4,740,307.06,307.06
91,UMI,3,43.64564,-79.36486,300.0,59.47,19.8,550,227.73,227.73
92,UMI,3,43.64564,-79.35815,300.0,44.14,14.7,455,157.09,157.09
93,UMI,3,43.64564,-79.35144,300.0,44.304,14.8,436,168.97,168.97
94,UMI,3,43.64564,-79.34474,300.0,46.887,15.6,382,162.29,162.29
95,UMI,3,43.64564,-79.33803,300.0,28.028,9.3,304,117.6,117.6
96,UMI,3,43.64564,-79.33132,300.0,21.652,7.2,203,77.25,77.25
97,UMI,3,43.64564,-79.32461,300.0,13.777,4.6,136,58.7,58.7
98,UMI,3,43.64984,-79.48225,300.0,77.09,25.7,755,291.53,291.53
99,UMI,3,43.64984,-79.47554,300.0,108.04,36.0,1105,438.0,438.0
100,UMI,3,43.64984,-79.46884,300.0,94.329,31.4,890,362.95,362.95
101,UMI,3,43.64984,-79.46213,300.0,73.78,24.6,768,294.95,294.95
102,UMI,3,43.64984,-79.45542,300.0,125.093,41.7,1239,474.53,474.53
103,UMI,3,43.64984,-79.44871,300.0,177.427,59.1,1552,640.99,640.99
104,UMI,3,43.64984,-79.442,300.0,150.623,50.2,1592,600.59,600.59
105,UMI,3,43.64984,-79.4353,300.0,175.055,58.4,1695,645.98,645.98
106,UMI,3,43.64984,-79.42859,300.0,185.151,61.7,1814,704.04,704.04
107,UMI,3,43.64984,-79.42188,300.0,186.569,62.2,1866,717.31,717.31
108,UMI,3,43.64984,-79.41517,300.0,187.228,62.4,1803,702.0,702.0
109,UMI,3,43.64984,-79.40846,300.0,187.933,62.6,1799,701.17,701.17
110,UMI,3,43.64984,-79.40175,300.0,197.854,66.0,1791,744.31,744.31
111,UMI,3,43.64984,-79.39505,300.0,153.889,51.3,1516,596.3,596.3
112,UMI,3,43.64984,-79.38834,300.0,129.05,43.0,1187,479.1,479.1
113,UMI,3,43.64984,-79.38163,300.0,90.819,30.3,926,357.41,357.41
114,UMI,3,43.64984,-79.37492,300.0,119.834,39.9,1064,440.89,440.89
115,UMI,3,43.64984,-79.36821,300.0,106.393,35.5,1130,429.72,429.72
116,UMI,3,43.64984,-79.36151,300.0,101.35,33.8,938,372.91,372.91
117,UMI,3,43.64984,-79.3548,300.0,62.916,21.0,664,261.52,261.52
118,UMI,3,43.64984,-79.34809,300.0,59.913,20.0,600,226.81,226.81
119,UMI,3,43.64984,-79.34138,300.0,61.102,20.4,585,230.14,230.14
120,UMI,3,43.64984,-79.33467,300.0,40.954,13.7,422,163.66,163.66
121,UMI,3,43.64984,-79.32797,300.0,25.944,8.6,281,108.46,108.46
122,UMI,3,43.64984,-79.32126,300.0,15.245,5.1,167,64.09,64.09
123,UMI,3,43.65403,-79.4789,300.0,115.52,38.5,1188,468.79,468.79
124,UMI,3,43.65403,-79.47219,300.0,127.81,42.6,1261,476.22,476.22
125,UMI,3,43.65403,-79.46548,300.0,112.012,37.3,1100,433.09,433.09
126,UMI,3,43.65403,-79.45877,300.0,132.622,44.2,1324,497.65,497.65
127,UMI,3,43.65403,-79.45207,300.0,154.623,51.5,1548,592.98,592.98
128,UMI,3,43.65403,-79.44536,300.0,155.785,51.9,1569,603.27,603.27
129,UMI,3,43.65403,-79.43865,300.0,165.762,55.3,1620,639.76,639.76
130,UMI,3,43.65403,-79.43194,300.0,197.018,65.7,1811,707.59,707.59
131,UMI,3,43.65403,-79.42523,300.0,210.348,70.1,1838,744.8,744.8
132,UMI,3,43.65403,-79.41853,300.0,193.897,64.6,1795,733.53,733.53
133,UMI,3,43.65403,-79.41182,300.0,193.643,64.5,1870,737.9,737.9
134,UMI,3,43.65403,-79.40511,300.0,195.85,65.3,1865,733.82,733.82
135,UMI,3,43.65403,-79.3984,300.0,159.035,53.0,1689,637.98,637.98
136,UMI,3,43.65403,-79.39169,300.0,141.508,47.2,1433,539.07,539.07
137,UMI,3,43.65403,-79.38498,300.0,128.093,42.7,1136,464.3,464.3
138,UMI,3,43.65403,-79.37828,300.0,111.066,37.0,1181,446.61,446.61
139,UMI,3,43.65403,-79.37157,300.0,150.866,50.3,1397,558.18,558.18
140,UMI,3,43.65403,-79.36486,300.0,156.728,52.2,1396,572.34,572.34
141,UMI,3,43.65403,-79.35815,300.0,107.996,36.0,1142,428.37,428.37
142,UMI,3,43.65403,-79.35144,300.0,83.792,27.9,844,330.16,330.16
143,UMI,3,43.65403,-79.34474,300.0,98.702,32.9,941,362.9,362.9
144,UMI,3,43.65403,-79.33803,300.0,88.934,29.6,867,354.4,354.4
145,UMI,3,43.65403,-79.33132,300.0,69.141,23.0,588,249.03,249.03
146,UMI,3,43.65403,-79.32461,300.0,41.0,13.7,393,147.66,147.66
147,UMI,3,43.65403,-79.3179,300.0,21.092,7.0,244,85.68,85.68
148,UMI,3,43.65823,-79.48225,300.0,117.427,39.1,1114,467.96,467.96
149,UMI,3,43.65823,-79.47554,300.0,151.853,50.6,1510,596.02,596.02
150,UMI,3,43.65823,-79.46884,300.0,158.862,53.0,1503,611.53,611.53
151,UMI,3,43.65823,-79.46213,300.0,162.03,54.0,1472,569.06,569.06
152,UMI,3,43.65823,-79.45542,300.0,167.153,55.7,1550,621.78,621.78
153,UMI,3,43.65823,-79.44871,300.0,161.535,53.8,1599,614.02,614.02
154,UMI,3,43.65823,-79.442,300.0,176.126,58.7,1677,632.89,632.89
155,UMI,3,43.65823,-79.4353,300.0,163.071,54.4,1610,651.49,651.49
156,UMI,3,43.65823,-79.42859,300.0,188.586,62.9,1809,713.47,713.47
157,UMI,3,43.65823,-79.42188,300.0,182.515,60.8,1824,696.05,696.05
158,UMI,3,43.65823,-79.41517,300.0,202.442,67.5,1950,768.19,768.19
159,UMI,3,43.65823,-79.40846,300.0,201.407,67.1,1887,748.25,748.25
160,UMI,3,43.65823,-79.40175,300.0,169.411,56.5,1703,652.57,652.57
161,UMI,3,43.65823,-79.39505,300.0,138.207,46.1,1488,559.54,559.54
162,UMI,3,43.65823,-79.38834,300.0,129.065,43.0,1278,497.55,497.55
163,UMI,3,43.65823,-79.38163,300.0,113.886,38.0,1226,475.53,475.53
164,UMI,3,43.65823,-79.37492,300.0,158.494,52.8,1542,603.95,603.95
165,UMI,3,43.65823,-79.36821,300.0,160.598,53.5,1592,633.32,633.32
166,UMI,3,43.65823,-79.36151,300.0,148.659,49.6,1417,574.83,574.83
167,UMI,3,43.65823,-79.3548,300.0,114.83,38.3,1147,431.73,431.73
168,UMI,3,43.65823,-79.34809,300.0,136.602,45.5,1302,537.26,537.26
169,UMI,3,43.65823,-79.34138,300.0,132.193,44.1,1421,539.05,539.05
170,UMI,3,43.65823,-79.33467,300.0,130.195,43.4,1232,508.36,508.36
171,UMI,3,43.65823,-79.32797,300.0,88.675,29.6,889,369.93,369.93
172,UMI,3,43.65823,-79.32126,300.0,64.54,21.5,648,257.04,257.04
173,UMI,3,43.65823,-79.31455,300.0,40.899,13.6,384,154.43,154.43
174,UMI,3,43.65823,-79.30784,300.0,27.812,9.3,244,109.68,109.68
175,UMI,3,43.66242,-79.48561,300.0,80.857,27.0,830,323.12,323.12
176,UMI,3,43.66242,-79.4789,300.0,154.348,51.4,1427,576.32,576.32
177,UMI,3,43.66242,-79.47219,300.0,164.284,54.8,1570,609.77,609.77
178,UMI,3,43.66242,-79.46548,300.0,170.19,56.7,1551,630.23,630.23
179,UMI,3,43.66242,-79.45877,300.0,168.202,56.1,1622,630.21,630.21
180,UMI,3,43.66242,-79.45207,300.0,159.607,53.2,1616,637.81,637.81
181,UMI,3,43.66242,-79.44536,300.0,175.648,58.5,1667,672.46,672.46
182,UMI,3,43.66242,-79.43865,300.0,189.492,63.2,1751,697.92,697.92
183,UMI,3,43.66242,-79.43194,300.0,191.784,63.9,1778,720.93,720.93
184,UMI,3,43.66242,-79.42523,300.0,194.938,65.0,1758,710.36,710.36
185,UMI,3,43.66242,-79.41853,300.0,175.14,58.4,1746,658.69,658.69
186,UMI,3,43.66242,-79.41182,300.0,182.526,60.8,1855,699.98,699.98
187,UMI,3,43.66242,-79.40511,300.0,181.578,60.5,1760,689.13,689.13
188,UMI,3,43.66242,-79.3984,300.0,151.858,50.6,1462,585.61,585.61
189,UMI,3,43.66242,-79.39169,300.0,134.751,44.9,1326,518.43,518.43
190,UMI,3,43.66242,-79.38498,300.0,136.169,45.4,1319,517.36,517.36
191,UMI,3,43.66242,-79.37828,300.0,158.089,52.7,1515,598.55,598.55
192,UMI,3,43.66242,-79.37157,300.0,182.835,60.9,1720,680.03,680.03
193,UMI,3,43.66242,-79.36486,300.0,160.008,53.3,1581,625.26,625.26
194,UMI,3,43.66242,-79.35815,300.0,130.804,43.6,1197,473.74,473.74
195,UMI,3,43.66242,-79.35144,300.0,137.553,45.9,1366,544.62,544.62
196,UMI,3,43.66242,-79.34474,300.0,176.203,58.7,1662,686.14,686.14
197,UMI,3,43.66242,-79.33803,300.0,180.981,60.3,1658,637.16,637.16
198,UMI,3,43.66242,-79.33132,300.0,159.581,53.2,1571,583.2,583.2
199,UMI,3,43.66242,-79.32461,300.0,127.233,42.4,1228,513.5,513.5
200,UMI,3,43.66242,-79.3179,300.0,89.405,29.8,843,323.33,323.33
201,UMI,3,43.66242,-79.31119,300.0,61.146,20.4,656,265.01,265.01
202,UMI,3,43.66242,-79.30449,300.0,48.163,16.1,448,189.71,189.71
203,UMI,3,43.66242,-79.29778,300.0,30.792,10.3,322,124.97,124.97
204,UMI,3,43.66662,-79.49567,300.0,66.948,22.3,599,246.33,246.33
205,UMI,3,43.66662,-79.48896,300.0,76.526,25.5,770,315.8,315.8
206,UMI,3,43.66662,-79.48225,300.0,113.516,37.8,1103,445.26,445.26
207,UMI,3,43.66662,-79.47554,300.0,124.656,41.6,1311,501.99,501.99
208,UMI,3,43.66662,-79.46884,300.0,138.182,46.1,1293,528.47,528.47
209,UMI,3,43.66662,-79.46213,300.0,149.523,49.8,1456,552.02,552.02
210,UMI,3,43.66662,-79.45542,300.0,165.456,55.2,1574,625.13,625.13
211,UMI,3,43.66662,-79.44871,300.0,168.006,56.0,1649,631.7,631.7
212,UMI,3,43.66662,-79.442,300.0,181.415,60.5,1635,618.5,618.5
213,UMI,3,43.66662,-79.4353,300.0,165.351,55.1,1655,661.92,661.92
214,UMI,3,43.66662,-79.42859,300.0,185.418,61.8,1839,751.97,751.97
215,UMI,3,43.66662,-79.42188,300.0,180.643,60.2,1794,701.8,701.8
216,UMI,3,43.66662,-79.41517,300.0,185.144,61.7,1920,749.04,749.04
217,UMI,3,43.66662,-79.40846,300.0,202.14,67.4,1916,764.55,764.55
218,UMI,3,43.66662,-79.40175,300.0,202.102,67.4,1809,752.37,752.37
219,UMI,3,43.66662,-79.39505,300.0,149.514,49.8,1471,591.76,591.76
220,UMI,3,43.66662,-79.38834,300.0,147.127,49.0,1362,569.79,569.79
221,UMI,3,43.66662,-79.38163,300.0,153.984,51.3,1541,573.98,573.98
222,UMI,3,43.66662,-79.37492,300.0,181.758,60.6,1633,656.4,656.4
223,UMI,3,43.66662,-79.36821,300.0,164.986,55.0,1495,616.37,616.37
224,UMI,3,43.66662,-79.36151,300.0,112.123,37.4,1161,439.91,439.91
225,UMI,3,43.66662,-79.3548,300.0,111.761,37.3,1106,456.75,456.75
226,UMI,3,43.66662,-79.34809,300.0,166.34,55.4,1559,615.1,615.1
227,UMI,3,43.66662,-79.34138,300.0,181.666,60.6,1754,679.13,679.13
228,UMI,3,43.66662,-79.33467,300.0,196.143,65.4,1778,691.88,691.88
229,UMI,3,43.66662,-79.32797,300.0,190.049,63.3,1773,701.84,701.84
230,UMI,3,43.66662,-79.32126,300.0,158.227,52.7,1570,615.95,615.95
231,UMI,3,43.66662,-79.31455,300.0,135.054,45.0,1229,495.66,495.66
232,UMI,3,43.66662,-79.30784,300.0,105.688,35.2,1156,422.73,422.73
233,UMI,3,43.66662,-79.30113,300.0,91.299,30.4,880,353.65,353.65
234,UMI,3,43.66662,-79.29442,300.0,62.168,20.7,563,231.34,231.34
235,UMI,3,43.66662,-79.28772,300.0,31.353,10.5,321,134.21,134.21
236,UMI,3,43.66662,-79.28101,300.0,17.708,5.9,193,81.76,81.76
237,UMI,3,43.67081,-79.49902,300.0,75.66,25.2,801,314.57,314.57
238,UMI,3,43.67081,-79.49231,300.0,105.445,35.1,995,409.49,409.49
239,UMI,3,43.67081,-79.48561,300.0,115.481,38.5,1162,445.76,445.76
240,UMI,3,43.67081,-79.4789,300.0,124.34,41.4,1202,486.7,486.7
241,UMI,3,43.67081,-79.47219,300.0,111.122,37.0,1100,410.25,410.25
242,UMI,3,43.67081,-79.46548,300.0,127.459,42.5,1229,477.27,477.27
243,UMI,3,43.67081,-79.45877,300.0,173.293,57.8,1633,639.7,639.7
244,UMI,3,43.67081,-79.45207,300.0,170.745,56.9,1621,633.74,633.74
245,UMI,3,43.67081,-79.44536,300.0,169.798,56.6,1759,690.81,690.81
246,UMI,3,43.67081,-79.43865,300.0,195.102,65.0,1799,737.79,737.79
247,UMI,3,43.67081,-79.43194,300.0,205.451,68.5,1846,777.22,777.22
248,UMI,3,43.67081,-79.42523,300.0,185.008,61.7,1833,706.2,706.2
249,UMI,3,43.67081,-79.41853,300.0,180.465,60.2,1805,700.91,700.91
250,UMI,3,43.67081,-79.41182,300.0,186.904,62.3,1877,734.55,734.55
251,UMI,3,43.67081,-79.40511,300.0,207.03,69.0,1932,749.51,749.51
252,UMI,3,43.67081,-79.3984,300.0,186.626,62.2,1776,694.86,694.86
253,UMI,3,43.67081,-79.39169,300.0,157.808,52.6,1578,605.19,605.19
254,UMI,3,43.67081,-79.38498,300.0,155.832,51.9,1514,621.83,621.83
255,UMI,3,43.67081,-79.37828,300.0,164.453,54.8,1567,616.8,616.8
256,UMI,3,43.67081,-79.37157,300.0,125.053,41.7,1228,489.75,489.75
257,UMI,3,43.67081,-79.36486,300.0,100.59,33.5,975,385.62,385.62
258,UMI,3,43.67081,-79.35815,300.0,106.733,35.6,1015,409.45,409.45
259,UMI,3,43.67081,-79.35144,300.0,155.196,51.7,1438,586.57,586.57
260,UMI,3,43.67081,-79.34474,300.0,167.108,55.7,1672,657.27,657.27
261,UMI,3,43.67081,-79.33803,300.0,187.826,62.6,1790,673.63,673.63
262,UMI,3,43.67081,-79.33132,300.0,203.898,68.0,1893,742.85,742.85
263,UMI,3,43.67081,-79.32461,300.0,179.704,59.9,1865,698.87,698.87
264,UMI,3,43.67081,-79.3179,300.0,182.911,61.0,1802,685.17,685.17
265,UMI,3,43.67081,-79.31119,300.0,173.138,57.7,1624,658.89,658.89
266,UMI,3,43.67081,-79.30449,300.0,156.894,52.3,1573,595.93,595.93
267,UMI,3,43.67081,-79.29778,300.0,127.745,42.6,1201,502.87,502.87
268,UMI,3,43.67081,-79.29107,300.0,95.828,31.9,965,381.84,381.84
269,UMI,3,43.67081,-79.28436,300.0,76.14,25.4,693,297.37,297.37
270,UMI,3,43.67081,-79.27765,300.0,34.825,11.6,340,134.44,134.44
271,UMI,3,43.67501,-79.51579,300.0,54.918,18.3,612,225.28,225.28
272,UMI,3,43.67501,-79.50238,300.0,91.148,30.4,761,315.8,315.8
273,UMI,3,43.67501,-79.49567,300.0,117.359,39.1,997,408.84,408.84
274,UMI,3,43.67501,-79.48896,300.0,92.475,30.8,998,369.84,369.84
275,UMI,3,43.67501,-79.48225,300.0,121.233,40.4,1142,460.62,460.62
276,UMI,3,43.67501,-79.47554,300.0,123.809,41.3,1139,463.53,463.53
277,UMI,3,43.67501,-79.46884,300.0,127.421,42.5,1203,493.02,493.02
278,UMI,3,43.67501,-79.46213,300.0,157.915,52.6,1545,608.82,608.82
279,UMI,3,43.67501,-79.45542,300.0,150.436,50.1,1556,605.95,605.95
280,UMI,3,43.67501,-79.44871,300.0,175.262,58.4,1703,679.65,679.65
281,UMI,3,43.67501,-79.442,300.0,203.481,67.8,1958,772.87,772.87
282,UMI,3,43.67501,-79.4353,300.0,185.615,61.9,1906,712.76,712.76
283,UMI,3,43.67501,-79.42859,300.0,215.514,71.8,1949,776.73,776.73
284,UMI,3,43.67501,-79.42188,300.0,168.367,56.1,1706,636.95,636.95
285,UMI,3,43.67501,-79.41517,300.0,173.28,57.8,1666,664.16,664.16
286,UMI,3,43.67501,-79.40846,300.0,200.337,66.8,1869,765.08,765.08
287,UMI,3,43.67501,-79.40175,300.0,197.301,65.8,1924,775.76,775.76
288,UMI,3,43.67501,-79.39505,300.0,177.73,59.2,1790,692.85,692.85
289,UMI,3,43.67501,-79.38834,300.0,172.443,57.5,1701,659.15,659.15
290,UMI,3,43.67501,-79.38163,300.0,152.452,50.8,1515,615.58,615.58
291,UMI,3,43.67501,-79.37492,300.0,132.328,44.1,1326,514.56,514.56
292,UMI,3,43.67501,-79.36821,300.0,106.074,35.4,989,404.39,404.39
293,UMI,3,43.67501,-79.36151,300.0,100.723,33.6,880,371.36,371.36
294,UMI,3,43.67501,-79.3548,300.0,145.127,48.4,1363,549.84,549.84
295,UMI,3,43.67501,-79.34809,300.0,187.099,62.4,1745,697.32,697.32
296,UMI,3,43.67501,-79.34138,300.0,200.567,66.9,1819,729.03,729.03
297,UMI,3,43.67501,-79.33467,300.0,182.683,60.9,1891,725.18,725.18
298,UMI,3,43.67501,-79.32797,300.0,186.49,62.2,1889,737.16,737.16
299,UMI,3,43.67501,-79.32126,300.0,209.084,69.7,1954,812.17,812.17
300,UMI,3,43.67501,-79.31455,300.0,195.89,65.3,1814,734.97,734.97
301,UMI,3,43.67501,-79.30784,300.0,181.929,60.6,1794,700.52,700.52
302,UMI,3,43.67501,-79.30113,300.0,195.105,65.0,1844,729.33,729.33
303,UMI,3,43.67501,-79.29442,300.0,151.992,50.7,1415,585.14,585.14
304,UMI,3,43.67501,-79.28772,300.0,129.676,43.2,1256,491.84,491.84
305,UMI,3,43.67501,-79.28101,300.0,94.944,31.6,997,372.87,372.87
306,UMI,3,43.67501,-79.2743,300.0,37.914,12.6,404,156.99,156.99
307,UMI,3,43.6792,-79.53256,300.0,66.303,22.1,683,262.91,262.91
308,UMI,3,43.6792,-79.52586,300.0,86.479,28.8,886,339.51,339.51
309,UMI,3,43.6792,-79.51915,300.0,92.57,30.9,936,354.7,354.7
310,UMI,3,43.6792,-79.51244,300.0,80.226,26.7,770,305.86,305.86
311,UMI,3,43.6792,-79.50573,300.0,72.209,24.1,749,296.03,296.03
312,UMI,3,43.6792,-79.49902,300.0,90.943,30.3,872,355.64,355.64
313,UMI,3,43.6792,-79.49231,300.0,116.422,38.8,1193,438.94,438.94
314,UMI,3,43.6792,-79.48561,300.0,139.84,46.6,1289,515.4,515.4
315,UMI,3,43.6792,-79.4789,300.0,137.378,45.8,1284,508.84,508.84
316,UMI,3,43.6792,-79.47219,300.0,134.307,44.8,1236,516.22,516.22
317,UMI,3,43.6792,-79.46548,300.0,143.321,47.8,1556,593.25,593.25
318,UMI,3,43.6792,-79.45877,300.0,173.216,57.7,1700,669.0,669.0
319,UMI,3,43.6792,-79.45207,300.0,164.905,55.0,1668,653.37,653.37
320,UMI,3,43.6792,-79.44536,300.0,184.443,61.5,1885,749.49,749.49
321,UMI,3,43.6792,-79.43865,300.0,201.778,67.3,1962,749.61,749.61
322,UMI,3,43.6792,-79.43194,300.0,204.475,68.2,1956,786.97,786.97
323,UMI,3,43.6792,-79.42523,300.0,180.174,60.1,1825,710.75,710.75
324,UMI,3,43.6792,-79.41853,300.0,157.479,52.5,1644,636.84,636.84
325,UMI,3,43.6792,-79.41182,300.0,184.187,61.4,1619,642.91,642.91
326,UMI,3,43.6792,-79.40511,300.0,210.973,70.3,1878,749.42,749.42
327,UMI,3,43.6792,-79.3984,300.0,186.723,62.2,1876,717.89,717.89
328,UMI,3,43.6792,-79.39169,300.0,183.232,61.1,1734,681.01,681.01
329,UMI,3,43.6792,-79.38498,300.0,173.479,57.8,1661,645.51,645.51
330,UMI,3,43.6792,-79.37828,300.0,154.371,51.5,1411,586.24,586.24
331,UMI,3,43.6792,-79.37157,300.0,100.011,33.3,1034,393.19,393.19
332,UMI,3,43.6792,-79.36486,300.0,87.203,29.1,793,309.89,309.89
333,UMI,3,43.6792,-79.35815,300.0,107.936,36.0,1136,431.2,431.2
334,UMI,3,43.6792,-79.35144,300.0,169.952,56.7,1664,664.95,664.95
335,UMI,3,43.6792,-79.34474,300.0,213.006,71.0,1933,804.94,804.94
336,UMI,3,43.6792,-79.33803,300.0,203.562,67.9,1958,778.14,778.14
337,UMI,3,43.6792,-79.33132,300.0,189.22,63.1,1783,715.33,715.33
338,UMI,3,43.6792,-79.32461,300.0,195.046,65.0,1864,749.26,749.26
339,UMI,3,43.6792,-79.3179,300.0,192.904,64.3,1868,739.6,739.6
340,UMI,3,43.6792,-79.31119,300.0,210.576,70.2,1935,789.25,789.25
341,UMI,3,43.6792,-79.30449,300.0,199.731,66.6,1976,785.6,785.6
342,UMI,3,43.6792,-79.29778,300.0,194.556,64.9,1915,756.05,756.05
343,UMI,3,43.6792,-79.29107,300.0,170.493,56.8,1659,681.79,681.79
344,UMI,3,43.6792,-79.28436,300.0,162.885,54.3,1458,591.55,591.55
345,UMI,3,43.6792,-79.27765,300.0,85.949,28.6,970,354.67,354.67
346,UMI,3,43.6792,-79.27095,300.0,45.224,15.1,445,181.15,181.15
347,UMI,3,43.6834,-79.54933,300.0,74.944,25.0,695,280.88,280.88
348,UMI,3,43.6834,-79.54263,300.0,96.736,32.2,909,369.08,369.08
349,UMI,3,43.6834,-79.53592,300.0,113.567,37.9,1153,442.19,442.19
350,UMI,3,43.6834,-79.52921,300.0,106.561,35.5,1086,430.11,430.11
351,UMI,3,43.6834,-79.5225,300.0,105.361,35.1,1058,401.83,401.83
352,UMI,3,43.6834,-79.51579,300.0,93.585,31.2,908,356.83,356.83
353,UMI,3,43.6834,-79.50238,300.0,63.628,21.2,645,247.16,247.16
354,UMI,3,43.6834,-79.49567,300.0,93.376,31.1,860,356.62,356.62
355,UMI,3,43.6834,-79.48896,300.0,123.035,41.0,1155,440.3,440.3
356,UMI,3,43.6834,-79.48225,300.0,125.485,41.8,1226,470.66,470.66
357,UMI,3,43.6834,-79.47554,300.0,126.256,42.1,1275,491.8,491.8
358,UMI,3,43.6834,-79.46884,300.0,157.708,52.6,1578,626.14,626.14
359,UMI,3,43.6834,-79.46213,300.0,175.472,58.5,1688,653.56,653.56
360,UMI,3,43.6834,-79.45542,300.0,171.258,57.1,1602,620.38,620.38
361,UMI,3,43.6834,-79.44871,300.0,190.504,63.5,1813,720.78,720.78
362,UMI,3,43.6834,-79.442,300.0,207.42,69.1,1942,753.08,753.08
363,UMI,3,43.6834,-79.4353,300.0,205.046,68.3,1965,798.9,798.9
364,UMI,3,43.6834,-79.42859,300.0,207.7,69.2,2008,793.74,793.74
365,UMI,3,43.6834,-79.42188,300.0,174.648,58.2,1781,685.71,685.71
366,UMI,3,43.6834,-79.41517,300.0,179.744,59.9,1689,695.97,695.97
367,UMI,3,43.6834,-79.40846,300.0,187.878,62.6,1678,674.37,674.37
368,UMI,3,43.6834,-79.40175,300.0,188.76,62.9,1856,730.42,730.42
369,UMI,3,43.6834,-79.39505,300.0,190.075,63.4,1756,712.68,712.68
370,UMI,3,43.6834,-79.38834,300.0,172.337,57.4,1590,614.65,614.65
371,UMI,3,43.6834,-79.38163,300.0,158.901,53.0,1507,596.2,596.2
372,UMI,3,43.6834,-79.37492,300.0,146.654,48.9,1417,550.63,550.63
373,UMI,3,43.6834,-79.36821,300.0,100.267,33.4,879,363.83,363.83
374,UMI,3,43.6834,-79.36151,300.0,82.194,27.4,846,297.22,297.22
375,UMI,3,43.6834,-79.3548,300.0,152.605,50.9,1508,579.99,579.99
376,UMI,3,43.6834,-79.34809,300.0,201.441,67.1,1876,741.94,741.94
377,UMI,3,43.6834,-79.34138,300.0,200.084,66.7,1963,766.57,766.57
378,UMI,3,43.6834,-79.33467,300.0,198.825,66.3,1919,757.12,757.12
379,UMI,3,43.6834,-79.32797,300.0,212.109,70.7,1879,789.87,789.87
380,UMI,3,43.6834,-79.32126,300.0,194.658,64.9,1915,756.18,756.18
381,UMI,3,43.6834,-79.31455,300.0,188.644,62.9,1949,734.31,734.31
382,UMI,3,43.6834,-79.30784,300.0,227.195,75.7,2014,825.42,825.42
383,UMI,3,43.6834,-79.30113,300.0,195.704,65.2,1830,725.24,725.24
384,UMI,3,43.6834,-79.29442,300.0,173.871,58.0,1770,688.17,688.17
385,UMI,3,43.6834,-79.28772,300.0,174.248,58.1,1752,698.15,698.15
386,UMI,3,43.6834,-79.28101,300.0,146.453,48.8,1484,580.37,580.37
387,UMI,3,43.6834,-79.2743,300.0,105.868,35.3,1024,388.04,388.04
388,UMI,3,43.6834,-79.26759,300.0,44.289,14.8,486,176.32,176.32
389,UMI,3,43.6834,-79.26088,300.0,18.704,6.2,158,69.23,69.23
390,UMI,3,43.68759,-79.5594,300.0,73.791,24.6,775,326.09,326.09
391,UMI,3,43.68759,-79.55269,300.0,104.258,34.8,1024,415.53,415.53
392,UMI,3,43.68759,-79.54598,300.0,121.82,40.6,1159,465.14,465.14
393,UMI,3,43.68759,-79.53927,300.0,144.649,48.2,1351,538.3,538.3
394,UMI,3,43.68759,-79.53256,300.0,129.334,43.1,1347,505.27,505.27
395,UMI,3,43.68759,-79.52586,300.0,140.666,46.9,1312,517.67,517.67
396,UMI,3,43.68759,-79.51915,300.0,99.501,33.2,1021,385.25,385.25
397,UMI,3,43.68759,-79.51244,300.0,67.154,22.4,722,279.63,279.63
398,UMI,3,43.68759,-79.50573,300.0,85.923,28.6,797,328.33,328.33
399,UMI,3,43.68759,-79.49902,300.0,105.744,35.2,869,348.9,348.9
400,UMI,3,43.68759,-79.49231,300.0,106.139,35.4,1033,413.47,413.47
401,UMI,3,43.68759,-79.48561,300.0,112.731,37.6,1036,411.57,411.57
402,UMI,3,43.68759,-79.4789,300.0,123.384,41.1,1188,480.44,480.44
403,UMI,3,43.68759,-79.47219,300.0,168.798,56.3,1651,631.23,631.23
404,UMI,3,43.68759,-79.46548,300.0,191.453,63.8,1705,683.07,683.07
405,UMI,3,43.68759,-79.45877,300.0,170.491,56.8,1682,663.91,663.91
406,UMI,3,43.68759,-79.45207,300.0,185.807,61.9,1796,729.99,729.99
407,UMI,3,43.68759,-79.44536,300.0,229.811,76.6,2101,822.35,822.35
408,UMI,3,43.68759,-79.43865,300.0,201.531,67.2,1914,786.77,786.77
409,UMI,3,43.68759,-79.43194,300.0,213.7,71.2,1934,754.35,754.35
410,UMI,3,43.68759,-79.42523,300.0,184.916,61.6,1854,721.49,721.49
411,UMI,3,43.68759,-79.41853,300.0,179.717,59.9,1755,694.48,694.48
412,UMI,3,43.68759,-79.41182,300.0,176.389,58.8,1714,693.99,693.99
413,UMI,3,43.68759,-79.40511,300.0,188.336,62.8,1851,711.36,711.36
414,UMI,3,43.68759,-79.3984,300.0,160.966,53.7,1608,637.78,637.78
415,UMI,3,43.68759,-79.39169,300.0,140.409,46.8,1453,561.77,561.77
416,UMI,3,43.68759,-79.38498,300.0,143.342,47.8,1337,522.16,522.16
417,UMI,3,43.68759,-79.37828,300.0,153.955,51.3,1465,593.96,593.96
418,UMI,3,43.68759,-79.37157,300.0,112.383,37.5,1104,420.28,420.28
419,UMI,3,43.68759,-79.36486,300.0,81.441,27.1,759,286.58,286.58
420,UMI,3,43.68759,-79.35815,300.0,108.204,36.1,1017,398.36,398.36
421,UMI,3,43.68759,-79.35144,300.0,160.253,53.4,1564,603.16,603.16
422,UMI,3,43.68759,-79.34474,300.0,182.8,60.9,1824,729.37,729.37
423,UMI,3,43.68759,-79.33803,300.0,175.82,58.6,1867,707.55,707.55
424,UMI,3,43.68759,-79.33132,300.0,188.533,62.8,1825,732.04,732.04
425,UMI,3,43.68759,-79.32461,300.0,183.051,61.0,1914,700.07,700.07
426,UMI,3,43.68759,-79.3179,300.0,206.205,68.7,1945,798.88,798.88
427,UMI,3,43.68759,-79.31119,300.0,210.307,70.1,1938,778.96,778.96
428,UMI,3,43.68759,-79.30449,300.0,190.941,63.6,1924,720.91,720.91
429,UMI,3,43.68759,-79.29778,300.0,192.794,64.3,1820,720.16,720.16
430,UMI,3,43.68759,-79.29107,300.0,169.217,56.4,1561,622.03,622.03
431,UMI,3,43.68759,-79.28436,300.0,182.718,60.9,1511,611.56,611.56
432,UMI,3,43.68759,-79.27765,300.0,130.471,43.5,1385,504.19,504.19
433,UMI,3,43.68759,-79.27095,300.0,109.085,36.4,1062,434.71,434.71
434,UMI,3,43.68759,-79.26424,300.0,58.426,19.5,566,225.64,225.64
435,UMI,3,43.68759,-79.25753,300.0,16.236,5.4,190,69.73,69.73
436,UMI,3,43.69179,-79.57617,300.0,22.289,7.4,193,79.15,79.15
437,UMI,3,43.69179,-79.56946,300.0,45.048,15.0,428,170.25,170.25
438,UMI,3,43.69179,-79.56275,300.0,96.554,32.2,995,375.01,375.01
439,UMI,3,43.69179,-79.55604,300.0,107.194,35.7,1138,435.73,435.73
440,UMI,3,43.69179,-79.54933,300.0,124.144,41.4,1195,480.56,480.56
441,UMI,3,43.69179,-79.54263,300.0,145.547,48.5,1386,561.03,561.03
442,UMI,3,43.69179,-79.53592,300.0,129.772,43.3,1315,488.17,488.17
443,UMI,3,43.69179,-79.52921,300.0,130.126,43.4,1264,515.66,515.66
444,UMI,3,43.69179,-79.5225,300.0,123.318,41.1,1163,464.61,464.61
445,UMI,3,43.69179,-79.51579,300.0,111.218,37.1,1015,406.73,406.73
446,UMI,3,43.69179,-79.50909,300.0,100.107,33.4,881,357.71,357.71
447,UMI,3,43.69179,-79.50238,300.0,107.226,35.7,1057,409.66,409.66
448,UMI,3,43.69179,-79.49567,300.0,117.342,39.1,1104,445.34,445.34
449,UMI,3,43.69179,-79.48896,300.0,95.991,32.0,1047,393.0,393.0
450,UMI,3,43.69179,-79.48225,300.0,99.536,33.2,1053,406.04,406.04
451,UMI,3,43.69179,-79.47554,300.0,137.81,45.9,1399,553.04,553.04
452,UMI,3,43.69179,-79.46884,300.0,168.589,56.2,1610,661.38,661.38
453,UMI,3,43.69179,-79.46213,300.0,161.584,53.9,1586,615.7,615.7
454,UMI,3,43.69179,-79.45542,300.0,162.513,54.2,1687,652.09,652.09
455,UMI,3,43.69179,-79.44871,300.0,199.421,66.5,1932,763.04,763.04
456,UMI,3,43.69179,-79.442,300.0,186.995,62.3,1889,705.29,705.29
457,UMI,3,43.69179,-79.4353,300.0,202.601,67.5,1928,792.2,792.2
458,UMI,3,43.69179,-79.42859,300.0,173.813,57.9,1758,677.88,677.88
459,UMI,3,43.69179,-79.42188,300.0,190.716,63.6,1794,703.98,703.98
460,UMI,3,43.69179,-79.41517,300.0,200.046,66.7,1803,717.95,717.95
461,UMI,3,43.69179,-79.40846,300.0,188.932,63.0,1806,724.3,724.3
462,UMI,3,43.69179,-79.40175,300.0,192.813,64.3,1747,701.28,701.28
463,UMI,3,43.69179,-79.39505,300.0,140.276,46.8,1387,562.66,562.66
464,UMI,3,43.69179,-79.38834,300.0,123.854,41.3,1250,488.85,488.85
465,UMI,3,43.69179,-79.38163,300.0,127.669,42.6,1288,483.8,483.8
466,UMI,3,43.69179,-79.37492,300.0,133.461,44.5,1258,504.52,504.52
467,UMI,3,43.69179,-79.36821,300.0,93.29,31.1,977,372.31,372.31
468,UMI,3,43.69179,-79.36151,300.0,83.181,27.7,781,306.64,306.64
469,UMI,3,43.69179,-79.3548,300.0,121.167,40.4,1177,464.46,464.46
470,UMI,3,43.69179,-79.34809,300.0,147.307,49.1,1491,575.16,575.16
471,UMI,3,43.69179,-79.34138,300.0,185.25,61.8,1631,677.16,677.16
472,UMI,3,43.69179,-79.33467,300.0,181.923,60.6,1711,691.57,691.57
473,UMI,3,43.69179,-79.32797,300.0,174.932,58.3,1692,652.55,652.55
474,UMI,3,43.69179,-79.32126,300.0,180.397,60.1,1777,721.27,721.27
475,UMI,3,43.69179,-79.31455,300.0,214.114,71.4,1949,777.89,777.89
476,UMI,3,43.69179,-79.30784,300.0,203.34,67.8,1982,785.11,785.11
477,UMI,3,43.69179,-79.30113,300.0,172.259,57.4,1758,683.1,683.1
478,UMI,3,43.69179,-79.29442,300.0,155.141,51.7,1598,615.11,615.11
479,UMI,3,43.69179,-79.28772,300.0,140.195,46.7,1382,556.8,556.8
480,UMI,3,43.69179,-79.28101,300.0,146.384,48.8,1376,564.82,564.82
481,UMI,3,43.69179,-79.2743,300.0,151.783,50.6,1434,566.03,566.03
482,UMI,3,43.69179,-79.26759,300.0,119.775,39.9,1254,487.08,487.08
483,UMI,3,43.69179,-79.26088,300.0,56.063,18.7,591,225.6,225.6
484,UMI,3,43.69179,-79.25418,300.0,23.264,7.8,240,94.36,94.36
485,UMI,3,43.69598,-79.58623,300.0,21.479,7.2,214,83.09,83.09
486,UMI,3,43.69598,-79.57952,300.0,29.249,9.7,248,110.94,110.94
487,UMI,3,43.69598,-79.57281,300.0,27.548,9.2,324,109.64,109.64
488,UMI,3,43.69598,-79.5661,300.0,85.163,28.4,708,293.05,293.05
489,UMI,3,43.69598,-79.5594,300.0,100.718,33.6,1101,407.61,407.61
490,UMI,3,43.69598,-79.55269,300.0,111.914,37.3,1096,452.27,452.27
491,UMI,3,43.69598,-79.54598,300.0,105.841,35.3,1001,385.19,385.19
492,UMI,3,43.69598,-79.53927,300.0,121.73,40.6,1140,449.94,449.94
493,UMI,3,43.69598,-79.53256,300.0,104.157,34.7,1118,405.58,405.58
494,UMI,3,43.69598,-79.52586,300.0,134.022,44.7,1324,509.67,509.67
495,UMI,3,43.69598,-79.51915,300.0,121.944,40.6,1181,459.75,459.75
496,UMI,3,43.69598,-79.51244,300.0,106.474,35.5,1071,393.2,393.2
497,UMI,3,43.69598,-79.50573,300.0,129.529,43.2,1217,477.75,477.75
498,UMI,3,43.69598,-79.49902,300.0,140.703,46.9,1332,524.74,524.74
499,UMI,3,43.69598,-79.49231,300.0,121.311,40.4,1169,445.65,445.65
500,UMI,3,43.69598,-79.48561,300.0,119.96,40.0,1142,477.45,477.45
501,UMI,3,43.69598,-79.4789,300.0,147.156,49.1,1395,551.82,551.82
502,UMI,3,43.69598,-79.47219,300.0,140.148,46.7,1415,561.62,561.62
503,UMI,3,43.69598,-79.46548,300.0,135.795,45.3,1323,536.33,536.33
504,UMI,3,43.69598,-79.45877,300.0,161.105,53.7,1472,592.6,592.6
505,UMI,3,43.69598,-79.45207,300.0,181.401,60.5,1716,673.25,673.25
506,UMI,3,43.69598,-79.44536,300.0,186.886,62.3,1854,759.79,759.79
507,UMI,3,43.69598,-79.43865,300.0,216.953,72.3,1934,794.1,794.1
508,UMI,3,43.69598,-79.43194,300.0,178.436,59.5,1794,681.76,681.76
509,UMI,3,43.69598,-79.42523,300.0,207.819,69.3,1906,798.73,798.73
510,UMI,3,43.69598,-79.41853,300.0,192.529,64.2,1951,754.14,754.14
511,UMI,3,43.69598,-79.41182,300.0,187.273,62.4,1923,729.5,729.5
512,UMI,3,43.69598,-79.40511,300.0,198.046,66.0,1840,737.17,737.17
513,UMI,3,43.69598,-79.3984,300.0,182.535,60.8,1634,661.65,661.65
514,UMI,3,43.69598,-79.39169,300.0,146.057,48.7,1293,529.26,529.26
515,UMI,3,43.69598,-79.38498,300.0,131.023,43.7,1212,507.27,507.27
516,UMI,3,43.69598,-79.37828,300.0,109.245,36.4,1203,444.16,444.16
517,UMI,3,43.69598,-79.37157,300.0,130.183,43.4,1234,473.57,473.57
518,UMI,3,43.69598,-79.36486,300.0,85.57,28.5,968,344.98,344.98
519,UMI,3,43.69598,-79.35815,300.0,80.802,26.9,764,332.35,332.35
520,UMI,3,43.69598,-79.35144,300.0,111.667,37.2,1002,383.54,383.54
521,UMI,3,43.69598,-79.34474,300.0,115.821,38.6,1149,459.51,459.51
522,UMI,3,43.69598,-79.33803,300.0,129.537,43.2,1274,512.93,512.93
523,UMI,3,43.69598,-79.33132,300.0,148.094,49.4,1367,546.02,546.02
524,UMI,3,43.69598,-79.32461,300.0,157.085,52.4,1514,583.03,583.03
525,UMI,3,43.69598,-79.3179,300.0,176.898,59.0,1692,687.47,687.47
526,UMI,3,43.69598,-79.31119,300.0,167.502,55.8,1623,640.48,640.48
527,UMI,3,43.69598,-79.30449,300.0,166.496,55.5,1636,663.56,663.56
528,UMI,3,43.69598,-79.29778,300.0,158.685,52.9,1458,616.01,616.01
529,UMI,3,43.69598,-79.29107,300.0,143.4,47.8,1346,534.18,534.18
530,UMI,3,43.69598,-79.28436,300.0,145.748,48.6,1436,566.35,566.35
531,UMI,3,43.69598,-79.27765,300.0,157.865,52.6,1566,616.61,616.61
532,UMI,3,43.69598,-79.27095,300.0,157.765,52.6,1502,568.07,568.07
533,UMI,3,43.69598,-79.26424,300.0,114.904,38.3,1117,461.3,461.3
534,UMI,3,43.69598,-79.25753,300.0,66.542,22.2,638,272.21,272.21
535,UMI,3,43.69598,-79.25082,300.0,36.762,12.3,345,139.73,139.73
536,UMI,3,43.69598,-79.24411,300.0,13.957,4.7,162,59.38,59.38
537,UMI,3,43.70018,-79.59629,300.0,14.097,4.7,159,62.76,62.76
538,UMI,3,43.70018,-79.58958,300.0,25.877,8.6,221,96.53,96.53
539,UMI,3,43.70018,-79.58287,300.0,25.029,8.3,273,102.57,102.57
540,UMI,3,43.70018,-79.57617,300.0,28.996,9.7,328,123.54,123.54
541,UMI,3,43.70018,-79.56946,300.0,45.267,15.1,513,189.21,189.21
542,UMI,3,43.70018,-79.56275,300.0,70.789,23.6,697,275.1,275.1
543,UMI,3,43.70018,-79.55604,300.0,98.702,32.9,991,389.67,389.67
544,UMI,3,43.70018,-79.54933,300.0,97.12,32.4,944,381.48,381.48
545,UMI,3,43.70018,-79.54263,300.0,94.488,31.5,908,351.16,351.16
546,UMI,3,43.70018,-79.53592,300.0,92.882,31.0,835,343.05,343.05
547,UMI,3,43.70018,-79.52921,300.0,128.892,43.0,1230,510.15,510.15
548,UMI,3,43.70018,-79.5225,300.0,137.377,45.8,1262,497.02,497.02
549,UMI,3,43.70018,-79.51579,300.0,110.904,37.0,1172,432.57,432.57
550,UMI,3,43.70018,-79.50909,300.0,141.007,47.0,1309,502.47,502.47
551,UMI,3,43.70018,-79.50238,300.0,157.324,52.4,1514,582.75,582.75
552,UMI,3,43.70018,-79.49567,300.0,142.324,47.4,1374,549.33,549.33
553,UMI,3,43.70018,-79.48896,300.0,136.305,45.4,1277,511.92,511.92
554,UMI,3,43.70018,-79.48225,300.0,132.599,44.2,1353,539.07,539.07
555,UMI,3,43.70018,-79.47554,300.0,136.884,45.6,1289,537.23,537.23
556,UMI,3,43.70018,-79.46884,300.0,116.255,38.8,1090,438.33,438.33
557,UMI,3,43.70018,-79.46213,300.0,116.43,38.8,1139,442.34,442.34
558,UMI,3,43.70018,-79.45542,300.0,145.576,48.5,1370,545.14,545.14
559,UMI,3,43.70018,-79.44871,300.0,184.545,61.5,1867,716.52,716.52
560,UMI,3,43.70018,-79.442,300.0,208.455,69.5,1900,765.59,765.59
561,UMI,3,43.70018,-79.4353,300.0,201.418,67.1,1916,789.19,789.19
562,UMI,3,43.70018,-79.42859,300.0,197.605,65.9,1942,776.35,776.35
563,UMI,3,43.70018,-79.42188,300.0,204.302,68.1,1956,774.5,774.5
564,UMI,3,43.70018,-79.41517,300.0,199.364,66.5,1957,798.8,798.8
565,UMI,3,43.70018,-79.40846,300.0,209.853,70.0,1987,802.47,802.47
566,UMI,3,43.70018,-79.40175,300.0,186.613,62.2,1762,721.99,721.99
567,UMI,3,43.70018,-79.39505,300.0,154.201,51.4,1608,599.66,599.66
568,UMI,3,43.70018,-79.38834,300.0,144.436,48.1,1369,567.09,567.09
569,UMI,3,43.70018,-79.38163,300.0,149.469,49.8,1427,563.31,563.31
570,UMI,3,43.70018,-79.37492,300.0,155.775,51.9,1398,559.24,559.24
571,UMI,3,43.70018,-79.36821,300.0,147.394,49.1,1339,535.79,535.79
572,UMI,3,43.70018,-79.36151,300.0,107.069,35.7,1010,401.81,401.81
573,UMI,3,43.70018,-79.3548,300.0,88.285,29.4,763,305.65,305.65
574,UMI,3,43.70018,-79.34809,300.0,80.013,26.7,765,303.24,303.24
575,UMI,3,43.70018,-79.34138,300.0,77.305,25.8,796,315.41,315.41
576,UMI,3,43.70018,-79.33467,300.0,91.629,30.5,866,351.81,351.81
577,UMI,3,43.70018,-79.32797,300.0,96.846,32.3,997,378.84,378.84
578,UMI,3,43.70018,-79.32126,300.0,141.082,47.0,1315,504.27,504.27
579,UMI,3,43.70018,-79.31455,300.0,138.85,46.3,1316,497.52,497.52
580,UMI,3,43.70018,-79.30784,300.0,163.961,54.7,1581,633.25,633.25
581,UMI,3,43.70018,-79.30113,300.0,162.014,54.0,1537,618.75,618.75
582,UMI,3,43.70018,-79.29442,300.0,156.518,52.2,1555,612.3,612.3
583,UMI,3,43.70018,-79.28772,300.0,136.642,45.5,1347,528.02,528.02
584,UMI,3,43.70018,-79.28101,300.0,147.454,49.2,1352,538.99,538.99
585,UMI,3,43.70018,-79.2743,300.0,151.753,50.6,1493,581.99,581.99
586,UMI,3,43.70018,-79.26759,300.0,148.317,49.4,1377,563.86,563.86
587,UMI,3,43.70018,-79.26088,300.0,126.824,42.3,1251,482.97,482.97
588,UMI,3,43.70018,-79.25418,300.0,97.319,32.4,856,336.77,336.77
589,UMI,3,43.70018,-79.24747,300.0,56.521,18.8,569,225.11,225.11
590,UMI,3,43.70018,-79.24076,300.0,32.9,11.0,234,92.45,92.45
591,UMI,3,43.70437,-79.59965,300.0,16.601,5.5,178,64.29,64.29
592,UMI,3,43.70437,-79.59294,300.0,19.326,6.4,233,84.7,84.7
593,UMI,3,43.70437,-79.58623,300.0,29.2,9.7,269,110.53,110.53
594,UMI,3,43.70437,-79.57952,300.0,38.114,12.7,343,132.34,132.34
595,UMI,3,43.70437,-79.57281,300.0,33.402,11.1,354,140.14,140.14
596,UMI,3,43.70437,-79.5661,300.0,55.248,18.4,504,200.35,200.35
597,UMI,3,43.70437,-79.5594,300.0,66.908,22.3,652,267.64,267.64
598,UMI,3,43.70437,-79.55269,300.0,84.828,28.3,755,301.3,301.3
599,UMI,3,43.70437,-79.54598,300.0,62.98,21.0,638,245.58,245.58
600,UMI,3,43.70437,-79.53927,300.0,61.375,20.5,598,233.47,233.47
601,UMI,3,43.70437,-79.53256,300.0,85.945,28.6,851,330.08,330.08
602,UMI,3,43.70437,-79.52586,300.0,127.102,42.4,1211,492.36,492.36
603,UMI,3,43.70437,-79.51915,300.0,149.007,49.7,1413,544.65,544.65
604,UMI,3,43.70437,-79.51244,300.0,143.764,47.9,1466,588.93,588.93
605,UMI,3,43.70437,-79.50573,300.0,156.896,52.3,1485,582.6,582.6
606,UMI,3,43.70437,-79.49902,300.0,147.844,49.3,1413,537.55,537.55
607,UMI,3,43.70437,-79.49231,300.0,130.25,43.4,1323,489.14,489.14
608,UMI,3,43.70437,-79.48561,300.0,145.394,48.5,1503,575.18,575.18
609,UMI,3,43.70437,-79.4789,300.0,129.761,43.3,1351,525.41,525.41
610,UMI,3,43.70437,-79.47219,300.0,114.463,38.2,1146,442.93,442.93
611,UMI,3,43.70437,-79.46548,300.0,117.389,39.1,1149,429.02,429.02
612,UMI,3,43.70437,-79.45877,300.0,136.012,45.3,1231,490.09,490.09
613,UMI,3,43.70437,-79.45207,300.0,157.253,52.4,1607,608.2,608.2
614,UMI,3,43.70437,-79.44536,300.0,191.14,63.7,1839,732.41,732.41
615,UMI,3,43.70437,-79.43865,300.0,185.466,61.8,1742,676.03,676.03
616,UMI,3,43.70437,-79.43194,300.0,198.636,66.2,1949,760.24,760.24
617,UMI,3,43.70437,-79.42523,300.0,194.147,64.7,1852,729.18,729.18
618,UMI,3,43.70437,-79.41853,300.0,195.753,65.3,1839,743.7,743.7
619,UMI,3,43.70437,-79.41182,300.0,191.889,64.0,1893,754.49,754.49
620,UMI,3,43.70437,-79.40511,300.0,198.01,66.0,1933,779.46,779.46
621,UMI,3,43.70437,-79.3984,300.0,183.616,61.2,1797,703.18,703.18
622,UMI,3,43.70437,-79.39169,300.0,173.874,58.0,1675,684.88,684.88
623,UMI,3,43.70437,-79.38498,300.0,169.974,56.7,1651,657.41,657.41
624,UMI,3,43.70437,-79.37828,300.0,159.373,53.1,1628,617.62,617.62
625,UMI,3,43.70437,-79.37157,300.0,159.491,53.2,1598,632.67,632.67
626,UMI,3,43.70437,-79.36486,300.0,134.486,44.8,1411,533.83,533.83
627,UMI,3,43.70437,-79.35815,300.0,97.585,32.5,926,368.34,368.34
628,UMI,3,43.70437,-79.35144,300.0,79.32,26.4,694,286.86,286.86
629,UMI,3,43.70437,-79.34474,300.0,65.218,21.7,655,268.48,268.48
630,UMI,3,43.70437,-79.33803,300.0,55.6,18.5,570,219.16,219.16
631,UMI,3,43.70437,-79.33132,300.0,60.07,20.0,642,255.19,255.19
632,UMI,3,43.70437,-79.32461,300.0,100.985,33.7,975,379.55,379.55
633,UMI,3,43.70437,-79.3179,300.0,109.536,36.5,1084,410.09,410.09
634,UMI,3,43.70437,-79.31119,300.0,131.335,43.8,1297,523.92,523.92
635,UMI,3,43.70437,-79.30449,300.0,162.565,54.2,1637,621.74,621.74
636,UMI,3,43.70437,-79.29778,300.0,168.814,56.3,1736,668.74,668.74
637,UMI,3,43.70437,-79.29107,300.0,186.758,62.3,1727,704.7,704.7
638,UMI,3,43.70437,-79.28436,300.0,131.606,43.9,1386,533.81,533.81
639,UMI,3,43.70437,-79.27765,300.0,130.818,43.6,1279,468.08,468.08
640,UMI,3,43.70437,-79.27095,300.0,150.128,50.0,1438,587.53,587.53
641,UMI,3,43.70437,-79.26424,300.0,154.19,51.4,1472,586.15,586.15
642,UMI,3,43.70437,-79.25753,300.0,150.28,50.1,1378,545.71,545.71
643,UMI,3,43.70437,-79.25082,300.0,119.954,40.0,1110,453.95,453.95
644,UMI,3,43.70437,-79.24411,300.0,80.483,26.8,719,294.04,294.04
645,UMI,3,43.70437,-79.23741,300.0,24.491,8.2,273,102.46,102.46
646,UMI,3,43.70857,-79.603,300.0,11.211,3.7,150,47.64,47.64
647,UMI,3,43.70857,-79.59629,300.0,30.852,10.3,220,99.66,99.66
648,UMI,3,43.70857,-79.58958,300.0,27.821,9.3,296,99.2,99.2
649,UMI,3,43.70857,-79.58287,300.0,29.842,9.9,356,115.75,115.75
650,UMI,3,43.70857,-79.57617,300.0,48.466,16.2,465,187.4,187.4
651,UMI,3,43.70857,-79.56946,300.0,55.665,18.6,532,201.66,201.66
652,UMI,3,43.70857,-79.56275,300.0,61.841,20.6,583,229.51,229.51
653,UMI,3,43.70857,-79.55604,300.0,58.212,19.4,575,238.19,238.19
654,UMI,3,43.70857,-79.54933,300.0,66.031,22.0,611,241.05,241.05
655,UMI,3,43.70857,-79.54263,300.0,52.255,17.4,504,199.9,199.9
656,UMI,3,43.70857,-79.53592,300.0,69.714,23.2,625,248.44,248.44
657,UMI,3,43.70857,-79.52921,300.0,100.466,33.5,974,386.16,386.16
658,UMI,3,43.70857,-79.5225,300.0,137.444,45.8,1310,481.27,481.27
659,UMI,3,43.70857,-79.51579,300.0,160.421,53.5,1334,569.62,569.62
660,UMI,3,43.70857,-79.50909,300.0,129.989,43.3,1329,501.9,501.9
661,UMI,3,43.70857,-79.50238,300.0,136.305,45.4,1361,520.36,520.36
662,UMI,3,43.70857,-79.49567,300.0,167.62,55.9,1526,633.6,633.6
663,UMI,3,43.70857,-79.48896,300.0,168.1,56.0,1574,637.95,637.95
664,UMI,3,43.70857,-79.48225,300.0,169.201,56.4,1611,650.1,650.1
665,UMI,3,43.70857,-79.47554,300.0,124.882,41.6,1270,491.08,491.08
666,UMI,3,43.70857,-79.46884,300.0,110.565,36.9,1179,437.83,437.83
667,UMI,3,43.70857,-79.46213,300.0,152.758,50.9,1339,527.0,527.0
668,UMI,3,43.70857,-79.45542,300.0,141.787,47.3,1382,542.6,542.6
669,UMI,3,43.70857,-79.44871,300.0,191.796,63.9,1785,765.14,765.14
670,UMI,3,43.70857,-79.442,300.0,171.371,57.1,1720,648.23,648.23
671,UMI,3,43.70857,-79.4353,300.0,197.609,65.9,1881,745.58,745.58
672,UMI,3,43.70857,-79.42859,300.0,187.981,62.7,1805,690.33,690.33
673,UMI,3,43.70857,-79.42188,300.0,191.62,63.9,1844,747.43,747.43
674,UMI,3,43.70857,-79.41517,300.0,208.538,69.5,1900,744.45,744.45
675,UMI,3,43.70857,-79.40846,300.0,217.86,72.6,1957,760.83,760.83
676,UMI,3,43.70857,-79.40175,300.0,190.941,63.6,1816,718.55,718.55
677,UMI,3,43.70857,-79.39505,300.0,178.451,59.5,1709,666.11,666.11
678,UMI,3,43.70857,-79.38834,300.0,171.241,57.1,1732,689.79,689.79
679,UMI,3,43.70857,-79.38163,300.0,197.888,66.0,1785,721.41,721.41
680,UMI,3,43.70857,-79.37492,300.0,172.003,57.3,1743,680.87,680.87
681,UMI,3,43.70857,-79.36821,300.0,154.755,51.6,1583,629.44,629.44
682,UMI,3,43.70857,-79.36151,300.0,129.029,43.0,1223,506.31,506.31
683,UMI,3,43.70857,-79.3548,300.0,75.326,25.1,749,285.67,285.67
684,UMI,3,43.70857,-79.34809,300.0,55.967,18.7,575,221.18,221.18
685,UMI,3,43.70857,-79.34138,300.0,47.281,15.8,454,178.01,178.01
686,UMI,3,43.70857,-79.33467,300.0,55.095,18.4,533,204.68,204.68
687,UMI,3,43.70857,-79.32797,300.0,69.327,23.1,648,254.73,254.73
688,UMI,3,43.70857,-79.32126,300.0,86.37,28.8,843,350.95,350.95
689,UMI,3,43.70857,-79.31455,300.0,104.469,34.8,1016,412.04,412.04
690,UMI,3,43.70857,-79.30784,300.0,150.058,50.0,1451,592.96,592.96
691,UMI,3,43.70857,-79.30113,300.0,202.597,67.5,1874,747.71,747.71
692,UMI,3,43.70857,-79.29442,300.0,186.111,62.0,1802,685.31,685.31
693,UMI,3,43.70857,-79.28772,300.0,154.662,51.6,1504,589.1,589.1
694,UMI,3,43.70857,-79.28101,300.0,111.69,37.2,1141,436.68,436.68
695,UMI,3,43.70857,-79.2743,300.0,123.984,41.3,1291,509.05,509.05
696,UMI,3,43.70857,-79.26759,300.0,146.09,48.7,1405,554.18,554.18
697,UMI,3,43.70857,-79.26088,300.0,164.245,54.7,1576,625.52,625.52
698,UMI,3,43.70857,-79.25418,300.0,172.16,57.4,1526,628.76,628.76
699,UMI,3,43.70857,-79.24747,300.0,112.93,37.6,1216,441.19,441.19
700,UMI,3,43.70857,-79.24076,300.0,59.232,19.7,613,235.17,235.17
701,UMI,3,43.70857,-79.23405,300.0,28.319,9.4,349,119.45,119.45
702,UMI,3,43.71277,-79.59965,300.0,25.931,8.6,225,89.12,89.12
703,UMI,3,43.71277,-79.59294,300.0,35.294,11.8,327,128.77,128.77
704,UMI,3,43.71277,-79.58623,300.0,54.583,18.2,518,195.75,195.75
705,UMI,3,43.71277,-79.57952,300.0,59.01,19.7,566,217.63,217.63
706,UMI,3,43.71277,-79.57281,300.0,70.243,23.4,612,244.77,244.77
707,UMI,3,43.71277,-79.5661,300.0,78.471,26.2,772,316.42,316.42
708,UMI,3,43.71277,-79.5594,300.0,72.84,24.3,721,265.86,265.86
709,UMI,3,43.71277,-79.55269,300.0,62.182,20.7,715,258.32,258.32
710,UMI,3,43.71277,-79.54598,300.0,64.926,21.6,637,237.91,237.91
711,UMI,3,43.71277,-79.53927,300.0,59.421,19.8,549,223.75,223.75
712,UMI,3,43.71277,-79.53256,300.0,76.549,25.5,749,318.91,318.91
713,UMI,3,43.71277,-79.52586,300.0,107.443,35.8,1049,431.09,431.09
714,UMI,3,43.71277,-79.51915,300.0,99.084,33.0,1046,417.31,417.31
715,UMI,3,43.71277,-79.51244,300.0,95.427,31.8,981,385.19,385.19
716,UMI,3,43.71277,-79.50573,300.0,118.53,39.5,1161,446.05,446.05
717,UMI,3,43.71277,-79.49902,300.0,163.164,54.4,1515,613.9,613.9
718,UMI,3,43.71277,-79.49231,300.0,168.152,56.1,1628,634.76,634.76
719,UMI,3,43.71277,-79.48561,300.0,157.027,52.3,1626,636.62,636.62
720,UMI,3,43.71277,-79.4789,300.0,163.01,54.3,1485,618.72,618.72
721,UMI,3,43.71277,-79.47219,300.0,116.603,38.9,1128,434.58,434.58
722,UMI,3,43.71277,-79.46548,300.0,116.797,38.9,1088,434.35,434.35
723,UMI,3,43.71277,-79.45877,300.0,135.895,45.3,1299,505.42,505.42
724,UMI,3,43.71277,-79.45207,300.0,178.844,59.6,1562,633.82,633.82
725,UMI,3,43.71277,-79.44536,300.0,161.805,53.9,1605,611.16,611.16
726,UMI,3,43.71277,-79.43865,300.0,183.508,61.2,1679,708.82,708.82
727,UMI,3,43.71277,-79.43194,300.0,192.878,64.3,1833,729.93,729.93
728,UMI,3,43.71277,-79.42523,300.0,198.846,66.3,1856,750.86,750.86
729,UMI,3,43.71277,-79.41853,300.0,199.805,66.6,1857,736.26,736.26
730,UMI,3,43.71277,-79.41182,300.0,184.278,61.4,1830,691.23,691.23
731,UMI,3,43.71277,-79.40511,300.0,198.134,66.0,1916,719.48,719.48
732,UMI,3,43.71277,-79.3984,300.0,170.883,57.0,1761,663.63,663.63
733,UMI,3,43.71277,-79.39169,300.0,183.232,61.1,1690,680.9,680.9
734,UMI,3,43.71277,-79.38498,300.0,166.113,55.4,1564,634.37,634.37
735,UMI,3,43.71277,-79.37828,300.0,163.346,54.4,1580,613.8,613.8
736,UMI,3,43.71277,-79.37157,300.0,159.52,53.2,1618,627.33,627.33
737,UMI,3,43.71277,-79.36486,300.0,143.933,48.0,1282,525.48,525.48
738,UMI,3,43.71277,-79.35815,300.0,93.569,31.2,858,349.46,349.46
739,UMI,3,43.71277,-79.35144,300.0,66.04,22.0,591,239.54,239.54
740,UMI,3,43.71277,-79.34474,300.0,45.871,15.3,444,177.28,177.28
741,UMI,3,43.71277,-79.33803,300.0,39.632,13.2,442,160.7,160.7
742,UMI,3,43.71277,-79.33132,300.0,64.221,21.4,600,253.36,253.36
743,UMI,3,43.71277,-79.32461,300.0,63.004,21.0,651,251.22,251.22
744,UMI,3,43.71277,-79.3179,300.0,86.044,28.7,754,294.16,294.16
745,UMI,3,43.71277,-79.31119,300.0,113.018,37.7,1104,447.89,447.89
746,UMI,3,43.71277,-79.30449,300.0,168.95,56.3,1652,648.95,648.95
747,UMI,3,43.71277,-79.29778,300.0,190.352,63.5,1801,711.68,711.68
748,UMI,3,43.71277,-79.29107,300.0,175.539,58.5,1673,650.19,650.19
749,UMI,3,43.71277,-79.28436,300.0,125.853,42.0,1229,494.7,494.7
750,UMI,3,43.71277,-79.27765,300.0,104.79,34.9,1065,406.36,406.36
751,UMI,3,43.71277,-79.27095,300.0,118.714,39.6,1137,457.21,457.21
752,UMI,3,43.71277,-79.26424,300.0,135.674,45.2,1339,533.11,533.11
753,UMI,3,43.71277,-79.25753,300.0,150.077,50.0,1505,605.86,605.86
754,UMI,3,43.71277,-79.25082,300.0,152.052,50.7,1512,578.95,578.95
755,UMI,3,43.71277,-79.24411,300.0,129.245,43.1,1188,507.26,507.26
756,UMI,3,43.71277,-79.23741,300.0,71.882,24.0,756,292.42,292.42
757,UMI,3,43.71277,-79.2307,300.0,47.996,16.0,488,192.73,192.73
758,UMI,3,43.71277,-79.22399,300.0,12.43,4.1,150,55.1,55.1
759,UMI,3,43.71696,-79.59629,300.0,31.792,10.6,335,124.52,124.52
760,UMI,3,43.71696,-79.58958,300.0,64.259,21.4,678,253.55,253.55
761,UMI,3,43.71696,-79.58287,300.0,70.587,23.5,815,293.8,293.8
762,UMI,3,43.71696,-79.57617,300.0,86.199,28.7,814,323.97,323.97
763,UMI,3,43.71696,-79.56946,300.0,96.653,32.2,963,375.29,375.29
764,UMI,3,43.71696,-79.56275,300.0,106.676,35.6,1050,420.93,420.93
765,UMI,3,43.71696,-79.55604,300.0,100.322,33.4,921,352.36,352.36
766,UMI,3,43.71696,-79.54933,300.0,89.834,29.9,812,332.9,332.9
767,UMI,3,43.71696,-79.54263,300.0,64.156,21.4,572,240.44,240.44
768,UMI,3,43.71696,-79.53592,300.0,78.363,26.1,714,311.98,311.98
769,UMI,3,43.71696,-79.52921,300.0,85.923,28.6,843,345.01,345.01
770,UMI,3,43.71696,-79.5225,300.0,86.289,28.8,826,327.46,327.46
771,UMI,3,43.71696,-79.51579,300.0,80.565,26.9,783,313.31,313.31
772,UMI,3,43.71696,-79.50909,300.0,102.368,34.1,876,357.7,357.7
773,UMI,3,43.71696,-79.50238,300.0,124.344,41.4,1269,485.32,485.32
774,UMI,3,43.71696,-79.49567,300.0,146.667,48.9,1428,533.74,533.74
775,UMI,3,43.71696,-79.48896,300.0,151.469,50.5,1478,592.43,592.43
776,UMI,3,43.71696,-79.48225,300.0,160.613,53.5,1578,636.24,636.24
777,UMI,3,43.71696,-79.47554,300.0,128.357,42.8,1336,502.11,502.11
778,UMI,3,43.71696,-79.46884,300.0,89.868,30.0,930,359.11,359.11
779,UMI,3,43.71696,-79.46213,300.0,103.069,34.4,993,392.51,392.51
780,UMI,3,43.71696,-79.45542,300.0,117.502,39.2,1128,446.21,446.21
781,UMI,3,43.71696,-79.44871,300.0,155.292,51.8,1415,564.51,564.51
782,UMI,3,43.71696,-79.442,300.0,147.747,49.2,1484,572.89,572.89
783,UMI,3,43.71696,-79.4353,300.0,189.099,63.0,1799,737.8,737.8
784,UMI,3,43.71696,-79.42859,300.0,178.742,59.6,1858,698.48,698.48
785,UMI,3,43.71696,-79.42188,300.0,200.304,66.8,1909,768.14,768.14
786,UMI,3,43.71696,-79.41517,300.0,204.806,68.3,1828,745.0,745.0
787,UMI,3,43.71696,-79.40846,300.0,179.736,59.9,1746,679.43,679.43
788,UMI,3,43.71696,-79.40175,300.0,186.149,62.0,1829,704.79,704.79
789,UMI,3,43.71696,-79.39505,300.0,190.351,63.5,1743,691.46,691.46
790,UMI,3,43.71696,-79.38834,300.0,149.778,49.9,1472,597.89,597.89
791,UMI,3,43.71696,-79.38163,300.0,125.91,42.0,1317,505.95,505.95
792,UMI,3,43.71696,-79.37492,300.0,152.829,50.9,1355,552.73,552.73
793,UMI,3,43.71696,-79.36821,300.0,113.088,37.7,1164,461.8,461.8
794,UMI,3,43.71696,-79.36151,300.0,100.178,33.4,976,381.34,381.34
795,UMI,3,43.71696,-79.3548,300.0,61.781,20.6,588,243.89,243.89
796,UMI,3,43.71696,-79.34809,300.0,51.114,17.0,493,197.29,197.29
797,UMI,3,43.71696,-79.34138,300.0,47.224,15.7,489,186.81,186.81
798,UMI,3,43.71696,-79.33467,300.0,62.198,20.7,574,223.04,223.04
799,UMI,3,43.71696,-79.32797,300.0,61.788,20.6,658,254.1,254.1
800,UMI,3,43.71696,-79.32126,300.0,57.671,19.2,559,224.72,224.72
801,UMI,3,43.71696,-79.31455,300.0,75.419,25.1,783,290.39,290.39
802,UMI,3,43.71696,-79.30784,300.0,115.759,38.6,1213,450.27,450.27
803,UMI,3,43.71696,-79.30113,300.0,170.766,56.9,1605,657.25,657.25
804,UMI,3,43.71696,-79.29442,300.0,156.215,52.1,1537,597.05,597.05
805,UMI,3,43.71696,-79.28772,300.0,129.747,43.2,1197,476.55,476.55
806,UMI,3,43.71696,-79.28101,300.0,106.758,35.6,1008,394.35,394.35
807,UMI,3,43.71696,-79.2743,300.0,104.381,34.8,1009,398.7,398.7
808,UMI,3,43.71696,-79.26759,300.0,99.526,33.2,992,384.99,384.99
809,UMI,3,43.71696,-79.26088,300.0,125.383,41.8,1215,494.7,494.7
810,UMI,3,43.71696,-79.25418,300.0,161.325,53.8,1480,584.51,584.51
811,UMI,3,43.71696,-79.24747,300.0,150.5,50.2,1416,586.73,586.73
812,UMI,3,43.71696,-79.24076,300.0,115.488,38.5,1122,444.35,444.35
813,UMI,3,43.71696,-79.23405,300.0,107.826,35.9,1045,417.26,417.26
814,UMI,3,43.71696,-79.22734,300.0,64.379,21.5,572,234.9,234.9
815,UMI,3,43.71696,-79.22063,300.0,18.541,6.2,173,74.16,74.16
816,UMI,3,43.72116,-79.59965,300.0,39.036,13.0,381,141.34,141.34
817,UMI,3,43.72116,-79.59294,300.0,74.035,24.7,644,256.03,256.03
818,UMI,3,43.72116,-79.58623,300.0,101.937,34.0,963,370.46,370.46
819,UMI,3,43.72116,-79.57952,300.0,95.23,31.7,996,373.67,373.67
820,UMI,3,43.72116,-79.57281,300.0,94.694,31.6,1000,387.68,387.68
821,UMI,3,43.72116,-79.5661,300.0,112.453,37.5,1089,444.05,444.05
822,UMI,3,43.72116,-79.5594,300.0,96.145,32.0,1009,367.41,367.41
823,UMI,3,43.72116,-79.55269,300.0,94.909,31.6,870,320.4,320.4
824,UMI,3,43.72116,-79.54598,300.0,75.852,25.3,694,273.77,273.77
825,UMI,3,43.72116,-79.53927,300.0,71.88,24.0,739,289.91,289.91
826,UMI,3,43.72116,-79.53256,300.0,106.969,35.7,924,387.99,387.99
827,UMI,3,43.72116,-79.52586,300.0,82.019,27.3,749,305.25,305.25
828,UMI,3,43.72116,-79.51915,300.0,97.282,32.4,840,350.21,350.21
829,UMI,3,43.72116,-79.51244,300.0,92.238,30.7,907,348.72,348.72
830,UMI,3,43.72116,-79.50573,300.0,140.254,46.8,1352,540.39,540.39
831,UMI,3,43.72116,-79.49902,300.0,161.317,53.8,1435,589.56,589.56
832,UMI,3,43.72116,-79.49231,300.0,137.42,45.8,1348,546.8,546.8
833,UMI,3,43.72116,-79.48561,300.0,140.683,46.9,1362,523.5,523.5
834,UMI,3,43.72116,-79.4789,300.0,133.603,44.5,1315,530.13,530.13
835,UMI,3,43.72116,-79.47219,300.0,123.321,41.1,1067,454.73,454.73
836,UMI,3,43.72116,-79.46548,300.0,93.854,31.3,918,359.23,359.23
837,UMI,3,43.72116,-79.45877,300.0,113.112,37.7,1054,437.95,437.95
838,UMI,3,43.72116,-79.45207,300.0,126.591,42.2,1181,475.46,475.46
839,UMI,3,43.72116,-79.44536,300.0,126.809,42.3,1291,520.97,520.97
840,UMI,3,43.72116,-79.43865,300.0,159.087,53.0,1680,628.36,628.36
841,UMI,3,43.72116,-79.43194,300.0,181.109,60.4,1772,719.57,719.57
842,UMI,3,43.72116,-79.42523,300.0,186.041,62.0,1827,704.8,704.8
843,UMI,3,43.72116,-79.41853,300.0,176.869,59.0,1809,686.5,686.5
844,UMI,3,43.72116,-79.41182,300.0,187.244,62.4,1721,679.88,679.88
845,UMI,3,43.72116,-79.40511,300.0,184.289,61.4,1760,711.44,711.44
846,UMI,3,43.72116,-79.3984,300.0,172.206,57.4,1742,690.69,690.69
847,UMI,3,43.72116,-79.39169,300.0,160.339,53.4,1541,624.71,624.71
848,UMI,3,43.72116,-79.38498,300.0,161.215,53.7,1487,596.43,596.43
849,UMI,3,43.72116,-79.37828,300.0,108.333,36.1,1105,425.5,425.5
850,UMI,3,43.72116,-79.37157,300.0,88.53,29.5,882,347.42,347.42
851,UMI,3,43.72116,-79.36486,300.0,80.802,26.9,770,310.33,310.33
852,UMI,3,43.72116,-79.35815,300.0,65.924,22.0,613,252.47,252.47
853,UMI,3,43.72116,-79.35144,300.0,52.058,17.4,542,194.34,194.34
854,UMI,3,43.72116,-79.34474,300.0,55.623,18.5,584,223.59,223.59
855,UMI,3,43.72116,-79.33803,300.0,66.9,22.3,654,238.49,238.49
856,UMI,3,43.72116,-79.33132,300.0,68.647,22.9,639,264.63,264.63
857,UMI,3,43.72116,-79.32461,300.0,57.491,19.2,527,212.1,212.1
858,UMI,3,43.72116,-79.3179,300.0,61.395,20.5,629,233.16,233.16
859,UMI,3,43.72116,-79.31119,300.0,106.117,35.4,1039,411.39,411.39
860,UMI,3,43.72116,-79.30449,300.0,142.124,47.4,1346,522.44,522.44
861,UMI,3,43.72116,-79.29778,300.0,126.811,42.3,1255,479.77,479.77
862,UMI,3,43.72116,-79.29107,300.0,109.43,36.5,1077,419.34,419.34
863,UMI,3,43.72116,-79.28436,300.0,108.753,36.3,996,401.91,401.91
864,UMI,3,43.72116,-79.27765,300.0,97.357,32.5,943,366.96,366.96
865,UMI,3,43.72116,-79.27095,300.0,116.096,38.7,987,405.15,405.15
866,UMI,3,43.72116,-79.26424,300.0,105.904,35.3,1016,383.88,383.88
867,UMI,3,43.72116,-79.25753,300.0,139.175,46.4,1396,543.05,543.05
868,UMI,3,43.72116,-79.25082,300.0,163.644,54.5,1463,613.2,613.2
869,UMI,3,43.72116,-79.24411,300.0,146.438,48.8,1338,566.93,566.93
870,UMI,3,43.72116,-79.23741,300.0,138.474,46.2,1366,540.0,540.0
871,UMI,3,43.72116,-79.2307,300.0,111.531,37.2,1072,421.41,421.41
872,UMI,3,43.72116,-79.22399,300.0,64.552,21.5,552,218.65,218.65
873,UMI,3,43.72535,-79.603,300.0,46.961,15.7,451,179.12,179.12
874,UMI,3,43.72535,-79.58958,300.0,82.439,27.5,829,332.38,332.38
875,UMI,3,43.72535,-79.58287,300.0,107.604,35.9,1054,419.5,419.5
876,UMI,3,43.72535,-79.57617,300.0,110.058,36.7,1120,434.86,434.86
877,UMI,3,43.72535,-79.56946,300.0,119.965,40.0,1235,465.95,465.95
878,UMI,3,43.72535,-79.56275,300.0,99.271,33.1,1099,406.12,406.12
879,UMI,3,43.72535,-79.55604,300.0,88.906,29.6,870,338.6,338.6
880,UMI,3,43.72535,-79.54933,300.0,73.659,24.6,671,276.03,276.03
881,UMI,3,43.72535,-79.54263,300.0,52.938,17.6,547,195.03,195.03
882,UMI,3,43.72535,-79.53592,300.0,82.05,27.3,777,303.25,303.25
883,UMI,3,43.72535,-79.52921,300.0,86.623,28.9,851,335.24,335.24
884,UMI,3,43.72535,-79.5225,300.0,79.002,26.3,778,303.61,303.61
885,UMI,3,43.72535,-79.51579,300.0,101.005,33.7,897,374.38,374.38
886,UMI,3,43.72535,-79.50909,300.0,129.191,43.1,1278,480.26,480.26
887,UMI,3,43.72535,-79.50238,300.0,155.479,51.8,1490,588.66,588.66
888,UMI,3,43.72535,-79.49567,300.0,149.059,49.7,1403,584.39,584.39
889,UMI,3,43.72535,-79.48896,300.0,130.707,43.6,1305,512.05,512.05
890,UMI,3,43.72535,-79.48225,300.0,130.33,43.4,1169,474.63,474.63
891,UMI,3,43.72535,-79.47554,300.0,105.965,35.3,1127,430.08,430.08
892,UMI,3,43.72535,-79.46884,300.0,110.936,37.0,1045,424.21,424.21
893,UMI,3,43.72535,-79.46213,300.0,113.472,37.8,1065,436.8,436.8
894,UMI,3,43.72535,-79.45542,300.0,95.572,31.9,903,372.33,372.33
895,UMI,3,43.72535,-79.44871,300.0,94.766,31.6,905,354.79,354.79
896,UMI,3,43.72535,-79.442,300.0,130.76,43.6,1298,490.85,490.85
897,UMI,3,43.72535,-79.4353,300.0,184.321,61.4,1720,692.66,692.66
898,UMI,3,43.72535,-79.42859,300.0,184.916,61.6,1878,740.02,740.02
899,UMI,3,43.72535,-79.42188,300.0,197.351,65.8,1840,746.34,746.34
900,UMI,3,43.72535,-79.41517,300.0,169.966,56.7,1709,642.99,642.99
901,UMI,3,43.72535,-79.40846,300.0,193.305,64.4,1852,713.84,713.84
902,UMI,3,43.72535,-79.40175,300.0,191.869,64.0,1735,709.99,709.99
903,UMI,3,43.72535,-79.39505,300.0,192.59,64.2,1660,674.18,674.18
904,UMI,3,43.72535,-79.38834,300.0,151.412,50.5,1434,562.43,562.43
905,UMI,3,43.72535,-79.38163,300.0,114.21,38.1,1142,445.79,445.79
906,UMI,3,43.72535,-79.37492,300.0,88.272,29.4,754,317.01,317.01
907,UMI,3,43.72535,-79.36821,300.0,69.818,23.3,663,252.57,252.57
908,UMI,3,43.72535,-79.36151,300.0,74.205,24.7,693,266.06,266.06
909,UMI,3,43.72535,-79.3548,300.0,73.177,24.4,664,268.41,268.41
910,UMI,3,43.72535,-79.34809,300.0,75.632,25.2,679,292.73,292.73
911,UMI,3,43.72535,-79.34138,300.0,99.563,33.2,811,338.83,338.83
912,UMI,3,43.72535,-79.33467,300.0,68.907,23.0,681,267.34,267.34
913,UMI,3,43.72535,-79.32797,300.0,58.765,19.6,585,235.21,235.21
914,UMI,3,43.72535,-79.32126,300.0,68.909,23.0,638,264.86,264.86
915,UMI,3,43.72535,-79.31455,300.0,103.018,34.3,932,373.72,373.72
916,UMI,3,43.72535,-79.30784,300.0,126.806,42.3,1238,494.49,494.49
917,UMI,3,43.72535,-79.30113,300.0,111.836,37.3,1135,447.26,447.26
918,UMI,3,43.72535,-79.29442,300.0,89.58,29.9,912,354.47,354.47
919,UMI,3,43.72535,-79.28772,300.0,83.946,28.0,875,352.13,352.13
920,UMI,3,43.72535,-79.28101,300.0,106.452,35.5,954,387.94,387.94
921,UMI,3,43.72535,-79.2743,300.0,109.218,36.4,1092,424.93,424.93
922,UMI,3,43.72535,-79.26759,300.0,122.536,40.8,1196,452.86,452.86
923,UMI,3,43.72535,-79.26088,300.0,138.416,46.1,1373,526.4,526.4
924,UMI,3,43.72535,-79.25418,300.0,156.779,52.3,1459,565.46,565.46
925,UMI,3,43.72535,-79.24747,300.0,150.105,50.0,1335,550.8,550.8
926,UMI,3,43.72535,-79.24076,300.0,147.75,49.3,1397,555.68,555.68
927,UMI,3,43.72535,-79.23405,300.0,141.963,47.3,1413,563.6,563.6
928,UMI,3,43.72535,-79.22734,300.0,100.026,33.3,1026,399.71,399.71
929,UMI,3,43.72535,-79.22063,300.0,56.15,18.7,552,226.55,226.55
930,UMI,3,43.72535,-79.21393,300.0,25.055,8.4,240,99.36,99.36
931,UMI,3,43.72955,-79.60635,300.0,43.819,14.6,434,172.78,172.78
932,UMI,3,43.72955,-79.59965,300.0,63.553,21.2,652,254.89,254.89
933,UMI,3,43.72955,-79.59294,300.0,92.302,30.8,959,387.66,387.66
934,UMI,3,43.72955,-79.58623,300.0,99.999,33.3,903,365.44,365.44
935,UMI,3,43.72955,-79.57952,300.0,100.407,33.5,949,369.66,369.66
936,UMI,3,43.72955,-79.57281,300.0,112.63,37.5,1079,426.75,426.75
937,UMI,3,43.72955,-79.5661,300.0,120.471,40.2,1113,439.26,439.26
938,UMI,3,43.72955,-79.5594,300.0,96.815,32.3,852,359.43,359.43
939,UMI,3,43.72955,-79.55269,300.0,62.155,20.7,638,252.5,252.5
940,UMI,3,43.72955,-79.54598,300.0,67.306,22.4,598,252.3,252.3
941,UMI,3,43.72955,-79.53927,300.0,66.664,22.2,602,255.38,255.38
942,UMI,3,43.72955,-79.53256,300.0,74.656,24.9,786,294.81,294.81
943,UMI,3,43.72955,-79.52586,300.0,74.815,24.9,703,267.07,267.07
944,UMI,3,43.72955,-79.51915,300.0,78.819,26.3,743,318.89,318.89
945,UMI,3,43.72955,-79.51244,300.0,100.523,33.5,1061,392.33,392.33
946,UMI,3,43.72955,-79.50573,300.0,141.491,47.2,1336,523.35,523.35
947,UMI,3,43.72955,-79.49902,300.0,137.671,45.9,1289,507.86,507.86
948,UMI,3,43.72955,-79.49231,300.0,141.176,47.1,1387,552.14,552.14
949,UMI,3,43.72955,-79.48561,300.0,130.918,43.6,1325,513.6,513.6
950,UMI,3,43.72955,-79.4789,300.0,117.795,39.3,1051,393.44,393.44
951,UMI,3,43.72955,-79.47219,300.0,109.926,36.6,1112,432.78,432.78
952,UMI,3,43.72955,-79.46548,300.0,115.297,38.4,1052,444.03,444.03
953,UMI,3,43.72955,-79.45877,300.0,93.831,31.3,944,357.84,357.84
954,UMI,3,43.72955,-79.45207,300.0,72.053,24.0,700,272.14,272.14
955,UMI,3,43.72955,-79.44536,300.0,93.363,31.1,953,359.87,359.87
956,UMI,3,43.72955,-79.43865,300.0,145.223,48.4,1380,581.11,581.11
957,UMI,3,43.72955,-79.43194,300.0,178.658,59.6,1721,695.8,695.8
958,UMI,3,43.72955,-79.42523,300.0,202.101,67.4,1849,782.02,782.02
959,UMI,3,43.72955,-79.41853,300.0,185.927,62.0,1836,714.35,714.35
960,UMI,3,43.72955,-79.41182,300.0,187.237,62.4,1785,749.77,749.77
961,UMI,3,43.72955,-79.40511,300.0,172.103,57.4,1703,662.0,662.0
962,UMI,3,43.72955,-79.3984,300.0,166.419,55.5,1642,634.43,634.43
963,UMI,3,43.72955,-79.39169,300.0,131.754,43.9,1278,495.59,495.59
964,UMI,3,43.72955,-79.38498,300.0,99.376,33.1,954,376.07,376.07
965,UMI,3,43.72955,-79.37828,300.0,71.425,23.8,749,279.41,279.41
966,UMI,3,43.72955,-79.37157,300.0,68.887,23.0,665,253.18,253.18
967,UMI,3,43.72955,-79.36486,300.0,77.067,25.7,745,306.18,306.18
968,UMI,3,43.72955,-79.35815,300.0,90.074,30.0,893,354.39,354.39
969,UMI,3,43.72955,-79.35144,300.0,84.38,28.1,885,339.99,339.99
970,UMI,3,43.72955,-79.34474,300.0,114.116,38.0,1098,443.35,443.35
971,UMI,3,43.72955,-79.33803,300.0,97.11,32.4,915,349.54,349.54
972,UMI,3,43.72955,-79.33132,300.0,61.594,20.5,661,253.07,253.07
973,UMI,3,43.72955,-79.32461,300.0,69.207,23.1,615,258.44,258.44
974,UMI,3,43.72955,-79.3179,300.0,86.012,28.7,914,333.57,333.57
975,UMI,3,43.72955,-79.31119,300.0,128.74,42.9,1342,510.94,510.94
976,UMI,3,43.72955,-79.30449,300.0,134.292,44.8,1354,519.26,519.26
977,UMI,3,43.72955,-79.29778,300.0,107.491,35.8,1036,400.33,400.33
978,UMI,3,43.72955,-79.29107,300.0,82.762,27.6,890,346.09,346.09
979,UMI,3,43.72955,-79.28436,300.0,72.082,24.0,823,302.62,302.62
980,UMI,3,43.72955,-79.27765,300.0,110.213,36.7,1048,417.05,417.05
981,UMI,3,43.72955,-79.27095,300.0,128.367,42.8,1247,486.5,486.5
982,UMI,3,43.72955,-79.26424,300.0,138.278,46.1,1422,555.1,555.1
983,UMI,3,43.72955,-79.25753,300.0,150.705,50.2,1478,592.45,592.45
984,UMI,3,43.72955,-79.25082,300.0,154.3,51.4,1491,596.75,596.75
985,UMI,3,43.72955,-79.24411,300.0,139.406,46.5,1328,497.81,497.81
986,UMI,3,43.72955,-79.23741,300.0,154.1,51.4,1457,597.74,597.74
987,UMI,3,43.72955,-79.2307,300.0,141.383,47.1,1397,538.74,538.74
988,UMI,3,43.72955,-79.22399,300.0,121.986,40.7,991,401.89,401.89
989,UMI,3,43.72955,-79.21728,300.0,65.293,21.8,614,249.03,249.03
990,UMI,3,43.72955,-79.21057,300.0,36.541,12.2,315,121.29,121.29
991,UMI,3,43.72955,-79.20386,300.0,12.532,4.2,150,57.56,57.56
992,UMI,3,43.73374,-79.603,300.0,80.388,26.8,755,296.93,296.93
993,UMI,3,43.73374,-79.59629,300.0,105.088,35.0,1066,423.9,423.9
994,UMI,3,43.73374,-79.58958,300.0,107.894,36.0,968,384.54,384.54
995,UMI,3,43.73374,-79.58287,300.0,84.588,28.2,826,327.06,327.06
996,UMI,3,43.73374,-79.57617,300.0,95.561,31.9,950,370.33,370.33
997,UMI,3,43.73374,-79.56946,300.0,106.158,35.4,1013,404.47,404.47
998,UMI,3,43.73374,-79.56275,300.0,90.521,30.2,897,361.59,361.59
999,UMI,3,43.73374,-79.55604,300.0,90.107,30.0,923,356.75,356.75
1000,UMI,3,43.73374,-79.54933,300.0,79.424,26.5,664,262.55,262.55
1001,UMI,3,43.73374,-79.54263,300.0,61.965,20.7,665,263.2,263.2
1002,UMI,3,43.73374,-79.53592,300.0,89.807,29.9,839,339.92,339.92
1003,UMI,3,43.73374,-79.52921,300.0,81.398,27.1,804,317.35,317.35
1004,UMI,3,43.73374,-79.5225,300.0,68.476,22.8,684,263.79,263.79
1005,UMI,3,43.73374,-79.51579,300.0,81.185,27.1,726,288.57,288.57
1006,UMI,3,43.73374,-79.50909,300.0,113.378,37.8,1030,428.51,428.51
1007,UMI,3,43.73374,-79.50238,300.0,113.9,38.0,1088,435.94,435.94
1008,UMI,3,43.73374,-79.49567,300.0,119.207,39.7,1056,419.55,419.55
1009,UMI,3,43.73374,-79.48896,300.0,120.273,40.1,1218,473.61,473.61
1010,UMI,3,43.73374,-79.48225,300.0,100.707,33.6,994,372.94,372.94
1011,UMI,3,43.73374,-79.47554,300.0,91.906,30.6,853,337.69,337.69
1012,UMI,3,43.73374,-79.46884,300.0,102.913,34.3,929,370.14,370.14
1013,UMI,3,43.73374,-79.46213,300.0,94.063,31.4,914,367.8,367.8
1014,UMI,3,43.73374,-79.45542,300.0,73.419,24.5,703,265.34,265.34
1015,UMI,3,43.73374,-79.44871,300.0,89.844,29.9,872,342.79,342.79
1016,UMI,3,43.73374,-79.442,300.0,124.49,41.5,1262,484.91,484.91
1017,UMI,3,43.73374,-79.4353,300.0,158.787,52.9,1532,621.74,621.74
1018,UMI,3,43.73374,-79.42859,300.0,178.847,59.6,1751,693.15,693.15
1019,UMI,3,43.73374,-79.42188,300.0,177.776,59.3,1741,699.13,699.13
1020,UMI,3,43.73374,-79.41517,300.0,180.906,60.3,1745,695.8,695.8
1021,UMI,3,43.73374,-79.40846,300.0,168.117,56.0,1695,678.68,678.68
1022,UMI,3,43.73374,-79.40175,300.0,153.191,51.1,1479,566.23,566.23
1023,UMI,3,43.73374,-79.39505,300.0,125.995,42.0,1220,461.11,461.11
1024,UMI,3,43.73374,-79.38834,300.0,99.295,33.1,909,373.97,373.97
1025,UMI,3,43.73374,-79.38163,300.0,79.313,26.4,741,297.9,297.9
1026,UMI,3,43.73374,-79.37492,300.0,75.567,25.2,755,298.24,298.24
1027,UMI,3,43.73374,-79.36821,300.0,92.324,30.8,899,346.5,346.5
1028,UMI,3,43.73374,-79.36151,300.0,100.3,33.4,959,392.09,392.09
1029,UMI,3,43.73374,-79.3548,300.0,124.078,41.4,1182,451.69,451.69
1030,UMI,3,43.73374,-79.34809,300.0,129.106,43.0,1289,490.02,490.02
1031,UMI,3,43.73374,-79.34138,300.0,115.875,38.6,1091,436.62,436.62
1032,UMI,3,43.73374,-79.33467,300.0,73.163,24.4,774,302.77,302.77
1033,UMI,3,43.73374,-79.32797,300.0,71.291,23.8,634,243.58,243.58
1034,UMI,3,43.73374,-79.32126,300.0,85.98,28.7,874,344.77,344.77
1035,UMI,3,43.73374,-79.31455,300.0,139.501,46.5,1340,545.61,545.61
1036,UMI,3,43.73374,-79.30784,300.0,165.923,55.3,1592,616.65,616.65
1037,UMI,3,43.73374,-79.30113,300.0,155.826,51.9,1483,554.73,554.73
1038,UMI,3,43.73374,-79.29442,300.0,126.288,42.1,1151,482.64,482.64
1039,UMI,3,43.73374,-79.28772,300.0,97.357,32.5,883,341.73,341.73
1040,UMI,3,43.73374,-79.28101,300.0,99.79,33.3,1027,390.43,390.43
1041,UMI,3,43.73374,-79.2743,300.0,147.706,49.2,1434,571.0,571.0
1042,UMI,3,43.73374,-79.26759,300.0,157.098,52.4,1527,621.94,621.94
1043,UMI,3,43.73374,-79.26088,300.0,160.785,53.6,1554,605.02,605.02
1044,UMI,3,43.73374,-79.25418,300.0,159.697,53.2,1597,613.04,613.04
1045,UMI,3,43.73374,-79.24747,300.0,156.308,52.1,1476,582.68,582.68
1046,UMI,3,43.73374,-79.24076,300.0,140.557,46.9,1231,523.75,523.75
1047,UMI,3,43.73374,-79.23405,300.0,144.009,48.0,1472,568.78,568.78
1048,UMI,3,43.73374,-79.22734,300.0,135.149,45.0,1351,537.19,537.19
1049,UMI,3,43.73374,-79.22063,300.0,110.467,36.8,1096,437.25,437.25
1050,UMI,3,43.73374,-79.21393,300.0,85.677,28.6,881,342.33,342.33
1051,UMI,3,43.73374,-79.20722,300.0,56.316,18.8,530,222.69,222.69
1052,UMI,3,43.73374,-79.20051,300.0,26.429,8.8,247,97.38,97.38
1053,UMI,3,43.73794,-79.60635,300.0,52.384,17.5,518,203.34,203.34
1054,UMI,3,43.73794,-79.59965,300.0,106.384,35.5,1022,423.44,423.44
1055,UMI,3,43.73794,-79.59294,300.0,101.392,33.8,1072,428.37,428.37
1056,UMI,3,43.73794,-79.58623,300.0,103.485,34.5,1005,389.67,389.67
1057,UMI,3,43.73794,-79.57952,300.0,99.904,33.3,1009,397.19,397.19
1058,UMI,3,43.73794,-79.57281,300.0,92.627,30.9,870,346.56,346.56
1059,UMI,3,43.73794,-79.5661,300.0,83.379,27.8,822,311.23,311.23
1060,UMI,3,43.73794,-79.5594,300.0,80.828,26.9,837,329.83,329.83
1061,UMI,3,43.73794,-79.55269,300.0,87.53,29.2,801,336.19,336.19
1062,UMI,3,43.73794,-79.54598,300.0,89.059,29.7,795,318.22,318.22
1063,UMI,3,43.73794,-79.53927,300.0,96.608,32.2,939,359.34,359.34
1064,UMI,3,43.73794,-79.53256,300.0,82.023,27.3,773,298.73,298.73
1065,UMI,3,43.73794,-79.52586,300.0,71.889,24.0,744,289.59,289.59
1066,UMI,3,43.73794,-79.51915,300.0,93.975,31.3,894,347.89,347.89
1067,UMI,3,43.73794,-79.51244,300.0,100.844,33.6,985,411.53,411.53
1068,UMI,3,43.73794,-79.50573,300.0,125.155,41.7,1225,504.06,504.06
1069,UMI,3,43.73794,-79.49902,300.0,105.341,35.1,1036,389.28,389.28
1070,UMI,3,43.73794,-79.49231,300.0,102.593,34.2,953,387.78,387.78
1071,UMI,3,43.73794,-79.48561,300.0,90.532,30.2,857,347.57,347.57
1072,UMI,3,43.73794,-79.4789,300.0,62.782,20.9,572,229.2,229.2
1073,UMI,3,43.73794,-79.47219,300.0,77.268,25.8,621,253.97,253.97
1074,UMI,3,43.73794,-79.46548,300.0,74.704,24.9,767,297.16,297.16
1075,UMI,3,43.73794,-79.45877,300.0,57.292,19.1,656,233.18,233.18
1076,UMI,3,43.73794,-79.45207,300.0,89.53,29.8,867,334.39,334.39
1077,UMI,3,43.73794,-79.44536,300.0,148.883,49.6,1432,553.82,553.82
1078,UMI,3,43.73794,-79.43865,300.0,159.335,53.1,1552,611.26,611.26
1079,UMI,3,43.73794,-79.43194,300.0,151.361,50.5,1578,586.48,586.48
1080,UMI,3,43.73794,-79.42523,300.0,151.637,50.5,1535,590.59,590.59
1081,UMI,3,43.73794,-79.41853,300.0,145.175,48.4,1440,533.97,533.97
1082,UMI,3,43.73794,-79.41182,300.0,143.808,47.9,1453,574.01,574.01
1083,UMI,3,43.73794,-79.40511,300.0,146.319,48.8,1333,517.04,517.04
1084,UMI,3,43.73794,-79.3984,300.0,129.094,43.0,1193,486.32,486.32
1085,UMI,3,43.73794,-79.39169,300.0,110.661,36.9,979,403.86,403.86
1086,UMI,3,43.73794,-79.38498,300.0,87.082,29.0,865,334.29,334.29
1087,UMI,3,43.73794,-79.37828,300.0,90.595,30.2,943,359.01,359.01
1088,UMI,3,43.73794,-79.37157,300.0,106.158,35.4,1013,401.17,401.17
1089,UMI,3,43.73794,-79.36486,300.0,124.182,41.4,1246,473.77,473.77
1090,UMI,3,43.73794,-79.35815,300.0,136.212,45.4,1396,517.79,517.79
1091,UMI,3,43.73794,-79.35144,300.0,145.242,48.4,1401,564.13,564.13
1092,UMI,3,43.73794,-79.34474,300.0,124.71,41.6,1155,454.76,454.76
1093,UMI,3,43.73794,-79.33803,300.0,92.943,31.0,899,341.28,341.28
1094,UMI,3,43.73794,-79.33132,300.0,67.837,22.6,696,282.61,282.61
1095,UMI,3,43.73794,-79.32461,300.0,89.945,30.0,894,338.49,338.49
1096,UMI,3,43.73794,-79.3179,300.0,122.195,40.7,1229,473.25,473.25
1097,UMI,3,43.73794,-79.31119,300.0,160.666,53.6,1617,628.62,628.62
1098,UMI,3,43.73794,-79.30449,300.0,189.754,63.3,1733,716.14,716.14
1099,UMI,3,43.73794,-79.29778,300.0,153.67,51.2,1530,608.96,608.96
1100,UMI,3,43.73794,-79.29107,300.0,122.634,40.9,1272,489.41,489.41
1101,UMI,3,43.73794,-79.28436,300.0,104.992,35.0,1031,400.49,400.49
1102,UMI,3,43.73794,-79.27765,300.0,130.44,43.5,1358,530.34,530.34
1103,UMI,3,43.73794,-79.27095,300.0,159.175,53.1,1523,631.77,631.77
1104,UMI,3,43.73794,-79.26424,300.0,146.059,48.7,1537,573.41,573.41
1105,UMI,3,43.73794,-79.25753,300.0,166.892,55.6,1571,617.21,617.21
1106,UMI,3,43.73794,-79.25082,300.0,158.589,52.9,1494,612.16,612.16
1107,UMI,3,43.73794,-79.24411,300.0,151.57,50.5,1467,564.93,564.93
1108,UMI,3,43.73794,-79.23741,300.0,136.108,45.4,1350,531.09,531.09
1109,UMI,3,43.73794,-79.2307,300.0,144.077,48.0,1482,571.37,571.37
1110,UMI,3,43.73794,-79.22399,300.0,146.637,48.9,1444,572.81,572.81
1111,UMI,3,43.73794,-79.21728,300.0,134.314,44.8,1279,511.64,511.64
1112,UMI,3,43.73794,-79.21057,300.0,106.835,35.6,1114,432.28,432.28
1113,UMI,3,43.73794,-79.20386,300.0,70.175,23.4,762,295.62,295.62
1114,UMI,3,43.73794,-79.19716,300.0,39.196,13.1,347,145.64,145.64
1115,UMI,3,43.74213,-79.603,300.0,82.936,27.6,746,298.06,298.06
1116,UMI,3,43.74213,-79.59629,300.0,113.907,38.0,1098,449.64,449.64
1117,UMI,3,43.74213,-79.58958,300.0,96.375,32.1,964,370.03,370.03
1118,UMI,3,43.74213,-79.58287,300.0,92.292,30.8,814,316.9,316.9
1119,UMI,3,43.74213,-79.57617,300.0,93.093,31.0,820,331.16,331.16
1120,UMI,3,43.74213,-79.56946,300.0,84.746,28.2,854,329.72,329.72
1121,UMI,3,43.74213,-79.56275,300.0,84.199,28.1,738,294.84,294.84
1122,UMI,3,43.74213,-79.55604,300.0,82.265,27.4,771,310.27,310.27
1123,UMI,3,43.74213,-79.54933,300.0,78.395,26.1,748,288.97,288.97
1124,UMI,3,43.74213,-79.54263,300.0,87.441,29.1,856,339.7,339.7
1125,UMI,3,43.74213,-79.53592,300.0,81.673,27.2,836,334.1,334.1
1126,UMI,3,43.74213,-79.52921,300.0,77.976,26.0,742,299.44,299.44
1127,UMI,3,43.74213,-79.5225,300.0,102.974,34.3,984,384.47,384.47
1128,UMI,3,43.74213,-79.51579,300.0,122.561,40.9,1184,460.9,460.9
1129,UMI,3,43.74213,-79.50909,300.0,139.428,46.5,1303,537.05,537.05
1130,UMI,3,43.74213,-79.50238,300.0,118.857,39.6,1194,465.67,465.67
1131,UMI,3,43.74213,-79.49567,300.0,105.91,35.3,1014,396.09,396.09
1132,UMI,3,43.74213,-79.48896,300.0,90.619,30.2,852,358.64,358.64
1133,UMI,3,43.74213,-79.48225,300.0,54.399,18.1,514,205.22,205.22
1134,UMI,3,43.74213,-79.47554,300.0,48.49,16.2,430,178.98,178.98
1135,UMI,3,43.74213,-79.46884,300.0,50.048,16.7,500,198.28,198.28
1136,UMI,3,43.74213,-79.46213,300.0,53.738,17.9,560,215.72,215.72
1137,UMI,3,43.74213,-79.45542,300.0,87.068,29.0,757,323.83,323.83
1138,UMI,3,43.74213,-79.44871,300.0,127.251,42.4,1194,495.8,495.8
1139,UMI,3,43.74213,-79.442,300.0,172.736,57.6,1588,657.06,657.06
1140,UMI,3,43.74213,-79.4353,300.0,168.884,56.3,1542,626.04,626.04
1141,UMI,3,43.74213,-79.42859,300.0,134.437,44.8,1364,542.38,542.38
1142,UMI,3,43.74213,-79.42188,300.0,118.152,39.4,1134,446.83,446.83
1143,UMI,3,43.74213,-79.41517,300.0,116.368,38.8,1183,431.05,431.05
1144,UMI,3,43.74213,-79.40846,300.0,112.086,37.4,1025,393.71,393.71
1145,UMI,3,43.74213,-79.40175,300.0,114.641,38.2,1205,457.09,457.09
1146,UMI,3,43.74213,-79.39505,300.0,121.334,40.4,1215,482.28,482.28
1147,UMI,3,43.74213,-79.38834,300.0,116.609,38.9,1156,443.88,443.88
1148,UMI,3,43.74213,-79.38163,300.0,106.021,35.3,1079,410.35,410.35
1149,UMI,3,43.74213,-79.37492,300.0,123.504,41.2,1186,475.41,475.41
1150,UMI,3,43.74213,-79.36821,300.0,146.087,48.7,1409,534.28,534.28
1151,UMI,3,43.74213,-79.36151,300.0,173.698,57.9,1604,630.65,630.65
1152,UMI,3,43.74213,-79.3548,300.0,167.517,55.8,1498,618.26,618.26
1153,UMI,3,43.74213,-79.34809,300.0,138.044,46.0,1235,496.0,496.0
1154,UMI,3,43.74213,-79.34138,300.0,109.493,36.5,1039,412.39,412.39
1155,UMI,3,43.74213,-79.33467,300.0,80.679,26.9,810,320.69,320.69
1156,UMI,3,43.74213,-79.32797,300.0,104.343,34.8,1025,401.92,401.92
1157,UMI,3,43.74213,-79.32126,300.0,142.443,47.5,1390,557.78,557.78
1158,UMI,3,43.74213,-79.31455,300.0,157.413,52.5,1504,584.07,584.07
1159,UMI,3,43.74213,-79.30784,300.0,170.957,57.0,1638,661.98,661.98
1160,UMI,3,43.74213,-79.30113,300.0,182.494,60.8,1692,669.58,669.58
1161,UMI,3,43.74213,-79.29442,300.0,169.894,56.6,1511,612.68,612.68
1162,UMI,3,43.74213,-79.28772,300.0,115.812,38.6,1172,468.46,468.46
1163,UMI,3,43.74213,-79.28101,300.0,118.394,39.5,1169,455.97,455.97
1164,UMI,3,43.74213,-79.2743,300.0,134.605,44.9,1321,520.36,520.36
1165,UMI,3,43.74213,-79.26759,300.0,141.626,47.2,1388,569.51,569.51
1166,UMI,3,43.74213,-79.26088,300.0,164.827,54.9,1455,596.49,596.49
1167,UMI,3,43.74213,-79.25418,300.0,156.853,52.3,1623,622.76,622.76
1168,UMI,3,43.74213,-79.24747,300.0,151.85,50.6,1495,592.07,592.07
1169,UMI,3,43.74213,-79.24076,300.0,162.633,54.2,1410,584.31,584.31
1170,UMI,3,43.74213,-79.23405,300.0,159.704,53.2,1437,583.22,583.22
1171,UMI,3,43.74213,-79.22734,300.0,149.157,49.7,1426,581.1,581.1
1172,UMI,3,43.74213,-79.22063,300.0,132.793,44.3,1305,513.64,513.64
1173,UMI,3,43.74213,-79.21393,300.0,129.298,43.1,1215,495.44,495.44
1174,UMI,3,43.74213,-79.20722,300.0,115.157,38.4,1202,447.2,447.2
1175,UMI,3,43.74213,-79.20051,300.0,94.199,31.4,904,358.29,358.29
1176,UMI,3,43.74213,-79.1938,300.0,36.603,12.2,387,146.69,146.69
1177,UMI,3,43.74633,-79.60635,300.0,62.555,20.9,584,227.5,227.5
1178,UMI,3,43.74633,-79.59965,300.0,106.946,35.6,1033,397.22,397.22
1179,UMI,3,43.74633,-79.59294,300.0,110.85,36.9,1112,425.56,425.56
1180,UMI,3,43.74633,-79.58623,300.0,106.829,35.6,884,372.03,372.03
1181,UMI,3,43.74633,-79.57952,300.0,60.554,20.2,621,238.68,238.68
1182,UMI,3,43.74633,-79.57281,300.0,62.613,20.9,622,235.0,235.0
1183,UMI,3,43.74633,-79.5661,300.0,75.346,25.1,770,304.77,304.77
1184,UMI,3,43.74633,-79.5594,300.0,84.035,28.0,899,332.57,332.57
1185,UMI,3,43.74633,-79.55269,300.0,78.274,26.1,793,293.99,293.99
1186,UMI,3,43.74633,-79.54598,300.0,83.84,27.9,803,317.11,317.11
1187,UMI,3,43.74633,-79.53927,300.0,80.589,26.9,815,329.53,329.53
1188,UMI,3,43.74633,-79.53256,300.0,80.713,26.9,672,288.82,288.82
1189,UMI,3,43.74633,-79.52586,300.0,75.649,25.2,827,313.11,313.11
1190,UMI,3,43.74633,-79.51915,300.0,125.483,41.8,1265,488.42,488.42
1191,UMI,3,43.74633,-79.51244,300.0,149.384,49.8,1385,546.56,546.56
1192,UMI,3,43.74633,-79.50573,300.0,147.752,49.3,1364,560.84,560.84
1193,UMI,3,43.74633,-79.49902,300.0,131.412,43.8,1160,463.48,463.48
1194,UMI,3,43.74633,-79.49231,300.0,114.676,38.2,1078,442.08,442.08
1195,UMI,3,43.74633,-79.48561,300.0,62.869,21.0,670,240.93,240.93
1196,UMI,3,43.74633,-79.4789,300.0,50.222,16.7,446,184.13,184.13
1197,UMI,3,43.74633,-79.47219,300.0,38.351,12.8,395,162.56,162.56
1198,UMI,3,43.74633,-79.46548,300.0,49.758,16.6,475,185.0,185.0
1199,UMI,3,43.74633,-79.45877,300.0,70.717,23.6,711,257.32,257.32
1200,UMI,3,43.74633,-79.45207,300.0,122.368,40.8,1164,464.71,464.71
1201,UMI,3,43.74633,-79.44536,300.0,148.547,49.5,1507,589.32,589.32
1202,UMI,3,43.74633,-79.43865,300.0,135.848,45.3,1358,545.22,545.22
1203,UMI,3,43.74633,-79.43194,300.0,119.75,39.9,1148,481.01,481.01
1204,UMI,3,43.74633,-79.42523,300.0,101.971,34.0,941,361.12,361.12
1205,UMI,3,43.74633,-79.41853,300.0,94.029,31.3,836,358.23,358.23
1206,UMI,3,43.74633,-79.41182,300.0,85.282,28.4,836,333.53,333.53
1207,UMI,3,43.74633,-79.40511,300.0,110.419,36.8,1085,429.53,429.53
1208,UMI,3,43.74633,-79.3984,300.0,148.801,49.6,1456,543.08,543.08
1209,UMI,3,43.74633,-79.39169,300.0,147.911,49.3,1446,575.76,575.76
1210,UMI,3,43.74633,-79.38498,300.0,132.527,44.2,1362,518.37,518.37
1211,UMI,3,43.74633,-79.37828,300.0,140.577,46.9,1364,516.89,516.89
1212,UMI,3,43.74633,-79.37157,300.0,159.041,53.0,1607,626.2,626.2
1213,UMI,3,43.74633,-79.36486,300.0,175.154,58.4,1644,635.78,635.78
1214,UMI,3,43.74633,-79.35815,300.0,146.032,48.7,1522,591.27,591.27
1215,UMI,3,43.74633,-79.35144,300.0,119.236,39.7,1129,463.97,463.97
1216,UMI,3,43.74633,-79.34474,300.0,113.784,37.9,1083,442.89,442.89
1217,UMI,3,43.74633,-79.33803,300.0,100.078,33.4,939,375.62,375.62
1218,UMI,3,43.74633,-79.33132,300.0,109.726,36.6,1076,427.15,427.15
1219,UMI,3,43.74633,-79.32461,300.0,145.253,48.4,1406,570.76,570.76
1220,UMI,3,43.74633,-79.3179,300.0,183.444,61.1,1680,659.9,659.9
1221,UMI,3,43.74633,-79.31119,300.0,191.715,63.9,1663,682.21,682.21
1222,UMI,3,43.74633,-79.30449,300.0,172.239,57.4,1645,646.26,646.26
1223,UMI,3,43.74633,-79.29778,300.0,155.286,51.8,1548,606.77,606.77
1224,UMI,3,43.74633,-79.29107,300.0,136.895,45.6,1278,509.86,509.86
1225,UMI,3,43.74633,-79.28436,300.0,126.93,42.3,1289,495.08,495.08
1226,UMI,3,43.74633,-79.27765,300.0,134.791,44.9,1271,520.68,520.68
1227,UMI,3,43.74633,-79.27095,300.0,130.184,43.4,1157,464.73,464.73
1228,UMI,3,43.74633,-79.26424,300.0,140.718,46.9,1271,527.98,527.98
1229,UMI,3,43.74633,-79.25753,300.0,157.168,52.4,1517,570.52,570.52
1230,UMI,3,43.74633,-79.25082,300.0,171.972,57.3,1623,638.57,638.57
1231,UMI,3,43.74633,-79.24411,300.0,157.283,52.4,1499,606.47,606.47
1232,UMI,3,43.74633,-79.23741,300.0,141.547,47.2,1288,511.68,511.68
1233,UMI,3,43.74633,-79.2307,300.0,136.105,45.4,1368,543.48,543.48
1234,UMI,3,43.74633,-79.22399,300.0,123.329,41.1,1295,481.37,481.37
1235,UMI,3,43.74633,-79.21728,300.0,106.782,35.6,1031,402.29,402.29
1236,UMI,3,43.74633,-79.21057,300.0,124.752,41.6,1201,470.96,470.96
1237,UMI,3,43.74633,-79.20386,300.0,116.289,38.8,1177,459.64,459.64
1238,UMI,3,43.74633,-79.19716,300.0,80.183,26.7,823,311.07,311.07
1239,UMI,3,43.74633,-79.19045,300.0,50.995,17.0,487,191.35,191.35
1240,UMI,3,43.74633,-79.18374,300.0,25.442,8.5,294,112.91,112.91
1241,UMI,3,43.75052,-79.60971,300.0,36.181,12.1,398,152.56,152.56
1242,UMI,3,43.75052,-79.603,300.0,85.609,28.5,842,338.51,338.51
1243,UMI,3,43.75052,-79.59629,300.0,118.009,39.3,1138,456.54,456.54
1244,UMI,3,43.75052,-79.58958,300.0,93.518,31.2,1021,383.62,383.62
1245,UMI,3,43.75052,-79.58287,300.0,66.286,22.1,656,251.08,251.08
1246,UMI,3,43.75052,-79.57617,300.0,64.364,21.5,623,250.34,250.34
1247,UMI,3,43.75052,-79.56946,300.0,86.778,28.9,890,346.76,346.76
1248,UMI,3,43.75052,-79.56275,300.0,89.431,29.8,936,349.66,349.66
1249,UMI,3,43.75052,-79.55604,300.0,86.148,28.7,768,304.19,304.19
1250,UMI,3,43.75052,-79.54933,300.0,64.794,21.6,659,247.16,247.16
1251,UMI,3,43.75052,-79.54263,300.0,63.62,21.2,636,255.26,255.26
1252,UMI,3,43.75052,-79.53592,300.0,60.037,20.0,532,221.74,221.74
1253,UMI,3,43.75052,-79.52921,300.0,67.288,22.4,623,241.91,241.91
1254,UMI,3,43.75052,-79.5225,300.0,102.798,34.3,1008,396.98,396.98
1255,UMI,3,43.75052,-79.51579,300.0,121.451,40.5,1165,459.95,459.95
1256,UMI,3,43.75052,-79.50909,300.0,125.642,41.9,1238,504.51,504.51
1257,UMI,3,43.75052,-79.50238,300.0,132.384,44.1,1249,508.37,508.37
1258,UMI,3,43.75052,-79.49567,300.0,132.83,44.3,1251,511.54,511.54
1259,UMI,3,43.75052,-79.48896,300.0,88.329,29.4,908,343.1,343.1
1260,UMI,3,43.75052,-79.48225,300.0,55.736,18.6,496,203.13,203.13
1261,UMI,3,43.75052,-79.47554,300.0,41.462,13.8,363,160.17,160.17
1262,UMI,3,43.75052,-79.46884,300.0,47.131,15.7,454,176.18,176.18
1263,UMI,3,43.75052,-79.46213,300.0,65.829,21.9,740,271.06,271.06
1264,UMI,3,43.75052,-79.45542,300.0,124.517,41.5,1257,480.06,480.06
1265,UMI,3,43.75052,-79.44871,300.0,138.186,46.1,1363,543.41,543.41
1266,UMI,3,43.75052,-79.442,300.0,148.442,49.5,1427,559.55,559.55
1267,UMI,3,43.75052,-79.4353,300.0,91.328,30.4,993,375.97,375.97
1268,UMI,3,43.75052,-79.42859,300.0,78.927,26.3,757,317.62,317.62
1269,UMI,3,43.75052,-79.42188,300.0,76.971,25.7,735,299.69,299.69
1270,UMI,3,43.75052,-79.41517,300.0,81.587,27.2,811,330.11,330.11
1271,UMI,3,43.75052,-79.40846,300.0,98.638,32.9,906,377.61,377.61
1272,UMI,3,43.75052,-79.40175,300.0,154.531,51.5,1400,555.37,555.37
1273,UMI,3,43.75052,-79.39505,300.0,166.351,55.5,1607,612.56,612.56
1274,UMI,3,43.75052,-79.38834,300.0,161.1,53.7,1502,596.34,596.34
1275,UMI,3,43.75052,-79.38163,300.0,158.605,52.9,1508,620.26,620.26
1276,UMI,3,43.75052,-79.37492,300.0,161.642,53.9,1573,620.74,620.74
1277,UMI,3,43.75052,-79.36821,300.0,163.16,54.4,1648,638.85,638.85
1278,UMI,3,43.75052,-79.36151,300.0,178.127,59.4,1559,650.9,650.9
1279,UMI,3,43.75052,-79.3548,300.0,127.987,42.7,1057,445.73,445.73
1280,UMI,3,43.75052,-79.34809,300.0,87.234,29.1,819,335.71,335.71
1281,UMI,3,43.75052,-79.34138,300.0,88.874,29.6,935,354.31,354.31
1282,UMI,3,43.75052,-79.33467,300.0,115.104,38.4,1079,431.54,431.54
1283,UMI,3,43.75052,-79.32797,300.0,151.372,50.5,1381,532.44,532.44
1284,UMI,3,43.75052,-79.32126,300.0,179.981,60.0,1597,649.44,649.44
1285,UMI,3,43.75052,-79.31455,300.0,169.254,56.4,1603,640.05,640.05
1286,UMI,3,43.75052,-79.30784,300.0,166.356,55.5,1541,618.72,618.72
1287,UMI,3,43.75052,-79.30113,300.0,176.831,58.9,1594,663.76,663.76
1288,UMI,3,43.75052,-79.29442,300.0,147.724,49.2,1437,565.1,565.1
1289,UMI,3,43.75052,-79.28772,300.0,140.208,46.7,1294,505.95,505.95
1290,UMI,3,43.75052,-79.28101,300.0,150.536,50.2,1337,569.22,569.22
1291,UMI,3,43.75052,-79.2743,300.0,107.936,36.0,1109,409.14,409.14
1292,UMI,3,43.75052,-79.26759,300.0,109.492,36.5,1039,403.42,403.42
1293,UMI,3,43.75052,-79.26088,300.0,140.916,47.0,1275,494.73,494.73
1294,UMI,3,43.75052,-79.25418,300.0,166.076,55.4,1506,597.43,597.43
1295,UMI,3,43.75052,-79.24747,300.0,170.908,57.0,1571,647.12,647.12
1296,UMI,3,43.75052,-79.24076,300.0,159.813,53.3,1472,573.64,573.64
1297,UMI,3,43.75052,-79.23405,300.0,138.908,46.3,1339,499.78,499.78
1298,UMI,3,43.75052,-79.22734,300.0,127.053,42.4,1230,453.43,453.43
1299,UMI,3,43.75052,-79.22063,300.0,103.056,34.4,1002,394.32,394.32
1300,UMI,3,43.75052,-79.21393,300.0,108.197,36.1,970,414.29,414.29
1301,UMI,3,43.75052,-79.20722,300.0,102.347,34.1,1021,405.76,405.76
1302,UMI,3,43.75052,-79.20051,300.0,106.676,35.6,1103,427.49,427.49
1303,UMI,3,43.75052,-79.1938,300.0,102.923,34.3,1034,421.51,421.51
1304,UMI,3,43.75052,-79.18709,300.0,83.774,27.9,778,323.25,323.25
1305,UMI,3,43.75052,-79.18039,300.0,48.525,16.2,474,184.68,184.68
1306,UMI,3,43.75052,-79.17368,300.0,21.01,7.0,210,87.97,87.97
1307,UMI,3,43.75472,-79.60635,300.0,52.52,17.5,559,219.83,219.83
1308,UMI,3,43.75472,-79.59965,300.0,93.192,31.1,842,354.48,354.48
1309,UMI,3,43.75472,-79.59294,300.0,99.298,33.1,977,392.17,392.17
1310,UMI,3,43.75472,-79.58623,300.0,65.947,22.0,706,271.66,271.66
1311,UMI,3,43.75472,-79.57952,300.0,60.294,20.1,645,246.16,246.16
1312,UMI,3,43.75472,-79.57281,300.0,101.01,33.7,897,360.12,360.12
1313,UMI,3,43.75472,-79.5661,300.0,102.717,34.2,1011,404.05,404.05
1314,UMI,3,43.75472,-79.5594,300.0,84.856,28.3,820,326.98,326.98
1315,UMI,3,43.75472,-79.55269,300.0,59.586,19.9,550,223.03,223.03
1316,UMI,3,43.75472,-79.54598,300.0,60.327,20.1,538,218.1,218.1
1317,UMI,3,43.75472,-79.53927,300.0,56.907,19.0,507,213.86,213.86
1318,UMI,3,43.75472,-79.53256,300.0,50.341,16.8,444,179.71,179.71
1319,UMI,3,43.75472,-79.52586,300.0,73.2,24.4,686,285.11,285.11
1320,UMI,3,43.75472,-79.51915,300.0,101.868,34.0,968,389.51,389.51
1321,UMI,3,43.75472,-79.51244,300.0,124.786,41.6,1127,457.93,457.93
1322,UMI,3,43.75472,-79.50573,300.0,120.547,40.2,1158,462.37,462.37
1323,UMI,3,43.75472,-79.49902,300.0,133.607,44.5,1262,515.13,515.13
1324,UMI,3,43.75472,-79.49231,300.0,118.682,39.6,1156,445.88,445.88
1325,UMI,3,43.75472,-79.48561,300.0,88.357,29.5,693,294.64,294.64
1326,UMI,3,43.75472,-79.4789,300.0,45.179,15.1,438,165.26,165.26
1327,UMI,3,43.75472,-79.47219,300.0,41.552,13.9,443,165.37,165.37
1328,UMI,3,43.75472,-79.46548,300.0,74.615,24.9,790,305.1,305.1
1329,UMI,3,43.75472,-79.45877,300.0,135.019,45.0,1269,498.71,498.71
1330,UMI,3,43.75472,-79.45207,300.0,151.503,50.5,1526,604.77,604.77
1331,UMI,3,43.75472,-79.44536,300.0,135.866,45.3,1438,537.71,537.71
1332,UMI,3,43.75472,-79.43865,300.0,104.673,34.9,1044,415.49,415.49
1333,UMI,3,43.75472,-79.43194,300.0,80.881,27.0,694,274.14,274.14
1334,UMI,3,43.75472,-79.42523,300.0,84.126,28.0,859,320.1,320.1
1335,UMI,3,43.75472,-79.41853,300.0,119.652,39.9,1039,407.02,407.02
1336,UMI,3,43.75472,-79.41182,300.0,132.026,44.0,1168,465.29,465.29
1337,UMI,3,43.75472,-79.40511,300.0,131.78,43.9,1325,527.47,527.47
1338,UMI,3,43.75472,-79.3984,300.0,174.798,58.3,1553,643.94,643.94
1339,UMI,3,43.75472,-79.39169,300.0,173.328,57.8,1565,648.62,648.62
1340,UMI,3,43.75472,-79.38498,300.0,159.511,53.2,1583,626.29,626.29
1341,UMI,3,43.75472,-79.37828,300.0,172.499,57.5,1607,627.49,627.49
1342,UMI,3,43.75472,-79.37157,300.0,171.535,57.2,1703,647.69,647.69
1343,UMI,3,43.75472,-79.36486,300.0,160.791,53.6,1521,607.25,607.25
1344,UMI,3,43.75472,-79.35815,300.0,103.509,34.5,997,372.53,372.53
1345,UMI,3,43.75472,-79.35144,300.0,66.137,22.0,747,268.55,268.55
1346,UMI,3,43.75472,-79.34474,300.0,89.349,29.8,807,332.94,332.94
1347,UMI,3,43.75472,-79.33803,300.0,110.802,36.9,1114,446.21,446.21
1348,UMI,3,43.75472,-79.33132,300.0,115.121,38.4,1161,450.69,450.69
1349,UMI,3,43.75472,-79.32461,300.0,137.907,46.0,1375,544.67,544.67
1350,UMI,3,43.75472,-79.3179,300.0,184.564,61.5,1617,681.56,681.56
1351,UMI,3,43.75472,-79.31119,300.0,168.319,56.1,1665,648.93,648.93
1352,UMI,3,43.75472,-79.30449,300.0,166.405,55.5,1574,639.42,639.42
1353,UMI,3,43.75472,-79.29778,300.0,147.515,49.2,1386,558.53,558.53
1354,UMI,3,43.75472,-79.29107,300.0,133.282,44.4,1233,486.85,486.85
1355,UMI,3,43.75472,-79.28436,300.0,146.762,48.9,1479,575.52,575.52
1356,UMI,3,43.75472,-79.27765,300.0,127.805,42.6,1251,485.15,485.15
1357,UMI,3,43.75472,-79.27095,300.0,110.871,37.0,1071,440.69,440.69
1358,UMI,3,43.75472,-79.26424,300.0,114.116,38.0,1197,451.84,451.84
1359,UMI,3,43.75472,-79.25753,300.0,129.089,43.0,1299,494.87,494.87
1360,UMI,3,43.75472,-79.25082,300.0,137.723,45.9,1363,554.21,554.21
1361,UMI,3,43.75472,-79.24411,300.0,146.392,48.8,1405,564.61,564.61
1362,UMI,3,43.75472,-79.23741,300.0,152.726,50.9,1465,568.79,568.79
1363,UMI,3,43.75472,-79.2307,300.0,123.106,41.0,1248,493.75,493.75
1364,UMI,3,43.75472,-79.22399,300.0,101.935,34.0,1047,401.52,401.52
1365,UMI,3,43.75472,-79.21728,300.0,94.95,31.6,939,375.99,375.99
1366,UMI,3,43.75472,-79.21057,300.0,92.337,30.8,934,360.13,360.13
1367,UMI,3,43.75472,-79.20386,300.0,96.475,32.2,920,365.07,365.07
1368,UMI,3,43.75472,-79.19716,300.0,130.637,43.5,1159,466.07,466.07
1369,UMI,3,43.75472,-79.19045,300.0,124.022,41.3,1157,448.85,448.85
1370,UMI,3,43.75472,-79.18374,300.0,109.556,36.5,1076,428.1,428.1
1371,UMI,3,43.75472,-79.17703,300.0,70.787,23.6,696,279.17,279.17
1372,UMI,3,43.75472,-79.17032,300.0,31.2,10.4,275,118.77,118.77
1373,UMI,3,43.75891,-79.60971,300.0,23.143,7.7,285,102.27,102.27
1374,UMI,3,43.75891,-79.603,300.0,61.47,20.5,491,192.55,192.55
1375,UMI,3,43.75891,-79.59629,300.0,61.495,20.5,656,233.44,233.44
1376,UMI,3,43.75891,-79.58958,300.0,61.452,20.5,598,231.91,231.91
1377,UMI,3,43.75891,-79.58287,300.0,46.524,15.5,457,174.14,174.14
1378,UMI,3,43.75891,-79.57617,300.0,80.764,26.9,753,317.03,317.03
1379,UMI,3,43.75891,-79.56946,300.0,91.048,30.3,912,356.74,356.74
1380,UMI,3,43.75891,-79.56275,300.0,92.911,31.0,781,314.33,314.33
1381,UMI,3,43.75891,-79.55604,300.0,57.325,19.1,587,226.99,226.99
1382,UMI,3,43.75891,-79.54933,300.0,50.421,16.8,477,198.1,198.1
1383,UMI,3,43.75891,-79.54263,300.0,43.977,14.7,453,173.51,173.51
1384,UMI,3,43.75891,-79.53592,300.0,45.302,15.1,457,184.95,184.95
1385,UMI,3,43.75891,-79.52921,300.0,66.585,22.2,623,244.34,244.34
1386,UMI,3,43.75891,-79.5225,300.0,78.482,26.2,782,298.65,298.65
1387,UMI,3,43.75891,-79.51579,300.0,104.975,35.0,967,404.23,404.23
1388,UMI,3,43.75891,-79.50909,300.0,98.485,32.8,978,389.66,389.66
1389,UMI,3,43.75891,-79.50238,300.0,115.351,38.5,1065,439.6,439.6
1390,UMI,3,43.75891,-79.49567,300.0,127.213,42.4,1244,472.72,472.72
1391,UMI,3,43.75891,-79.48896,300.0,101.878,34.0,895,366.25,366.25
1392,UMI,3,43.75891,-79.48225,300.0,68.778,22.9,627,246.9,246.9
1393,UMI,3,43.75891,-79.47554,300.0,58.328,19.4,510,217.32,217.32
1394,UMI,3,43.75891,-79.46884,300.0,69.307,23.1,669,256.83,256.83
1395,UMI,3,43.75891,-79.46213,300.0,122.853,41.0,1207,473.43,473.43
1396,UMI,3,43.75891,-79.45542,300.0,147.174,49.1,1384,558.16,558.16
1397,UMI,3,43.75891,-79.44871,300.0,137.666,45.9,1310,518.93,518.93
1398,UMI,3,43.75891,-79.442,300.0,119.366,39.8,1097,450.62,450.62
1399,UMI,3,43.75891,-79.4353,300.0,82.468,27.5,764,310.53,310.53
1400,UMI,3,43.75891,-79.42859,300.0,87.241,29.1,822,323.09,323.09
1401,UMI,3,43.75891,-79.42188,300.0,124.935,41.6,1134,456.95,456.95
1402,UMI,3,43.75891,-79.41517,300.0,124.606,41.5,1237,470.35,470.35
1403,UMI,3,43.75891,-79.40846,300.0,142.873,47.6,1429,561.64,561.64
1404,UMI,3,43.75891,-79.40175,300.0,165.748,55.2,1563,623.38,623.38
1405,UMI,3,43.75891,-79.39505,300.0,156.922,52.3,1600,614.48,614.48
1406,UMI,3,43.75891,-79.38834,300.0,161.855,54.0,1612,637.41,637.41
1407,UMI,3,43.75891,-79.38163,300.0,168.744,56.2,1572,610.67,610.67
1408,UMI,3,43.75891,-79.37492,300.0,149.045,49.7,1528,565.57,565.57
1409,UMI,3,43.75891,-79.36821,300.0,147.798,49.3,1431,524.87,524.87
1410,UMI,3,43.75891,-79.36151,300.0,129.812,43.3,1074,466.27,466.27
1411,UMI,3,43.75891,-79.3548,300.0,80.307,26.8,741,294.21,294.21
1412,UMI,3,43.75891,-79.34809,300.0,73.656,24.6,701,290.11,290.11
1413,UMI,3,43.75891,-79.34138,300.0,95.964,32.0,1006,398.05,398.05
1414,UMI,3,43.75891,-79.33467,300.0,115.679,38.6,1049,440.55,440.55
1415,UMI,3,43.75891,-79.32797,300.0,130.653,43.6,1336,513.68,513.68
1416,UMI,3,43.75891,-79.32126,300.0,150.634,50.2,1503,579.45,579.45
1417,UMI,3,43.75891,-79.31455,300.0,157.859,52.6,1542,626.08,626.08
1418,UMI,3,43.75891,-79.30784,300.0,175.929,58.6,1601,657.8,657.8
1419,UMI,3,43.75891,-79.30113,300.0,148.18,49.4,1294,544.78,544.78
1420,UMI,3,43.75891,-79.29442,300.0,118.421,39.5,1141,444.77,444.77
1421,UMI,3,43.75891,-79.28772,300.0,137.872,46.0,1328,517.31,517.31
1422,UMI,3,43.75891,-79.28101,300.0,130.771,43.6,1319,534.33,534.33
1423,UMI,3,43.75891,-79.2743,300.0,116.791,38.9,1131,437.55,437.55
1424,UMI,3,43.75891,-79.26759,300.0,130.262,43.4,1261,514.01,514.01
1425,UMI,3,43.75891,-79.26088,300.0,140.443,46.8,1351,528.5,528.5
1426,UMI,3,43.75891,-79.25418,300.0,127.838,42.6,1247,486.04,486.04
1427,UMI,3,43.75891,-79.24747,300.0,136.991,45.7,1317,523.84,523.84
1428,UMI,3,43.75891,-79.24076,300.0,150.279,50.1,1499,579.24,579.24
1429,UMI,3,43.75891,-79.23405,300.0,159.57,53.2,1513,598.3,598.3
1430,UMI,3,43.75891,-79.22734,300.0,135.727,45.2,1210,487.27,487.27
1431,UMI,3,43.75891,-79.22063,300.0,123.98,41.3,1234,481.46,481.46
1432,UMI,3,43.75891,-79.21393,300.0,134.621,44.9,1214,501.55,501.55
1433,UMI,3,43.75891,-79.20722,300.0,109.244,36.4,1007,399.32,399.32
1434,UMI,3,43.75891,-79.20051,300.0,110.799,36.9,1042,421.73,421.73
1435,UMI,3,43.75891,-79.1938,300.0,141.417,47.1,1254,524.89,524.89
1436,UMI,3,43.75891,-79.18709,300.0,122.308,40.8,1319,490.83,490.83
1437,UMI,3,43.75891,-79.18039,300.0,121.387,40.5,1230,479.0,479.0
1438,UMI,3,43.75891,-79.17368,300.0,87.051,29.0,791,337.85,337.85
1439,UMI,3,43.75891,-79.16697,300.0,41.808,13.9,419,170.79,170.79
1440,UMI,3,43.75891,-79.16026,300.0,24.299,8.1,233,89.68,89.68
1441,UMI,3,43.76311,-79.60635,300.0,21.651,7.2,204,83.55,83.55
1442,UMI,3,43.76311,-79.59965,300.0,28.944,9.6,301,109.22,109.22
1443,UMI,3,43.76311,-79.59294,300.0,32.512,10.8,296,123.09,123.09
1444,UMI,3,43.76311,-79.58623,300.0,29.118,9.7,303,112.44,112.44
1445,UMI,3,43.76311,-79.57952,300.0,42.041,14.0,408,156.81,156.81
1446,UMI,3,43.76311,-79.57281,300.0,71.548,23.8,770,277.83,277.83
1447,UMI,3,43.76311,-79.5661,300.0,74.013,24.7,756,306.84,306.84
1448,UMI,3,43.76311,-79.5594,300.0,61.291,20.4,565,211.14,211.14
1449,UMI,3,43.76311,-79.55269,300.0,58.631,19.5,501,211.73,211.73
1450,UMI,3,43.76311,-79.54598,300.0,48.44,16.1,430,185.84,185.84
1451,UMI,3,43.76311,-79.53927,300.0,43.839,14.6,447,175.12,175.12
1452,UMI,3,43.76311,-79.53256,300.0,58.008,19.3,555,224.53,224.53
1453,UMI,3,43.76311,-79.52586,300.0,92.587,30.9,889,347.98,347.98
1454,UMI,3,43.76311,-79.51915,300.0,94.933,31.6,952,366.37,366.37
1455,UMI,3,43.76311,-79.51244,300.0,84.659,28.2,872,321.43,321.43
1456,UMI,3,43.76311,-79.50573,300.0,94.473,31.5,859,348.84,348.84
1457,UMI,3,43.76311,-79.49902,300.0,89.857,30.0,976,367.08,367.08
1458,UMI,3,43.76311,-79.49231,300.0,93.287,31.1,915,356.24,356.24
1459,UMI,3,43.76311,-79.48561,300.0,71.752,23.9,651,261.42,261.42
1460,UMI,3,43.76311,-79.4789,300.0,53.664,17.9,511,221.76,221.76
1461,UMI,3,43.76311,-79.47219,300.0,52.684,17.6,520,200.96,200.96
1462,UMI,3,43.76311,-79.46548,300.0,91.187,30.4,863,351.56,351.56
1463,UMI,3,43.76311,-79.45877,300.0,120.008,40.0,1238,485.92,485.92
1464,UMI,3,43.76311,-79.45207,300.0,124.957,41.7,1178,490.31,490.31
1465,UMI,3,43.76311,-79.44536,300.0,108.925,36.3,978,378.15,378.15
1466,UMI,3,43.76311,-79.43865,300.0,93.297,31.1,890,348.12,348.12
1467,UMI,3,43.76311,-79.43194,300.0,98.623,32.9,865,348.64,348.64
1468,UMI,3,43.76311,-79.42523,300.0,91.203,30.4,978,370.08,370.08
1469,UMI,3,43.76311,-79.41853,300.0,120.314,40.1,1222,458.15,458.15
1470,UMI,3,43.76311,-79.41182,300.0,129.28,43.1,1352,490.73,490.73
1471,UMI,3,43.76311,-79.40511,300.0,193.169,64.4,1593,653.71,653.71
1472,UMI,3,43.76311,-79.3984,300.0,173.0,57.7,1685,672.5,672.5
1473,UMI,3,43.76311,-79.39169,300.0,167.633,55.9,1554,619.18,619.18
1474,UMI,3,43.76311,-79.38498,300.0,146.738,48.9,1385,541.87,541.87
1475,UMI,3,43.76311,-79.37828,300.0,142.005,47.3,1389,540.4,540.4
1476,UMI,3,43.76311,-79.37157,300.0,145.775,48.6,1302,539.04,539.04
1477,UMI,3,43.76311,-79.36486,300.0,118.337,39.4,1083,454.72,454.72
1478,UMI,3,43.76311,-79.35815,300.0,72.828,24.3,728,285.36,285.36
1479,UMI,3,43.76311,-79.35144,300.0,68.767,22.9,632,264.87,264.87
1480,UMI,3,43.76311,-79.34474,300.0,86.751,28.9,833,331.03,331.03
1481,UMI,3,43.76311,-79.33803,300.0,92.057,30.7,901,365.71,365.71
1482,UMI,3,43.76311,-79.33132,300.0,114.895,38.3,1159,448.01,448.01
1483,UMI,3,43.76311,-79.32461,300.0,149.486,49.8,1338,554.23,554.23
1484,UMI,3,43.76311,-79.3179,300.0,157.411,52.5,1482,604.63,604.63
1485,UMI,3,43.76311,-79.31119,300.0,152.961,51.0,1588,585.97,585.97
1486,UMI,3,43.76311,-79.30449,300.0,153.618,51.2,1434,586.15,586.15
1487,UMI,3,43.76311,-79.29778,300.0,109.184,36.4,1047,404.5,404.5
1488,UMI,3,43.76311,-79.29107,300.0,113.297,37.8,1132,445.61,445.61
1489,UMI,3,43.76311,-79.28436,300.0,138.396,46.1,1247,514.7,514.7
1490,UMI,3,43.76311,-79.27765,300.0,100.824,33.6,1078,401.65,401.65
1491,UMI,3,43.76311,-79.27095,300.0,119.241,39.7,1152,454.77,454.77
1492,UMI,3,43.76311,-79.26424,300.0,145.113,48.4,1346,530.14,530.14
1493,UMI,3,43.76311,-79.25753,300.0,144.965,48.3,1393,565.87,565.87
1494,UMI,3,43.76311,-79.25082,300.0,160.566,53.5,1465,593.31,593.31
1495,UMI,3,43.76311,-79.24411,300.0,157.222,52.4,1535,590.27,590.27
1496,UMI,3,43.76311,-79.23741,300.0,166.458,55.5,1550,616.02,616.02
1497,UMI,3,43.76311,-79.2307,300.0,168.874,56.3,1564,638.89,638.89
1498,UMI,3,43.76311,-79.22399,300.0,154.511,51.5,1479,564.69,564.69
1499,UMI,3,43.76311,-79.21728,300.0,129.061,43.0,1379,523.51,523.51
1500,UMI,3,43.76311,-79.21057,300.0,125.423,41.8,1157,445.78,445.78
1501,UMI,3,43.76311,-79.20386,300.0,91.001,30.3,903,353.94,353.94
1502,UMI,3,43.76311,-79.19716,300.0,119.482,39.8,1165,461.67,461.67
1503,UMI,3,43.76311,-79.19045,300.0,146.639,48.9,1397,564.32,564.32
1504,UMI,3,43.76311,-79.18374,300.0,156.397,52.1,1484,582.25,582.25
1505,UMI,3,43.76311,-79.17703,300.0,128.093,42.7,1244,466.54,466.54
1506,UMI,3,43.76311,-79.17032,300.0,75.417,25.1,743,276.87,276.87
1507,UMI,3,43.76311,-79.16362,300.0,48.248,16.1,502,206.22,206.22
1508,UMI,3,43.76311,-79.15691,300.0,33.335,11.1,305,133.69,133.69
1509,UMI,3,43.76311,-79.1502,300.0,19.982,6.7,192,82.11,82.11
1510,UMI,3,43.7673,-79.60971,300.0,19.444,6.5,175,73.27,73.27
1511,UMI,3,43.7673,-79.603,300.0,20.962,7.0,197,90.42,90.42
1512,UMI,3,43.7673,-79.59629,300.0,24.223,8.1,197,84.47,84.47
1513,UMI,3,43.7673,-79.58287,300.0,20.352,6.8,201,79.08,79.08
1514,UMI,3,43.7673,-79.57617,300.0,48.51,16.2,425,172.61,172.61
1515,UMI,3,43.7673,-79.56946,300.0,49.239,16.4,511,194.16,194.16
1516,UMI,3,43.7673,-79.56275,300.0,50.12,16.7,454,180.38,180.38
1517,UMI,3,43.7673,-79.55604,300.0,53.443,17.8,449,187.05,187.05
1518,UMI,3,43.7673,-79.54933,300.0,53.699,17.9,441,185.38,185.38
1519,UMI,3,43.7673,-79.54263,300.0,40.353,13.5,395,145.2,145.2
1520,UMI,3,43.7673,-79.53592,300.0,44.305,14.8,468,186.88,186.88
1521,UMI,3,43.7673,-79.52921,300.0,79.893,26.6,808,321.07,321.07
1522,UMI,3,43.7673,-79.5225,300.0,98.9,33.0,991,400.99,400.99
1523,UMI,3,43.7673,-79.51579,300.0,104.277,34.8,816,352.22,352.22
1524,UMI,3,43.7673,-79.50909,300.0,85.017,28.3,719,300.28,300.28
1525,UMI,3,43.7673,-79.50238,300.0,83.395,27.8,951,346.52,346.52
1526,UMI,3,43.7673,-79.49567,300.0,82.786,27.6,835,334.6,334.6
1527,UMI,3,43.7673,-79.48896,300.0,73.855,24.6,646,254.1,254.1
1528,UMI,3,43.7673,-79.48225,300.0,47.429,15.8,495,202.56,202.56
1529,UMI,3,43.7673,-79.47554,300.0,52.385,17.5,486,183.71,183.71
1530,UMI,3,43.7673,-79.46884,300.0,55.273,18.4,499,192.35,192.35
1531,UMI,3,43.7673,-79.46213,300.0,92.017,30.7,840,330.35,330.35
1532,UMI,3,43.7673,-79.45542,300.0,105.501,35.2,1003,379.47,379.47
1533,UMI,3,43.7673,-79.44871,300.0,97.157,32.4,890,371.93,371.93
1534,UMI,3,43.7673,-79.442,300.0,119.993,40.0,1066,438.59,438.59
1535,UMI,3,43.7673,-79.4353,300.0,137.255,45.8,1237,509.61,509.61
1536,UMI,3,43.7673,-79.42859,300.0,134.437,44.8,1252,496.3,496.3
1537,UMI,3,43.7673,-79.42188,300.0,135.805,45.3,1289,509.84,509.84
1538,UMI,3,43.7673,-79.41517,300.0,139.056,46.4,1268,518.33,518.33
1539,UMI,3,43.7673,-79.40846,300.0,153.448,51.1,1568,595.32,595.32
1540,UMI,3,43.7673,-79.40175,300.0,191.243,63.7,1814,725.0,725.0
1541,UMI,3,43.7673,-79.39505,300.0,180.791,60.3,1727,680.16,680.16
1542,UMI,3,43.7673,-79.38834,300.0,162.358,54.1,1494,619.06,619.06
1543,UMI,3,43.7673,-79.38163,300.0,139.667,46.6,1426,526.91,526.91
1544,UMI,3,43.7673,-79.37492,300.0,155.827,51.9,1311,536.55,536.55
1545,UMI,3,43.7673,-79.36821,300.0,107.873,36.0,1080,437.52,437.52
1546,UMI,3,43.7673,-79.36151,300.0,89.702,29.9,811,338.56,338.56
1547,UMI,3,43.7673,-79.3548,300.0,87.896,29.3,802,310.05,310.05
1548,UMI,3,43.7673,-79.34809,300.0,77.562,25.9,803,314.16,314.16
1549,UMI,3,43.7673,-79.34138,300.0,88.999,29.7,743,316.75,316.75
1550,UMI,3,43.7673,-79.33467,300.0,82.312,27.4,878,328.53,328.53
1551,UMI,3,43.7673,-79.32797,300.0,109.313,36.4,1099,425.0,425.0
1552,UMI,3,43.7673,-79.32126,300.0,119.41,39.8,1247,488.19,488.19
1553,UMI,3,43.7673,-79.31455,300.0,142.475,47.5,1394,544.52,544.52
1554,UMI,3,43.7673,-79.30784,300.0,156.293,52.1,1540,594.67,594.67
1555,UMI,3,43.7673,-79.30113,300.0,124.311,41.4,1207,467.21,467.21
1556,UMI,3,43.7673,-79.29442,300.0,101.199,33.7,1018,397.91,397.91
1557,UMI,3,43.7673,-79.28772,300.0,117.679,39.2,1128,448.3,448.3
1558,UMI,3,43.7673,-79.28101,300.0,114.793,38.3,1033,400.17,400.17
1559,UMI,3,43.7673,-79.2743,300.0,108.135,36.0,961,397.48,397.48
1560,UMI,3,43.7673,-79.26759,300.0,101.297,33.8,1143,407.48,407.48
1561,UMI,3,43.7673,-79.26088,300.0,147.334,49.1,1349,542.97,542.97
1562,UMI,3,43.7673,-79.25418,300.0,154.13,51.4,1440,600.77,600.77
1563,UMI,3,43.7673,-79.24747,300.0,166.778,55.6,1604,632.01,632.01
1564,UMI,3,43.7673,-79.24076,300.0,154.817,51.6,1531,603.69,603.69
1565,UMI,3,43.7673,-79.23405,300.0,156.795,52.3,1541,584.18,584.18
1566,UMI,3,43.7673,-79.22734,300.0,173.23,57.7,1563,614.63,614.63
1567,UMI,3,43.7673,-79.22063,300.0,171.275,57.1,1542,636.11,636.11
1568,UMI,3,43.7673,-79.21393,300.0,159.167,53.1,1477,604.39,604.39
1569,UMI,3,43.7673,-79.20722,300.0,109.615,36.5,1073,414.43,414.43
1570,UMI,3,43.7673,-79.20051,300.0,79.764,26.6,821,328.56,328.56
1571,UMI,3,43.7673,-79.1938,300.0,109.717,36.6,1116,430.95,430.95
1572,UMI,3,43.7673,-79.18709,300.0,126.24,42.1,1257,483.57,483.57
1573,UMI,3,43.7673,-79.18039,300.0,146.825,48.9,1349,547.11,547.11
1574,UMI,3,43.7673,-79.17368,300.0,126.56,42.2,1176,460.29,460.29
1575,UMI,3,43.7673,-79.16697,300.0,79.35,26.5,816,303.26,303.26
1576,UMI,3,43.7673,-79.16026,300.0,62.699,20.9,620,253.91,253.91
1577,UMI,3,43.7673,-79.15355,300.0,44.57,14.9,448,161.2,161.2
1578,UMI,3,43.7673,-79.14685,300.0,28.336,9.4,282,105.64,105.64
1579,UMI,3,43.7673,-79.14014,300.0,17.55,5.8,177,74.02,74.02
1580,UMI,3,43.7715,-79.61306,300.0,23.569,7.9,213,91.77,91.77
1581,UMI,3,43.7715,-79.60635,300.0,26.326,8.8,271,102.31,102.31
1582,UMI,3,43.7715,-79.59965,300.0,26.141,8.7,251,99.08,99.08
1583,UMI,3,43.7715,-79.59294,300.0,26.234,8.7,267,104.42,104.42
1584,UMI,3,43.7715,-79.58623,300.0,22.635,7.5,210,86.46,86.46
1585,UMI,3,43.7715,-79.57281,300.0,35.652,11.9,387,157.67,157.67
1586,UMI,3,43.7715,-79.5661,300.0,30.026,10.0,342,128.68,128.68
1587,UMI,3,43.7715,-79.5594,300.0,31.703,10.6,353,121.7,121.7
1588,UMI,3,43.7715,-79.55269,300.0,33.054,11.0,345,136.79,136.79
1589,UMI,3,43.7715,-79.54598,300.0,31.807,10.6,303,123.04,123.04
1590,UMI,3,43.7715,-79.53927,300.0,36.099,12.0,350,144.97,144.97
1591,UMI,3,43.7715,-79.53256,300.0,50.611,16.9,478,190.11,190.11
1592,UMI,3,43.7715,-79.52586,300.0,92.791,30.9,772,330.17,330.17
1593,UMI,3,43.7715,-79.51915,300.0,69.233,23.1,679,288.75,288.75
1594,UMI,3,43.7715,-79.51244,300.0,57.986,19.3,589,230.54,230.54
1595,UMI,3,43.7715,-79.50573,300.0,63.818,21.3,594,242.79,242.79
1596,UMI,3,43.7715,-79.49902,300.0,58.348,19.4,660,251.74,251.74
1597,UMI,3,43.7715,-79.49231,300.0,52.37,17.5,491,200.48,200.48
1598,UMI,3,43.7715,-79.48561,300.0,44.749,14.9,441,180.09,180.09
1599,UMI,3,43.7715,-79.4789,300.0,54.272,18.1,509,201.19,201.19
1600,UMI,3,43.7715,-79.47219,300.0,42.321,14.1,475,177.48,177.48
1601,UMI,3,43.7715,-79.46548,300.0,48.369,16.1,464,191.24,191.24
1602,UMI,3,43.7715,-79.45877,300.0,64.326,21.4,656,252.22,252.22
1603,UMI,3,43.7715,-79.45207,300.0,78.932,26.3,792,293.66,293.66
1604,UMI,3,43.7715,-79.44536,300.0,97.287,32.4,975,373.4,373.4
1605,UMI,3,43.7715,-79.43865,300.0,125.567,41.9,1302,496.57,496.57
1606,UMI,3,43.7715,-79.43194,300.0,160.051,53.4,1537,614.78,614.78
1607,UMI,3,43.7715,-79.42523,300.0,167.684,55.9,1541,622.32,622.32
1608,UMI,3,43.7715,-79.41853,300.0,155.907,52.0,1493,591.03,591.03
1609,UMI,3,43.7715,-79.41182,300.0,153.302,51.1,1571,612.78,612.78
1610,UMI,3,43.7715,-79.40511,300.0,171.48,57.2,1773,687.47,687.47
1611,UMI,3,43.7715,-79.3984,300.0,193.599,64.5,1860,728.78,728.78
1612,UMI,3,43.7715,-79.39169,300.0,161.924,54.0,1587,609.23,609.23
1613,UMI,3,43.7715,-79.38498,300.0,142.344,47.4,1415,545.06,545.06
1614,UMI,3,43.7715,-79.37828,300.0,145.415,48.5,1347,529.46,529.46
1615,UMI,3,43.7715,-79.37157,300.0,112.589,37.5,1131,426.81,426.81
1616,UMI,3,43.7715,-79.36486,300.0,99.131,33.0,1000,396.41,396.41
1617,UMI,3,43.7715,-79.35815,300.0,105.596,35.2,1053,418.56,418.56
1618,UMI,3,43.7715,-79.35144,300.0,111.107,37.0,1134,436.79,436.79
1619,UMI,3,43.7715,-79.34474,300.0,104.776,34.9,959,384.89,384.89
1620,UMI,3,43.7715,-79.33803,300.0,85.813,28.6,833,344.28,344.28
1621,UMI,3,43.7715,-79.33132,300.0,96.907,32.3,960,391.28,391.28
1622,UMI,3,43.7715,-79.32461,300.0,121.057,40.4,1152,452.49,452.49
1623,UMI,3,43.7715,-79.3179,300.0,145.693,48.6,1350,513.46,513.46
1624,UMI,3,43.7715,-79.31119,300.0,153.297,51.1,1554,585.7,585.7
1625,UMI,3,43.7715,-79.30449,300.0,159.792,53.3,1465,583.16,583.16
1626,UMI,3,43.7715,-79.29778,300.0,131.775,43.9,1212,477.34,477.34
1627,UMI,3,43.7715,-79.29107,300.0,105.097,35.0,1039,407.0,407.0
1628,UMI,3,43.7715,-79.28436,300.0,92.561,30.9,936,372.81,372.81
1629,UMI,3,43.7715,-79.27765,300.0,77.654,25.9,786,292.26,292.26
1630,UMI,3,43.7715,-79.27095,300.0,80.017,26.7,860,328.64,328.64
1631,UMI,3,43.7715,-79.26424,300.0,100.871,33.6,989,377.54,377.54
1632,UMI,3,43.7715,-79.25753,300.0,119.192,39.7,1104,426.54,426.54
1633,UMI,3,43.7715,-79.25082,300.0,124.236,41.4,1256,469.29,469.29
1634,UMI,3,43.7715,-79.24411,300.0,138.281,46.1,1382,511.83,511.83
1635,UMI,3,43.7715,-79.23741,300.0,144.364,48.1,1366,547.76,547.76
1636,UMI,3,43.7715,-79.2307,300.0,148.377,49.5,1488,579.62,579.62
1637,UMI,3,43.7715,-79.22399,300.0,165.119,55.0,1579,620.3,620.3
1638,UMI,3,43.7715,-79.21728,300.0,162.653,54.2,1542,630.93,630.93
1639,UMI,3,43.7715,-79.21057,300.0,130.915,43.6,1243,503.53,503.53
1640,UMI,3,43.7715,-79.20386,300.0,80.423,26.8,815,317.26,317.26
1641,UMI,3,43.7715,-79.19716,300.0,79.882,26.6,805,304.05,304.05
1642,UMI,3,43.7715,-79.19045,300.0,111.348,37.1,1138,435.38,435.38
1643,UMI,3,43.7715,-79.18374,300.0,114.581,38.2,1089,417.66,417.66
1644,UMI,3,43.7715,-79.17703,300.0,142.119,47.4,1219,522.26,522.26
1645,UMI,3,43.7715,-79.17032,300.0,110.256,36.8,1055,415.31,415.31
1646,UMI,3,43.7715,-79.16362,300.0,91.068,30.4,853,352.25,352.25
1647,UMI,3,43.7715,-79.15691,300.0,65.25,21.7,687,257.68,257.68
1648,UMI,3,43.7715,-79.1502,300.0,54.314,18.1,516,210.68,210.68
1649,UMI,3,43.7715,-79.14349,300.0,40.653,13.6,440,167.5,167.5
1650,UMI,3,43.7715,-79.13678,300.0,28.429,9.5,305,114.69,114.69
1651,UMI,3,43.7757,-79.60971,300.0,35.253,11.8,357,144.2,144.2
1652,UMI,3,43.7757,-79.603,300.0,41.317,13.8,397,159.79,159.79
1653,UMI,3,43.7757,-79.59629,300.0,49.069,16.4,456,193.03,193.03
1654,UMI,3,43.7757,-79.58958,300.0,33.34,11.1,343,128.09,128.09
1655,UMI,3,43.7757,-79.58287,300.0,28.48,9.5,315,113.98,113.98
1656,UMI,3,43.7757,-79.57617,300.0,50.253,16.8,472,186.7,186.7
1657,UMI,3,43.7757,-79.56946,300.0,38.077,12.7,363,154.77,154.77
1658,UMI,3,43.7757,-79.56275,300.0,31.141,10.4,295,121.56,121.56
1659,UMI,3,43.7757,-79.55604,300.0,26.814,8.9,256,111.66,111.66
1660,UMI,3,43.7757,-79.54933,300.0,27.791,9.3,254,96.33,96.33
1661,UMI,3,43.7757,-79.54263,300.0,25.753,8.6,231,91.02,91.02
1662,UMI,3,43.7757,-79.53592,300.0,27.986,9.3,263,98.58,98.58
1663,UMI,3,43.7757,-79.52921,300.0,44.049,14.7,415,158.96,158.96
1664,UMI,3,43.7757,-79.5225,300.0,53.946,18.0,477,205.17,205.17
1665,UMI,3,43.7757,-79.51579,300.0,50.147,16.7,467,190.46,190.46
1666,UMI,3,43.7757,-79.50909,300.0,46.785,15.6,398,164.65,164.65
1667,UMI,3,43.7757,-79.50238,300.0,50.497,16.8,464,175.77,175.77
1668,UMI,3,43.7757,-79.49567,300.0,47.818,15.9,440,177.99,177.99
1669,UMI,3,43.7757,-79.48896,300.0,53.444,17.8,461,166.88,166.88
1670,UMI,3,43.7757,-79.48225,300.0,44.577,14.9,452,163.88,163.88
1671,UMI,3,43.7757,-79.47554,300.0,49.675,16.6,457,196.29,196.29
1672,UMI,3,43.7757,-79.46884,300.0,41.17,13.7,397,150.22,150.22
1673,UMI,3,43.7757,-79.46213,300.0,39.114,13.0,450,163.3,163.3
1674,UMI,3,43.7757,-79.45542,300.0,60.946,20.3,630,254.23,254.23
1675,UMI,3,43.7757,-79.44871,300.0,104.925,35.0,928,383.85,383.85
1676,UMI,3,43.7757,-79.442,300.0,112.937,37.6,1167,428.58,428.58
1677,UMI,3,43.7757,-79.4353,300.0,150.641,50.2,1464,572.21,572.21
1678,UMI,3,43.7757,-79.42859,300.0,156.652,52.2,1581,611.74,611.74
1679,UMI,3,43.7757,-79.42188,300.0,178.375,59.5,1612,674.12,674.12
1680,UMI,3,43.7757,-79.41517,300.0,155.817,51.9,1590,623.58,623.58
1681,UMI,3,43.7757,-79.40846,300.0,171.906,57.3,1745,685.26,685.26
1682,UMI,3,43.7757,-79.40175,300.0,193.811,64.6,1846,739.5,739.5
1683,UMI,3,43.7757,-79.39505,300.0,173.546,57.8,1723,657.24,657.24
1684,UMI,3,43.7757,-79.38834,300.0,159.082,53.0,1517,591.97,591.97
1685,UMI,3,43.7757,-79.38163,300.0,130.905,43.6,1257,511.83,511.83
1686,UMI,3,43.7757,-79.37492,300.0,122.224,40.7,1118,449.72,449.72
1687,UMI,3,43.7757,-79.36821,300.0,97.821,32.6,997,371.43,371.43
1688,UMI,3,43.7757,-79.36151,300.0,137.577,45.9,1319,515.98,515.98
1689,UMI,3,43.7757,-79.3548,300.0,133.531,44.5,1262,496.76,496.76
1690,UMI,3,43.7757,-79.34809,300.0,121.517,40.5,1177,465.15,465.15
1691,UMI,3,43.7757,-79.34138,300.0,114.043,38.0,1002,419.53,419.53
1692,UMI,3,43.7757,-79.33467,300.0,120.642,40.2,1120,455.61,455.61
1693,UMI,3,43.7757,-79.32797,300.0,141.419,47.1,1304,504.29,504.29
1694,UMI,3,43.7757,-79.32126,300.0,142.494,47.5,1412,549.54,549.54
1695,UMI,3,43.7757,-79.31455,300.0,166.448,55.5,1527,633.47,633.47
1696,UMI,3,43.7757,-79.30784,300.0,151.554,50.5,1531,569.25,569.25
1697,UMI,3,43.7757,-79.30113,300.0,149.554,49.9,1455,577.72,577.72
1698,UMI,3,43.7757,-79.29442,300.0,133.488,44.5,1347,521.35,521.35
1699,UMI,3,43.7757,-79.28772,300.0,109.944,36.6,1041,416.0,416.0
1700,UMI,3,43.7757,-79.28101,300.0,89.697,29.9,832,331.73,331.73
1701,UMI,3,43.7757,-79.2743,300.0,105.458,35.2,930,378.39,378.39
1702,UMI,3,43.7757,-79.26759,300.0,86.495,28.8,847,329.66,329.66
1703,UMI,3,43.7757,-79.26088,300.0,84.966,28.3,778,325.22,325.22
1704,UMI,3,43.7757,-79.25418,300.0,86.612,28.9,846,329.44,329.44
1705,UMI,3,43.7757,-79.24747,300.0,100.738,33.6,888,356.89,356.89
1706,UMI,3,43.7757,-79.24076,300.0,113.385,37.8,1080,434.7,434.7
1707,UMI,3,43.7757,-79.23405,300.0,117.566,39.2,1142,451.83,451.83
1708,UMI,3,43.7757,-79.22734,300.0,135.314,45.1,1346,526.53,526.53
1709,UMI,3,43.7757,-79.22063,300.0,131.398,43.8,1318,515.52,515.52
1710,UMI,3,43.7757,-79.21393,300.0,127.753,42.6,1218,477.17,477.17
1711,UMI,3,43.7757,-79.20722,300.0,90.653,30.2,866,343.89,343.89
1712,UMI,3,43.7757,-79.20051,300.0,56.28,18.8,594,237.46,237.46
1713,UMI,3,43.7757,-79.1938,300.0,80.41,26.8,730,293.58,293.58
1714,UMI,3,43.7757,-79.18709,300.0,96.578,32.2,951,358.09,358.09
1715,UMI,3,43.7757,-79.18039,300.0,109.954,36.7,1035,440.97,440.97
1716,UMI,3,43.7757,-79.17368,300.0,99.247,33.1,959,367.46,367.46
1717,UMI,3,43.7757,-79.16697,300.0,104.092,34.7,986,403.63,403.63
1718,UMI,3,43.7757,-79.16026,300.0,85.378,28.5,838,318.56,318.56
1719,UMI,3,43.7757,-79.15355,300.0,85.768,28.6,903,345.04,345.04
1720,UMI,3,43.7757,-79.14685,300.0,87.927,29.3,838,337.38,337.38
1721,UMI,3,43.7757,-79.14014,300.0,84.763,28.3,848,333.02,333.02
1722,UMI,3,43.7757,-79.13343,300.0,45.532,15.2,441,172.17,172.17
1723,UMI,3,43.7757,-79.12672,300.0,14.666,4.9,144,51.84,51.84
1724,UMI,3,43.77989,-79.61306,300.0,46.044,15.3,427,170.14,170.14
1725,UMI,3,43.77989,-79.60635,300.0,49.595,16.5,501,192.52,192.52
1726,UMI,3,43.77989,-79.59965,300.0,55.779,18.6,528,206.98,206.98
1727,UMI,3,43.77989,-79.59294,300.0,48.836,16.3,498,193.37,193.37
1728,UMI,3,43.77989,-79.58623,300.0,42.308,14.1,444,167.0,167.0
1729,UMI,3,43.77989,-79.57952,300.0,69.451,23.2,525,227.37,227.37
1730,UMI,3,43.77989,-79.57281,300.0,52.608,17.5,571,229.14,229.14
1731,UMI,3,43.77989,-79.5661,300.0,43.152,14.4,450,170.95,170.95
1732,UMI,3,43.77989,-79.5594,300.0,33.618,11.2,333,126.18,126.18
1733,UMI,3,43.77989,-79.55269,300.0,21.796,7.3,248,86.73,86.73
1734,UMI,3,43.77989,-79.54598,300.0,24.791,8.3,220,87.0,87.0
1735,UMI,3,43.77989,-79.53256,300.0,23.189,7.7,230,82.36,82.36
1736,UMI,3,43.77989,-79.52586,300.0,23.771,7.9,237,94.06,94.06
1737,UMI,3,43.77989,-79.51915,300.0,26.807,8.9,269,98.41,98.41
1738,UMI,3,43.77989,-79.51244,300.0,33.059,11.0,280,123.27,123.27
1739,UMI,3,43.77989,-79.50573,300.0,29.932,10.0,311,117.93,117.93
1740,UMI,3,43.77989,-79.49902,300.0,35.959,12.0,300,127.73,127.73
1741,UMI,3,43.77989,-79.49231,300.0,37.538,12.5,381,135.01,135.01
1742,UMI,3,43.77989,-79.48561,300.0,44.467,14.8,447,167.68,167.68
1743,UMI,3,43.77989,-79.4789,300.0,51.074,17.0,474,187.79,187.79
1744,UMI,3,43.77989,-79.47219,300.0,48.614,16.2,484,183.25,183.25
1745,UMI,3,43.77989,-79.46548,300.0,53.403,17.8,454,202.97,202.97
1746,UMI,3,43.77989,-79.45877,300.0,52.992,17.7,574,226.58,226.58
1747,UMI,3,43.77989,-79.45207,300.0,85.813,28.6,854,343.35,343.35
1748,UMI,3,43.77989,-79.44536,300.0,112.208,37.4,1139,440.21,440.21
1749,UMI,3,43.77989,-79.43865,300.0,144.715,48.2,1474,573.43,573.43
1750,UMI,3,43.77989,-79.43194,300.0,184.548,61.5,1725,696.96,696.96
1751,UMI,3,43.77989,-79.42523,300.0,169.426,56.5,1611,661.6,661.6
1752,UMI,3,43.77989,-79.41853,300.0,161.995,54.0,1575,616.9,616.9
1753,UMI,3,43.77989,-79.41182,300.0,171.986,57.3,1558,632.63,632.63
1754,UMI,3,43.77989,-79.40511,300.0,176.393,58.8,1764,676.21,676.21
1755,UMI,3,43.77989,-79.3984,300.0,190.082,63.4,1781,701.19,701.19
1756,UMI,3,43.77989,-79.39169,300.0,159.295,53.1,1527,598.72,598.72
1757,UMI,3,43.77989,-79.38498,300.0,115.703,38.6,1172,461.73,461.73
1758,UMI,3,43.77989,-79.37828,300.0,101.854,34.0,1006,393.05,393.05
1759,UMI,3,43.77989,-79.37157,300.0,98.602,32.9,951,355.09,355.09
1760,UMI,3,43.77989,-79.36486,300.0,132.145,44.0,1294,513.4,513.4
1761,UMI,3,43.77989,-79.35815,300.0,155.666,51.9,1450,587.66,587.66
1762,UMI,3,43.77989,-79.35144,300.0,144.227,48.1,1356,547.88,547.88
1763,UMI,3,43.77989,-79.34474,300.0,120.304,40.1,1170,459.5,459.5
1764,UMI,3,43.77989,-79.33803,300.0,122.165,40.7,1251,476.97,476.97
1765,UMI,3,43.77989,-79.33132,300.0,148.936,49.6,1448,560.72,560.72
1766,UMI,3,43.77989,-79.32461,300.0,143.114,47.7,1534,577.21,577.21
1767,UMI,3,43.77989,-79.3179,300.0,176.442,58.8,1598,645.74,645.74
1768,UMI,3,43.77989,-79.31119,300.0,154.445,51.5,1498,611.44,611.44
1769,UMI,3,43.77989,-79.30449,300.0,157.219,52.4,1463,577.14,577.14
1770,UMI,3,43.77989,-79.29778,300.0,120.227,40.1,1243,474.7,474.7
1771,UMI,3,43.77989,-79.29107,300.0,129.491,43.2,1180,495.74,495.74
1772,UMI,3,43.77989,-79.28436,300.0,98.664,32.9,966,388.94,388.94
1773,UMI,3,43.77989,-79.27765,300.0,96.311,32.1,966,373.21,373.21
1774,UMI,3,43.77989,-79.27095,300.0,128.462,42.8,1142,474.28,474.28
1775,UMI,3,43.77989,-79.26424,300.0,107.017,35.7,997,391.88,391.88
1776,UMI,3,43.77989,-79.25753,300.0,84.013,28.0,767,308.58,308.58
1777,UMI,3,43.77989,-79.25082,300.0,67.104,22.4,685,261.47,261.47
1778,UMI,3,43.77989,-79.24411,300.0,84.704,28.2,779,331.37,331.37
1779,UMI,3,43.77989,-79.23741,300.0,82.467,27.5,822,335.46,335.46
1780,UMI,3,43.77989,-79.2307,300.0,90.806,30.3,916,375.63,375.63
1781,UMI,3,43.77989,-79.22399,300.0,108.996,36.3,1024,397.02,397.02
1782,UMI,3,43.77989,-79.21728,300.0,96.729,32.2,942,377.42,377.42
1783,UMI,3,43.77989,-79.21057,300.0,86.373,28.8,823,334.65,334.65
1784,UMI,3,43.77989,-79.20386,300.0,56.56,18.9,585,226.18,226.18
1785,UMI,3,43.77989,-79.19716,300.0,44.938,15.0,454,174.13,174.13
1786,UMI,3,43.77989,-79.19045,300.0,56.24,18.7,583,241.16,241.16
1787,UMI,3,43.77989,-79.18374,300.0,83.426,27.8,790,309.82,309.82
1788,UMI,3,43.77989,-79.17703,300.0,89.917,30.0,875,364.27,364.27
1789,UMI,3,43.77989,-79.17032,300.0,100.929,33.6,908,365.14,365.14
1790,UMI,3,43.77989,-79.16362,300.0,102.611,34.2,1010,386.84,386.84
1791,UMI,3,43.77989,-79.15691,300.0,122.986,41.0,1129,456.72,456.72
1792,UMI,3,43.77989,-79.1502,300.0,137.898,46.0,1232,480.79,480.79
1793,UMI,3,43.77989,-79.14349,300.0,129.98,43.3,1174,508.58,508.58
1794,UMI,3,43.77989,-79.13678,300.0,91.254,30.4,976,362.87,362.87
1795,UMI,3,43.77989,-79.13007,300.0,66.339,22.1,585,240.9,240.9
1796,UMI,3,43.78409,-79.61642,300.0,34.984,11.7,337,129.09,129.09
1797,UMI,3,43.78409,-79.60971,300.0,61.194,20.4,588,234.79,234.79
1798,UMI,3,43.78409,-79.603,300.0,61.763,20.6,600,252.89,252.89
1799,UMI,3,43.78409,-79.59629,300.0,64.221,21.4,587,233.89,233.89
1800,UMI,3,43.78409,-79.58958,300.0,49.058,16.4,504,197.96,197.96
1801,UMI,3,43.78409,-79.58287,300.0,62.579,20.9,659,245.6,245.6
1802,UMI,3,43.78409,-79.57617,300.0,65.093,21.7,649,257.23,257.23
1803,UMI,3,43.78409,-79.56946,300.0,70.856,23.6,651,231.31,231.31
1804,UMI,3,43.78409,-79.56275,300.0,54.65,18.2,530,203.89,203.89
1805,UMI,3,43.78409,-79.55604,300.0,41.205,13.7,429,171.52,171.52
1806,UMI,3,43.78409,-79.54933,300.0,30.544,10.2,314,112.2,112.2
1807,UMI,3,43.78409,-79.52921,300.0,16.594,5.5,183,68.82,68.82
1808,UMI,3,43.78409,-79.51579,300.0,22.236,7.4,202,76.67,76.67
1809,UMI,3,43.78409,-79.50909,300.0,17.814,5.9,221,76.9,76.9
1810,UMI,3,43.78409,-79.50238,300.0,29.136,9.7,240,97.64,97.64
1811,UMI,3,43.78409,-79.48896,300.0,39.243,13.1,383,142.99,142.99
1812,UMI,3,43.78409,-79.48225,300.0,45.58,15.2,474,174.06,174.06
1813,UMI,3,43.78409,-79.47554,300.0,55.428,18.5,479,213.07,213.07
1814,UMI,3,43.78409,-79.46884,300.0,55.603,18.5,502,205.66,205.66
1815,UMI,3,43.78409,-79.46213,300.0,66.787,22.3,661,263.14,263.14
1816,UMI,3,43.78409,-79.45542,300.0,104.964,35.0,970,388.98,388.98
1817,UMI,3,43.78409,-79.44871,300.0,122.084,40.7,1150,452.53,452.53
1818,UMI,3,43.78409,-79.442,300.0,145.497,48.5,1342,538.74,538.74
1819,UMI,3,43.78409,-79.4353,300.0,180.184,60.1,1629,692.72,692.72
1820,UMI,3,43.78409,-79.42859,300.0,179.952,60.0,1686,654.47,654.47
1821,UMI,3,43.78409,-79.42188,300.0,157.795,52.6,1540,591.86,591.86
1822,UMI,3,43.78409,-79.41517,300.0,164.728,54.9,1679,660.09,660.09
1823,UMI,3,43.78409,-79.40846,300.0,160.561,53.5,1592,619.66,619.66
1824,UMI,3,43.78409,-79.40175,300.0,148.75,49.6,1529,588.88,588.88
1825,UMI,3,43.78409,-79.39505,300.0,151.153,50.4,1499,598.58,598.58
1826,UMI,3,43.78409,-79.38834,300.0,121.044,40.3,1218,473.12,473.12
1827,UMI,3,43.78409,-79.38163,300.0,115.591,38.5,993,390.16,390.16
1828,UMI,3,43.78409,-79.37492,300.0,88.394,29.5,876,367.7,367.7
1829,UMI,3,43.78409,-79.36821,300.0,126.35,42.1,1145,473.49,473.49
1830,UMI,3,43.78409,-79.36151,300.0,157.974,52.7,1508,577.32,577.32
1831,UMI,3,43.78409,-79.3548,300.0,163.832,54.6,1538,614.97,614.97
1832,UMI,3,43.78409,-79.34809,300.0,144.098,48.0,1407,520.56,520.56
1833,UMI,3,43.78409,-79.34138,300.0,146.785,48.9,1449,558.64,558.64
1834,UMI,3,43.78409,-79.33467,300.0,159.853,53.3,1613,626.29,626.29
1835,UMI,3,43.78409,-79.32797,300.0,153.662,51.2,1508,564.62,564.62
1836,UMI,3,43.78409,-79.32126,300.0,148.234,49.4,1507,593.45,593.45
1837,UMI,3,43.78409,-79.31455,300.0,162.315,54.1,1594,634.9,634.9
1838,UMI,3,43.78409,-79.30784,300.0,155.542,51.8,1442,584.26,584.26
1839,UMI,3,43.78409,-79.30113,300.0,132.938,44.3,1259,508.62,508.62
1840,UMI,3,43.78409,-79.29442,300.0,111.034,37.0,1037,417.73,417.73
1841,UMI,3,43.78409,-79.28772,300.0,118.041,39.3,1038,426.0,426.0
1842,UMI,3,43.78409,-79.28101,300.0,120.03,40.0,1057,434.23,434.23
1843,UMI,3,43.78409,-79.2743,300.0,124.446,41.5,1101,469.86,469.86
1844,UMI,3,43.78409,-79.26759,300.0,128.982,43.0,1274,499.57,499.57
1845,UMI,3,43.78409,-79.26088,300.0,125.976,42.0,1076,440.94,440.94
1846,UMI,3,43.78409,-79.25418,300.0,78.702,26.2,775,306.48,306.48
1847,UMI,3,43.78409,-79.24747,300.0,77.802,25.9,771,307.23,307.23
1848,UMI,3,43.78409,-79.24076,300.0,74.035,24.7,768,302.81,302.81
1849,UMI,3,43.78409,-79.23405,300.0,77.352,25.8,728,287.31,287.31
1850,UMI,3,43.78409,-79.22734,300.0,75.212,25.1,722,272.16,272.16
1851,UMI,3,43.78409,-79.22063,300.0,89.699,29.9,892,337.08,337.08
1852,UMI,3,43.78409,-79.21393,300.0,88.424,29.5,829,321.12,321.12
1853,UMI,3,43.78409,-79.20722,300.0,80.094,26.7,788,301.4,301.4
1854,UMI,3,43.78409,-79.20051,300.0,47.057,15.7,510,187.14,187.14
1855,UMI,3,43.78409,-79.1938,300.0,52.65,17.6,483,195.79,195.79
1856,UMI,3,43.78409,-79.18709,300.0,76.195,25.4,688,283.64,283.64
1857,UMI,3,43.78409,-79.18039,300.0,110.89,37.0,1035,414.23,414.23
1858,UMI,3,43.78409,-79.17368,300.0,123.118,41.0,1164,484.12,484.12
1859,UMI,3,43.78409,-79.16697,300.0,121.022,40.3,1201,455.24,455.24
1860,UMI,3,43.78409,-79.16026,300.0,142.27,47.4,1305,516.2,516.2
1861,UMI,3,43.78409,-79.15355,300.0,131.586,43.9,1341,519.4,519.4
1862,UMI,3,43.78409,-79.14685,300.0,161.21,53.7,1410,586.08,586.08
1863,UMI,3,43.78409,-79.14014,300.0,133.094,44.4,1289,534.02,534.02
1864,UMI,3,43.78409,-79.13343,300.0,117.783,39.3,1096,452.02,452.02
1865,UMI,3,43.78409,-79.12672,300.0,52.665,17.6,506,187.64,187.64
1866,UMI,3,43.78828,-79.61306,300.0,47.207,15.7,499,207.89,207.89
1867,UMI,3,43.78828,-79.60635,300.0,66.763,22.3,550,239.83,239.83
1868,UMI,3,43.78828,-79.59965,300.0,52.252,17.4,494,196.26,196.26
1869,UMI,3,43.78828,-79.59294,300.0,53.313,17.8,494,190.98,190.98
1870,UMI,3,43.78828,-79.58623,300.0,58.087,19.4,554,225.44,225.44
1871,UMI,3,43.78828,-79.57952,300.0,78.549,26.2,712,285.82,285.82
1872,UMI,3,43.78828,-79.57281,300.0,74.482,24.8,766,293.39,293.39
1873,UMI,3,43.78828,-79.5661,300.0,93.934,31.3,848,332.49,332.49
1874,UMI,3,43.78828,-79.5594,300.0,68.72,22.9,677,258.74,258.74
1875,UMI,3,43.78828,-79.55269,300.0,44.87,15.0,480,197.04,197.04
1876,UMI,3,43.78828,-79.54598,300.0,25.22,8.4,287,102.98,102.98
1877,UMI,3,43.78828,-79.53256,300.0,20.307,6.8,183,74.26,74.26
1878,UMI,3,43.78828,-79.52586,300.0,16.318,5.4,172,71.65,71.65
1879,UMI,3,43.78828,-79.51915,300.0,23.44,7.8,248,93.51,93.51
1880,UMI,3,43.78828,-79.51244,300.0,26.709,8.9,231,96.09,96.09
1881,UMI,3,43.78828,-79.50573,300.0,24.064,8.0,221,95.01,95.01
1882,UMI,3,43.78828,-79.49902,300.0,22.319,7.4,236,83.87,83.87
1883,UMI,3,43.78828,-79.49231,300.0,35.629,11.9,303,118.04,118.04
1884,UMI,3,43.78828,-79.48561,300.0,54.491,18.2,426,174.53,174.53
1885,UMI,3,43.78828,-79.4789,300.0,51.835,17.3,504,201.49,201.49
1886,UMI,3,43.78828,-79.47219,300.0,57.69,19.2,541,219.38,219.38
1887,UMI,3,43.78828,-79.46548,300.0,69.337,23.1,702,270.46,270.46
1888,UMI,3,43.78828,-79.45877,300.0,104.849,34.9,962,380.44,380.44
1889,UMI,3,43.78828,-79.45207,300.0,134.535,44.8,1289,515.96,515.96
1890,UMI,3,43.78828,-79.44536,300.0,117.832,39.3,1267,481.19,481.19
1891,UMI,3,43.78828,-79.43865,300.0,167.599,55.9,1523,610.39,610.39
1892,UMI,3,43.78828,-79.43194,300.0,172.454,57.5,1616,635.24,635.24
1893,UMI,3,43.78828,-79.42523,300.0,166.197,55.4,1611,627.28,627.28
1894,UMI,3,43.78828,-79.41853,300.0,148.291,49.4,1518,575.33,575.33
1895,UMI,3,43.78828,-79.41182,300.0,179.653,59.9,1680,690.83,690.83
1896,UMI,3,43.78828,-79.40511,300.0,150.351,50.1,1456,560.91,560.91
1897,UMI,3,43.78828,-79.3984,300.0,159.285,53.1,1463,575.55,575.55
1898,UMI,3,43.78828,-79.39169,300.0,130.106,43.4,1272,516.81,516.81
1899,UMI,3,43.78828,-79.38498,300.0,109.443,36.5,1064,439.44,439.44
1900,UMI,3,43.78828,-79.37828,300.0,80.392,26.8,858,324.22,324.22
1901,UMI,3,43.78828,-79.37157,300.0,108.963,36.3,1069,424.97,424.97
1902,UMI,3,43.78828,-79.36486,300.0,145.952,48.7,1420,570.07,570.07
1903,UMI,3,43.78828,-79.35815,300.0,157.063,52.4,1451,605.95,605.95
1904,UMI,3,43.78828,-79.35144,300.0,141.886,47.3,1527,572.47,572.47
1905,UMI,3,43.78828,-79.34474,300.0,172.319,57.4,1611,636.26,636.26
1906,UMI,3,43.78828,-79.33803,300.0,172.86,57.6,1603,663.04,663.04
1907,UMI,3,43.78828,-79.33132,300.0,170.504,56.8,1580,628.03,628.03
1908,UMI,3,43.78828,-79.32461,300.0,155.426,51.8,1431,563.98,563.98
1909,UMI,3,43.78828,-79.3179,300.0,158.066,52.7,1532,608.11,608.11
1910,UMI,3,43.78828,-79.31119,300.0,163.351,54.5,1520,615.04,615.04
1911,UMI,3,43.78828,-79.30449,300.0,126.359,42.1,1254,478.13,478.13
1912,UMI,3,43.78828,-79.29778,300.0,102.812,34.3,913,368.12,368.12
1913,UMI,3,43.78828,-79.29107,300.0,99.887,33.3,1015,388.1,388.1
1914,UMI,3,43.78828,-79.28436,300.0,123.959,41.3,1187,478.78,478.78
1915,UMI,3,43.78828,-79.27765,300.0,117.675,39.2,1151,419.15,419.15
1916,UMI,3,43.78828,-79.27095,300.0,122.725,40.9,1107,459.16,459.16
1917,UMI,3,43.78828,-79.26424,300.0,101.943,34.0,1072,409.44,409.44
1918,UMI,3,43.78828,-79.25753,300.0,101.854,34.0,983,383.4,383.4
1919,UMI,3,43.78828,-79.25082,300.0,93.648,31.2,1027,376.01,376.01
1920,UMI,3,43.78828,-79.24411,300.0,102.956,34.3,970,402.11,402.11
1921,UMI,3,43.78828,-79.23741,300.0,90.97,30.3,889,365.32,365.32
1922,UMI,3,43.78828,-79.2307,300.0,81.164,27.1,797,304.64,304.64
1923,UMI,3,43.78828,-79.22399,300.0,71.094,23.7,699,266.2,266.2
1924,UMI,3,43.78828,-79.21728,300.0,100.951,33.7,1020,404.49,404.49
1925,UMI,3,43.78828,-79.21057,300.0,102.473,34.2,1023,393.39,393.39
1926,UMI,3,43.78828,-79.20386,300.0,91.957,30.7,784,295.98,295.98
1927,UMI,3,43.78828,-79.19716,300.0,62.946,21.0,603,249.9,249.9
1928,UMI,3,43.78828,-79.19045,300.0,63.458,21.2,595,241.94,241.94
1929,UMI,3,43.78828,-79.18374,300.0,100.222,33.4,981,377.07,377.07
1930,UMI,3,43.78828,-79.17703,300.0,144.549,48.2,1354,552.79,552.79
1931,UMI,3,43.78828,-79.17032,300.0,140.132,46.7,1383,529.67,529.67
1932,UMI,3,43.78828,-79.16362,300.0,134.362,44.8,1370,533.23,533.23
1933,UMI,3,43.78828,-79.15691,300.0,135.498,45.2,1284,500.5,500.5
1934,UMI,3,43.78828,-79.1502,300.0,122.781,40.9,1260,486.39,486.39
1935,UMI,3,43.78828,-79.14349,300.0,135.606,45.2,1351,536.65,536.65
1936,UMI,3,43.78828,-79.13678,300.0,146.15,48.7,1293,522.81,522.81
1937,UMI,3,43.78828,-79.13007,300.0,87.076,29.0,918,332.87,332.87
1938,UMI,3,43.78828,-79.12337,300.0,50.192,16.7,474,172.9,172.9
1939,UMI,3,43.79248,-79.60971,300.0,34.545,11.5,388,153.88,153.88
1940,UMI,3,43.79248,-79.603,300.0,37.391,12.5,391,149.62,149.62
1941,UMI,3,43.79248,-79.59629,300.0,35.918,12.0,318,131.27,131.27
1942,UMI,3,43.79248,-79.58958,300.0,43.496,14.5,426,162.68,162.68
1943,UMI,3,43.79248,-79.58287,300.0,57.2,19.1,594,207.43,207.43
1944,UMI,3,43.79248,-79.57617,300.0,83.561,27.9,797,314.83,314.83
1945,UMI,3,43.79248,-79.56946,300.0,77.796,25.9,876,324.67,324.67
1946,UMI,3,43.79248,-79.56275,300.0,96.202,32.1,889,360.06,360.06
1947,UMI,3,43.79248,-79.55604,300.0,86.129,28.7,800,318.96,318.96
1948,UMI,3,43.79248,-79.54933,300.0,53.209,17.7,513,203.16,203.16
1949,UMI,3,43.79248,-79.54263,300.0,26.061,8.7,254,100.47,100.47
1950,UMI,3,43.79248,-79.53592,300.0,22.148,7.4,172,81.99,81.99
1951,UMI,3,43.79248,-79.52921,300.0,21.656,7.2,214,76.31,76.31
1952,UMI,3,43.79248,-79.5225,300.0,24.449,8.1,209,88.85,88.85
1953,UMI,3,43.79248,-79.51579,300.0,29.408,9.8,274,117.72,117.72
1954,UMI,3,43.79248,-79.50909,300.0,32.515,10.8,265,115.75,115.75
1955,UMI,3,43.79248,-79.50238,300.0,25.135,8.4,230,95.28,95.28
1956,UMI,3,43.79248,-79.48896,300.0,35.904,12.0,343,151.03,151.03
1957,UMI,3,43.79248,-79.48225,300.0,58.898,19.6,548,203.82,203.82
1958,UMI,3,43.79248,-79.47554,300.0,61.923,20.6,585,245.22,245.22
1959,UMI,3,43.79248,-79.46884,300.0,66.847,22.3,711,267.84,267.84
1960,UMI,3,43.79248,-79.46213,300.0,93.538,31.2,1020,405.25,405.25
1961,UMI,3,43.79248,-79.45542,300.0,123.428,41.1,1160,455.51,455.51
1962,UMI,3,43.79248,-79.44871,300.0,122.59,40.9,1204,453.37,453.37
1963,UMI,3,43.79248,-79.442,300.0,149.498,49.8,1320,519.14,519.14
1964,UMI,3,43.79248,-79.4353,300.0,141.142,47.0,1422,553.86,553.86
1965,UMI,3,43.79248,-79.42859,300.0,145.539,48.5,1427,566.52,566.52
1966,UMI,3,43.79248,-79.42188,300.0,144.734,48.2,1383,566.36,566.36
1967,UMI,3,43.79248,-79.41517,300.0,182.979,61.0,1679,683.73,683.73
1968,UMI,3,43.79248,-79.40846,300.0,169.272,56.4,1709,678.68,678.68
1969,UMI,3,43.79248,-79.40175,300.0,151.441,50.5,1584,579.64,579.64
1970,UMI,3,43.79248,-79.39505,300.0,138.945,46.3,1374,533.3,533.3
1971,UMI,3,43.79248,-79.38834,300.0,132.673,44.2,1147,468.97,468.97
1972,UMI,3,43.79248,-79.38163,300.0,99.806,33.3,922,372.28,372.28
1973,UMI,3,43.79248,-79.37492,300.0,107.409,35.8,924,377.97,377.97
1974,UMI,3,43.79248,-79.36821,300.0,121.168,40.4,1280,483.82,483.82
1975,UMI,3,43.79248,-79.36151,300.0,160.152,53.4,1519,617.4,617.4
1976,UMI,3,43.79248,-79.3548,300.0,134.031,44.7,1298,511.52,511.52
1977,UMI,3,43.79248,-79.34809,300.0,150.899,50.3,1394,556.23,556.23
1978,UMI,3,43.79248,-79.34138,300.0,139.113,46.4,1424,565.28,565.28
1979,UMI,3,43.79248,-79.33467,300.0,174.436,58.1,1628,635.76,635.76
1980,UMI,3,43.79248,-79.32797,300.0,153.054,51.0,1453,572.36,572.36
1981,UMI,3,43.79248,-79.32126,300.0,146.299,48.8,1433,556.68,556.68
1982,UMI,3,43.79248,-79.31455,300.0,149.842,49.9,1387,565.61,565.61
1983,UMI,3,43.79248,-79.30784,300.0,133.845,44.6,1357,560.51,560.51
1984,UMI,3,43.79248,-79.30113,300.0,129.806,43.3,1236,488.6,488.6
1985,UMI,3,43.79248,-79.29442,300.0,117.494,39.2,1139,439.34,439.34
1986,UMI,3,43.79248,-79.28772,300.0,129.091,43.0,1309,509.39,509.39
1987,UMI,3,43.79248,-79.28101,300.0,142.714,47.6,1365,539.25,539.25
1988,UMI,3,43.79248,-79.2743,300.0,128.809,42.9,1286,495.5,495.5
1989,UMI,3,43.79248,-79.26759,300.0,95.451,31.8,1033,361.41,361.41
1990,UMI,3,43.79248,-79.26088,300.0,86.857,29.0,818,324.76,324.76
1991,UMI,3,43.79248,-79.25418,300.0,88.006,29.3,848,368.28,368.28
1992,UMI,3,43.79248,-79.24747,300.0,114.682,38.2,969,380.08,380.08
1993,UMI,3,43.79248,-79.24076,300.0,110.156,36.7,1107,427.25,427.25
1994,UMI,3,43.79248,-79.23405,300.0,102.327,34.1,979,388.18,388.18
1995,UMI,3,43.79248,-79.22734,300.0,97.568,32.5,923,366.37,366.37
1996,UMI,3,43.79248,-79.22063,300.0,101.405,33.8,957,383.98,383.98
1997,UMI,3,43.79248,-79.21393,300.0,120.094,40.0,1150,437.81,437.81
1998,UMI,3,43.79248,-79.20722,300.0,116.277,38.8,1076,409.96,409.96
1999,UMI,3,43.79248,-79.20051,300.0,88.469,29.5,829,332.09,332.09
2000,UMI,3,43.79248,-79.1938,300.0,71.269,23.8,624,254.23,254.23
2001,UMI,3,43.79248,-79.18709,300.0,86.223,28.7,759,324.26,324.26
2002,UMI,3,43.79248,-79.18039,300.0,117.894,39.3,1153,447.29,447.29
2003,UMI,3,43.79248,-79.17368,300.0,147.866,49.3,1411,550.37,550.37
2004,UMI,3,43.79248,-79.16697,300.0,141.518,47.2,1348,521.35,521.35
2005,UMI,3,43.79248,-79.16026,300.0,128.626,42.9,1245,471.64,471.64
2006,UMI,3,43.79248,-79.15355,300.0,104.493,34.8,1071,400.06,400.06
2007,UMI,3,43.79248,-79.14685,300.0,113.1,37.7,1030,422.03,422.03
2008,UMI,3,43.79248,-79.14014,300.0,116.517,38.8,1194,458.54,458.54
2009,UMI,3,43.79248,-79.13343,300.0,109.612,36.5,1097,423.08,423.08
2010,UMI,3,43.79248,-79.12672,300.0,79.249,26.4,748,299.66,299.66
2011,UMI,3,43.79248,-79.12001,300.0,27.765,9.3,268,113.99,113.99
2012,UMI,3,43.79248,-79.1133,300.0,14.196,4.7,106,52.04,52.04
2013,UMI,3,43.79667,-79.60635,300.0,20.199,6.7,231,83.6,83.6
2014,UMI,3,43.79667,-79.59965,300.0,19.844,6.6,235,83.63,83.63
2015,UMI,3,43.79667,-79.58623,300.0,41.508,13.8,450,173.24,173.24
2016,UMI,3,43.79667,-79.57952,300.0,64.608,21.5,638,235.68,235.68
2017,UMI,3,43.79667,-79.57281,300.0,83.176,27.7,772,307.28,307.28
2018,UMI,3,43.79667,-79.5661,300.0,86.186,28.7,887,340.57,340.57
2019,UMI,3,43.79667,-79.5594,300.0,97.617,32.5,965,362.04,362.04
2020,UMI,3,43.79667,-79.55269,300.0,91.938,30.6,880,353.12,353.12
2021,UMI,3,43.79667,-79.54598,300.0,45.315,15.1,445,172.0,172.0
2022,UMI,3,43.79667,-79.53927,300.0,26.165,8.7,235,92.3,92.3
2023,UMI,3,43.79667,-79.53256,300.0,22.242,7.4,236,86.79,86.79
2024,UMI,3,43.79667,-79.52586,300.0,27.396,9.1,236,99.12,99.12
2025,UMI,3,43.79667,-79.51915,300.0,25.708,8.6,262,113.24,113.24
2026,UMI,3,43.79667,-79.51244,300.0,28.692,9.6,297,103.44,103.44
2027,UMI,3,43.79667,-79.50573,300.0,29.033,9.7,287,108.72,108.72
2028,UMI,3,43.79667,-79.49902,300.0,30.66,10.2,290,123.6,123.6
2029,UMI,3,43.79667,-79.49231,300.0,40.885,13.6,400,152.71,152.71
2030,UMI,3,43.79667,-79.48561,300.0,35.72,11.9,398,150.37,150.37
2031,UMI,3,43.79667,-79.4789,300.0,57.812,19.3,551,214.32,214.32
2032,UMI,3,43.79667,-79.47219,300.0,71.692,23.9,707,264.11,264.11
2033,UMI,3,43.79667,-79.46548,300.0,97.967,32.7,933,385.84,385.84
2034,UMI,3,43.79667,-79.45877,300.0,96.941,32.3,1061,399.29,399.29
2035,UMI,3,43.79667,-79.45207,300.0,111.949,37.3,1137,440.77,440.77
2036,UMI,3,43.79667,-79.44536,300.0,111.686,37.2,1136,449.6,449.6
2037,UMI,3,43.79667,-79.43865,300.0,125.344,41.8,1212,480.24,480.24
2038,UMI,3,43.79667,-79.43194,300.0,141.372,47.1,1257,521.37,521.37
2039,UMI,3,43.79667,-79.42523,300.0,123.229,41.1,1164,463.8,463.8
2040,UMI,3,43.79667,-79.41853,300.0,142.135,47.4,1352,543.32,543.32
2041,UMI,3,43.79667,-79.41182,300.0,162.746,54.2,1608,620.35,620.35
2042,UMI,3,43.79667,-79.40511,300.0,166.39,55.5,1639,636.58,636.58
2043,UMI,3,43.79667,-79.3984,300.0,149.096,49.7,1427,564.22,564.22
2044,UMI,3,43.79667,-79.39169,300.0,144.599,48.2,1275,516.0,516.0
2045,UMI,3,43.79667,-79.38498,300.0,109.311,36.4,1093,434.89,434.89
2046,UMI,3,43.79667,-79.37828,300.0,106.544,35.5,1016,417.92,417.92
2047,UMI,3,43.79667,-79.37157,300.0,113.488,37.8,1130,438.27,438.27
2048,UMI,3,43.79667,-79.36486,300.0,155.023,51.7,1399,566.93,566.93
2049,UMI,3,43.79667,-79.35815,300.0,142.393,47.5,1360,528.11,528.11
2050,UMI,3,43.79667,-79.35144,300.0,124.947,41.6,1176,469.41,469.41
2051,UMI,3,43.79667,-79.34474,300.0,121.775,40.6,1152,454.09,454.09
2052,UMI,3,43.79667,-79.33803,300.0,136.662,45.6,1392,530.79,530.79
2053,UMI,3,43.79667,-79.33132,300.0,162.8,54.3,1567,632.89,632.89
2054,UMI,3,43.79667,-79.32461,300.0,148.803,49.6,1451,549.02,549.02
2055,UMI,3,43.79667,-79.3179,300.0,136.488,45.5,1214,500.11,500.11
2056,UMI,3,43.79667,-79.31119,300.0,119.057,39.7,1239,460.88,460.88
2057,UMI,3,43.79667,-79.30449,300.0,128.79,42.9,1257,480.76,480.76
2058,UMI,3,43.79667,-79.29778,300.0,126.523,42.2,1316,514.4,514.4
2059,UMI,3,43.79667,-79.29107,300.0,141.428,47.1,1313,533.55,533.55
2060,UMI,3,43.79667,-79.28436,300.0,156.716,52.2,1459,563.14,563.14
2061,UMI,3,43.79667,-79.27765,300.0,132.658,44.2,1326,509.84,509.84
2062,UMI,3,43.79667,-79.27095,300.0,108.978,36.3,1131,433.1,433.1
2063,UMI,3,43.79667,-79.26424,300.0,89.923,30.0,933,343.33,343.33
2064,UMI,3,43.79667,-79.25753,300.0,76.593,25.5,812,311.07,311.07
2065,UMI,3,43.79667,-79.25082,300.0,91.023,30.3,849,343.71,343.71
2066,UMI,3,43.79667,-79.24411,300.0,98.077,32.7,931,372.69,372.69
2067,UMI,3,43.79667,-79.23741,300.0,110.495,36.8,1121,435.99,435.99
2068,UMI,3,43.79667,-79.2307,300.0,129.984,43.3,1137,462.64,462.64
2069,UMI,3,43.79667,-79.22399,300.0,129.62,43.2,1180,470.51,470.51
2070,UMI,3,43.79667,-79.21728,300.0,128.724,42.9,1294,508.89,508.89
2071,UMI,3,43.79667,-79.21057,300.0,134.728,44.9,1273,511.44,511.44
2072,UMI,3,43.79667,-79.20386,300.0,104.507,34.8,1039,407.29,407.29
2073,UMI,3,43.79667,-79.19716,300.0,71.8,23.9,649,252.0,252.0
2074,UMI,3,43.79667,-79.19045,300.0,58.197,19.4,548,226.97,226.97
2075,UMI,3,43.79667,-79.18374,300.0,84.004,28.0,891,346.3,346.3
2076,UMI,3,43.79667,-79.17703,300.0,124.324,41.4,1148,463.94,463.94
2077,UMI,3,43.79667,-79.17032,300.0,117.853,39.3,1153,453.1,453.1
2078,UMI,3,43.79667,-79.16362,300.0,101.611,33.9,945,371.86,371.86
2079,UMI,3,43.79667,-79.15691,300.0,91.529,30.5,905,360.24,360.24
2080,UMI,3,43.79667,-79.1502,300.0,77.625,25.9,811,312.05,312.05
2081,UMI,3,43.79667,-79.14349,300.0,80.321,26.8,803,319.0,319.0
2082,UMI,3,43.79667,-79.13678,300.0,93.475,31.2,864,360.16,360.16
2083,UMI,3,43.79667,-79.13007,300.0,74.513,24.8,678,263.44,263.44
2084,UMI,3,43.79667,-79.12337,300.0,34.532,11.5,429,154.74,154.74
2085,UMI,3,43.79667,-79.11666,300.0,28.247,9.4,274,101.88,101.88
2086,UMI,3,43.80087,-79.58958,300.0,43.928,14.6,366,147.99,147.99
2087,UMI,3,43.80087,-79.58287,300.0,48.024,16.0,420,175.69,175.69
2088,UMI,3,43.80087,-79.57617,300.0,57.988,19.3,541,209.86,209.86
2089,UMI,3,43.80087,-79.56946,300.0,72.455,24.2,712,290.14,290.14
2090,UMI,3,43.80087,-79.56275,300.0,91.916,30.6,898,341.21,341.21
2091,UMI,3,43.80087,-79.55604,300.0,94.631,31.5,937,370.26,370.26
2092,UMI,3,43.80087,-79.54933,300.0,61.612,20.5,575,236.94,236.94
2093,UMI,3,43.80087,-79.54263,300.0,31.124,10.4,294,117.62,117.62
2094,UMI,3,43.80087,-79.53592,300.0,28.578,9.5,269,113.72,113.72
2095,UMI,3,43.80087,-79.52921,300.0,31.697,10.6,278,95.58,95.58
2096,UMI,3,43.80087,-79.5225,300.0,26.591,8.9,245,105.91,105.91
2097,UMI,3,43.80087,-79.51579,300.0,25.119,8.4,288,96.09,96.09
2098,UMI,3,43.80087,-79.50909,300.0,31.993,10.7,273,124.01,124.01
2099,UMI,3,43.80087,-79.50238,300.0,29.61,9.9,282,107.06,107.06
2100,UMI,3,43.80087,-79.49567,300.0,38.285,12.8,362,143.89,143.89
2101,UMI,3,43.80087,-79.48896,300.0,36.907,12.3,347,148.95,148.95
2102,UMI,3,43.80087,-79.48225,300.0,32.886,11.0,369,137.05,137.05
2103,UMI,3,43.80087,-79.47554,300.0,57.824,19.3,574,214.49,214.49
2104,UMI,3,43.80087,-79.46884,300.0,92.217,30.7,881,357.79,357.79
2105,UMI,3,43.80087,-79.46213,300.0,108.398,36.1,1025,396.78,396.78
2106,UMI,3,43.80087,-79.45542,300.0,115.106,38.4,1048,429.08,429.08
2107,UMI,3,43.80087,-79.44871,300.0,112.941,37.6,1066,418.52,418.52
2108,UMI,3,43.80087,-79.442,300.0,123.376,41.1,1141,465.27,465.27
2109,UMI,3,43.80087,-79.4353,300.0,117.313,39.1,1153,449.2,449.2
2110,UMI,3,43.80087,-79.42859,300.0,119.197,39.7,1146,435.16,435.16
2111,UMI,3,43.80087,-79.42188,300.0,110.473,36.8,1061,434.24,434.24
2112,UMI,3,43.80087,-79.41517,300.0,129.01,43.0,1301,525.97,525.97
2113,UMI,3,43.80087,-79.40846,300.0,151.748,50.6,1452,571.23,571.23
2114,UMI,3,43.80087,-79.40175,300.0,137.586,45.9,1369,507.61,507.61
2115,UMI,3,43.80087,-79.39505,300.0,123.635,41.2,1133,453.64,453.64
2116,UMI,3,43.80087,-79.38834,300.0,112.547,37.5,1134,456.74,456.74
2117,UMI,3,43.80087,-79.38163,300.0,111.018,37.0,1027,403.96,403.96
2118,UMI,3,43.80087,-79.37492,300.0,133.631,44.5,1171,487.24,487.24
2119,UMI,3,43.80087,-79.36821,300.0,144.589,48.2,1401,534.43,534.43
2120,UMI,3,43.80087,-79.36151,300.0,161.073,53.7,1440,582.2,582.2
2121,UMI,3,43.80087,-79.3548,300.0,148.2,49.4,1392,553.78,553.78
2122,UMI,3,43.80087,-79.34809,300.0,117.641,39.2,1173,457.69,457.69
2123,UMI,3,43.80087,-79.34138,300.0,127.123,42.4,1080,438.99,438.99
2124,UMI,3,43.80087,-79.33467,300.0,121.917,40.6,1225,490.86,490.86
2125,UMI,3,43.80087,-79.32797,300.0,137.421,45.8,1451,558.14,558.14
2126,UMI,3,43.80087,-79.32126,300.0,144.776,48.3,1355,546.46,546.46
2127,UMI,3,43.80087,-79.31455,300.0,117.621,39.2,1146,447.67,447.67
2128,UMI,3,43.80087,-79.30784,300.0,125.858,42.0,1181,463.37,463.37
2129,UMI,3,43.80087,-79.30113,300.0,143.226,47.7,1325,506.85,506.85
2130,UMI,3,43.80087,-79.29442,300.0,132.99,44.3,1314,513.58,513.58
2131,UMI,3,43.80087,-79.28772,300.0,145.97,48.7,1380,553.95,553.95
2132,UMI,3,43.80087,-79.28101,300.0,157.123,52.4,1559,615.31,615.31
2133,UMI,3,43.80087,-79.2743,300.0,138.762,46.3,1387,538.9,538.9
2134,UMI,3,43.80087,-79.26759,300.0,115.478,38.5,1274,485.98,485.98
2135,UMI,3,43.80087,-79.26088,300.0,118.503,39.5,1100,436.22,436.22
2136,UMI,3,43.80087,-79.25418,300.0,85.763,28.6,796,314.95,314.95
2137,UMI,3,43.80087,-79.24747,300.0,76.413,25.5,777,296.33,296.33
2138,UMI,3,43.80087,-79.24076,300.0,78.606,26.2,811,299.57,299.57
2139,UMI,3,43.80087,-79.23405,300.0,104.008,34.7,1015,416.04,416.04
2140,UMI,3,43.80087,-79.22734,300.0,128.972,43.0,1284,475.42,475.42
2141,UMI,3,43.80087,-79.22063,300.0,140.256,46.8,1461,564.24,564.24
2142,UMI,3,43.80087,-79.21393,300.0,159.554,53.2,1496,592.27,592.27
2143,UMI,3,43.80087,-79.20722,300.0,126.054,42.0,1298,512.49,512.49
2144,UMI,3,43.80087,-79.20051,300.0,93.208,31.1,941,381.43,381.43
2145,UMI,3,43.80087,-79.1938,300.0,59.312,19.8,606,224.74,224.74
2146,UMI,3,43.80087,-79.18709,300.0,59.006,19.7,565,218.67,218.67
2147,UMI,3,43.80087,-79.18039,300.0,80.655,26.9,809,321.63,321.63
2148,UMI,3,43.80087,-79.17368,300.0,89.116,29.7,924,350.88,350.88
2149,UMI,3,43.80087,-79.16697,300.0,92.158,30.7,844,346.72,346.72
2150,UMI,3,43.80087,-79.16026,300.0,72.247,24.1,729,286.27,286.27
2151,UMI,3,43.80087,-79.15355,300.0,63.48,21.2,678,266.4,266.4
2152,UMI,3,43.80087,-79.14685,300.0,69.25,23.1,566,249.78,249.78
2153,UMI,3,43.80087,-79.14014,300.0,55.759,18.6,578,222.31,222.31
2154,UMI,3,43.80087,-79.13343,300.0,52.805,17.6,548,214.36,214.36
2155,UMI,3,43.80087,-79.12672,300.0,51.869,17.3,527,201.03,201.03
2156,UMI,3,43.80087,-79.12001,300.0,47.716,15.9,485,189.46,189.46
2157,UMI,3,43.80087,-79.1133,300.0,29.608,9.9,309,127.85,127.85
2158,UMI,3,43.80087,-79.1066,300.0,18.999,6.3,165,67.91,67.91
2159,UMI,3,43.80506,-79.58623,300.0,24.735,8.2,254,99.2,99.2
2160,UMI,3,43.80506,-79.57281,300.0,52.406,17.5,487,200.39,200.39
2161,UMI,3,43.80506,-79.5661,300.0,77.937,26.0,706,309.55,309.55
2162,UMI,3,43.80506,-79.5594,300.0,92.212,30.7,896,345.38,345.38
2163,UMI,3,43.80506,-79.55269,300.0,73.31,24.4,762,298.34,298.34
2164,UMI,3,43.80506,-79.54598,300.0,32.277,10.8,374,136.38,136.38
2165,UMI,3,43.80506,-79.53927,300.0,25.818,8.6,284,107.97,107.97
2166,UMI,3,43.80506,-79.53256,300.0,26.572,8.9,250,106.28,106.28
2167,UMI,3,43.80506,-79.52586,300.0,33.708,11.2,289,122.51,122.51
2168,UMI,3,43.80506,-79.51915,300.0,26.688,8.9,274,104.96,104.96
2169,UMI,3,43.80506,-79.51244,300.0,30.754,10.3,291,121.59,121.59
2170,UMI,3,43.80506,-79.50573,300.0,30.264,10.1,300,118.27,118.27
2171,UMI,3,43.80506,-79.49902,300.0,30.351,10.1,292,114.71,114.71
2172,UMI,3,43.80506,-79.49231,300.0,27.058,9.0,298,105.48,105.48
2173,UMI,3,43.80506,-79.48561,300.0,30.304,10.1,279,111.62,111.62
2174,UMI,3,43.80506,-79.4789,300.0,36.379,12.1,374,130.73,130.73
2175,UMI,3,43.80506,-79.47219,300.0,70.789,23.6,683,281.84,281.84
2176,UMI,3,43.80506,-79.46548,300.0,106.701,35.6,992,421.87,421.87
2177,UMI,3,43.80506,-79.45877,300.0,104.387,34.8,994,409.14,409.14
2178,UMI,3,43.80506,-79.45207,300.0,89.138,29.7,867,342.67,342.67
2179,UMI,3,43.80506,-79.44536,300.0,103.802,34.6,1085,411.62,411.62
2180,UMI,3,43.80506,-79.43865,300.0,112.93,37.6,1129,430.18,430.18
2181,UMI,3,43.80506,-79.43194,300.0,117.722,39.2,1183,458.61,458.61
2182,UMI,3,43.80506,-79.42523,300.0,108.905,36.3,1087,409.99,409.99
2183,UMI,3,43.80506,-79.41853,300.0,104.207,34.7,992,421.66,421.66
2184,UMI,3,43.80506,-79.41182,300.0,118.98,39.7,1095,442.66,442.66
2185,UMI,3,43.80506,-79.40511,300.0,119.902,40.0,1137,446.42,446.42
2186,UMI,3,43.80506,-79.3984,300.0,97.157,32.4,1059,382.82,382.82
2187,UMI,3,43.80506,-79.39169,300.0,109.35,36.4,1095,439.11,439.11
2188,UMI,3,43.80506,-79.38498,300.0,102.777,34.3,1074,409.98,409.98
2189,UMI,3,43.80506,-79.37828,300.0,115.209,38.4,1114,426.68,426.68
2190,UMI,3,43.80506,-79.37157,300.0,122.712,40.9,1152,455.69,455.69
2191,UMI,3,43.80506,-79.36486,300.0,116.712,38.9,1194,470.11,470.11
2192,UMI,3,43.80506,-79.35815,300.0,130.63,43.5,1286,503.36,503.36
2193,UMI,3,43.80506,-79.35144,300.0,111.348,37.1,1128,432.74,432.74
2194,UMI,3,43.80506,-79.34474,300.0,90.851,30.3,849,343.96,343.96
2195,UMI,3,43.80506,-79.33803,300.0,98.803,32.9,955,372.26,372.26
2196,UMI,3,43.80506,-79.33132,300.0,130.324,43.4,1234,498.7,498.7
2197,UMI,3,43.80506,-79.32461,300.0,135.412,45.1,1387,534.83,534.83
2198,UMI,3,43.80506,-79.3179,300.0,123.489,41.2,1260,468.54,468.54
2199,UMI,3,43.80506,-79.31119,300.0,115.822,38.6,1176,458.27,458.27
2200,UMI,3,43.80506,-79.30449,300.0,104.544,34.8,1022,400.44,400.44
2201,UMI,3,43.80506,-79.29778,300.0,123.099,41.0,1062,416.69,416.69
2202,UMI,3,43.80506,-79.29107,300.0,114.475,38.2,1095,446.61,446.61
2203,UMI,3,43.80506,-79.28436,300.0,152.619,50.9,1409,597.46,597.46
2204,UMI,3,43.80506,-79.27765,300.0,148.006,49.3,1444,571.13,571.13
2205,UMI,3,43.80506,-79.27095,300.0,141.181,47.1,1292,540.65,540.65
2206,UMI,3,43.80506,-79.26424,300.0,119.168,39.7,1269,479.36,479.36
2207,UMI,3,43.80506,-79.25753,300.0,114.271,38.1,1069,427.14,427.14
2208,UMI,3,43.80506,-79.25082,300.0,83.307,27.8,766,294.5,294.5
2209,UMI,3,43.80506,-79.24411,300.0,68.856,23.0,659,271.19,271.19
2210,UMI,3,43.80506,-79.23741,300.0,81.84,27.3,771,297.72,297.72
2211,UMI,3,43.80506,-79.2307,300.0,108.511,36.2,1063,410.04,410.04
2212,UMI,3,43.80506,-79.22399,300.0,115.792,38.6,1212,439.74,439.74
2213,UMI,3,43.80506,-79.21728,300.0,158.673,52.9,1417,555.38,555.38
2214,UMI,3,43.80506,-79.21057,300.0,155.422,51.8,1515,588.3,588.3
2215,UMI,3,43.80506,-79.20386,300.0,116.12,38.7,1144,436.18,436.18
2216,UMI,3,43.80506,-79.19716,300.0,66.247,22.1,660,253.85,253.85
2217,UMI,3,43.80506,-79.19045,300.0,50.751,16.9,520,205.75,205.75
2218,UMI,3,43.80506,-79.18374,300.0,73.89,24.6,722,283.02,283.02
2219,UMI,3,43.80506,-79.17703,300.0,93.975,31.3,928,360.53,360.53
2220,UMI,3,43.80506,-79.17032,300.0,88.937,29.6,882,361.21,361.21
2221,UMI,3,43.80506,-79.16362,300.0,70.769,23.6,710,277.19,277.19
2222,UMI,3,43.80506,-79.15691,300.0,48.137,16.0,491,182.53,182.53
2223,UMI,3,43.80506,-79.1502,300.0,38.116,12.7,387,132.28,132.28
2224,UMI,3,43.80506,-79.14349,300.0,40.931,13.6,366,162.13,162.13
2225,UMI,3,43.80506,-79.13678,300.0,37.645,12.5,408,149.66,149.66
2226,UMI,3,43.80506,-79.13007,300.0,54.664,18.2,495,201.73,201.73
2227,UMI,3,43.80506,-79.12337,300.0,59.257,19.8,606,234.12,234.12
2228,UMI,3,43.80506,-79.11666,300.0,55.368,18.5,522,206.61,206.61
2229,UMI,3,43.80506,-79.10995,300.0,53.584,17.9,433,175.61,175.61
2230,UMI,3,43.80506,-79.10324,300.0,30.305,10.1,292,120.78,120.78
2231,UMI,3,43.80506,-79.09653,300.0,11.661,3.9,110,45.02,45.02
2232,UMI,3,43.80926,-79.56946,300.0,43.005,14.3,430,187.82,187.82
2233,UMI,3,43.80926,-79.56275,300.0,83.896,28.0,787,326.83,326.83
2234,UMI,3,43.80926,-79.55604,300.0,76.374,25.5,771,301.25,301.25
2235,UMI,3,43.80926,-79.54933,300.0,51.63,17.2,501,211.89,211.89
2236,UMI,3,43.80926,-79.53592,300.0,26.156,8.7,277,106.36,106.36
2237,UMI,3,43.80926,-79.52921,300.0,27.64,9.2,289,110.91,110.91
2238,UMI,3,43.80926,-79.5225,300.0,29.128,9.7,275,116.15,116.15
2239,UMI,3,43.80926,-79.51579,300.0,27.303,9.1,259,109.21,109.21
2240,UMI,3,43.80926,-79.50909,300.0,28.078,9.4,314,112.29,112.29
2241,UMI,3,43.80926,-79.50238,300.0,30.438,10.1,299,112.62,112.62
2242,UMI,3,43.80926,-79.49567,300.0,30.949,10.3,278,112.93,112.93
2243,UMI,3,43.80926,-79.48896,300.0,28.594,9.5,273,103.99,103.99
2244,UMI,3,43.80926,-79.48225,300.0,28.395,9.5,265,96.98,96.98
2245,UMI,3,43.80926,-79.47554,300.0,53.787,17.9,463,193.79,193.79
2246,UMI,3,43.80926,-79.46884,300.0,86.412,28.8,825,322.82,322.82
2247,UMI,3,43.80926,-79.46213,300.0,100.748,33.6,952,391.44,391.44
2248,UMI,3,43.80926,-79.45542,300.0,77.175,25.7,818,308.76,308.76
2249,UMI,3,43.80926,-79.44871,300.0,100.663,33.6,886,341.87,341.87
2250,UMI,3,43.80926,-79.442,300.0,97.627,32.5,1023,388.36,388.36
2251,UMI,3,43.80926,-79.4353,300.0,110.559,36.9,1043,440.06,440.06
2252,UMI,3,43.80926,-79.42859,300.0,98.446,32.8,1023,391.8,391.8
2253,UMI,3,43.80926,-79.42188,300.0,103.347,34.4,959,379.26,379.26
2254,UMI,3,43.80926,-79.41517,300.0,97.378,32.5,940,373.91,373.91
2255,UMI,3,43.80926,-79.40846,300.0,102.279,34.1,998,390.99,390.99
2256,UMI,3,43.80926,-79.40175,300.0,100.486,33.5,970,381.22,381.22
2257,UMI,3,43.80926,-79.39505,300.0,103.787,34.6,1008,397.19,397.19
2258,UMI,3,43.80926,-79.38834,300.0,103.435,34.5,1078,404.67,404.67
2259,UMI,3,43.80926,-79.38163,300.0,88.523,29.5,897,338.86,338.86
2260,UMI,3,43.80926,-79.37492,300.0,100.343,33.4,927,382.42,382.42
2261,UMI,3,43.80926,-79.36821,300.0,110.411,36.8,1022,409.81,409.81
2262,UMI,3,43.80926,-79.36151,300.0,130.312,43.4,1222,482.38,482.38
2263,UMI,3,43.80926,-79.3548,300.0,113.802,37.9,1054,417.92,417.92
2264,UMI,3,43.80926,-79.34809,300.0,84.849,28.3,827,340.62,340.62
2265,UMI,3,43.80926,-79.34138,300.0,72.108,24.0,727,284.49,284.49
2266,UMI,3,43.80926,-79.33467,300.0,108.903,36.3,997,394.35,394.35
2267,UMI,3,43.80926,-79.32797,300.0,145.072,48.4,1321,521.09,521.09
2268,UMI,3,43.80926,-79.32126,300.0,138.334,46.1,1366,531.78,531.78
2269,UMI,3,43.80926,-79.31455,300.0,144.292,48.1,1343,565.62,565.62
2270,UMI,3,43.80926,-79.30784,300.0,102.203,34.1,1020,383.27,383.27
2271,UMI,3,43.80926,-79.30113,300.0,94.89,31.6,911,370.78,370.78
2272,UMI,3,43.80926,-79.29442,300.0,97.921,32.6,918,381.08,381.08
2273,UMI,3,43.80926,-79.28772,300.0,132.971,44.3,1311,502.62,502.62
2274,UMI,3,43.80926,-79.28101,300.0,149.534,49.8,1382,551.87,551.87
2275,UMI,3,43.80926,-79.2743,300.0,119.193,39.7,1151,460.11,460.11
2276,UMI,3,43.80926,-79.26759,300.0,125.25,41.8,1264,488.11,488.11
2277,UMI,3,43.80926,-79.26088,300.0,132.049,44.0,1348,524.87,524.87
2278,UMI,3,43.80926,-79.25418,300.0,82.615,27.5,897,328.84,328.84
2279,UMI,3,43.80926,-79.24747,300.0,62.166,20.7,628,245.86,245.86
2280,UMI,3,43.80926,-79.24076,300.0,72.785,24.3,663,264.3,264.3
2281,UMI,3,43.80926,-79.23405,300.0,95.969,32.0,943,386.48,386.48
2282,UMI,3,43.80926,-79.22734,300.0,126.825,42.3,1218,487.94,487.94
2283,UMI,3,43.80926,-79.22063,300.0,134.831,44.9,1176,493.45,493.45
2284,UMI,3,43.80926,-79.21393,300.0,150.453,50.2,1492,585.36,585.36
2285,UMI,3,43.80926,-79.20722,300.0,128.111,42.7,1302,509.09,509.09
2286,UMI,3,43.80926,-79.20051,300.0,77.197,25.7,749,306.33,306.33
2287,UMI,3,43.80926,-79.1938,300.0,44.532,14.8,443,175.94,175.94
2288,UMI,3,43.80926,-79.18709,300.0,53.177,17.7,558,207.48,207.48
2289,UMI,3,43.80926,-79.18039,300.0,68.502,22.8,612,255.6,255.6
2290,UMI,3,43.80926,-79.17368,300.0,71.339,23.8,684,294.17,294.17
2291,UMI,3,43.80926,-79.16697,300.0,59.637,19.9,552,221.72,221.72
2292,UMI,3,43.80926,-79.16026,300.0,49.11,16.4,409,171.06,171.06
2293,UMI,3,43.80926,-79.14685,300.0,31.321,10.4,286,113.64,113.64
2294,UMI,3,43.80926,-79.14014,300.0,32.267,10.8,348,135.42,135.42
2295,UMI,3,43.80926,-79.13343,300.0,53.705,17.9,522,203.19,203.19
2296,UMI,3,43.80926,-79.12672,300.0,66.689,22.2,564,231.24,231.24
2297,UMI,3,43.80926,-79.12001,300.0,53.153,17.7,514,209.3,209.3
2298,UMI,3,43.80926,-79.1133,300.0,51.413,17.1,561,224.86,224.86
2299,UMI,3,43.80926,-79.1066,300.0,59.026,19.7,584,234.81,234.81
2300,UMI,3,43.80926,-79.09989,300.0,31.989,10.7,317,124.4,124.4
2301,UMI,3,43.80926,-79.09318,300.0,10.497,3.5,100,36.24,36.24
2302,UMI,3,43.80926,-79.07306,300.0,11.895,4.0,119,51.99,51.99
2303,UMI,3,43.80926,-79.06635,300.0,13.872,4.6,147,59.31,59.31
2304,UMI,3,43.80926,-79.05964,300.0,10.568,3.5,145,53.55,53.55
2305,UMI,3,43.81345,-79.5661,300.0,56.079,18.7,507,201.85,201.85
2306,UMI,3,43.81345,-79.5594,300.0,69.137,23.0,673,263.12,263.12
2307,UMI,3,43.81345,-79.55269,300.0,52.462,17.5,516,202.1,202.1
2308,UMI,3,43.81345,-79.54598,300.0,24.505,8.2,258,99.08,99.08
2309,UMI,3,43.81345,-79.53927,300.0,24.968,8.3,232,92.1,92.1
2310,UMI,3,43.81345,-79.53256,300.0,25.343,8.4,265,101.53,101.53
2311,UMI,3,43.81345,-79.52586,300.0,24.801,8.3,225,85.59,85.59
2312,UMI,3,43.81345,-79.51915,300.0,28.791,9.6,292,115.78,115.78
2313,UMI,3,43.81345,-79.51244,300.0,31.812,10.6,325,129.75,129.75
2314,UMI,3,43.81345,-79.50573,300.0,31.597,10.5,325,132.93,132.93
2315,UMI,3,43.81345,-79.49902,300.0,29.83,9.9,274,103.61,103.61
2316,UMI,3,43.81345,-79.49231,300.0,32.019,10.7,271,113.58,113.58
2317,UMI,3,43.81345,-79.48561,300.0,26.445,8.8,242,93.83,93.83
2318,UMI,3,43.81345,-79.4789,300.0,27.275,9.1,288,117.07,117.07
2319,UMI,3,43.81345,-79.47219,300.0,50.963,17.0,493,197.04,197.04
2320,UMI,3,43.81345,-79.46548,300.0,84.389,28.1,829,325.64,325.64
2321,UMI,3,43.81345,-79.45877,300.0,95.871,32.0,869,364.06,364.06
2322,UMI,3,43.81345,-79.45207,300.0,73.241,24.4,779,282.9,282.9
2323,UMI,3,43.81345,-79.44536,300.0,80.235,26.7,814,324.83,324.83
2324,UMI,3,43.81345,-79.43865,300.0,90.11,30.0,846,339.93,339.93
2325,UMI,3,43.81345,-79.43194,300.0,94.185,31.4,858,344.82,344.82
2326,UMI,3,43.81345,-79.42523,300.0,88.157,29.4,891,341.43,341.43
2327,UMI,3,43.81345,-79.41853,300.0,100.315,33.4,818,350.18,350.18
2328,UMI,3,43.81345,-79.41182,300.0,90.65,30.2,826,337.53,337.53
2329,UMI,3,43.81345,-79.40511,300.0,97.442,32.5,828,341.25,341.25
2330,UMI,3,43.81345,-79.3984,300.0,89.034,29.7,850,323.32,323.32
2331,UMI,3,43.81345,-79.39169,300.0,106.623,35.5,984,398.6,398.6
2332,UMI,3,43.81345,-79.38498,300.0,77.963,26.0,789,304.62,304.62
2333,UMI,3,43.81345,-79.37828,300.0,61.405,20.5,655,248.29,248.29
2334,UMI,3,43.81345,-79.37157,300.0,73.575,24.5,751,292.37,292.37
2335,UMI,3,43.81345,-79.36486,300.0,88.952,29.7,928,358.57,358.57
2336,UMI,3,43.81345,-79.35815,300.0,87.469,29.2,846,344.85,344.85
2337,UMI,3,43.81345,-79.35144,300.0,71.279,23.8,705,272.81,272.81
2338,UMI,3,43.81345,-79.34474,300.0,56.095,18.7,521,216.88,216.88
2339,UMI,3,43.81345,-79.33803,300.0,72.526,24.2,730,274.21,274.21
2340,UMI,3,43.81345,-79.33132,300.0,138.362,46.1,1231,517.08,517.08
2341,UMI,3,43.81345,-79.32461,300.0,130.221,43.4,1282,521.52,521.52
2342,UMI,3,43.81345,-79.3179,300.0,144.928,48.3,1468,553.79,553.79
2343,UMI,3,43.81345,-79.31119,300.0,141.828,47.3,1339,557.04,557.04
2344,UMI,3,43.81345,-79.30449,300.0,101.441,33.8,953,361.84,361.84
2345,UMI,3,43.81345,-79.29778,300.0,86.796,28.9,876,337.89,337.89
2346,UMI,3,43.81345,-79.29107,300.0,117.257,39.1,1144,451.46,451.46
2347,UMI,3,43.81345,-79.28436,300.0,135.822,45.3,1367,548.1,548.1
2348,UMI,3,43.81345,-79.27765,300.0,141.29,47.1,1385,535.58,535.58
2349,UMI,3,43.81345,-79.27095,300.0,151.829,50.6,1406,569.16,569.16
2350,UMI,3,43.81345,-79.26424,300.0,132.116,44.0,1324,531.33,531.33
2351,UMI,3,43.81345,-79.25753,300.0,102.746,34.2,928,375.05,375.05
2352,UMI,3,43.81345,-79.25082,300.0,54.31,18.1,566,216.63,216.63
2353,UMI,3,43.81345,-79.24411,300.0,49.963,16.7,519,204.36,204.36
2354,UMI,3,43.81345,-79.23741,300.0,82.94,27.6,731,294.54,294.54
2355,UMI,3,43.81345,-79.2307,300.0,125.839,41.9,1116,471.02,471.02
2356,UMI,3,43.81345,-79.22399,300.0,132.148,44.0,1232,477.76,477.76
2357,UMI,3,43.81345,-79.21728,300.0,133.974,44.7,1341,536.92,536.92
2358,UMI,3,43.81345,-79.21057,300.0,136.841,45.6,1341,545.9,545.9
2359,UMI,3,43.81345,-79.20386,300.0,103.164,34.4,1001,410.11,410.11
2360,UMI,3,43.81345,-79.19716,300.0,49.284,16.4,508,202.1,202.1
2361,UMI,3,43.81345,-79.19045,300.0,27.366,9.1,305,115.75,115.75
2362,UMI,3,43.81345,-79.18374,300.0,44.87,15.0,435,171.21,171.21
2363,UMI,3,43.81345,-79.17703,300.0,42.611,14.2,376,162.19,162.19
2364,UMI,3,43.81345,-79.17032,300.0,33.161,11.1,295,126.47,126.47
2365,UMI,3,43.81345,-79.16362,300.0,28.641,9.5,264,109.07,109.07
2366,UMI,3,43.81345,-79.1502,300.0,26.328,8.8,263,104.37,104.37
2367,UMI,3,43.81345,-79.14349,300.0,44.681,14.9,452,176.52,176.52
2368,UMI,3,43.81345,-79.13678,300.0,56.763,18.9,611,218.29,218.29
2369,UMI,3,43.81345,-79.13007,300.0,62.727,20.9,676,250.77,250.77
2370,UMI,3,43.81345,-79.12337,300.0,69.496,23.2,665,257.16,257.16
2371,UMI,3,43.81345,-79.11666,300.0,62.651,20.9,545,230.72,230.72
2372,UMI,3,43.81345,-79.10995,300.0,64.594,21.5,642,260.43,260.43
2373,UMI,3,43.81345,-79.10324,300.0,69.604,23.2,623,250.27,250.27
2374,UMI,3,43.81345,-79.09653,300.0,35.724,11.9,326,132.65,132.65
2375,UMI,3,43.81345,-79.08983,300.0,12.928,4.3,131,46.54,46.54
2376,UMI,3,43.81345,-79.08312,300.0,19.017,6.3,214,82.91,82.91
2377,UMI,3,43.81345,-79.07641,300.0,20.739,6.9,207,81.16,81.16
2378,UMI,3,43.81345,-79.0697,300.0,21.063,7.0,178,69.36,69.36
2379,UMI,3,43.81345,-79.06299,300.0,23.359,7.8,214,84.64,84.64
2380,UMI,3,43.81345,-79.05629,300.0,13.407,4.5,177,60.78,60.78
2381,UMI,3,43.81345,-79.04958,300.0,11.216,3.7,110,43.85,43.85
2382,UMI,3,43.81765,-79.56275,300.0,45.658,15.2,409,181.43,181.43
2383,UMI,3,43.81765,-79.55604,300.0,47.847,15.9,462,172.56,172.56
2384,UMI,3,43.81765,-79.54933,300.0,27.841,9.3,263,118.95,118.95
2385,UMI,3,43.81765,-79.54263,300.0,18.007,6.0,169,70.84,70.84
2386,UMI,3,43.81765,-79.53592,300.0,21.724,7.2,200,91.79,91.79
2387,UMI,3,43.81765,-79.52921,300.0,23.279,7.8,267,97.22,97.22
2388,UMI,3,43.81765,-79.5225,300.0,36.29,12.1,301,127.8,127.8
2389,UMI,3,43.81765,-79.51579,300.0,40.968,13.7,339,137.08,137.08
2390,UMI,3,43.81765,-79.50909,300.0,36.859,12.3,346,150.54,150.54
2391,UMI,3,43.81765,-79.50238,300.0,27.446,9.1,281,114.51,114.51
2392,UMI,3,43.81765,-79.49567,300.0,26.667,8.9,241,88.15,88.15
2393,UMI,3,43.81765,-79.48896,300.0,37.812,12.6,283,111.81,111.81
2394,UMI,3,43.81765,-79.48225,300.0,32.714,10.9,307,119.19,119.19
2395,UMI,3,43.81765,-79.47554,300.0,33.396,11.1,296,129.54,129.54
2396,UMI,3,43.81765,-79.46884,300.0,55.234,18.4,459,184.79,184.79
2397,UMI,3,43.81765,-79.46213,300.0,74.754,24.9,698,271.78,271.78
2398,UMI,3,43.81765,-79.45542,300.0,84.273,28.1,740,313.37,313.37
2399,UMI,3,43.81765,-79.44871,300.0,79.933,26.6,736,288.76,288.76
2400,UMI,3,43.81765,-79.442,300.0,60.73,20.2,629,238.5,238.5
2401,UMI,3,43.81765,-79.4353,300.0,67.79,22.6,605,248.73,248.73
2402,UMI,3,43.81765,-79.42859,300.0,65.081,21.7,654,243.45,243.45
2403,UMI,3,43.81765,-79.42188,300.0,70.428,23.5,681,269.41,269.41
2404,UMI,3,43.81765,-79.41517,300.0,79.274,26.4,683,282.74,282.74
2405,UMI,3,43.81765,-79.40846,300.0,80.075,26.7,732,293.65,293.65
2406,UMI,3,43.81765,-79.40175,300.0,84.135,28.0,770,312.8,312.8
2407,UMI,3,43.81765,-79.39505,300.0,84.252,28.1,872,328.74,328.74
2408,UMI,3,43.81765,-79.38834,300.0,90.996,30.3,959,357.06,357.06
2409,UMI,3,43.81765,-79.38163,300.0,79.141,26.4,778,307.55,307.55
2410,UMI,3,43.81765,-79.37492,300.0,65.085,21.7,614,252.3,252.3
2411,UMI,3,43.81765,-79.36821,300.0,75.46,25.2,812,313.53,313.53
2412,UMI,3,43.81765,-79.36151,300.0,80.854,27.0,820,322.25,322.25
2413,UMI,3,43.81765,-79.3548,300.0,60.078,20.0,623,247.01,247.01
2414,UMI,3,43.81765,-79.34809,300.0,55.967,18.7,502,202.6,202.6
2415,UMI,3,43.81765,-79.34138,300.0,58.867,19.6,528,223.56,223.56
2416,UMI,3,43.81765,-79.33467,300.0,77.774,25.9,769,301.56,301.56
2417,UMI,3,43.81765,-79.32797,300.0,114.119,38.0,1198,455.48,455.48
2418,UMI,3,43.81765,-79.32126,300.0,133.439,44.5,1381,529.99,529.99
2419,UMI,3,43.81765,-79.31455,300.0,171.828,57.3,1529,617.9,617.9
2420,UMI,3,43.81765,-79.30784,300.0,144.905,48.3,1232,514.17,514.17
2421,UMI,3,43.81765,-79.30113,300.0,98.042,32.7,879,347.45,347.45
2422,UMI,3,43.81765,-79.29442,300.0,123.265,41.1,1118,446.05,446.05
2423,UMI,3,43.81765,-79.28772,300.0,140.987,47.0,1455,557.88,557.88
2424,UMI,3,43.81765,-79.28101,300.0,149.797,49.9,1412,562.26,562.26
2425,UMI,3,43.81765,-79.2743,300.0,138.354,46.1,1359,516.45,516.45
2426,UMI,3,43.81765,-79.26759,300.0,135.368,45.1,1326,508.05,508.05
2427,UMI,3,43.81765,-79.26088,300.0,112.436,37.5,1052,426.03,426.03
2428,UMI,3,43.81765,-79.25418,300.0,64.766,21.6,644,253.8,253.8
2429,UMI,3,43.81765,-79.24747,300.0,47.475,15.8,504,182.49,182.49
2430,UMI,3,43.81765,-79.24076,300.0,54.403,18.1,578,215.2,215.2
2431,UMI,3,43.81765,-79.23405,300.0,72.317,24.1,768,280.86,280.86
2432,UMI,3,43.81765,-79.22734,300.0,106.487,35.5,923,391.17,391.17
2433,UMI,3,43.81765,-79.22063,300.0,109.993,36.7,990,406.58,406.58
2434,UMI,3,43.81765,-79.21393,300.0,108.756,36.3,1081,421.03,421.03
2435,UMI,3,43.81765,-79.20722,300.0,95.042,31.7,877,344.17,344.17
2436,UMI,3,43.81765,-79.20051,300.0,62.684,20.9,614,227.43,227.43
2437,UMI,3,43.81765,-79.1938,300.0,26.168,8.7,285,108.71,108.71
2438,UMI,3,43.81765,-79.18709,300.0,28.628,9.5,275,124.56,124.56
2439,UMI,3,43.81765,-79.18039,300.0,24.554,8.2,264,93.5,93.5
2440,UMI,3,43.81765,-79.17368,300.0,20.492,6.8,177,61.71,61.71
2441,UMI,3,43.81765,-79.15355,300.0,26.818,8.9,295,106.13,106.13
2442,UMI,3,43.81765,-79.14685,300.0,49.508,16.5,546,199.23,199.23
2443,UMI,3,43.81765,-79.14014,300.0,78.683,26.2,695,292.62,292.62
2444,UMI,3,43.81765,-79.13343,300.0,74.491,24.8,695,285.19,285.19
2445,UMI,3,43.81765,-79.12672,300.0,80.738,26.9,783,320.09,320.09
2446,UMI,3,43.81765,-79.12001,300.0,77.946,26.0,688,275.73,275.73
2447,UMI,3,43.81765,-79.1133,300.0,63.505,21.2,583,225.26,225.26
2448,UMI,3,43.81765,-79.1066,300.0,74.744,24.9,690,288.41,288.41
2449,UMI,3,43.81765,-79.09989,300.0,52.63,17.5,481,205.55,205.55
2450,UMI,3,43.81765,-79.09318,300.0,30.85,10.3,275,114.98,114.98
2451,UMI,3,43.81765,-79.08647,300.0,35.309,11.8,330,122.55,122.55
2452,UMI,3,43.81765,-79.07976,300.0,48.139,16.0,436,185.82,185.82
2453,UMI,3,43.81765,-79.07306,300.0,26.356,8.8,284,96.42,96.42
2454,UMI,3,43.81765,-79.06635,300.0,22.789,7.6,217,79.55,79.55
2455,UMI,3,43.81765,-79.05964,300.0,22.983,7.7,225,90.36,90.36
2456,UMI,3,43.81765,-79.05293,300.0,20.954,7.0,206,89.29,89.29
2457,UMI,3,43.81765,-79.04622,300.0,10.44,3.5,123,49.72,49.72
2458,UMI,3,43.81765,-79.03281,300.0,14.148,4.7,185,57.0,57.0
2459,UMI,3,43.81765,-79.0261,300.0,27.561,9.2,250,104.24,104.24
2460,UMI,3,43.81765,-79.01939,300.0,28.53,9.5,261,110.03,110.03
2461,UMI,3,43.81765,-79.01268,300.0,14.975,5.0,179,71.37,71.37
2462,UMI,3,43.82184,-79.55269,300.0,20.041,6.7,215,80.84,80.84
2463,UMI,3,43.82184,-79.54598,300.0,13.787,4.6,156,53.41,53.41
2464,UMI,3,43.82184,-79.53927,300.0,17.172,5.7,167,64.94,64.94
2465,UMI,3,43.82184,-79.53256,300.0,21.744,7.2,187,71.85,71.85
2466,UMI,3,43.82184,-79.52586,300.0,20.198,6.7,258,84.03,84.03
2467,UMI,3,43.82184,-79.51915,300.0,27.775,9.3,288,115.39,115.39
2468,UMI,3,43.82184,-79.51244,300.0,29.149,9.7,336,125.7,125.7
2469,UMI,3,43.82184,-79.50573,300.0,28.939,9.6,294,108.63,108.63
2470,UMI,3,43.82184,-79.49902,300.0,22.924,7.6,264,96.76,96.76
2471,UMI,3,43.82184,-79.49231,300.0,34.486,11.5,291,112.25,112.25
2472,UMI,3,43.82184,-79.48561,300.0,30.601,10.2,321,131.78,131.78
2473,UMI,3,43.82184,-79.4789,300.0,38.288,12.8,360,148.04,148.04
2474,UMI,3,43.82184,-79.47219,300.0,51.826,17.3,391,173.34,173.34
2475,UMI,3,43.82184,-79.46548,300.0,50.403,16.8,468,194.18,194.18
2476,UMI,3,43.82184,-79.45877,300.0,49.929,16.6,586,219.23,219.23
2477,UMI,3,43.82184,-79.45207,300.0,56.918,19.0,571,212.68,212.68
2478,UMI,3,43.82184,-79.44536,300.0,68.288,22.8,605,243.76,243.76
2479,UMI,3,43.82184,-79.43865,300.0,54.826,18.3,487,200.9,200.9
2480,UMI,3,43.82184,-79.43194,300.0,55.822,18.6,538,200.04,200.04
2481,UMI,3,43.82184,-79.42523,300.0,79.751,26.6,667,280.42,280.42
2482,UMI,3,43.82184,-79.41853,300.0,65.798,21.9,697,272.21,272.21
2483,UMI,3,43.82184,-79.41182,300.0,62.568,20.9,629,252.38,252.38
2484,UMI,3,43.82184,-79.40511,300.0,65.539,21.8,612,247.32,247.32
2485,UMI,3,43.82184,-79.3984,300.0,84.787,28.3,769,317.56,317.56
2486,UMI,3,43.82184,-79.39169,300.0,88.231,29.4,887,332.8,332.8
2487,UMI,3,43.82184,-79.38498,300.0,85.944,28.6,827,340.5,340.5
2488,UMI,3,43.82184,-79.37828,300.0,81.57,27.2,753,315.32,315.32
2489,UMI,3,43.82184,-79.37157,300.0,81.798,27.3,770,309.59,309.59
2490,UMI,3,43.82184,-79.36486,300.0,72.924,24.3,754,291.6,291.6
2491,UMI,3,43.82184,-79.35815,300.0,58.668,19.6,595,229.72,229.72
2492,UMI,3,43.82184,-79.35144,300.0,44.778,14.9,485,174.99,174.99
2493,UMI,3,43.82184,-79.34474,300.0,60.312,20.1,536,227.81,227.81
2494,UMI,3,43.82184,-79.33803,300.0,54.577,18.2,548,210.89,210.89
2495,UMI,3,43.82184,-79.33132,300.0,83.92,28.0,738,304.65,304.65
2496,UMI,3,43.82184,-79.32461,300.0,108.65,36.2,1102,434.57,434.57
2497,UMI,3,43.82184,-79.3179,300.0,144.414,48.1,1349,548.58,548.58
2498,UMI,3,43.82184,-79.31119,300.0,130.88,43.6,1349,498.96,498.96
2499,UMI,3,43.82184,-79.30449,300.0,118.312,39.4,1057,437.67,437.67
2500,UMI,3,43.82184,-79.29778,300.0,106.92,35.6,1083,414.52,414.52
2501,UMI,3,43.82184,-79.29107,300.0,156.872,52.3,1440,594.79,594.79
2502,UMI,3,43.82184,-79.28436,300.0,150.126,50.0,1569,565.47,565.47
2503,UMI,3,43.82184,-79.27765,300.0,142.917,47.6,1408,547.64,547.64
2504,UMI,3,43.82184,-79.27095,300.0,135.893,45.3,1268,512.94,512.94
2505,UMI,3,43.82184,-79.26424,300.0,106.955,35.7,1147,443.96,443.96
2506,UMI,3,43.82184,-79.25753,300.0,87.098,29.0,748,312.18,312.18
2507,UMI,3,43.82184,-79.25082,300.0,57.742,19.2,573,221.39,221.39
2508,UMI,3,43.82184,-79.24411,300.0,57.011,19.0,530,196.51,196.51
2509,UMI,3,43.82184,-79.23741,300.0,54.805,18.3,544,215.23,215.23
2510,UMI,3,43.82184,-79.2307,300.0,72.312,24.1,699,282.59,282.59
2511,UMI,3,43.82184,-79.22399,300.0,86.921,29.0,818,309.24,309.24
2512,UMI,3,43.82184,-79.21728,300.0,79.324,26.4,799,309.95,309.95
2513,UMI,3,43.82184,-79.21057,300.0,72.063,24.0,739,269.99,269.99
2514,UMI,3,43.82184,-79.20386,300.0,55.282,18.4,555,239.51,239.51
2515,UMI,3,43.82184,-79.19716,300.0,27.456,9.2,285,119.14,119.14
2516,UMI,3,43.82184,-79.19045,300.0,21.075,7.0,198,73.8,73.8
2517,UMI,3,43.82184,-79.18374,300.0,22.543,7.5,211,91.71,91.71
2518,UMI,3,43.82184,-79.17703,300.0,16.36,5.5,141,54.08,54.08
2519,UMI,3,43.82184,-79.15691,300.0,21.981,7.3,199,87.67,87.67
2520,UMI,3,43.82184,-79.1502,300.0,47.079,15.7,460,187.85,187.85
2521,UMI,3,43.82184,-79.14349,300.0,73.07,24.4,648,273.6,273.6
2522,UMI,3,43.82184,-79.13678,300.0,71.244,23.7,626,246.72,246.72
2523,UMI,3,43.82184,-79.13007,300.0,75.491,25.2,764,299.21,299.21
2524,UMI,3,43.82184,-79.12337,300.0,96.873,32.3,956,370.86,370.86
2525,UMI,3,43.82184,-79.11666,300.0,88.575,29.5,777,307.04,307.04
2526,UMI,3,43.82184,-79.10995,300.0,70.293,23.4,668,258.52,258.52
2527,UMI,3,43.82184,-79.10324,300.0,58.242,19.4,592,237.53,237.53
2528,UMI,3,43.82184,-79.09653,300.0,37.921,12.6,388,150.76,150.76
2529,UMI,3,43.82184,-79.08983,300.0,43.486,14.5,403,155.23,155.23
2530,UMI,3,43.82184,-79.08312,300.0,54.27,18.1,583,211.76,211.76
2531,UMI,3,43.82184,-79.07641,300.0,56.454,18.8,542,226.99,226.99
2532,UMI,3,43.82184,-79.0697,300.0,35.794,11.9,320,123.13,123.13
2533,UMI,3,43.82184,-79.06299,300.0,25.001,8.3,285,108.11,108.11
2534,UMI,3,43.82184,-79.05629,300.0,24.193,8.1,246,95.07,95.07
2535,UMI,3,43.82184,-79.04958,300.0,25.199,8.4,210,88.74,88.74
2536,UMI,3,43.82184,-79.03616,300.0,17.833,5.9,172,65.53,65.53
2537,UMI,3,43.82184,-79.02945,300.0,32.972,11.0,327,138.8,138.8
2538,UMI,3,43.82184,-79.02274,300.0,45.209,15.1,437,178.22,178.22
2539,UMI,3,43.82184,-79.01604,300.0,45.824,15.3,451,176.02,176.02
2540,UMI,3,43.82184,-79.00933,300.0,27.605,9.2,326,117.93,117.93
2541,UMI,3,43.82184,-79.00262,300.0,23.983,8.0,244,93.78,93.78
2542,UMI,3,43.82604,-79.54263,300.0,9.423,3.1,138,44.84,44.84
2543,UMI,3,43.82604,-79.53592,300.0,17.343,5.8,178,70.24,70.24
2544,UMI,3,43.82604,-79.52921,300.0,21.327,7.1,201,92.91,92.91
2545,UMI,3,43.82604,-79.5225,300.0,22.206,7.4,211,85.96,85.96
2546,UMI,3,43.82604,-79.51579,300.0,36.003,12.0,315,136.09,136.09
2547,UMI,3,43.82604,-79.50909,300.0,46.977,15.7,340,149.29,149.29
2548,UMI,3,43.82604,-79.50238,300.0,32.305,10.8,282,129.32,129.32
2549,UMI,3,43.82604,-79.49567,300.0,36.636,12.2,335,126.8,126.8
2550,UMI,3,43.82604,-79.48896,300.0,37.954,12.7,366,147.45,147.45
2551,UMI,3,43.82604,-79.48225,300.0,40.13,13.4,372,142.08,142.08
2552,UMI,3,43.82604,-79.47554,300.0,59.018,19.7,523,218.48,218.48
2553,UMI,3,43.82604,-79.46884,300.0,62.539,20.8,578,235.02,235.02
2554,UMI,3,43.82604,-79.46213,300.0,48.691,16.2,439,171.51,171.51
2555,UMI,3,43.82604,-79.45542,300.0,34.233,11.4,376,142.16,142.16
2556,UMI,3,43.82604,-79.44871,300.0,51.859,17.3,497,213.98,213.98
2557,UMI,3,43.82604,-79.442,300.0,46.243,15.4,462,178.7,178.7
2558,UMI,3,43.82604,-79.4353,300.0,47.082,15.7,488,185.36,185.36
2559,UMI,3,43.82604,-79.42859,300.0,61.757,20.6,594,222.78,222.78
2560,UMI,3,43.82604,-79.42188,300.0,77.254,25.8,730,292.79,292.79
2561,UMI,3,43.82604,-79.41517,300.0,74.837,24.9,650,260.48,260.48
2562,UMI,3,43.82604,-79.40846,300.0,74.923,25.0,749,281.97,281.97
2563,UMI,3,43.82604,-79.40175,300.0,76.181,25.4,737,293.54,293.54
2564,UMI,3,43.82604,-79.39505,300.0,79.915,26.6,780,305.51,305.51
2565,UMI,3,43.82604,-79.38834,300.0,78.908,26.3,813,321.19,321.19
2566,UMI,3,43.82604,-79.38163,300.0,83.87,28.0,765,323.86,323.86
2567,UMI,3,43.82604,-79.37492,300.0,72.607,24.2,700,287.69,287.69
2568,UMI,3,43.82604,-79.36821,300.0,79.887,26.6,737,293.74,293.74
2569,UMI,3,43.82604,-79.36151,300.0,47.735,15.9,488,183.05,183.05
2570,UMI,3,43.82604,-79.3548,300.0,40.994,13.7,443,168.27,168.27
2571,UMI,3,43.82604,-79.34809,300.0,46.979,15.7,488,176.47,176.47
2572,UMI,3,43.82604,-79.34138,300.0,51.965,17.3,515,196.88,196.88
2573,UMI,3,43.82604,-79.33467,300.0,55.188,18.4,500,202.04,202.04
2574,UMI,3,43.82604,-79.32797,300.0,61.181,20.4,639,251.55,251.55
2575,UMI,3,43.82604,-79.32126,300.0,105.937,35.3,1030,401.82,401.82
2576,UMI,3,43.82604,-79.31455,300.0,128.445,42.8,1227,493.25,493.25
2577,UMI,3,43.82604,-79.30784,300.0,112.128,37.4,999,408.84,408.84
2578,UMI,3,43.82604,-79.30113,300.0,95.813,31.9,967,393.62,393.62
2579,UMI,3,43.82604,-79.29442,300.0,119.434,39.8,1286,485.12,485.12
2580,UMI,3,43.82604,-79.28772,300.0,161.468,53.8,1506,611.45,611.45
2581,UMI,3,43.82604,-79.28101,300.0,148.368,49.5,1433,551.94,551.94
2582,UMI,3,43.82604,-79.2743,300.0,127.191,42.4,1229,477.98,477.98
2583,UMI,3,43.82604,-79.26759,300.0,110.074,36.7,1176,433.04,433.04
2584,UMI,3,43.82604,-79.26088,300.0,80.779,26.9,780,290.62,290.62
2585,UMI,3,43.82604,-79.25418,300.0,55.241,18.4,580,222.99,222.99
2586,UMI,3,43.82604,-79.24747,300.0,54.347,18.1,558,208.99,208.99
2587,UMI,3,43.82604,-79.24076,300.0,52.39,17.5,511,199.16,199.16
2588,UMI,3,43.82604,-79.23405,300.0,64.746,21.6,637,264.64,264.64
2589,UMI,3,43.82604,-79.22734,300.0,80.016,26.7,741,302.73,302.73
2590,UMI,3,43.82604,-79.22063,300.0,63.033,21.0,593,237.03,237.03
2591,UMI,3,43.82604,-79.21393,300.0,48.331,16.1,462,177.89,177.89
2592,UMI,3,43.82604,-79.20722,300.0,35.808,11.9,363,148.08,148.08
2593,UMI,3,43.82604,-79.20051,300.0,24.157,8.1,260,96.79,96.79
2594,UMI,3,43.82604,-79.18709,300.0,17.585,5.9,142,62.41,62.41
2595,UMI,3,43.82604,-79.18039,300.0,13.783,4.6,160,57.92,57.92
2596,UMI,3,43.82604,-79.15355,300.0,24.359,8.1,244,99.82,99.82
2597,UMI,3,43.82604,-79.14685,300.0,45.942,15.3,486,183.52,183.52
2598,UMI,3,43.82604,-79.14014,300.0,48.927,16.3,498,187.0,187.0
2599,UMI,3,43.82604,-79.13343,300.0,68.818,22.9,634,245.07,245.07
2600,UMI,3,43.82604,-79.12672,300.0,96.926,32.3,879,352.59,352.59
2601,UMI,3,43.82604,-79.12001,300.0,111.086,37.0,1043,428.55,428.55
2602,UMI,3,43.82604,-79.1133,300.0,99.549,33.2,921,353.58,353.58
2603,UMI,3,43.82604,-79.1066,300.0,77.918,26.0,781,304.69,304.69
2604,UMI,3,43.82604,-79.09989,300.0,60.111,20.0,577,231.91,231.91
2605,UMI,3,43.82604,-79.09318,300.0,48.637,16.2,495,185.56,185.56
2606,UMI,3,43.82604,-79.08647,300.0,65.367,21.8,642,267.46,267.46
2607,UMI,3,43.82604,-79.07976,300.0,72.223,24.1,656,257.54,257.54
2608,UMI,3,43.82604,-79.07306,300.0,44.651,14.9,424,169.81,169.81
2609,UMI,3,43.82604,-79.06635,300.0,33.357,11.1,314,118.72,118.72
2610,UMI,3,43.82604,-79.05964,300.0,24.753,8.3,275,102.8,102.8
2611,UMI,3,43.82604,-79.05293,300.0,25.144,8.4,245,101.64,101.64
2612,UMI,3,43.82604,-79.04622,300.0,17.067,5.7,152,62.54,62.54
2613,UMI,3,43.82604,-79.03951,300.0,16.432,5.5,154,65.46,65.46
2614,UMI,3,43.82604,-79.03281,300.0,30.669,10.2,334,123.54,123.54
2615,UMI,3,43.82604,-79.0261,300.0,49.74,16.6,479,199.79,199.79
2616,UMI,3,43.82604,-79.01939,300.0,58.895,19.6,568,227.09,227.09
2617,UMI,3,43.82604,-79.01268,300.0,65.081,21.7,663,264.58,264.58
2618,UMI,3,43.82604,-79.00597,300.0,58.775,19.6,585,229.83,229.83
2619,UMI,3,43.82604,-78.99927,300.0,39.595,13.2,379,140.57,140.57
2620,UMI,3,43.82604,-78.99256,300.0,24.549,8.2,219,87.82,87.82
2621,UMI,3,43.83023,-79.53256,300.0,15.426,5.1,167,64.4,64.4
2622,UMI,3,43.83023,-79.52586,300.0,12.234,4.1,187,60.26,60.26
2623,UMI,3,43.83023,-79.51915,300.0,31.475,10.5,326,130.98,130.98
2624,UMI,3,43.83023,-79.51244,300.0,39.581,13.2,368,146.44,146.44
2625,UMI,3,43.83023,-79.50573,300.0,28.087,9.4,306,120.17,120.17
2626,UMI,3,43.83023,-79.49902,300.0,35.902,12.0,351,128.81,128.81
2627,UMI,3,43.83023,-79.49231,300.0,44.897,15.0,408,160.79,160.79
2628,UMI,3,43.83023,-79.48561,300.0,53.615,17.9,493,197.71,197.71
2629,UMI,3,43.83023,-79.4789,300.0,68.965,23.0,590,222.32,222.32
2630,UMI,3,43.83023,-79.47219,300.0,67.691,22.6,728,275.04,275.04
2631,UMI,3,43.83023,-79.46548,300.0,62.032,20.7,645,243.86,243.86
2632,UMI,3,43.83023,-79.45877,300.0,38.659,12.9,379,142.56,142.56
2633,UMI,3,43.83023,-79.45207,300.0,31.049,10.3,343,134.72,134.72
2634,UMI,3,43.83023,-79.44536,300.0,43.268,14.4,419,154.55,154.55
2635,UMI,3,43.83023,-79.43865,300.0,48.175,16.1,499,196.93,196.93
2636,UMI,3,43.83023,-79.43194,300.0,57.109,19.0,538,199.24,199.24
2637,UMI,3,43.83023,-79.42523,300.0,56.722,18.9,525,214.91,214.91
2638,UMI,3,43.83023,-79.41853,300.0,58.679,19.6,609,234.57,234.57
2639,UMI,3,43.83023,-79.41182,300.0,66.708,22.2,677,259.71,259.71
2640,UMI,3,43.83023,-79.40511,300.0,64.793,21.6,641,245.64,245.64
2641,UMI,3,43.83023,-79.3984,300.0,67.039,22.3,649,243.76,243.76
2642,UMI,3,43.83023,-79.39169,300.0,71.663,23.9,666,266.36,266.36
2643,UMI,3,43.83023,-79.38498,300.0,71.939,24.0,632,257.96,257.96
2644,UMI,3,43.83023,-79.37828,300.0,72.116,24.0,676,250.13,250.13
2645,UMI,3,43.83023,-79.37157,300.0,67.914,22.6,667,247.23,247.23
2646,UMI,3,43.83023,-79.36486,300.0,53.333,17.8,502,210.65,210.65
2647,UMI,3,43.83023,-79.35815,300.0,49.692,16.6,422,160.21,160.21
2648,UMI,3,43.83023,-79.35144,300.0,46.431,15.5,420,158.63,158.63
2649,UMI,3,43.83023,-79.34474,300.0,46.8,15.6,444,184.81,184.81
2650,UMI,3,43.83023,-79.33803,300.0,48.678,16.2,474,195.14,195.14
2651,UMI,3,43.83023,-79.33132,300.0,52.363,17.5,456,198.94,198.94
2652,UMI,3,43.83023,-79.32461,300.0,66.193,22.1,648,256.09,256.09
2653,UMI,3,43.83023,-79.3179,300.0,98.498,32.8,928,367.78,367.78
2654,UMI,3,43.83023,-79.31119,300.0,99.57,33.2,957,385.96,385.96
2655,UMI,3,43.83023,-79.30449,300.0,91.442,30.5,913,367.5,367.5
2656,UMI,3,43.83023,-79.29778,300.0,118.909,39.6,1165,441.76,441.76
2657,UMI,3,43.83023,-79.29107,300.0,146.193,48.7,1364,544.42,544.42
2658,UMI,3,43.83023,-79.28436,300.0,142.356,47.5,1480,549.32,549.32
2659,UMI,3,43.83023,-79.27765,300.0,143.884,48.0,1276,497.93,497.93
2660,UMI,3,43.83023,-79.27095,300.0,100.887,33.6,1003,406.31,406.31
2661,UMI,3,43.83023,-79.26424,300.0,88.014,29.3,806,319.01,319.01
2662,UMI,3,43.83023,-79.25753,300.0,59.857,20.0,608,253.24,253.24
2663,UMI,3,43.83023,-79.25082,300.0,51.776,17.3,498,208.6,208.6
2664,UMI,3,43.83023,-79.24411,300.0,54.219,18.1,479,193.47,193.47
2665,UMI,3,43.83023,-79.23741,300.0,61.595,20.5,560,234.42,234.42
2666,UMI,3,43.83023,-79.2307,300.0,69.257,23.1,657,247.57,247.57
2667,UMI,3,43.83023,-79.22399,300.0,49.536,16.5,458,185.26,185.26
2668,UMI,3,43.83023,-79.21728,300.0,32.041,10.7,283,121.77,121.77
2669,UMI,3,43.83023,-79.21057,300.0,21.868,7.3,196,69.9,69.9
2670,UMI,3,43.83023,-79.19045,300.0,8.841,2.9,86,34.76,34.76
2671,UMI,3,43.83023,-79.17703,300.0,7.406,2.5,101,32.26,32.26
2672,UMI,3,43.83023,-79.17032,300.0,10.712,3.6,95,37.58,37.58
2673,UMI,3,43.83023,-79.1502,300.0,22.937,7.6,270,99.25,99.25
2674,UMI,3,43.83023,-79.14349,300.0,33.759,11.3,354,137.44,137.44
2675,UMI,3,43.83023,-79.13678,300.0,57.478,19.2,485,191.52,191.52
2676,UMI,3,43.83023,-79.13007,300.0,87.1,29.0,881,333.26,333.26
2677,UMI,3,43.83023,-79.12337,300.0,108.127,36.0,1003,396.47,396.47
2678,UMI,3,43.83023,-79.11666,300.0,106.481,35.5,1013,399.29,399.29
2679,UMI,3,43.83023,-79.10995,300.0,104.162,34.7,960,399.28,399.28
2680,UMI,3,43.83023,-79.10324,300.0,98.131,32.7,889,354.16,354.16
2681,UMI,3,43.83023,-79.09653,300.0,68.439,22.8,662,255.01,255.01
2682,UMI,3,43.83023,-79.08983,300.0,55.359,18.5,528,215.14,215.14
2683,UMI,3,43.83023,-79.08312,300.0,53.435,17.8,516,198.65,198.65
2684,UMI,3,43.83023,-79.07641,300.0,53.411,17.8,462,181.11,181.11
2685,UMI,3,43.83023,-79.0697,300.0,44.827,14.9,367,151.51,151.51
2686,UMI,3,43.83023,-79.06299,300.0,29.922,10.0,297,108.26,108.26
2687,UMI,3,43.83023,-79.05629,300.0,25.623,8.5,225,91.52,91.52
2688,UMI,3,43.83023,-79.04958,300.0,22.561,7.5,196,86.38,86.38
2689,UMI,3,43.83023,-79.04287,300.0,16.434,5.5,143,53.23,53.23
2690,UMI,3,43.83023,-79.03616,300.0,25.467,8.5,238,98.96,98.96
2691,UMI,3,43.83023,-79.02945,300.0,42.987,14.3,411,165.35,165.35
2692,UMI,3,43.83023,-79.02274,300.0,60.995,20.3,557,217.08,217.08
2693,UMI,3,43.83023,-79.01604,300.0,71.425,23.8,748,282.74,282.74
2694,UMI,3,43.83023,-79.00933,300.0,86.323,28.8,910,343.83,343.83
2695,UMI,3,43.83023,-79.00262,300.0,72.889,24.3,739,278.55,278.55
2696,UMI,3,43.83023,-78.99591,300.0,53.108,17.7,437,180.41,180.41
2697,UMI,3,43.83023,-78.9892,300.0,29.964,10.0,283,108.67,108.67
2698,UMI,3,43.83023,-78.9825,300.0,26.349,8.8,208,84.37,84.37
2699,UMI,3,43.83443,-79.52921,300.0,21.457,7.2,154,61.86,61.86
2700,UMI,3,43.83443,-79.5225,300.0,30.228,10.1,256,107.42,107.42
2701,UMI,3,43.83443,-79.51579,300.0,36.38,12.1,349,152.24,152.24
2702,UMI,3,43.83443,-79.50909,300.0,49.847,16.6,449,197.91,197.91
2703,UMI,3,43.83443,-79.50238,300.0,45.756,15.3,396,170.84,170.84
2704,UMI,3,43.83443,-79.49567,300.0,49.987,16.7,484,198.61,198.61
2705,UMI,3,43.83443,-79.48896,300.0,63.149,21.0,642,246.72,246.72
2706,UMI,3,43.83443,-79.48225,300.0,75.974,25.3,673,288.43,288.43
2707,UMI,3,43.83443,-79.47554,300.0,68.83,22.9,755,281.01,281.01
2708,UMI,3,43.83443,-79.46884,300.0,78.231,26.1,776,298.89,298.89
2709,UMI,3,43.83443,-79.46213,300.0,65.381,21.8,604,227.69,227.69
2710,UMI,3,43.83443,-79.45542,300.0,46.737,15.6,495,186.13,186.13
2711,UMI,3,43.83443,-79.44871,300.0,44.111,14.7,426,177.5,177.5
2712,UMI,3,43.83443,-79.442,300.0,67.998,22.7,627,247.09,247.09
2713,UMI,3,43.83443,-79.4353,300.0,64.833,21.6,614,253.17,253.17
2714,UMI,3,43.83443,-79.42859,300.0,53.335,17.8,473,187.48,187.48
2715,UMI,3,43.83443,-79.42188,300.0,51.548,17.2,425,181.04,181.04
2716,UMI,3,43.83443,-79.41517,300.0,51.628,17.2,518,210.08,210.08
2717,UMI,3,43.83443,-79.40846,300.0,59.224,19.7,539,205.57,205.57
2718,UMI,3,43.83443,-79.40175,300.0,65.805,21.9,572,220.08,220.08
2719,UMI,3,43.83443,-79.39505,300.0,52.958,17.7,536,204.46,204.46
2720,UMI,3,43.83443,-79.38834,300.0,45.493,15.2,478,175.42,175.42
2721,UMI,3,43.83443,-79.38163,300.0,55.019,18.3,449,183.16,183.16
2722,UMI,3,43.83443,-79.37492,300.0,48.897,16.3,451,192.31,192.31
2723,UMI,3,43.83443,-79.36821,300.0,38.062,12.7,393,156.86,156.86
2724,UMI,3,43.83443,-79.36151,300.0,36.172,12.1,332,127.76,127.76
2725,UMI,3,43.83443,-79.3548,300.0,37.398,12.5,343,132.66,132.66
2726,UMI,3,43.83443,-79.34809,300.0,38.85,13.0,364,138.42,138.42
2727,UMI,3,43.83443,-79.34138,300.0,35.769,11.9,362,138.24,138.24
2728,UMI,3,43.83443,-79.33467,300.0,45.91,15.3,397,158.26,158.26
2729,UMI,3,43.83443,-79.32797,300.0,47.007,15.7,412,174.8,174.8
2730,UMI,3,43.83443,-79.32126,300.0,48.968,16.3,508,189.12,189.12
2731,UMI,3,43.83443,-79.31455,300.0,74.53,24.8,682,288.69,288.69
2732,UMI,3,43.83443,-79.30784,300.0,82.376,27.5,787,298.85,298.85
2733,UMI,3,43.83443,-79.30113,300.0,105.205,35.1,1037,419.81,419.81
2734,UMI,3,43.83443,-79.29442,300.0,122.588,40.9,1245,490.12,490.12
2735,UMI,3,43.83443,-79.28772,300.0,128.798,42.9,1340,517.37,517.37
2736,UMI,3,43.83443,-79.28101,300.0,141.612,47.2,1348,536.79,536.79
2737,UMI,3,43.83443,-79.2743,300.0,124.038,41.3,1200,472.07,472.07
2738,UMI,3,43.83443,-79.26759,300.0,104.106,34.7,1071,416.84,416.84
2739,UMI,3,43.83443,-79.26088,300.0,74.366,24.8,774,297.29,297.29
2740,UMI,3,43.83443,-79.25418,300.0,62.75,20.9,641,252.58,252.58
2741,UMI,3,43.83443,-79.24747,300.0,39.817,13.3,413,158.0,158.0
2742,UMI,3,43.83443,-79.24076,300.0,35.813,11.9,399,154.55,154.55
2743,UMI,3,43.83443,-79.23405,300.0,49.63,16.5,471,191.52,191.52
2744,UMI,3,43.83443,-79.22734,300.0,61.871,20.6,499,230.32,230.32
2745,UMI,3,43.83443,-79.22063,300.0,21.884,7.3,227,85.35,85.35
2746,UMI,3,43.83443,-79.20722,300.0,11.992,4.0,89,35.69,35.69
2747,UMI,3,43.83443,-79.18039,300.0,7.966,2.7,84,32.76,32.76
2748,UMI,3,43.83443,-79.15355,300.0,13.01,4.3,149,57.7,57.7
2749,UMI,3,43.83443,-79.14685,300.0,21.051,7.0,216,82.71,82.71
2750,UMI,3,43.83443,-79.14014,300.0,28.752,9.6,294,117.41,117.41
2751,UMI,3,43.83443,-79.13343,300.0,56.173,18.7,590,216.36,216.36
2752,UMI,3,43.83443,-79.12672,300.0,72.824,24.3,789,293.61,293.61
2753,UMI,3,43.83443,-79.12001,300.0,95.419,31.8,955,382.86,382.86
2754,UMI,3,43.83443,-79.1133,300.0,99.464,33.2,974,376.48,376.48
2755,UMI,3,43.83443,-79.1066,300.0,104.528,34.8,1052,407.75,407.75
2756,UMI,3,43.83443,-79.09989,300.0,98.995,33.0,977,390.53,390.53
2757,UMI,3,43.83443,-79.09318,300.0,85.893,28.6,743,300.23,300.23
2758,UMI,3,43.83443,-79.08647,300.0,45.952,15.3,515,188.02,188.02
2759,UMI,3,43.83443,-79.07976,300.0,53.714,17.9,501,196.3,196.3
2760,UMI,3,43.83443,-79.07306,300.0,38.295,12.8,404,159.26,159.26
2761,UMI,3,43.83443,-79.06635,300.0,31.015,10.3,330,124.33,124.33
2762,UMI,3,43.83443,-79.05964,300.0,22.22,7.4,200,83.45,83.45
2763,UMI,3,43.83443,-79.05293,300.0,20.186,6.7,175,67.26,67.26
2764,UMI,3,43.83443,-79.04622,300.0,19.328,6.4,155,60.2,60.2
2765,UMI,3,43.83443,-79.03951,300.0,18.03,6.0,186,71.87,71.87
2766,UMI,3,43.83443,-79.03281,300.0,27.61,9.2,314,104.11,104.11
2767,UMI,3,43.83443,-79.0261,300.0,42.055,14.0,474,170.93,170.93
2768,UMI,3,43.83443,-79.01939,300.0,63.801,21.3,608,234.83,234.83
2769,UMI,3,43.83443,-79.01268,300.0,94.185,31.4,959,380.66,380.66
2770,UMI,3,43.83443,-79.00597,300.0,103.568,34.5,953,383.56,383.56
2771,UMI,3,43.83443,-78.99927,300.0,70.845,23.6,693,290.63,290.63
2772,UMI,3,43.83443,-78.99256,300.0,54.321,18.1,437,185.84,185.84
2773,UMI,3,43.83443,-78.98585,300.0,31.407,10.5,338,126.32,126.32
2774,UMI,3,43.83443,-78.97914,300.0,13.023,4.3,154,54.28,54.28
2775,UMI,3,43.83863,-79.51915,300.0,31.875,10.6,363,131.97,131.97
2776,UMI,3,43.83863,-79.51244,300.0,58.778,19.6,587,239.37,239.37
2777,UMI,3,43.83863,-79.50573,300.0,58.306,19.4,547,220.79,220.79
2778,UMI,3,43.83863,-79.49902,300.0,49.884,16.6,477,174.91,174.91
2779,UMI,3,43.83863,-79.49231,300.0,55.506,18.5,587,219.95,219.95
2780,UMI,3,43.83863,-79.48561,300.0,75.6,25.2,674,274.51,274.51
2781,UMI,3,43.83863,-79.4789,300.0,79.197,26.4,731,296.08,296.08
2782,UMI,3,43.83863,-79.47219,300.0,81.784,27.3,852,326.62,326.62
2783,UMI,3,43.83863,-79.46548,300.0,66.296,22.1,710,267.64,267.64
2784,UMI,3,43.83863,-79.45877,300.0,52.898,17.6,561,210.23,210.23
2785,UMI,3,43.83863,-79.45207,300.0,49.651,16.6,455,189.72,189.72
2786,UMI,3,43.83863,-79.44536,300.0,68.983,23.0,707,276.21,276.21
2787,UMI,3,43.83863,-79.43865,300.0,82.351,27.5,735,310.92,310.92
2788,UMI,3,43.83863,-79.43194,300.0,59.343,19.8,624,235.17,235.17
2789,UMI,3,43.83863,-79.42523,300.0,50.229,16.7,514,189.73,189.73
2790,UMI,3,43.83863,-79.41853,300.0,52.043,17.3,505,198.24,198.24
2791,UMI,3,43.83863,-79.41182,300.0,52.409,17.5,464,191.72,191.72
2792,UMI,3,43.83863,-79.40511,300.0,50.274,16.8,479,185.97,185.97
2793,UMI,3,43.83863,-79.3984,300.0,58.211,19.4,543,219.92,219.92
2794,UMI,3,43.83863,-79.39169,300.0,54.597,18.2,512,203.89,203.89
2795,UMI,3,43.83863,-79.38498,300.0,44.296,14.8,389,154.39,154.39
2796,UMI,3,43.83863,-79.37828,300.0,34.181,11.4,340,125.54,125.54
2797,UMI,3,43.83863,-79.37157,300.0,35.985,12.0,290,121.03,121.03
2798,UMI,3,43.83863,-79.36486,300.0,23.928,8.0,249,96.04,96.04
2799,UMI,3,43.83863,-79.35815,300.0,36.575,12.2,279,121.28,121.28
2800,UMI,3,43.83863,-79.35144,300.0,30.722,10.2,285,114.03,114.03
2801,UMI,3,43.83863,-79.34474,300.0,32.356,10.8,290,118.36,118.36
2802,UMI,3,43.83863,-79.33803,300.0,30.477,10.2,288,119.13,119.13
2803,UMI,3,43.83863,-79.33132,300.0,32.911,11.0,280,106.31,106.31
2804,UMI,3,43.83863,-79.32461,300.0,36.378,12.1,304,127.57,127.57
2805,UMI,3,43.83863,-79.3179,300.0,45.709,15.2,445,174.83,174.83
2806,UMI,3,43.83863,-79.31119,300.0,46.273,15.4,540,192.15,192.15
2807,UMI,3,43.83863,-79.30449,300.0,83.04,27.7,753,301.3,301.3
2808,UMI,3,43.83863,-79.29778,300.0,109.508,36.5,1126,425.51,425.51
2809,UMI,3,43.83863,-79.29107,300.0,136.73,45.6,1243,508.1,508.1
2810,UMI,3,43.83863,-79.28436,300.0,126.551,42.2,1244,494.9,494.9
2811,UMI,3,43.83863,-79.27765,300.0,136.103,45.4,1293,511.72,511.72
2812,UMI,3,43.83863,-79.27095,300.0,125.994,42.0,1098,412.84,412.84
2813,UMI,3,43.83863,-79.26424,300.0,111.011,37.0,1085,419.66,419.66
2814,UMI,3,43.83863,-79.25753,300.0,95.405,31.8,884,350.6,350.6
2815,UMI,3,43.83863,-79.25082,300.0,57.439,19.1,600,231.61,231.61
2816,UMI,3,43.83863,-79.24411,300.0,37.816,12.6,363,146.31,146.31
2817,UMI,3,43.83863,-79.23741,300.0,31.874,10.6,330,136.83,136.83
2818,UMI,3,43.83863,-79.2307,300.0,39.574,13.2,433,159.71,159.71
2819,UMI,3,43.83863,-79.22399,300.0,16.151,5.4,206,70.67,70.67
2820,UMI,3,43.83863,-79.16362,300.0,5.781,1.9,57,27.01,27.01
2821,UMI,3,43.83863,-79.1502,300.0,9.312,3.1,115,43.49,43.49
2822,UMI,3,43.83863,-79.14349,300.0,15.225,5.1,148,56.27,56.27
2823,UMI,3,43.83863,-79.13678,300.0,28.059,9.4,260,100.29,100.29
2824,UMI,3,43.83863,-79.13007,300.0,57.08,19.0,572,215.12,215.12
2825,UMI,3,43.83863,-79.12337,300.0,75.886,25.3,757,296.23,296.23
2826,UMI,3,43.83863,-79.11666,300.0,83.146,27.7,858,330.39,330.39
2827,UMI,3,43.83863,-79.10995,300.0,104.114,34.7,971,388.11,388.11
2828,UMI,3,43.83863,-79.10324,300.0,107.456,35.8,1027,407.82,407.82
2829,UMI,3,43.83863,-79.09653,300.0,92.947,31.0,911,360.16,360.16
2830,UMI,3,43.83863,-79.08983,300.0,83.128,27.7,734,295.15,295.15
2831,UMI,3,43.83863,-79.08312,300.0,58.437,19.5,596,234.27,234.27
2832,UMI,3,43.83863,-79.07641,300.0,56.913,19.0,534,222.67,222.67
2833,UMI,3,43.83863,-79.0697,300.0,38.513,12.8,392,141.7,141.7
2834,UMI,3,43.83863,-79.06299,300.0,25.625,8.5,273,105.07,105.07
2835,UMI,3,43.83863,-79.05629,300.0,22.9,7.6,199,81.07,81.07
2836,UMI,3,43.83863,-79.04958,300.0,18.768,6.3,167,65.43,65.43
2837,UMI,3,43.83863,-79.04287,300.0,16.859,5.6,156,69.17,69.17
2838,UMI,3,43.83863,-79.03616,300.0,22.383,7.5,271,90.91,90.91
2839,UMI,3,43.83863,-79.02945,300.0,43.24,14.4,477,185.66,185.66
2840,UMI,3,43.83863,-79.02274,300.0,58.578,19.5,609,241.9,241.9
2841,UMI,3,43.83863,-79.01604,300.0,88.247,29.4,833,350.96,350.96
2842,UMI,3,43.83863,-79.00933,300.0,107.541,35.8,1043,394.45,394.45
2843,UMI,3,43.83863,-79.00262,300.0,79.808,26.6,758,323.3,323.3
2844,UMI,3,43.83863,-78.99591,300.0,49.732,16.6,405,166.56,166.56
2845,UMI,3,43.83863,-78.9892,300.0,30.215,10.1,291,115.56,115.56
2846,UMI,3,43.83863,-78.9825,300.0,23.514,7.8,202,80.08,80.08
2847,UMI,3,43.84282,-79.51579,300.0,35.721,11.9,394,147.64,147.64
2848,UMI,3,43.84282,-79.50909,300.0,70.936,23.6,624,246.89,246.89
2849,UMI,3,43.84282,-79.50238,300.0,59.252,19.8,700,251.57,251.57
2850,UMI,3,43.84282,-79.49567,300.0,52.533,17.5,523,207.46,207.46
2851,UMI,3,43.84282,-79.48896,300.0,65.719,21.9,550,239.19,239.19
2852,UMI,3,43.84282,-79.48225,300.0,53.433,17.8,504,198.24,198.24
2853,UMI,3,43.84282,-79.47554,300.0,63.765,21.3,633,261.55,261.55
2854,UMI,3,43.84282,-79.46884,300.0,87.763,29.3,777,329.69,329.69
2855,UMI,3,43.84282,-79.46213,300.0,74.091,24.7,630,259.73,259.73
2856,UMI,3,43.84282,-79.45542,300.0,65.125,21.7,579,238.82,238.82
2857,UMI,3,43.84282,-79.44871,300.0,68.883,23.0,696,273.57,273.57
2858,UMI,3,43.84282,-79.442,300.0,96.112,32.0,883,352.87,352.87
2859,UMI,3,43.84282,-79.4353,300.0,91.688,30.6,880,343.4,343.4
2860,UMI,3,43.84282,-79.42859,300.0,71.396,23.8,693,269.41,269.41
2861,UMI,3,43.84282,-79.42188,300.0,74.025,24.7,625,267.19,267.19
2862,UMI,3,43.84282,-79.41517,300.0,59.679,19.9,689,256.01,256.01
2863,UMI,3,43.84282,-79.40846,300.0,66.777,22.3,649,265.21,265.21
2864,UMI,3,43.84282,-79.40175,300.0,68.328,22.8,660,250.87,250.87
2865,UMI,3,43.84282,-79.39505,300.0,65.806,21.9,651,253.19,253.19
2866,UMI,3,43.84282,-79.38834,300.0,51.149,17.0,482,185.62,185.62
2867,UMI,3,43.84282,-79.38163,300.0,30.582,10.2,340,125.65,125.65
2868,UMI,3,43.84282,-79.37492,300.0,27.921,9.3,255,102.32,102.32
2869,UMI,3,43.84282,-79.36821,300.0,23.88,8.0,210,86.92,86.92
2870,UMI,3,43.84282,-79.36151,300.0,23.658,7.9,245,92.0,92.0
2871,UMI,3,43.84282,-79.3548,300.0,26.586,8.9,274,116.67,116.67
2872,UMI,3,43.84282,-79.34809,300.0,25.635,8.5,242,90.58,90.58
2873,UMI,3,43.84282,-79.34138,300.0,21.185,7.1,237,92.16,92.16
2874,UMI,3,43.84282,-79.33467,300.0,26.64,8.9,236,92.43,92.43
2875,UMI,3,43.84282,-79.32797,300.0,31.493,10.5,265,110.75,110.75
2876,UMI,3,43.84282,-79.32126,300.0,31.084,10.4,281,118.91,118.91
2877,UMI,3,43.84282,-79.31455,300.0,41.981,14.0,354,148.24,148.24
2878,UMI,3,43.84282,-79.30784,300.0,46.737,15.6,491,177.32,177.32
2879,UMI,3,43.84282,-79.30113,300.0,81.969,27.3,817,326.8,326.8
2880,UMI,3,43.84282,-79.29442,300.0,105.41,35.1,1037,388.76,388.76
2881,UMI,3,43.84282,-79.28772,300.0,121.061,40.4,1115,471.61,471.61
2882,UMI,3,43.84282,-79.28101,300.0,124.172,41.4,1170,474.71,474.71
2883,UMI,3,43.84282,-79.2743,300.0,124.442,41.5,1123,441.37,441.37
2884,UMI,3,43.84282,-79.26759,300.0,111.841,37.3,1073,416.41,416.41
2885,UMI,3,43.84282,-79.26088,300.0,97.586,32.5,992,393.04,393.04
2886,UMI,3,43.84282,-79.25418,300.0,88.401,29.5,805,343.36,343.36
2887,UMI,3,43.84282,-79.24747,300.0,52.298,17.4,508,196.03,196.03
2888,UMI,3,43.84282,-79.24076,300.0,24.032,8.0,279,91.31,91.31
2889,UMI,3,43.84282,-79.23405,300.0,28.307,9.4,282,114.77,114.77
2890,UMI,3,43.84282,-79.22734,300.0,22.148,7.4,203,89.75,89.75
2891,UMI,3,43.84282,-79.21393,300.0,8.519,2.8,85,29.95,29.95
2892,UMI,3,43.84282,-79.20722,300.0,6.623,2.2,90,30.94,30.94
2893,UMI,3,43.84282,-79.14685,300.0,9.82,3.3,82,34.53,34.53
2894,UMI,3,43.84282,-79.14014,300.0,17.392,5.8,134,59.23,59.23
2895,UMI,3,43.84282,-79.13343,300.0,28.562,9.5,294,115.53,115.53
2896,UMI,3,43.84282,-79.12672,300.0,41.112,13.7,442,150.01,150.01
2897,UMI,3,43.84282,-79.12001,300.0,54.513,18.2,562,220.35,220.35
2898,UMI,3,43.84282,-79.1133,300.0,62.957,21.0,689,249.92,249.92
2899,UMI,3,43.84282,-79.1066,300.0,84.673,28.2,876,334.46,334.46
2900,UMI,3,43.84282,-79.09989,300.0,97.016,32.3,936,379.96,379.96
2901,UMI,3,43.84282,-79.09318,300.0,90.496,30.2,883,357.61,357.61
2902,UMI,3,43.84282,-79.08647,300.0,70.546,23.5,718,276.34,276.34
2903,UMI,3,43.84282,-79.07976,300.0,67.238,22.4,613,244.09,244.09
2904,UMI,3,43.84282,-79.07306,300.0,55.032,18.3,506,196.97,196.97
2905,UMI,3,43.84282,-79.06635,300.0,37.417,12.5,366,144.8,144.8
2906,UMI,3,43.84282,-79.05964,300.0,24.338,8.1,265,104.37,104.37
2907,UMI,3,43.84282,-79.05293,300.0,23.658,7.9,212,76.53,76.53
2908,UMI,3,43.84282,-79.04622,300.0,23.006,7.7,230,90.8,90.8
2909,UMI,3,43.84282,-79.03951,300.0,34.151,11.4,293,122.46,122.46
2910,UMI,3,43.84282,-79.03281,300.0,42.148,14.0,423,170.38,170.38
2911,UMI,3,43.84282,-79.0261,300.0,53.048,17.7,535,210.73,210.73
2912,UMI,3,43.84282,-79.01939,300.0,71.451,23.8,715,285.74,285.74
2913,UMI,3,43.84282,-79.01268,300.0,99.081,33.0,851,361.32,361.32
2914,UMI,3,43.84282,-79.00597,300.0,83.073,27.7,818,334.38,334.38
2915,UMI,3,43.84282,-78.99927,300.0,39.261,13.1,402,153.06,153.06
2916,UMI,3,43.84282,-78.99256,300.0,27.906,9.3,266,98.82,98.82
2917,UMI,3,43.84282,-78.98585,300.0,16.607,5.5,191,69.4,69.4
2918,UMI,3,43.84702,-79.51244,300.0,66.783,22.3,627,242.86,242.86
2919,UMI,3,43.84702,-79.50573,300.0,75.094,25.0,746,286.31,286.31
2920,UMI,3,43.84702,-79.49902,300.0,63.113,21.0,591,254.5,254.5
2921,UMI,3,43.84702,-79.49231,300.0,56.572,18.9,544,225.9,225.9
2922,UMI,3,43.84702,-79.48561,300.0,48.392,16.1,449,191.39,191.39
2923,UMI,3,43.84702,-79.4789,300.0,47.842,15.9,421,171.22,171.22
2924,UMI,3,43.84702,-79.47219,300.0,65.949,22.0,571,219.33,219.33
2925,UMI,3,43.84702,-79.46548,300.0,64.003,21.3,619,252.04,252.04
2926,UMI,3,43.84702,-79.45877,300.0,74.382,24.8,715,262.03,262.03
2927,UMI,3,43.84702,-79.45207,300.0,89.807,29.9,792,345.28,345.28
2928,UMI,3,43.84702,-79.44536,300.0,96.541,32.2,887,361.02,361.02
2929,UMI,3,43.84702,-79.43865,300.0,109.424,36.5,950,380.19,380.19
2930,UMI,3,43.84702,-79.43194,300.0,99.787,33.3,890,363.7,363.7
2931,UMI,3,43.84702,-79.42523,300.0,91.507,30.5,906,340.64,340.64
2932,UMI,3,43.84702,-79.41853,300.0,101.145,33.7,916,372.59,372.59
2933,UMI,3,43.84702,-79.41182,300.0,86.02,28.7,837,327.09,327.09
2934,UMI,3,43.84702,-79.40511,300.0,89.787,29.9,862,332.86,332.86
2935,UMI,3,43.84702,-79.3984,300.0,95.675,31.9,870,366.09,366.09
2936,UMI,3,43.84702,-79.39169,300.0,77.378,25.8,697,274.49,274.49
2937,UMI,3,43.84702,-79.38498,300.0,55.147,18.4,420,186.93,186.93
2938,UMI,3,43.84702,-79.37828,300.0,28.179,9.4,263,105.19,105.19
2939,UMI,3,43.84702,-79.37157,300.0,31.312,10.4,215,98.25,98.25
2940,UMI,3,43.84702,-79.36486,300.0,27.963,9.3,272,114.04,114.04
2941,UMI,3,43.84702,-79.35815,300.0,32.754,10.9,319,130.26,130.26
2942,UMI,3,43.84702,-79.35144,300.0,25.856,8.6,250,100.06,100.06
2943,UMI,3,43.84702,-79.34474,300.0,28.584,9.5,272,109.63,109.63
2944,UMI,3,43.84702,-79.33803,300.0,22.755,7.6,259,99.17,99.17
2945,UMI,3,43.84702,-79.33132,300.0,23.399,7.8,241,91.93,91.93
2946,UMI,3,43.84702,-79.32461,300.0,25.903,8.6,241,98.58,98.58
2947,UMI,3,43.84702,-79.3179,300.0,30.689,10.2,245,86.75,86.75
2948,UMI,3,43.84702,-79.31119,300.0,38.909,13.0,331,138.0,138.0
2949,UMI,3,43.84702,-79.30449,300.0,52.784,17.6,501,199.06,199.06
2950,UMI,3,43.84702,-79.29778,300.0,74.084,24.7,712,278.08,278.08
2951,UMI,3,43.84702,-79.29107,300.0,95.668,31.9,865,348.72,348.72
2952,UMI,3,43.84702,-79.28436,300.0,96.717,32.2,898,359.8,359.8
2953,UMI,3,43.84702,-79.27765,300.0,94.697,31.6,896,374.85,374.85
2954,UMI,3,43.84702,-79.27095,300.0,82.115,27.4,860,340.84,340.84
2955,UMI,3,43.84702,-79.26424,300.0,84.389,28.1,834,329.07,329.07
2956,UMI,3,43.84702,-79.25753,300.0,94.663,31.6,878,360.03,360.03
2957,UMI,3,43.84702,-79.25082,300.0,67.202,22.4,601,245.7,245.7
2958,UMI,3,43.84702,-79.24411,300.0,38.642,12.9,373,151.93,151.93
2959,UMI,3,43.84702,-79.23741,300.0,31.178,10.4,282,110.49,110.49
2960,UMI,3,43.84702,-79.2307,300.0,18.237,6.1,189,77.57,77.57
2961,UMI,3,43.84702,-79.22399,300.0,15.328,5.1,154,57.11,57.11
2962,UMI,3,43.84702,-79.21728,300.0,10.128,3.4,119,46.98,46.98
2963,UMI,3,43.84702,-79.21057,300.0,13.325,4.4,93,44.16,44.16
2964,UMI,3,43.84702,-79.20386,300.0,10.479,3.5,85,33.92,33.92
2965,UMI,3,43.84702,-79.19716,300.0,8.909,3.0,87,38.66,38.66
2966,UMI,3,43.84702,-79.17032,300.0,7.824,2.6,60,32.4,32.4
2967,UMI,3,43.84702,-79.15691,300.0,7.653,2.6,82,32.48,32.48
2968,UMI,3,43.84702,-79.1502,300.0,9.344,3.1,99,46.09,46.09
2969,UMI,3,43.84702,-79.13007,300.0,18.813,6.3,187,70.19,70.19
2970,UMI,3,43.84702,-79.12337,300.0,34.508,11.5,295,127.4,127.4
2971,UMI,3,43.84702,-79.11666,300.0,53.975,18.0,446,182.06,182.06
2972,UMI,3,43.84702,-79.10995,300.0,74.06,24.7,717,284.71,284.71
2973,UMI,3,43.84702,-79.10324,300.0,83.473,27.8,842,322.35,322.35
2974,UMI,3,43.84702,-79.09653,300.0,74.64,24.9,775,301.74,301.74
2975,UMI,3,43.84702,-79.08983,300.0,70.463,23.5,704,271.68,271.68
2976,UMI,3,43.84702,-79.08312,300.0,67.437,22.5,652,259.92,259.92
2977,UMI,3,43.84702,-79.07641,300.0,57.985,19.3,576,225.15,225.15
2978,UMI,3,43.84702,-79.0697,300.0,59.399,19.8,530,221.38,221.38
2979,UMI,3,43.84702,-79.06299,300.0,51.436,17.1,468,194.57,194.57
2980,UMI,3,43.84702,-79.05629,300.0,41.871,14.0,370,150.25,150.25
2981,UMI,3,43.84702,-79.04958,300.0,43.958,14.7,410,162.46,162.46
2982,UMI,3,43.84702,-79.04287,300.0,45.154,15.1,440,175.06,175.06
2983,UMI,3,43.84702,-79.03616,300.0,68.221,22.7,561,240.3,240.3
2984,UMI,3,43.84702,-79.02945,300.0,65.399,21.8,650,255.59,255.59
2985,UMI,3,43.84702,-79.02274,300.0,85.822,28.6,746,300.63,300.63
2986,UMI,3,43.84702,-79.01604,300.0,88.785,29.6,824,328.19,328.19
2987,UMI,3,43.84702,-79.00933,300.0,68.178,22.7,681,265.09,265.09
2988,UMI,3,43.84702,-79.00262,300.0,40.576,13.5,415,166.32,166.32
2989,UMI,3,43.84702,-78.99591,300.0,26.346,8.8,246,95.6,95.6
2990,UMI,3,43.84702,-78.9892,300.0,18.55,6.2,214,82.48,82.48
2991,UMI,3,43.85121,-79.51579,300.0,44.263,14.8,403,167.77,167.77
2992,UMI,3,43.85121,-79.50909,300.0,75.638,25.2,699,289.4,289.4
2993,UMI,3,43.85121,-79.50238,300.0,72.883,24.3,740,264.19,264.19
2994,UMI,3,43.85121,-79.49567,300.0,77.715,25.9,699,274.83,274.83
2995,UMI,3,43.85121,-79.48896,300.0,55.35,18.5,557,225.44,225.44
2996,UMI,3,43.85121,-79.48225,300.0,37.639,12.5,372,141.93,141.93
2997,UMI,3,43.85121,-79.47554,300.0,37.41,12.5,342,132.87,132.87
2998,UMI,3,43.85121,-79.46884,300.0,49.729,16.6,517,198.07,198.07
2999,UMI,3,43.85121,-79.46213,300.0,82.655,27.6,709,293.26,293.26
3000,UMI,3,43.85121,-79.45542,300.0,88.226,29.4,873,347.55,347.55
3001,UMI,3,43.85121,-79.44871,300.0,83.207,27.7,862,316.73,316.73
3002,UMI,3,43.85121,-79.442,300.0,97.174,32.4,964,370.53,370.53
3003,UMI,3,43.85121,-79.4353,300.0,86.042,28.7,883,356.16,356.16
3004,UMI,3,43.85121,-79.42859,300.0,92.907,31.0,851,339.29,339.29
3005,UMI,3,43.85121,-79.42188,300.0,81.948,27.3,853,324.26,324.26
3006,UMI,3,43.85121,-79.41517,300.0,111.248,37.1,1014,408.44,408.44
3007,UMI,3,43.85121,-79.40846,300.0,97.831,32.6,1020,381.41,381.41
3008,UMI,3,43.85121,-79.40175,300.0,110.871,37.0,1065,418.19,418.19
3009,UMI,3,43.85121,-79.39505,300.0,88.699,29.6,803,307.22,307.22
3010,UMI,3,43.85121,-79.38834,300.0,55.66,18.6,538,209.53,209.53
3011,UMI,3,43.85121,-79.38163,300.0,39.535,13.2,367,152.79,152.79
3012,UMI,3,43.85121,-79.37492,300.0,30.274,10.1,255,114.62,114.62
3013,UMI,3,43.85121,-79.36821,300.0,26.81,8.9,237,88.22,88.22
3014,UMI,3,43.85121,-79.36151,300.0,37.8,12.6,336,127.4,127.4
3015,UMI,3,43.85121,-79.3548,300.0,43.622,14.5,425,169.01,169.01
3016,UMI,3,43.85121,-79.34809,300.0,40.292,13.4,400,145.85,145.85
3017,UMI,3,43.85121,-79.34138,300.0,37.328,12.4,376,147.36,147.36
3018,UMI,3,43.85121,-79.33467,300.0,33.966,11.3,350,139.12,139.12
3019,UMI,3,43.85121,-79.32797,300.0,37.831,12.6,363,148.37,148.37
3020,UMI,3,43.85121,-79.32126,300.0,22.758,7.6,263,90.21,90.21
3021,UMI,3,43.85121,-79.31455,300.0,23.31,7.8,245,87.41,87.41
3022,UMI,3,43.85121,-79.30784,300.0,36.359,12.1,339,144.29,144.29
3023,UMI,3,43.85121,-79.30113,300.0,48.507,16.2,539,206.4,206.4
3024,UMI,3,43.85121,-79.29442,300.0,52.247,17.4,539,215.49,215.49
3025,UMI,3,43.85121,-79.28772,300.0,60.081,20.0,604,228.11,228.11
3026,UMI,3,43.85121,-79.28101,300.0,60.646,20.2,625,231.82,231.82
3027,UMI,3,43.85121,-79.2743,300.0,59.418,19.8,552,215.88,215.88
3028,UMI,3,43.85121,-79.26759,300.0,65.796,21.9,567,238.89,238.89
3029,UMI,3,43.85121,-79.26088,300.0,51.783,17.3,545,198.33,198.33
3030,UMI,3,43.85121,-79.25418,300.0,50.935,17.0,554,207.9,207.9
3031,UMI,3,43.85121,-79.24747,300.0,48.429,16.1,457,182.19,182.19
3032,UMI,3,43.85121,-79.24076,300.0,35.93,12.0,402,146.15,146.15
3033,UMI,3,43.85121,-79.23405,300.0,36.52,12.2,317,121.53,121.53
3034,UMI,3,43.85121,-79.22734,300.0,22.831,7.6,248,90.96,90.96
3035,UMI,3,43.85121,-79.22063,300.0,26.36,8.8,197,85.24,85.24
3036,UMI,3,43.85121,-79.18039,300.0,8.566,2.9,64,25.37,25.37
3037,UMI,3,43.85121,-79.15355,300.0,4.652,1.6,66,20.96,20.96
3038,UMI,3,43.85121,-79.14014,300.0,7.233,2.4,82,29.32,29.32
3039,UMI,3,43.85121,-79.13343,300.0,8.716,2.9,95,39.2,39.2
3040,UMI,3,43.85121,-79.12001,300.0,22.971,7.7,254,95.28,95.28
3041,UMI,3,43.85121,-79.1133,300.0,52.089,17.4,498,200.82,200.82
3042,UMI,3,43.85121,-79.1066,300.0,57.157,19.1,594,234.22,234.22
3043,UMI,3,43.85121,-79.09989,300.0,56.765,18.9,568,224.83,224.83
3044,UMI,3,43.85121,-79.09318,300.0,48.725,16.2,518,191.18,191.18
3045,UMI,3,43.85121,-79.08647,300.0,52.504,17.5,556,205.9,205.9
3046,UMI,3,43.85121,-79.07976,300.0,61.301,20.4,591,235.64,235.64
3047,UMI,3,43.85121,-79.07306,300.0,47.031,15.7,464,172.59,172.59
3048,UMI,3,43.85121,-79.06635,300.0,54.679,18.2,538,214.85,214.85
3049,UMI,3,43.85121,-79.05964,300.0,62.788,20.9,554,227.01,227.01
3050,UMI,3,43.85121,-79.05293,300.0,76.521,25.5,741,288.83,288.83
3051,UMI,3,43.85121,-79.04622,300.0,78.358,26.1,734,302.02,302.02
3052,UMI,3,43.85121,-79.03951,300.0,75.391,25.1,744,290.25,290.25
3053,UMI,3,43.85121,-79.03281,300.0,79.619,26.5,788,312.36,312.36
3054,UMI,3,43.85121,-79.0261,300.0,84.679,28.2,858,340.52,340.52
3055,UMI,3,43.85121,-79.01939,300.0,66.64,22.2,726,268.03,268.03
3056,UMI,3,43.85121,-79.01268,300.0,58.312,19.4,584,222.08,222.08
3057,UMI,3,43.85121,-79.00597,300.0,32.983,11.0,347,125.08,125.08
3058,UMI,3,43.85121,-78.99927,300.0,19.164,6.4,182,75.74,75.74
3059,UMI,3,43.85121,-78.99256,300.0,13.314,4.4,144,63.25,63.25
3060,UMI,3,43.85541,-79.51244,300.0,50.197,16.7,553,220.09,220.09
3061,UMI,3,43.85541,-79.50573,300.0,59.703,19.9,678,246.55,246.55
3062,UMI,3,43.85541,-79.49902,300.0,68.309,22.8,667,247.67,247.67
3063,UMI,3,43.85541,-79.49231,300.0,56.161,18.7,562,228.1,228.1
3064,UMI,3,43.85541,-79.48561,300.0,35.869,12.0,361,140.78,140.78
3065,UMI,3,43.85541,-79.4789,300.0,26.584,8.9,302,105.32,105.32
3066,UMI,3,43.85541,-79.47219,300.0,56.773,18.9,458,194.44,194.44
3067,UMI,3,43.85541,-79.46548,300.0,63.335,21.1,613,237.88,237.88
3068,UMI,3,43.85541,-79.45877,300.0,87.586,29.2,848,343.32,343.32
3069,UMI,3,43.85541,-79.45207,300.0,100.351,33.5,970,392.38,392.38
3070,UMI,3,43.85541,-79.44536,300.0,101.633,33.9,834,351.2,351.2
3071,UMI,3,43.85541,-79.43865,300.0,88.088,29.4,903,348.78,348.78
3072,UMI,3,43.85541,-79.43194,300.0,75.929,25.3,740,302.29,302.29
3073,UMI,3,43.85541,-79.42523,300.0,88.422,29.5,842,342.05,342.05
3074,UMI,3,43.85541,-79.41853,300.0,96.564,32.2,883,357.37,357.37
3075,UMI,3,43.85541,-79.41182,300.0,97.677,32.6,949,372.56,372.56
3076,UMI,3,43.85541,-79.40511,300.0,112.051,37.4,1099,425.05,425.05
3077,UMI,3,43.85541,-79.3984,300.0,98.594,32.9,970,378.45,378.45
3078,UMI,3,43.85541,-79.39169,300.0,82.74,27.6,683,302.5,302.5
3079,UMI,3,43.85541,-79.38498,300.0,48.055,16.0,492,194.57,194.57
3080,UMI,3,43.85541,-79.37828,300.0,40.101,13.4,312,127.62,127.62
3081,UMI,3,43.85541,-79.37157,300.0,30.297,10.1,254,93.32,93.32
3082,UMI,3,43.85541,-79.36486,300.0,32.302,10.8,310,110.44,110.44
3083,UMI,3,43.85541,-79.35815,300.0,44.225,14.7,474,171.05,171.05
3084,UMI,3,43.85541,-79.35144,300.0,53.691,17.9,562,221.9,221.9
3085,UMI,3,43.85541,-79.34474,300.0,83.917,28.0,697,276.45,276.45
3086,UMI,3,43.85541,-79.33803,300.0,51.971,17.3,544,208.12,208.12
3087,UMI,3,43.85541,-79.33132,300.0,46.528,15.5,500,174.93,174.93
3088,UMI,3,43.85541,-79.32461,300.0,42.871,14.3,436,166.37,166.37
3089,UMI,3,43.85541,-79.3179,300.0,38.293,12.8,348,141.33,141.33
3090,UMI,3,43.85541,-79.31119,300.0,36.037,12.0,336,132.41,132.41
3091,UMI,3,43.85541,-79.30449,300.0,49.72,16.6,513,192.44,192.44
3092,UMI,3,43.85541,-79.29778,300.0,61.27,20.4,618,250.87,250.87
3093,UMI,3,43.85541,-79.29107,300.0,55.921,18.6,554,220.95,220.95
3094,UMI,3,43.85541,-79.28436,300.0,55.19,18.4,509,211.05,211.05
3095,UMI,3,43.85541,-79.27765,300.0,37.067,12.4,356,138.76,138.76
3096,UMI,3,43.85541,-79.27095,300.0,37.877,12.6,315,140.4,140.4
3097,UMI,3,43.85541,-79.26424,300.0,29.285,9.8,312,108.88,108.88
3098,UMI,3,43.85541,-79.25753,300.0,52.308,17.4,442,186.2,186.2
3099,UMI,3,43.85541,-79.25082,300.0,53.377,17.8,486,188.57,188.57
3100,UMI,3,43.85541,-79.24411,300.0,60.717,20.2,557,228.23,228.23
3101,UMI,3,43.85541,-79.23741,300.0,51.329,17.1,515,191.69,191.69
3102,UMI,3,43.85541,-79.2307,300.0,39.468,13.2,403,150.84,150.84
3103,UMI,3,43.85541,-79.22399,300.0,46.788,15.6,442,180.01,180.01
3104,UMI,3,43.85541,-79.21728,300.0,24.222,8.1,186,76.85,76.85
3105,UMI,3,43.85541,-79.20386,300.0,7.935,2.6,96,38.99,38.99
3106,UMI,3,43.85541,-79.12337,300.0,13.149,4.4,123,59.24,59.24
3107,UMI,3,43.85541,-79.11666,300.0,26.436,8.8,254,93.3,93.3
3108,UMI,3,43.85541,-79.10995,300.0,36.436,12.1,364,144.03,144.03
3109,UMI,3,43.85541,-79.10324,300.0,32.551,10.9,303,122.23,122.23
3110,UMI,3,43.85541,-79.09653,300.0,32.517,10.8,330,129.7,129.7
3111,UMI,3,43.85541,-79.08983,300.0,53.004,17.7,477,191.49,191.49
3112,UMI,3,43.85541,-79.08312,300.0,55.386,18.5,565,221.41,221.41
3113,UMI,3,43.85541,-79.07641,300.0,49.906,16.6,504,188.65,188.65
3114,UMI,3,43.85541,-79.0697,300.0,52.811,17.6,520,203.36,203.36
3115,UMI,3,43.85541,-79.06299,300.0,82.651,27.6,727,281.52,281.52
3116,UMI,3,43.85541,-79.05629,300.0,86.02,28.7,841,365.44,365.44
3117,UMI,3,43.85541,-79.04958,300.0,99.866,33.3,1042,402.56,402.56
3118,UMI,3,43.85541,-79.04287,300.0,96.096,32.0,947,365.32,365.32
3119,UMI,3,43.85541,-79.03616,300.0,109.075,36.4,938,394.39,394.39
3120,UMI,3,43.85541,-79.02945,300.0,102.367,34.1,970,397.58,397.58
3121,UMI,3,43.85541,-79.02274,300.0,83.241,27.7,801,319.55,319.55
3122,UMI,3,43.85541,-79.01604,300.0,64.076,21.4,551,217.53,217.53
3123,UMI,3,43.85541,-79.00933,300.0,39.93,13.3,323,133.54,133.54
3124,UMI,3,43.8596,-79.51579,300.0,34.977,11.7,356,133.86,133.86
3125,UMI,3,43.8596,-79.50909,300.0,56.035,18.7,541,215.95,215.95
3126,UMI,3,43.8596,-79.50238,300.0,59.849,19.9,494,200.48,200.48
3127,UMI,3,43.8596,-79.49567,300.0,40.094,13.4,416,159.61,159.61
3128,UMI,3,43.8596,-79.48896,300.0,35.254,11.8,359,134.28,134.28
3129,UMI,3,43.8596,-79.48225,300.0,29.884,10.0,282,113.35,113.35
3130,UMI,3,43.8596,-79.47554,300.0,42.88,14.3,328,130.93,130.93
3131,UMI,3,43.8596,-79.46884,300.0,46.911,15.6,466,198.45,198.45
3132,UMI,3,43.8596,-79.46213,300.0,77.003,25.7,754,303.58,303.58
3133,UMI,3,43.8596,-79.45542,300.0,87.563,29.2,885,331.65,331.65
3134,UMI,3,43.8596,-79.44871,300.0,95.216,31.7,933,377.08,377.08
3135,UMI,3,43.8596,-79.442,300.0,99.124,33.0,949,405.09,405.09
3136,UMI,3,43.8596,-79.4353,300.0,83.338,27.8,799,309.81,309.81
3137,UMI,3,43.8596,-79.42859,300.0,82.939,27.6,769,310.18,310.18
3138,UMI,3,43.8596,-79.42188,300.0,62.841,20.9,659,251.27,251.27
3139,UMI,3,43.8596,-79.41517,300.0,82.848,27.6,769,314.09,314.09
3140,UMI,3,43.8596,-79.40846,300.0,109.736,36.6,989,413.75,413.75
3141,UMI,3,43.8596,-79.40175,300.0,104.724,34.9,1080,406.01,406.01
3142,UMI,3,43.8596,-79.39505,300.0,93.817,31.3,969,379.92,379.92
3143,UMI,3,43.8596,-79.38834,300.0,52.44,17.5,579,211.41,211.41
3144,UMI,3,43.8596,-79.38163,300.0,42.746,14.2,346,134.38,134.38
3145,UMI,3,43.8596,-79.37492,300.0,30.72,10.2,255,108.51,108.51
3146,UMI,3,43.8596,-79.36821,300.0,36.236,12.1,275,110.61,110.61
3147,UMI,3,43.8596,-79.36151,300.0,48.16,16.1,496,192.38,192.38
3148,UMI,3,43.8596,-79.3548,300.0,69.646,23.2,683,251.93,251.93
3149,UMI,3,43.8596,-79.34809,300.0,82.922,27.6,773,313.18,313.18
3150,UMI,3,43.8596,-79.34138,300.0,86.807,28.9,843,308.1,308.1
3151,UMI,3,43.8596,-79.33467,300.0,81.62,27.2,843,312.19,312.19
3152,UMI,3,43.8596,-79.32797,300.0,76.746,25.6,772,292.98,292.98
3153,UMI,3,43.8596,-79.32126,300.0,72.303,24.1,654,268.69,268.69
3154,UMI,3,43.8596,-79.31455,300.0,50.165,16.7,512,193.41,193.41
3155,UMI,3,43.8596,-79.30784,300.0,49.719,16.6,469,191.26,191.26
3156,UMI,3,43.8596,-79.30113,300.0,59.464,19.8,648,245.42,245.42
3157,UMI,3,43.8596,-79.29442,300.0,59.431,19.8,606,236.23,236.23
3158,UMI,3,43.8596,-79.28772,300.0,67.923,22.6,624,247.1,247.1
3159,UMI,3,43.8596,-79.28101,300.0,41.574,13.9,402,159.42,159.42
3160,UMI,3,43.8596,-79.2743,300.0,25.791,8.6,224,82.44,82.44
3161,UMI,3,43.8596,-79.26759,300.0,22.183,7.4,199,84.04,84.04
3162,UMI,3,43.8596,-79.26088,300.0,29.154,9.7,283,116.85,116.85
3163,UMI,3,43.8596,-79.25418,300.0,51.791,17.3,495,192.21,192.21
3164,UMI,3,43.8596,-79.24747,300.0,63.469,21.2,585,232.99,232.99
3165,UMI,3,43.8596,-79.24076,300.0,57.876,19.3,522,223.9,223.9
3166,UMI,3,43.8596,-79.23405,300.0,62.783,20.9,555,220.86,220.86
3167,UMI,3,43.8596,-79.22734,300.0,52.932,17.6,505,197.36,197.36
3168,UMI,3,43.8596,-79.22063,300.0,46.887,15.6,414,179.22,179.22
3169,UMI,3,43.8596,-79.21393,300.0,21.329,7.1,199,81.43,81.43
3170,UMI,3,43.8596,-79.20722,300.0,9.495,3.2,96,37.07,37.07
3171,UMI,3,43.8596,-79.12672,300.0,7.611,2.5,64,25.94,25.94
3172,UMI,3,43.8596,-79.12001,300.0,9.416,3.1,97,35.2,35.2
3173,UMI,3,43.8596,-79.1133,300.0,17.133,5.7,161,64.23,64.23
3174,UMI,3,43.8596,-79.1066,300.0,15.225,5.1,191,64.69,64.69
3175,UMI,3,43.8596,-79.09989,300.0,18.531,6.2,166,69.28,69.28
3176,UMI,3,43.8596,-79.09318,300.0,27.817,9.3,281,102.66,102.66
3177,UMI,3,43.8596,-79.08647,300.0,55.191,18.4,570,216.04,216.04
3178,UMI,3,43.8596,-79.07976,300.0,56.011,18.7,525,200.0,200.0
3179,UMI,3,43.8596,-79.07306,300.0,43.788,14.6,425,176.66,176.66
3180,UMI,3,43.8596,-79.06635,300.0,77.051,25.7,780,308.4,308.4
3181,UMI,3,43.8596,-79.05964,300.0,93.811,31.3,998,396.42,396.42
3182,UMI,3,43.8596,-79.05293,300.0,115.213,38.4,1118,459.81,459.81
3183,UMI,3,43.8596,-79.04622,300.0,101.059,33.7,1082,403.53,403.53
3184,UMI,3,43.8596,-79.03951,300.0,94.376,31.5,928,358.18,358.18
3185,UMI,3,43.8596,-79.03281,300.0,87.887,29.3,936,353.67,353.67
3186,UMI,3,43.8596,-79.0261,300.0,84.539,28.2,830,340.4,340.4
3187,UMI,3,43.8596,-79.01939,300.0,47.437,15.8,544,201.79,201.79
3188,UMI,3,43.8638,-79.51244,300.0,37.46,12.5,384,151.42,151.42
3189,UMI,3,43.8638,-79.50573,300.0,28.18,9.4,328,117.46,117.46
3190,UMI,3,43.8638,-79.49902,300.0,30.673,10.2,290,114.43,114.43
3191,UMI,3,43.8638,-79.49231,300.0,28.883,9.6,221,97.44,97.44
3192,UMI,3,43.8638,-79.48561,300.0,29.767,9.9,296,119.69,119.69
3193,UMI,3,43.8638,-79.4789,300.0,29.849,9.9,293,98.44,98.44
3194,UMI,3,43.8638,-79.47219,300.0,40.213,13.4,385,151.21,151.21
3195,UMI,3,43.8638,-79.46548,300.0,74.954,25.0,698,267.93,267.93
3196,UMI,3,43.8638,-79.45877,300.0,85.227,28.4,841,344.94,344.94
3197,UMI,3,43.8638,-79.45207,300.0,84.347,28.1,875,321.33,321.33
3198,UMI,3,43.8638,-79.44536,300.0,102.936,34.3,959,385.28,385.28
3199,UMI,3,43.8638,-79.43865,300.0,88.533,29.5,884,357.6,357.6
3200,UMI,3,43.8638,-79.43194,300.0,81.246,27.1,863,333.45,333.45
3201,UMI,3,43.8638,-79.42523,300.0,82.901,27.6,718,305.69,305.69
3202,UMI,3,43.8638,-79.41853,300.0,62.804,20.9,664,246.07,246.07
3203,UMI,3,43.8638,-79.41182,300.0,79.307,26.4,832,313.08,313.08
3204,UMI,3,43.8638,-79.40511,300.0,98.669,32.9,1033,396.84,396.84
3205,UMI,3,43.8638,-79.3984,300.0,103.411,34.5,1068,403.88,403.88
3206,UMI,3,43.8638,-79.39169,300.0,82.904,27.6,786,316.18,316.18
3207,UMI,3,43.8638,-79.38498,300.0,38.781,12.9,408,151.28,151.28
3208,UMI,3,43.8638,-79.37828,300.0,24.764,8.3,262,97.29,97.29
3209,UMI,3,43.8638,-79.37157,300.0,23.117,7.7,217,83.96,83.96
3210,UMI,3,43.8638,-79.36486,300.0,36.464,12.2,389,144.23,144.23
3211,UMI,3,43.8638,-79.35815,300.0,76.586,25.5,699,286.34,286.34
3212,UMI,3,43.8638,-79.35144,300.0,104.116,34.7,973,384.73,384.73
3213,UMI,3,43.8638,-79.34474,300.0,104.284,34.8,993,388.87,388.87
3214,UMI,3,43.8638,-79.33803,300.0,115.677,38.6,1150,457.5,457.5
3215,UMI,3,43.8638,-79.33132,300.0,105.925,35.3,1102,425.46,425.46
3216,UMI,3,43.8638,-79.32461,300.0,93.503,31.2,951,358.94,358.94
3217,UMI,3,43.8638,-79.3179,300.0,87.948,29.3,809,334.89,334.89
3218,UMI,3,43.8638,-79.31119,300.0,73.469,24.5,670,272.35,272.35
3219,UMI,3,43.8638,-79.30449,300.0,62.122,20.7,573,234.48,234.48
3220,UMI,3,43.8638,-79.29778,300.0,60.839,20.3,585,237.97,237.97
3221,UMI,3,43.8638,-79.29107,300.0,55.677,18.6,617,213.44,213.44
3222,UMI,3,43.8638,-79.28436,300.0,51.356,17.1,535,198.34,198.34
3223,UMI,3,43.8638,-79.27765,300.0,41.592,13.9,406,158.67,158.67
3224,UMI,3,43.8638,-79.27095,300.0,30.373,10.1,312,119.24,119.24
3225,UMI,3,43.8638,-79.26424,300.0,30.747,10.2,259,107.78,107.78
3226,UMI,3,43.8638,-79.25753,300.0,40.028,13.3,354,136.24,136.24
3227,UMI,3,43.8638,-79.25082,300.0,58.697,19.6,492,219.55,219.55
3228,UMI,3,43.8638,-79.24411,300.0,59.712,19.9,559,226.44,226.44
3229,UMI,3,43.8638,-79.23741,300.0,60.549,20.2,588,225.73,225.73
3230,UMI,3,43.8638,-79.2307,300.0,58.069,19.4,546,216.82,216.82
3231,UMI,3,43.8638,-79.22399,300.0,55.092,18.4,528,199.04,199.04
3232,UMI,3,43.8638,-79.21728,300.0,47.417,15.8,404,157.38,157.38
3233,UMI,3,43.8638,-79.20386,300.0,9.069,3.0,102,39.96,39.96
3234,UMI,3,43.8638,-79.18374,300.0,1.705,0.6,38,8.75,8.75
3235,UMI,3,43.8638,-79.09653,300.0,20.647,6.9,169,77.65,77.65
3236,UMI,3,43.8638,-79.08983,300.0,32.478,10.8,308,120.06,120.06
3237,UMI,3,43.8638,-79.08312,300.0,37.75,12.6,408,145.29,145.29
3238,UMI,3,43.8638,-79.07641,300.0,31.482,10.5,357,133.99,133.99
3239,UMI,3,43.8638,-79.0697,300.0,52.207,17.4,513,202.07,202.07
3240,UMI,3,43.8638,-79.06299,300.0,101.648,33.9,994,376.82,376.82
3241,UMI,3,43.8638,-79.05629,300.0,110.763,36.9,1139,435.2,435.2
3242,UMI,3,43.8638,-79.04958,300.0,122.615,40.9,1150,451.49,451.49
3243,UMI,3,43.8638,-79.04287,300.0,90.38,30.1,941,367.4,367.4
3244,UMI,3,43.8638,-79.03616,300.0,74.253,24.8,753,285.74,285.74
3245,UMI,3,43.86799,-79.51579,300.0,24.24,8.1,256,102.17,102.17
3246,UMI,3,43.86799,-79.50909,300.0,20.803,6.9,230,83.74,83.74
3247,UMI,3,43.86799,-79.49567,300.0,12.261,4.1,137,47.13,47.13
3248,UMI,3,43.86799,-79.48896,300.0,23.08,7.7,236,86.5,86.5
3249,UMI,3,43.86799,-79.48225,300.0,29.933,10.0,299,105.39,105.39
3250,UMI,3,43.86799,-79.47554,300.0,34.089,11.4,360,131.78,131.78
3251,UMI,3,43.86799,-79.46884,300.0,54.725,18.2,580,224.59,224.59
3252,UMI,3,43.86799,-79.46213,300.0,80.648,26.9,804,320.74,320.74
3253,UMI,3,43.86799,-79.45542,300.0,79.169,26.4,857,327.95,327.95
3254,UMI,3,43.86799,-79.44871,300.0,80.321,26.8,818,310.05,310.05
3255,UMI,3,43.86799,-79.442,300.0,91.342,30.4,922,350.55,350.55
3256,UMI,3,43.86799,-79.4353,300.0,107.949,36.0,985,393.7,393.7
3257,UMI,3,43.86799,-79.42859,300.0,81.345,27.1,861,320.29,320.29
3258,UMI,3,43.86799,-79.42188,300.0,84.41,28.1,820,346.03,346.03
3259,UMI,3,43.86799,-79.41517,300.0,89.201,29.7,827,339.66,339.66
3260,UMI,3,43.86799,-79.40846,300.0,92.157,30.7,991,366.19,366.19
3261,UMI,3,43.86799,-79.40175,300.0,106.603,35.5,1002,372.28,372.28
3262,UMI,3,43.86799,-79.39505,300.0,100.386,33.5,952,382.83,382.83
3263,UMI,3,43.86799,-79.38834,300.0,60.752,20.3,623,251.53,251.53
3264,UMI,3,43.86799,-79.38163,300.0,33.135,11.0,343,120.96,120.96
3265,UMI,3,43.86799,-79.37492,300.0,23.275,7.8,245,90.88,90.88
3266,UMI,3,43.86799,-79.36821,300.0,30.744,10.2,301,111.41,111.41
3267,UMI,3,43.86799,-79.36151,300.0,62.891,21.0,571,232.56,232.56
3268,UMI,3,43.86799,-79.3548,300.0,91.471,30.5,912,354.69,354.69
3269,UMI,3,43.86799,-79.34809,300.0,117.633,39.2,1090,420.32,420.32
3270,UMI,3,43.86799,-79.34138,300.0,127.369,42.5,1178,461.86,461.86
3271,UMI,3,43.86799,-79.33467,300.0,116.549,38.8,1081,448.7,448.7
3272,UMI,3,43.86799,-79.32797,300.0,99.908,33.3,963,402.67,402.67
3273,UMI,3,43.86799,-79.32126,300.0,96.719,32.2,930,383.53,383.53
3274,UMI,3,43.86799,-79.31455,300.0,90.438,30.1,827,344.52,344.52
3275,UMI,3,43.86799,-79.30784,300.0,76.273,25.4,721,289.74,289.74
3276,UMI,3,43.86799,-79.30113,300.0,66.059,22.0,671,269.53,269.53
3277,UMI,3,43.86799,-79.29442,300.0,73.455,24.5,688,271.22,271.22
3278,UMI,3,43.86799,-79.28772,300.0,60.535,20.2,614,235.29,235.29
3279,UMI,3,43.86799,-79.28101,300.0,57.9,19.3,533,230.57,230.57
3280,UMI,3,43.86799,-79.2743,300.0,57.612,19.2,572,211.14,211.14
3281,UMI,3,43.86799,-79.26759,300.0,44.864,15.0,472,185.0,185.0
3282,UMI,3,43.86799,-79.26088,300.0,43.368,14.5,412,151.72,151.72
3283,UMI,3,43.86799,-79.25418,300.0,54.083,18.0,563,212.88,212.88
3284,UMI,3,43.86799,-79.24747,300.0,66.737,22.2,573,231.77,231.77
3285,UMI,3,43.86799,-79.24076,300.0,62.012,20.7,599,229.62,229.62
3286,UMI,3,43.86799,-79.23405,300.0,51.805,17.3,539,208.26,208.26
3287,UMI,3,43.86799,-79.22734,300.0,53.428,17.8,505,176.18,176.18
3288,UMI,3,43.86799,-79.22063,300.0,46.068,15.4,484,175.53,175.53
3289,UMI,3,43.86799,-79.21393,300.0,31.29,10.4,321,108.08,108.08
3290,UMI,3,43.86799,-79.20722,300.0,14.066,4.7,128,56.71,56.71
3291,UMI,3,43.86799,-79.20051,300.0,5.697,1.9,63,24.33,24.33
3292,UMI,3,43.86799,-79.17368,300.0,2.897,1.0,36,13.67,13.67
3293,UMI,3,43.86799,-79.09318,300.0,15.047,5.0,142,54.07,54.07
3294,UMI,3,43.86799,-79.08647,300.0,26.602,8.9,232,89.04,89.04
3295,UMI,3,43.86799,-79.07976,300.0,25.466,8.5,313,116.68,116.68
3296,UMI,3,43.86799,-79.07306,300.0,36.24,12.1,357,124.77,124.77
3297,UMI,3,43.86799,-79.06635,300.0,53.439,17.8,569,211.84,211.84
3298,UMI,3,43.86799,-79.05964,300.0,89.067,29.7,855,337.37,337.37
3299,UMI,3,43.86799,-79.05293,300.0,95.951,32.0,891,366.84,366.84
3300,UMI,3,43.86799,-79.04622,300.0,71.873,24.0,779,302.08,302.08
3301,UMI,3,43.87219,-79.51244,300.0,20.245,6.7,173,87.53,87.53
3302,UMI,3,43.87219,-79.49902,300.0,7.228,2.4,89,27.78,27.78
3303,UMI,3,43.87219,-79.48561,300.0,27.206,9.1,258,112.4,112.4
3304,UMI,3,43.87219,-79.4789,300.0,42.359,14.1,424,168.19,168.19
3305,UMI,3,43.87219,-79.47219,300.0,59.429,19.8,550,205.61,205.61
3306,UMI,3,43.87219,-79.46548,300.0,68.096,22.7,676,266.95,266.95
3307,UMI,3,43.87219,-79.45877,300.0,88.377,29.5,881,334.99,334.99
3308,UMI,3,43.87219,-79.45207,300.0,83.192,27.7,825,307.94,307.94
3309,UMI,3,43.87219,-79.44536,300.0,98.659,32.9,873,363.85,363.85
3310,UMI,3,43.87219,-79.43865,300.0,92.133,30.7,918,353.59,353.59
3311,UMI,3,43.87219,-79.43194,300.0,108.361,36.1,1003,405.09,405.09
3312,UMI,3,43.87219,-79.42523,300.0,93.516,31.2,839,332.55,332.55
3313,UMI,3,43.87219,-79.41853,300.0,94.884,31.6,944,372.38,372.38
3314,UMI,3,43.87219,-79.41182,300.0,104.655,34.9,1051,412.47,412.47
3315,UMI,3,43.87219,-79.40511,300.0,111.796,37.3,1044,408.21,408.21
3316,UMI,3,43.87219,-79.3984,300.0,104.213,34.7,978,385.04,385.04
3317,UMI,3,43.87219,-79.39169,300.0,78.797,26.3,757,315.04,315.04
3318,UMI,3,43.87219,-79.38498,300.0,39.646,13.2,415,164.84,164.84
3319,UMI,3,43.87219,-79.37828,300.0,19.943,6.6,229,84.24,84.24
3320,UMI,3,43.87219,-79.37157,300.0,49.854,16.6,382,166.63,166.63
3321,UMI,3,43.87219,-79.36486,300.0,67.321,22.4,563,240.46,240.46
3322,UMI,3,43.87219,-79.35815,300.0,90.974,30.3,838,352.24,352.24
3323,UMI,3,43.87219,-79.35144,300.0,114.987,38.3,1060,426.81,426.81
3324,UMI,3,43.87219,-79.34474,300.0,112.409,37.5,1024,396.62,396.62
3325,UMI,3,43.87219,-79.33803,300.0,102.331,34.1,995,389.0,389.0
3326,UMI,3,43.87219,-79.33132,300.0,91.316,30.4,850,328.95,328.95
3327,UMI,3,43.87219,-79.32461,300.0,80.231,26.7,773,303.39,303.39
3328,UMI,3,43.87219,-79.3179,300.0,64.531,21.5,761,258.78,258.78
3329,UMI,3,43.87219,-79.31119,300.0,80.772,26.9,841,324.35,324.35
3330,UMI,3,43.87219,-79.30449,300.0,100.101,33.4,898,367.76,367.76
3331,UMI,3,43.87219,-79.29778,300.0,89.103,29.7,881,346.95,346.95
3332,UMI,3,43.87219,-79.29107,300.0,98.051,32.7,857,342.02,342.02
3333,UMI,3,43.87219,-79.28436,300.0,73.178,24.4,686,257.49,257.49
3334,UMI,3,43.87219,-79.27765,300.0,73.76,24.6,785,292.34,292.34
3335,UMI,3,43.87219,-79.27095,300.0,75.038,25.0,767,302.57,302.57
3336,UMI,3,43.87219,-79.26424,300.0,67.466,22.5,682,276.84,276.84
3337,UMI,3,43.87219,-79.25753,300.0,67.685,22.6,656,257.27,257.27
3338,UMI,3,43.87219,-79.25082,300.0,65.592,21.9,627,253.08,253.08
3339,UMI,3,43.87219,-79.24411,300.0,84.958,28.3,755,324.34,324.34
3340,UMI,3,43.87219,-79.23741,300.0,75.6,25.2,707,265.71,265.71
3341,UMI,3,43.87219,-79.2307,300.0,55.962,18.7,490,213.19,213.19
3342,UMI,3,43.87219,-79.22399,300.0,39.883,13.3,367,149.88,149.88
3343,UMI,3,43.87219,-79.21728,300.0,29.865,10.0,275,106.64,106.64
3344,UMI,3,43.87219,-79.21057,300.0,17.846,5.9,177,63.88,63.88
3345,UMI,3,43.87219,-79.19716,300.0,5.101,1.7,54,22.87,22.87
3346,UMI,3,43.87219,-79.12337,300.0,2.651,0.9,49,14.03,14.03
3347,UMI,3,43.87219,-79.10995,300.0,3.13,1.0,42,17.36,17.36
3348,UMI,3,43.87219,-79.09653,300.0,12.462,4.2,118,53.29,53.29
3349,UMI,3,43.87219,-79.08983,300.0,16.344,5.4,144,57.85,57.85
3350,UMI,3,43.87219,-79.08312,300.0,13.912,4.6,173,57.33,57.33
3351,UMI,3,43.87219,-79.07641,300.0,25.006,8.3,205,98.82,98.82
3352,UMI,3,43.87219,-79.0697,300.0,26.397,8.8,304,105.77,105.77
3353,UMI,3,43.87219,-79.06299,300.0,48.18,16.1,490,195.49,195.49
3354,UMI,3,43.87219,-79.05629,300.0,47.685,15.9,507,185.71,185.71
3355,UMI,3,43.87638,-79.49567,300.0,10.685,3.6,111,42.08,42.08
3356,UMI,3,43.87638,-79.48896,300.0,21.144,7.0,210,76.9,76.9
3357,UMI,3,43.87638,-79.48225,300.0,41.604,13.9,373,140.88,140.88
3358,UMI,3,43.87638,-79.47554,300.0,47.57,15.9,500,192.82,192.82
3359,UMI,3,43.87638,-79.46884,300.0,63.143,21.0,592,260.52,260.52
3360,UMI,3,43.87638,-79.46213,300.0,80.026,26.7,787,329.56,329.56
3361,UMI,3,43.87638,-79.45542,300.0,79.521,26.5,802,299.41,299.41
3362,UMI,3,43.87638,-79.44871,300.0,108.986,36.3,883,355.05,355.05
3363,UMI,3,43.87638,-79.442,300.0,110.324,36.8,1016,404.83,404.83
3364,UMI,3,43.87638,-79.4353,300.0,104.099,34.7,968,385.16,385.16
3365,UMI,3,43.87638,-79.42859,300.0,90.514,30.2,852,345.8,345.8
3366,UMI,3,43.87638,-79.42188,300.0,104.765,34.9,1049,420.63,420.63
3367,UMI,3,43.87638,-79.41517,300.0,92.083,30.7,985,367.3,367.3
3368,UMI,3,43.87638,-79.40846,300.0,92.793,30.9,962,367.19,367.19
3369,UMI,3,43.87638,-79.40175,300.0,103.966,34.7,1026,390.09,390.09
3370,UMI,3,43.87638,-79.39505,300.0,92.96,31.0,909,366.45,366.45
3371,UMI,3,43.87638,-79.38834,300.0,49.37,16.5,486,185.67,185.67
3372,UMI,3,43.87638,-79.38163,300.0,35.395,11.8,283,109.72,109.72
3373,UMI,3,43.87638,-79.37492,300.0,36.834,12.3,339,137.61,137.61
3374,UMI,3,43.87638,-79.36821,300.0,74.009,24.7,670,288.81,288.81
3375,UMI,3,43.87638,-79.36151,300.0,94.902,31.6,825,335.59,335.59
3376,UMI,3,43.87638,-79.3548,300.0,95.662,31.9,928,365.42,365.42
3377,UMI,3,43.87638,-79.34809,300.0,94.854,31.6,969,372.8,372.8
3378,UMI,3,43.87638,-79.34138,300.0,87.222,29.1,776,318.86,318.86
3379,UMI,3,43.87638,-79.33467,300.0,74.64,24.9,690,289.73,289.73
3380,UMI,3,43.87638,-79.32797,300.0,56.222,18.7,545,206.27,206.27
3381,UMI,3,43.87638,-79.32126,300.0,51.837,17.3,584,222.85,222.85
3382,UMI,3,43.87638,-79.31455,300.0,81.807,27.3,761,309.81,309.81
3383,UMI,3,43.87638,-79.30784,300.0,101.186,33.7,993,379.96,379.96
3384,UMI,3,43.87638,-79.30113,300.0,100.473,33.5,1019,394.17,394.17
3385,UMI,3,43.87638,-79.29442,300.0,105.256,35.1,1067,412.51,412.51
3386,UMI,3,43.87638,-79.28772,300.0,95.723,31.9,884,355.98,355.98
3387,UMI,3,43.87638,-79.28101,300.0,93.606,31.2,850,355.98,355.98
3388,UMI,3,43.87638,-79.2743,300.0,93.45,31.1,861,348.42,348.42
3389,UMI,3,43.87638,-79.26759,300.0,93.199,31.1,892,355.71,355.71
3390,UMI,3,43.87638,-79.26088,300.0,81.848,27.3,834,330.83,330.83
3391,UMI,3,43.87638,-79.25418,300.0,76.94,25.6,729,296.56,296.56
3392,UMI,3,43.87638,-79.24747,300.0,102.987,34.3,890,355.8,355.8
3393,UMI,3,43.87638,-79.24076,300.0,90.137,30.0,912,351.89,351.89
3394,UMI,3,43.87638,-79.23405,300.0,68.286,22.8,730,261.56,261.56
3395,UMI,3,43.87638,-79.22734,300.0,43.292,14.4,413,159.86,159.86
3396,UMI,3,43.87638,-79.22063,300.0,23.654,7.9,239,98.18,98.18
3397,UMI,3,43.87638,-79.21393,300.0,13.201,4.4,147,49.95,49.95
3398,UMI,3,43.87638,-79.20722,300.0,11.376,3.8,113,44.77,44.77
3399,UMI,3,43.87638,-79.09989,300.0,10.711,3.6,96,39.91,39.91
3400,UMI,3,43.87638,-79.09318,300.0,13.679,4.6,174,65.5,65.5
3401,UMI,3,43.87638,-79.08647,300.0,14.98,5.0,179,65.0,65.0
3402,UMI,3,43.87638,-79.07976,300.0,17.517,5.8,157,69.51,69.51
3403,UMI,3,43.87638,-79.07306,300.0,11.701,3.9,149,52.49,52.49
3404,UMI,3,43.88058,-79.51244,300.0,10.528,3.5,90,36.46,36.46
3405,UMI,3,43.88058,-79.49902,300.0,10.394,3.5,116,45.19,45.19
3406,UMI,3,43.88058,-79.49231,300.0,13.281,4.4,160,59.14,59.14
3407,UMI,3,43.88058,-79.48561,300.0,29.385,9.8,264,106.47,106.47
3408,UMI,3,43.88058,-79.4789,300.0,43.429,14.5,430,157.67,157.67
3409,UMI,3,43.88058,-79.47219,300.0,55.075,18.4,568,228.61,228.61
3410,UMI,3,43.88058,-79.46548,300.0,89.082,29.7,739,297.65,297.65
3411,UMI,3,43.88058,-79.45877,300.0,82.047,27.3,735,323.25,323.25
3412,UMI,3,43.88058,-79.45207,300.0,90.263,30.1,850,346.27,346.27
3413,UMI,3,43.88058,-79.44536,300.0,104.823,34.9,963,390.41,390.41
3414,UMI,3,43.88058,-79.43865,300.0,98.103,32.7,948,370.05,370.05
3415,UMI,3,43.88058,-79.43194,300.0,80.239,26.7,840,323.78,323.78
3416,UMI,3,43.88058,-79.42523,300.0,82.307,27.4,855,323.6,323.6
3417,UMI,3,43.88058,-79.41853,300.0,111.996,37.3,1036,405.83,405.83
3418,UMI,3,43.88058,-79.41182,300.0,121.759,40.6,981,417.49,417.49
3419,UMI,3,43.88058,-79.40511,300.0,97.938,32.6,949,382.1,382.1
3420,UMI,3,43.88058,-79.3984,300.0,89.309,29.8,873,341.32,341.32
3421,UMI,3,43.88058,-79.39169,300.0,58.254,19.4,532,221.35,221.35
3422,UMI,3,43.88058,-79.38498,300.0,21.212,7.1,260,99.72,99.72
3423,UMI,3,43.88058,-79.37828,300.0,28.567,9.5,292,116.21,116.21
3424,UMI,3,43.88058,-79.37157,300.0,68.128,22.7,615,253.43,253.43
3425,UMI,3,43.88058,-79.36486,300.0,72.171,24.1,720,278.75,278.75
3426,UMI,3,43.88058,-79.35815,300.0,74.003,24.7,719,297.97,297.97
3427,UMI,3,43.88058,-79.35144,300.0,78.083,26.0,826,314.36,314.36
3428,UMI,3,43.88058,-79.34474,300.0,68.911,23.0,683,259.42,259.42
3429,UMI,3,43.88058,-79.33803,300.0,47.952,16.0,432,178.82,178.82
3430,UMI,3,43.88058,-79.33132,300.0,38.22,12.7,354,146.08,146.08
3431,UMI,3,43.88058,-79.32461,300.0,33.189,11.1,357,130.36,130.36
3432,UMI,3,43.88058,-79.3179,300.0,49.23,16.4,504,191.18,191.18
3433,UMI,3,43.88058,-79.31119,300.0,88.091,29.4,878,337.79,337.79
3434,UMI,3,43.88058,-79.30449,300.0,97.932,32.6,986,391.54,391.54
3435,UMI,3,43.88058,-79.29778,300.0,116.589,38.9,1135,463.17,463.17
3436,UMI,3,43.88058,-79.29107,300.0,110.706,36.9,1075,423.3,423.3
3437,UMI,3,43.88058,-79.28436,300.0,93.952,31.3,994,381.56,381.56
3438,UMI,3,43.88058,-79.27765,300.0,98.864,33.0,890,373.37,373.37
3439,UMI,3,43.88058,-79.27095,300.0,96.427,32.1,986,391.8,391.8
3440,UMI,3,43.88058,-79.26424,300.0,107.991,36.0,930,370.5,370.5
3441,UMI,3,43.88058,-79.25753,300.0,94.388,31.5,879,372.97,372.97
3442,UMI,3,43.88058,-79.25082,300.0,99.038,33.0,946,378.81,378.81
3443,UMI,3,43.88058,-79.24411,300.0,115.513,38.5,1044,421.26,421.26
3444,UMI,3,43.88058,-79.23741,300.0,93.376,31.1,975,381.09,381.09
3445,UMI,3,43.88058,-79.2307,300.0,59.568,19.9,552,212.3,212.3
3446,UMI,3,43.88058,-79.22399,300.0,33.587,11.2,310,122.25,122.25
3447,UMI,3,43.88058,-79.21728,300.0,21.889,7.3,193,90.73,90.73
3448,UMI,3,43.88058,-79.21057,300.0,9.906,3.3,108,46.1,46.1
3449,UMI,3,43.88058,-79.09653,300.0,8.835,2.9,102,42.94,42.94
3450,UMI,3,43.88058,-79.08983,300.0,13.41,4.5,151,57.1,57.1
3451,UMI,3,43.88058,-79.08312,300.0,12.681,4.2,151,56.02,56.02
3452,UMI,3,43.88058,-79.07641,300.0,11.566,3.9,85,39.72,39.72
3453,UMI,3,43.88477,-79.51579,300.0,21.433,7.1,189,82.57,82.57
3454,UMI,3,43.88477,-79.50909,300.0,11.016,3.7,138,48.39,48.39
3455,UMI,3,43.88477,-79.50238,300.0,13.71,4.6,146,58.91,58.91
3456,UMI,3,43.88477,-79.49567,300.0,23.93,8.0,253,86.02,86.02
3457,UMI,3,43.88477,-79.48896,300.0,20.063,6.7,164,70.51,70.51
3458,UMI,3,43.88477,-79.48225,300.0,26.287,8.8,239,97.28,97.28
3459,UMI,3,43.88477,-79.47554,300.0,32.362,10.8,378,140.25,140.25
3460,UMI,3,43.88477,-79.46884,300.0,55.525,18.5,530,197.98,197.98
3461,UMI,3,43.88477,-79.46213,300.0,64.824,21.6,713,260.68,260.68
3462,UMI,3,43.88477,-79.45542,300.0,99.998,33.3,909,372.88,372.88
3463,UMI,3,43.88477,-79.44871,300.0,98.851,33.0,938,377.97,377.97
3464,UMI,3,43.88477,-79.442,300.0,89.658,29.9,859,357.85,357.85
3465,UMI,3,43.88477,-79.4353,300.0,64.963,21.7,685,265.77,265.77
3466,UMI,3,43.88477,-79.42859,300.0,78.569,26.2,816,319.78,319.78
3467,UMI,3,43.88477,-79.42188,300.0,100.607,33.5,942,367.9,367.9
3468,UMI,3,43.88477,-79.41517,300.0,102.444,34.1,982,389.54,389.54
3469,UMI,3,43.88477,-79.40846,300.0,92.812,30.9,993,382.75,382.75
3470,UMI,3,43.88477,-79.40175,300.0,83.955,28.0,881,350.32,350.32
3471,UMI,3,43.88477,-79.39505,300.0,60.802,20.3,646,241.54,241.54
3472,UMI,3,43.88477,-79.38834,300.0,39.455,13.2,324,138.93,138.93
3473,UMI,3,43.88477,-79.38163,300.0,31.623,10.5,285,107.17,107.17
3474,UMI,3,43.88477,-79.37492,300.0,39.373,13.1,397,152.58,152.58
3475,UMI,3,43.88477,-79.36821,300.0,56.767,18.9,589,220.86,220.86
3476,UMI,3,43.88477,-79.36151,300.0,50.112,16.7,513,213.62,213.62
3477,UMI,3,43.88477,-79.3548,300.0,51.887,17.3,484,187.92,187.92
3478,UMI,3,43.88477,-79.34809,300.0,51.351,17.1,498,183.23,183.23
3479,UMI,3,43.88477,-79.34138,300.0,46.782,15.6,399,163.98,163.98
3480,UMI,3,43.88477,-79.33467,300.0,38.592,12.9,376,152.16,152.16
3481,UMI,3,43.88477,-79.32797,300.0,30.837,10.3,316,129.97,129.97
3482,UMI,3,43.88477,-79.32126,300.0,34.609,11.5,358,136.89,136.89
3483,UMI,3,43.88477,-79.31455,300.0,74.423,24.8,771,299.45,299.45
3484,UMI,3,43.88477,-79.30784,300.0,111.853,37.3,1017,418.73,418.73
3485,UMI,3,43.88477,-79.30113,300.0,109.184,36.4,1001,396.19,396.19
3486,UMI,3,43.88477,-79.29442,300.0,118.047,39.3,1091,437.08,437.08
3487,UMI,3,43.88477,-79.28772,300.0,103.973,34.7,1024,387.43,387.43
3488,UMI,3,43.88477,-79.28101,300.0,93.205,31.1,1006,365.35,365.35
3489,UMI,3,43.88477,-79.2743,300.0,93.466,31.2,933,364.0,364.0
3490,UMI,3,43.88477,-79.26759,300.0,95.873,32.0,1004,398.69,398.69
3491,UMI,3,43.88477,-79.26088,300.0,99.33,33.1,960,381.31,381.31
3492,UMI,3,43.88477,-79.25418,300.0,102.502,34.2,988,383.18,383.18
3493,UMI,3,43.88477,-79.24747,300.0,101.89,34.0,1074,410.8,410.8
3494,UMI,3,43.88477,-79.24076,300.0,115.335,38.4,1121,431.83,431.83
3495,UMI,3,43.88477,-79.23405,300.0,96.88,32.3,902,342.95,342.95
3496,UMI,3,43.88477,-79.22734,300.0,72.253,24.1,616,269.26,269.26
3497,UMI,3,43.88477,-79.22063,300.0,45.227,15.1,402,170.69,170.69
3498,UMI,3,43.88477,-79.21393,300.0,23.798,7.9,218,95.02,95.02
3499,UMI,3,43.88477,-79.20722,300.0,11.046,3.7,119,46.69,46.69
3500,UMI,3,43.88477,-79.16697,300.0,4.898,1.6,46,21.37,21.37
3501,UMI,3,43.88477,-79.16026,300.0,4.586,1.5,50,19.73,19.73
3502,UMI,3,43.88477,-79.08647,300.0,11.092,3.7,95,40.98,40.98
3503,UMI,3,43.88897,-79.51915,300.0,21.009,7.0,205,96.97,96.97
3504,UMI,3,43.88897,-79.51244,300.0,28.04,9.3,216,90.85,90.85
3505,UMI,3,43.88897,-79.50573,300.0,18.799,6.3,196,74.64,74.64
3506,UMI,3,43.88897,-79.49902,300.0,24.982,8.3,272,99.1,99.1
3507,UMI,3,43.88897,-79.49231,300.0,18.264,6.1,196,73.98,73.98
3508,UMI,3,43.88897,-79.4789,300.0,27.848,9.3,257,107.09,107.09
3509,UMI,3,43.88897,-79.47219,300.0,46.565,15.5,380,157.02,157.02
3510,UMI,3,43.88897,-79.46548,300.0,66.545,22.2,674,258.08,258.08
3511,UMI,3,43.88897,-79.45877,300.0,95.278,31.8,860,342.9,342.9
3512,UMI,3,43.88897,-79.45207,300.0,103.009,34.3,990,387.31,387.31
3513,UMI,3,43.88897,-79.44536,300.0,90.647,30.2,897,344.02,344.02
3514,UMI,3,43.88897,-79.43865,300.0,74.317,24.8,702,290.92,290.92
3515,UMI,3,43.88897,-79.43194,300.0,83.859,28.0,788,338.49,338.49
3516,UMI,3,43.88897,-79.42523,300.0,90.447,30.1,858,325.4,325.4
3517,UMI,3,43.88897,-79.41853,300.0,87.216,29.1,799,330.67,330.67
3518,UMI,3,43.88897,-79.41182,300.0,95.731,31.9,762,325.56,325.56
3519,UMI,3,43.88897,-79.40511,300.0,77.572,25.9,685,279.08,279.08
3520,UMI,3,43.88897,-79.3984,300.0,60.911,20.3,618,235.38,235.38
3521,UMI,3,43.88897,-79.39169,300.0,38.105,12.7,411,153.76,153.76
3522,UMI,3,43.88897,-79.38498,300.0,23.021,7.7,255,91.88,91.88
3523,UMI,3,43.88897,-79.37828,300.0,37.851,12.6,370,141.06,141.06
3524,UMI,3,43.88897,-79.37157,300.0,51.573,17.2,475,189.78,189.78
3525,UMI,3,43.88897,-79.36486,300.0,49.665,16.6,485,187.0,187.0
3526,UMI,3,43.88897,-79.35815,300.0,44.836,14.9,441,172.46,172.46
3527,UMI,3,43.88897,-79.35144,300.0,37.478,12.5,378,149.02,149.02
3528,UMI,3,43.88897,-79.34474,300.0,27.33,9.1,317,112.55,112.55
3529,UMI,3,43.88897,-79.33803,300.0,33.261,11.1,359,139.39,139.39
3530,UMI,3,43.88897,-79.33132,300.0,34.287,11.4,320,131.48,131.48
3531,UMI,3,43.88897,-79.32461,300.0,38.308,12.8,414,157.37,157.37
3532,UMI,3,43.88897,-79.3179,300.0,67.778,22.6,609,261.41,261.41
3533,UMI,3,43.88897,-79.31119,300.0,85.105,28.4,875,339.21,339.21
3534,UMI,3,43.88897,-79.30449,300.0,94.517,31.5,937,357.94,357.94
3535,UMI,3,43.88897,-79.29778,300.0,101.598,33.9,972,389.47,389.47
3536,UMI,3,43.88897,-79.29107,300.0,107.131,35.7,1073,421.22,421.22
3537,UMI,3,43.88897,-79.28436,300.0,96.841,32.3,1044,384.72,384.72
3538,UMI,3,43.88897,-79.27765,300.0,100.313,33.4,959,382.25,382.25
3539,UMI,3,43.88897,-79.27095,300.0,91.01,30.3,965,378.32,378.32
3540,UMI,3,43.88897,-79.26424,300.0,110.649,36.9,999,407.72,407.72
3541,UMI,3,43.88897,-79.25753,300.0,101.442,33.8,961,404.62,404.62
3542,UMI,3,43.88897,-79.25082,300.0,108.557,36.2,1045,403.75,403.75
3543,UMI,3,43.88897,-79.24411,300.0,120.135,40.0,1165,467.33,467.33
3544,UMI,3,43.88897,-79.23741,300.0,115.435,38.5,1124,442.57,442.57
3545,UMI,3,43.88897,-79.2307,300.0,101.953,34.0,932,376.35,376.35
3546,UMI,3,43.88897,-79.22399,300.0,62.257,20.8,658,239.08,239.08
3547,UMI,3,43.88897,-79.21728,300.0,43.566,14.5,473,186.25,186.25
3548,UMI,3,43.88897,-79.21057,300.0,19.25,6.4,221,82.96,82.96
3549,UMI,3,43.88897,-79.15691,300.0,4.488,1.5,53,20.95,20.95
3550,UMI,3,43.88897,-79.08312,300.0,3.827,1.3,40,17.29,17.29
3551,UMI,3,43.88897,-79.07641,300.0,4.571,1.5,52,19.1,19.1
3552,UMI,3,43.88897,-79.0697,300.0,5.323,1.8,44,17.57,17.57
3553,UMI,3,43.89316,-79.51579,300.0,21.637,7.2,215,77.02,77.02
3554,UMI,3,43.89316,-79.50909,300.0,28.391,9.5,210,92.18,92.18
3555,UMI,3,43.89316,-79.50238,300.0,34.598,11.5,254,99.99,99.99
3556,UMI,3,43.89316,-79.49567,300.0,19.178,6.4,192,73.07,73.07
3557,UMI,3,43.89316,-79.48896,300.0,14.27,4.8,137,54.68,54.68
3558,UMI,3,43.89316,-79.48225,300.0,15.199,5.1,158,62.74,62.74
3559,UMI,3,43.89316,-79.47554,300.0,30.097,10.0,291,115.37,115.37
3560,UMI,3,43.89316,-79.46884,300.0,53.458,17.8,473,185.85,185.85
3561,UMI,3,43.89316,-79.46213,300.0,81.308,27.1,749,297.82,297.82
3562,UMI,3,43.89316,-79.45542,300.0,102.736,34.2,938,382.52,382.52
3563,UMI,3,43.89316,-79.44871,300.0,81.978,27.3,843,309.58,309.58
3564,UMI,3,43.89316,-79.442,300.0,64.403,21.5,711,273.44,273.44
3565,UMI,3,43.89316,-79.4353,300.0,75.497,25.2,756,298.38,298.38
3566,UMI,3,43.89316,-79.42859,300.0,85.072,28.4,709,315.38,315.38
3567,UMI,3,43.89316,-79.42188,300.0,72.129,24.0,678,265.92,265.92
3568,UMI,3,43.89316,-79.41517,300.0,68.307,22.8,570,231.13,231.13
3569,UMI,3,43.89316,-79.40846,300.0,56.99,19.0,560,231.47,231.47
3570,UMI,3,43.89316,-79.40175,300.0,60.1,20.0,597,228.88,228.88
3571,UMI,3,43.89316,-79.39505,300.0,40.946,13.6,454,152.98,152.98
3572,UMI,3,43.89316,-79.38834,300.0,23.133,7.7,243,94.11,94.11
3573,UMI,3,43.89316,-79.38163,300.0,27.321,9.1,268,99.9,99.9
3574,UMI,3,43.89316,-79.37492,300.0,61.064,20.4,544,214.66,214.66
3575,UMI,3,43.89316,-79.36821,300.0,44.724,14.9,496,179.7,179.7
3576,UMI,3,43.89316,-79.36151,300.0,35.036,11.7,328,132.79,132.79
3577,UMI,3,43.89316,-79.3548,300.0,23.2,7.7,207,79.86,79.86
3578,UMI,3,43.89316,-79.34809,300.0,18.827,6.3,198,79.83,79.83
3579,UMI,3,43.89316,-79.34138,300.0,28.876,9.6,261,105.06,105.06
3580,UMI,3,43.89316,-79.33467,300.0,30.522,10.2,340,122.94,122.94
3581,UMI,3,43.89316,-79.32797,300.0,31.218,10.4,312,114.57,114.57
3582,UMI,3,43.89316,-79.32126,300.0,56.81,18.9,577,212.28,212.28
3583,UMI,3,43.89316,-79.31455,300.0,86.242,28.7,825,329.87,329.87
3584,UMI,3,43.89316,-79.30784,300.0,86.841,28.9,860,336.56,336.56
3585,UMI,3,43.89316,-79.30113,300.0,93.953,31.3,939,355.79,355.79
3586,UMI,3,43.89316,-79.29442,300.0,95.767,31.9,938,360.58,360.58
3587,UMI,3,43.89316,-79.28772,300.0,90.502,30.2,938,355.97,355.97
3588,UMI,3,43.89316,-79.28101,300.0,91.829,30.6,914,367.26,367.26
3589,UMI,3,43.89316,-79.2743,300.0,108.3,36.1,958,392.71,392.71
3590,UMI,3,43.89316,-79.26759,300.0,90.871,30.3,910,346.05,346.05
3591,UMI,3,43.89316,-79.26088,300.0,93.964,31.3,875,356.9,356.9
3592,UMI,3,43.89316,-79.25418,300.0,94.072,31.4,949,358.96,358.96
3593,UMI,3,43.89316,-79.24747,300.0,114.563,38.2,1115,426.23,426.23
3594,UMI,3,43.89316,-79.24076,300.0,130.32,43.4,1177,468.53,468.53
3595,UMI,3,43.89316,-79.23405,300.0,121.142,40.4,1089,457.35,457.35
3596,UMI,3,43.89316,-79.22734,300.0,94.506,31.5,812,344.14,344.14
3597,UMI,3,43.89316,-79.22063,300.0,60.896,20.3,597,246.45,246.45
3598,UMI,3,43.89316,-79.21393,300.0,31.461,10.5,350,133.15,133.15
3599,UMI,3,43.89316,-79.20722,300.0,10.994,3.7,111,39.86,39.86
3600,UMI,3,43.89316,-79.20051,300.0,4.225,1.4,44,19.12,19.12
3601,UMI,3,43.89736,-79.51915,300.0,12.069,4.0,87,38.3,38.3
3602,UMI,3,43.89736,-79.51244,300.0,13.814,4.6,136,57.83,57.83
3603,UMI,3,43.89736,-79.50573,300.0,11.071,3.7,148,49.6,49.6
3604,UMI,3,43.89736,-79.49902,300.0,12.627,4.2,155,52.75,52.75
3605,UMI,3,43.89736,-79.49231,300.0,6.966,2.3,90,28.78,28.78
3606,UMI,3,43.89736,-79.4789,300.0,26.247,8.7,177,82.82,82.82
3607,UMI,3,43.89736,-79.47219,300.0,35.466,11.8,351,119.24,119.24
3608,UMI,3,43.89736,-79.46548,300.0,63.701,21.2,604,246.43,246.43
3609,UMI,3,43.89736,-79.45877,300.0,77.524,25.8,785,294.45,294.45
3610,UMI,3,43.89736,-79.45207,300.0,74.899,25.0,834,309.64,309.64
3611,UMI,3,43.89736,-79.44536,300.0,77.481,25.8,711,296.09,296.09
3612,UMI,3,43.89736,-79.43865,300.0,77.913,26.0,739,299.27,299.27
3613,UMI,3,43.89736,-79.43194,300.0,71.286,23.8,691,263.49,263.49
3614,UMI,3,43.89736,-79.42523,300.0,53.711,17.9,554,219.39,219.39
3615,UMI,3,43.89736,-79.41853,300.0,50.683,16.9,431,159.9,159.9
3616,UMI,3,43.89736,-79.41182,300.0,26.021,8.7,297,109.53,109.53
3617,UMI,3,43.89736,-79.40511,300.0,36.301,12.1,386,147.97,147.97
3618,UMI,3,43.89736,-79.3984,300.0,35.65,11.9,378,147.88,147.88
3619,UMI,3,43.89736,-79.39169,300.0,17.096,5.7,199,72.33,72.33
3620,UMI,3,43.89736,-79.38498,300.0,18.366,6.1,163,54.66,54.66
3621,UMI,3,43.89736,-79.37828,300.0,30.111,10.0,342,127.45,127.45
3622,UMI,3,43.89736,-79.37157,300.0,52.322,17.4,502,211.37,211.37
3623,UMI,3,43.89736,-79.36486,300.0,36.728,12.2,330,141.8,141.8
3624,UMI,3,43.89736,-79.35815,300.0,17.833,5.9,176,67.01,67.01
3625,UMI,3,43.89736,-79.35144,300.0,14.832,4.9,135,58.37,58.37
3626,UMI,3,43.89736,-79.34474,300.0,15.52,5.2,129,50.33,50.33
3627,UMI,3,43.89736,-79.33803,300.0,18.317,6.1,174,67.33,67.33
3628,UMI,3,43.89736,-79.33132,300.0,27.447,9.1,193,77.54,77.54
3629,UMI,3,43.89736,-79.32461,300.0,27.394,9.1,252,99.46,99.46
3630,UMI,3,43.89736,-79.3179,300.0,49.475,16.5,475,189.33,189.33
3631,UMI,3,43.89736,-79.31119,300.0,63.725,21.2,651,256.01,256.01
3632,UMI,3,43.89736,-79.30449,300.0,74.641,24.9,685,278.64,278.64
3633,UMI,3,43.89736,-79.29778,300.0,65.91,22.0,669,247.68,247.68
3634,UMI,3,43.89736,-79.29107,300.0,90.317,30.1,811,318.19,318.19
3635,UMI,3,43.89736,-79.28436,300.0,87.389,29.1,854,340.48,340.48
3636,UMI,3,43.89736,-79.27765,300.0,82.015,27.3,758,291.69,291.69
3637,UMI,3,43.89736,-79.27095,300.0,98.642,32.9,958,367.04,367.04
3638,UMI,3,43.89736,-79.26424,300.0,79.42,26.5,824,315.65,315.65
3639,UMI,3,43.89736,-79.25753,300.0,93.639,31.2,894,360.7,360.7
3640,UMI,3,43.89736,-79.25082,300.0,109.931,36.6,986,381.18,381.18
3641,UMI,3,43.89736,-79.24411,300.0,113.632,37.9,1062,431.38,431.38
3642,UMI,3,43.89736,-79.23741,300.0,108.996,36.3,1013,395.0,395.0
3643,UMI,3,43.89736,-79.2307,300.0,77.91,26.0,827,311.66,311.66
3644,UMI,3,43.89736,-79.22399,300.0,63.272,21.1,624,232.18,232.18
3645,UMI,3,43.89736,-79.21728,300.0,38.004,12.7,410,161.47,161.47
3646,UMI,3,43.89736,-79.21057,300.0,19.514,6.5,189,80.63,80.63
3647,UMI,3,43.89736,-79.18374,300.0,3.276,1.1,46,17.67,17.67
3648,UMI,3,43.90156,-79.51579,300.0,7.047,2.3,77,29.66,29.66
3649,UMI,3,43.90156,-79.49567,300.0,6.293,2.1,82,28.13,28.13
3650,UMI,3,43.90156,-79.47554,300.0,19.804,6.6,161,58.37,58.37
3651,UMI,3,43.90156,-79.46884,300.0,40.233,13.4,433,151.9,151.9
3652,UMI,3,43.90156,-79.46213,300.0,66.044,22.0,636,261.02,261.02
3653,UMI,3,43.90156,-79.45542,300.0,68.197,22.7,676,250.24,250.24
3654,UMI,3,43.90156,-79.44871,300.0,66.491,22.2,633,248.74,248.74
3655,UMI,3,43.90156,-79.442,300.0,72.747,24.2,677,269.22,269.22
3656,UMI,3,43.90156,-79.4353,300.0,67.021,22.3,624,247.12,247.12
3657,UMI,3,43.90156,-79.42859,300.0,52.032,17.3,568,201.03,201.03
3658,UMI,3,43.90156,-79.42188,300.0,43.712,14.6,357,145.53,145.53
3659,UMI,3,43.90156,-79.41517,300.0,16.626,5.5,165,57.06,57.06
3660,UMI,3,43.90156,-79.40846,300.0,16.49,5.5,175,66.5,66.5
3661,UMI,3,43.90156,-79.40175,300.0,21.618,7.2,220,81.43,81.43
3662,UMI,3,43.90156,-79.39505,300.0,16.43,5.5,180,74.97,74.97
3663,UMI,3,43.90156,-79.38834,300.0,16.459,5.5,140,54.79,54.79
3664,UMI,3,43.90156,-79.38163,300.0,26.767,8.9,236,99.93,99.93
3665,UMI,3,43.90156,-79.37492,300.0,42.806,14.3,411,157.5,157.5
3666,UMI,3,43.90156,-79.36821,300.0,29.341,9.8,327,126.87,126.87
3667,UMI,3,43.90156,-79.36151,300.0,15.108,5.0,172,64.0,64.0
3668,UMI,3,43.90156,-79.34809,300.0,9.069,3.0,104,39.37,39.37
3669,UMI,3,43.90156,-79.32126,300.0,22.403,7.5,208,85.68,85.68
3670,UMI,3,43.90156,-79.31455,300.0,27.255,9.1,271,118.76,118.76
3671,UMI,3,43.90156,-79.30784,300.0,41.03,13.7,370,161.44,161.44
3672,UMI,3,43.90156,-79.30113,300.0,47.045,15.7,414,177.6,177.6
3673,UMI,3,43.90156,-79.29442,300.0,52.677,17.6,545,223.92,223.92
3674,UMI,3,43.90156,-79.28772,300.0,74.346,24.8,693,285.84,285.84
3675,UMI,3,43.90156,-79.28101,300.0,77.193,25.7,767,322.23,322.23
3676,UMI,3,43.90156,-79.2743,300.0,78.776,26.3,811,315.49,315.49
3677,UMI,3,43.90156,-79.26759,300.0,78.067,26.0,789,300.93,300.93
3678,UMI,3,43.90156,-79.26088,300.0,79.639,26.5,768,297.87,297.87
3679,UMI,3,43.90156,-79.25418,300.0,99.102,33.0,914,353.95,353.95
3680,UMI,3,43.90156,-79.24747,300.0,111.291,37.1,993,389.81,389.81
3681,UMI,3,43.90156,-79.24076,300.0,81.403,27.1,813,305.47,305.47
3682,UMI,3,43.90156,-79.23405,300.0,64.045,21.3,666,246.85,246.85
3683,UMI,3,43.90156,-79.22734,300.0,48.939,16.3,505,193.97,193.97
3684,UMI,3,43.90156,-79.22063,300.0,29.791,9.9,329,125.83,125.83
3685,UMI,3,43.90156,-79.21393,300.0,21.501,7.2,152,57.91,57.91
3686,UMI,3,43.90156,-79.18709,300.0,3.721,1.2,33,9.85,9.85
3687,UMI,3,43.90575,-79.51915,300.0,5.534,1.8,70,21.72,21.72
3688,UMI,3,43.90575,-79.47219,300.0,28.976,9.7,273,109.77,109.77
3689,UMI,3,43.90575,-79.46548,300.0,45.353,15.1,402,157.46,157.46
3690,UMI,3,43.90575,-79.45877,300.0,42.574,14.2,495,190.16,190.16
3691,UMI,3,43.90575,-79.45207,300.0,57.937,19.3,543,205.88,205.88
3692,UMI,3,43.90575,-79.44536,300.0,63.46,21.2,611,252.0,252.0
3693,UMI,3,43.90575,-79.43865,300.0,82.925,27.6,741,302.39,302.39
3694,UMI,3,43.90575,-79.43194,300.0,67.158,22.4,608,234.42,234.42
3695,UMI,3,43.90575,-79.42523,300.0,38.709,12.9,387,137.56,137.56
3696,UMI,3,43.90575,-79.41853,300.0,21.764,7.3,179,85.15,85.15
3697,UMI,3,43.90575,-79.41182,300.0,9.994,3.3,91,37.48,37.48
3698,UMI,3,43.90575,-79.3984,300.0,11.892,4.0,130,48.91,48.91
3699,UMI,3,43.90575,-79.38498,300.0,13.733,4.6,154,60.14,60.14
3700,UMI,3,43.90575,-79.37828,300.0,41.192,13.7,339,138.56,138.56
3701,UMI,3,43.90575,-79.37157,300.0,35.087,11.7,356,142.65,142.65
3702,UMI,3,43.90575,-79.36486,300.0,19.175,6.4,173,65.8,65.8
3703,UMI,3,43.90575,-79.35815,300.0,8.925,3.0,77,35.81,35.81
3704,UMI,3,43.90575,-79.34474,300.0,4.228,1.4,60,21.37,21.37
3705,UMI,3,43.90575,-79.32461,300.0,6.338,2.1,77,35.93,35.93
3706,UMI,3,43.90575,-79.3179,300.0,15.294,5.1,134,57.0,57.0
3707,UMI,3,43.90575,-79.30449,300.0,13.737,4.6,155,58.24,58.24
3708,UMI,3,43.90575,-79.29778,300.0,25.148,8.4,212,87.49,87.49
3709,UMI,3,43.90575,-79.29107,300.0,24.769,8.3,323,113.85,113.85
3710,UMI,3,43.90575,-79.28436,300.0,52.353,17.5,498,214.51,214.51
3711,UMI,3,43.90575,-79.27765,300.0,57.021,19.0,556,187.99,187.99
3712,UMI,3,43.90575,-79.27095,300.0,59.871,20.0,583,221.71,221.71
3713,UMI,3,43.90575,-79.26424,300.0,54.471,18.2,572,220.72,220.72
3714,UMI,3,43.90575,-79.25753,300.0,77.86,26.0,804,310.27,310.27
3715,UMI,3,43.90575,-79.25082,300.0,88.471,29.5,831,336.2,336.2
3716,UMI,3,43.90575,-79.24411,300.0,77.49,25.8,720,302.28,302.28
3717,UMI,3,43.90575,-79.23741,300.0,41.97,14.0,420,170.43,170.43
3718,UMI,3,43.90575,-79.2307,300.0,37.19,12.4,321,125.57,125.57
3719,UMI,3,43.90575,-79.21728,300.0,7.867,2.6,101,35.38,35.38
3720,UMI,3,43.90995,-79.5225,300.0,10.107,3.4,74,34.34,34.34
3721,UMI,3,43.90995,-79.51579,300.0,6.677,2.2,61,22.4,22.4
3722,UMI,3,43.90995,-79.47554,300.0,23.686,7.9,261,98.88,98.88
3723,UMI,3,43.90995,-79.46884,300.0,47.139,15.7,475,183.83,183.83
3724,UMI,3,43.90995,-79.46213,300.0,45.484,15.2,421,174.12,174.12
3725,UMI,3,43.90995,-79.45542,300.0,36.385,12.1,409,147.32,147.32
3726,UMI,3,43.90995,-79.44871,300.0,45.434,15.1,473,190.41,190.41
3727,UMI,3,43.90995,-79.442,300.0,58.516,19.5,623,249.73,249.73
3728,UMI,3,43.90995,-79.4353,300.0,62.489,20.8,576,230.45,230.45
3729,UMI,3,43.90995,-79.42859,300.0,51.767,17.3,482,198.76,198.76
3730,UMI,3,43.90995,-79.41517,300.0,8.431,2.8,82,30.22,30.22
3731,UMI,3,43.90995,-79.39505,300.0,8.839,2.9,80,35.54,35.54
3732,UMI,3,43.90995,-79.38834,300.0,10.329,3.4,102,40.04,40.04
3733,UMI,3,43.90995,-79.38163,300.0,21.058,7.0,187,76.01,76.01
3734,UMI,3,43.90995,-79.37492,300.0,26.08,8.7,270,118.13,118.13
3735,UMI,3,43.90995,-79.36821,300.0,13.022,4.3,144,59.17,59.17
3736,UMI,3,43.90995,-79.36151,300.0,5.297,1.8,61,25.5,25.5
3737,UMI,3,43.90995,-79.32126,300.0,7.384,2.5,73,27.63,27.63
3738,UMI,3,43.90995,-79.29442,300.0,12.975,4.3,125,49.92,49.92
3739,UMI,3,43.90995,-79.28772,300.0,17.08,5.7,206,71.09,71.09
3740,UMI,3,43.90995,-79.28101,300.0,23.318,7.8,265,95.03,95.03
3741,UMI,3,43.90995,-79.2743,300.0,36.164,12.1,310,133.05,133.05
3742,UMI,3,43.90995,-79.26759,300.0,26.548,8.8,296,116.43,116.43
3743,UMI,3,43.90995,-79.26088,300.0,48.923,16.3,486,187.44,187.44
3744,UMI,3,43.90995,-79.25418,300.0,59.024,19.7,602,232.18,232.18
3745,UMI,3,43.90995,-79.24747,300.0,49.515,16.5,452,177.66,177.66
3746,UMI,3,43.90995,-79.24076,300.0,21.256,7.1,271,92.4,92.4
3747,UMI,3,43.90995,-79.23405,300.0,12.18,4.1,155,58.82,58.82
3748,UMI,3,43.91414,-79.51915,300.0,11.389,3.8,131,52.85,52.85
3749,UMI,3,43.91414,-79.4789,300.0,23.893,8.0,199,99.55,99.55
3750,UMI,3,43.91414,-79.47219,300.0,43.231,14.4,419,162.52,162.52
3751,UMI,3,43.91414,-79.46548,300.0,49.786,16.6,486,198.5,198.5
3752,UMI,3,43.91414,-79.45877,300.0,40.015,13.3,411,151.98,151.98
3753,UMI,3,43.91414,-79.45207,300.0,39.866,13.3,381,142.25,142.25
3754,UMI,3,43.91414,-79.44536,300.0,45.191,15.1,437,166.41,166.41
3755,UMI,3,43.91414,-79.43865,300.0,50.32,16.8,493,196.31,196.31
3756,UMI,3,43.91414,-79.43194,300.0,46.482,15.5,430,181.31,181.31
3757,UMI,3,43.91414,-79.42523,300.0,15.477,5.2,196,67.62,67.62
3758,UMI,3,43.91414,-79.41853,300.0,11.285,3.8,115,48.23,48.23
3759,UMI,3,43.91414,-79.38498,300.0,12.969,4.3,133,51.37,51.37
3760,UMI,3,43.91414,-79.37828,300.0,12.291,4.1,149,56.08,56.08
3761,UMI,3,43.91414,-79.37157,300.0,13.603,4.5,114,54.95,54.95
3762,UMI,3,43.91414,-79.27095,300.0,15.78,5.3,151,66.17,66.17
3763,UMI,3,43.91414,-79.26424,300.0,20.464,6.8,214,79.83,79.83
3764,UMI,3,43.91414,-79.25753,300.0,29.972,10.0,296,118.61,118.61
3765,UMI,3,43.91414,-79.25082,300.0,38.041,12.7,309,126.94,126.94
3766,UMI,3,43.91414,-79.24411,300.0,19.071,6.4,214,84.66,84.66
3767,UMI,3,43.91834,-79.5225,300.0,17.359,5.8,154,63.09,63.09
3768,UMI,3,43.91834,-79.51579,300.0,9.679,3.2,129,42.62,42.62
3769,UMI,3,43.91834,-79.49567,300.0,5.396,1.8,43,19.5,19.5
3770,UMI,3,43.91834,-79.47554,300.0,28.963,9.7,354,126.19,126.19
3771,UMI,3,43.91834,-79.46884,300.0,58.61,19.5,514,209.88,209.88
3772,UMI,3,43.91834,-79.46213,300.0,39.705,13.2,390,146.0,146.0
3773,UMI,3,43.91834,-79.45542,300.0,43.485,14.5,371,139.92,139.92
3774,UMI,3,43.91834,-79.44871,300.0,34.058,11.4,348,138.63,138.63
3775,UMI,3,43.91834,-79.442,300.0,41.999,14.0,314,139.82,139.82
3776,UMI,3,43.91834,-79.4353,300.0,29.718,9.9,319,128.15,128.15
3777,UMI,3,43.91834,-79.42859,300.0,21.683,7.2,214,92.87,92.87
3778,UMI,3,43.91834,-79.42188,300.0,13.959,4.7,159,59.4,59.4
3779,UMI,3,43.91834,-79.41517,300.0,6.095,2.0,74,27.14,27.14
3780,UMI,3,43.91834,-79.40175,300.0,5.481,1.8,61,18.97,18.97
3781,UMI,3,43.91834,-79.38834,300.0,7.295,2.4,84,26.81,26.81
3782,UMI,3,43.91834,-79.38163,300.0,9.267,3.1,101,40.49,40.49
3783,UMI,3,43.91834,-79.29442,300.0,5.377,1.8,68,26.07,26.07
3784,UMI,3,43.91834,-79.28772,300.0,7.297,2.4,62,30.56,30.56
3785,UMI,3,43.91834,-79.2743,300.0,10.738,3.6,83,42.45,42.45
3786,UMI,3,43.91834,-79.1066,300.0,2.701,0.9,26,12.28,12.28
3787,UMI,3,43.92253,-79.52586,300.0,15.958,5.3,161,65.18,65.18
3788,UMI,3,43.92253,-79.51915,300.0,23.397,7.8,227,97.57,97.57
3789,UMI,3,43.92253,-79.51244,300.0,10.964,3.7,109,42.86,42.86
3790,UMI,3,43.92253,-79.50573,300.0,4.402,1.5,63,19.25,19.25
3791,UMI,3,43.92253,-79.4789,300.0,15.327,5.1,185,67.03,67.03
3792,UMI,3,43.92253,-79.47219,300.0,31.109,10.4,340,135.65,135.65
3793,UMI,3,43.92253,-79.46548,300.0,30.945,10.3,334,129.45,129.45
3794,UMI,3,43.92253,-79.45877,300.0,29.407,9.8,334,124.64,124.64
3795,UMI,3,43.92253,-79.45207,300.0,37.932,12.6,343,139.99,139.99
3796,UMI,3,43.92253,-79.44536,300.0,23.842,7.9,192,84.26,84.26
3797,UMI,3,43.92253,-79.43865,300.0,14.53,4.8,143,57.79,57.79
3798,UMI,3,43.92253,-79.43194,300.0,12.76,4.3,142,56.46,56.46
3799,UMI,3,43.92253,-79.42523,300.0,14.724,4.9,148,58.86,58.86
3800,UMI,3,43.92253,-79.41853,300.0,12.968,4.3,153,58.97,58.97
3801,UMI,3,43.92253,-79.37828,300.0,6.125,2.0,74,27.25,27.25
3802,UMI,3,43.92253,-79.35144,300.0,3.759,1.3,43,18.11,18.11
3803,UMI,3,43.92673,-79.5225,300.0,22.444,7.5,215,81.63,81.63
3804,UMI,3,43.92673,-79.51579,300.0,22.82,7.6,238,93.86,93.86
3805,UMI,3,43.92673,-79.50909,300.0,13.147,4.4,118,52.69,52.69
3806,UMI,3,43.92673,-79.48225,300.0,11.304,3.8,127,49.92,49.92
3807,UMI,3,43.92673,-79.47554,300.0,23.963,8.0,233,109.44,109.44
3808,UMI,3,43.92673,-79.46884,300.0,25.52,8.5,239,102.91,102.91
3809,UMI,3,43.92673,-79.46213,300.0,18.809,6.3,222,74.48,74.48
3810,UMI,3,43.92673,-79.45542,300.0,27.074,9.0,316,108.52,108.52
3811,UMI,3,43.92673,-79.44871,300.0,21.074,7.0,209,85.69,85.69
3812,UMI,3,43.92673,-79.42859,300.0,16.088,5.4,121,52.71,52.71
3813,UMI,3,43.92673,-79.42188,300.0,13.501,4.5,131,48.32,48.32
3814,UMI,3,43.92673,-79.41517,300.0,11.683,3.9,109,42.55,42.55
3815,UMI,3,43.92673,-79.40846,300.0,5.905,2.0,79,28.85,28.85
3816,UMI,3,43.92673,-79.38163,300.0,4.148,1.4,51,21.4,21.4
3817,UMI,3,43.92673,-79.37492,300.0,5.488,1.8,53,20.69,20.69
3818,UMI,3,43.92673,-79.32126,300.0,4.603,1.5,61,23.62,23.62
3819,UMI,3,43.92673,-79.30113,300.0,3.679,1.2,52,17.84,17.84
3820,UMI,3,43.92673,-79.29442,300.0,5.565,1.9,66,23.61,23.61
3821,UMI,3,43.92673,-79.2743,300.0,4.351,1.5,50,18.73,18.73
3822,UMI,3,43.92673,-79.22063,300.0,2.717,0.9,29,10.94,10.94
3823,UMI,3,43.92673,-79.09318,300.0,3.218,1.1,43,17.12,17.12
3824,UMI,3,43.93092,-79.52586,300.0,17.167,5.7,163,64.87,64.87
3825,UMI,3,43.93092,-79.51915,300.0,18.612,6.2,221,86.97,86.97
3826,UMI,3,43.93092,-79.51244,300.0,21.182,7.1,196,75.93,75.93
3827,UMI,3,43.93092,-79.50573,300.0,16.004,5.3,113,56.75,56.75
3828,UMI,3,43.93092,-79.4789,300.0,25.4,8.5,266,103.33,103.33
3829,UMI,3,43.93092,-79.47219,300.0,34.611,11.5,320,112.87,112.87
3830,UMI,3,43.93092,-79.46548,300.0,23.085,7.7,201,80.75,80.75
3831,UMI,3,43.93092,-79.45877,300.0,21.444,7.1,210,85.64,85.64
3832,UMI,3,43.93092,-79.45207,300.0,19.951,6.7,205,75.18,75.18
3833,UMI,3,43.93092,-79.43865,300.0,12.571,4.2,107,41.61,41.61
3834,UMI,3,43.93092,-79.42523,300.0,10.635,3.5,111,44.36,44.36
3835,UMI,3,43.93092,-79.41853,300.0,10.952,3.7,115,45.37,45.37
3836,UMI,3,43.93092,-79.41182,300.0,8.289,2.8,100,37.49,37.49
3837,UMI,3,43.93092,-79.37828,300.0,4.631,1.5,54,21.03,21.03
3838,UMI,3,43.93092,-79.34474,300.0,4.217,1.4,53,19.78,19.78
3839,UMI,3,43.93092,-79.33803,300.0,5.081,1.7,64,24.77,24.77
3840,UMI,3,43.93092,-79.33132,300.0,7.603,2.5,51,20.16,20.16
3841,UMI,3,43.93092,-79.27095,300.0,5.023,1.7,56,25.79,25.79
3842,UMI,3,43.93092,-79.25753,300.0,3.285,1.1,38,14.03,14.03
3843,UMI,3,43.93092,-79.24411,300.0,3.71,1.2,45,19.81,19.81
3844,UMI,3,43.93512,-79.51579,300.0,10.024,3.3,114,40.58,40.58
3845,UMI,3,43.93512,-79.50909,300.0,12.652,4.2,131,54.95,54.95
3846,UMI,3,43.93512,-79.48225,300.0,25.555,8.5,225,91.11,91.11
3847,UMI,3,43.93512,-79.47554,300.0,43.977,14.7,464,191.18,191.18
3848,UMI,3,43.93512,-79.46884,300.0,48.693,16.2,399,176.2,176.2
3849,UMI,3,43.93512,-79.46213,300.0,19.841,6.6,212,80.59,80.59
3850,UMI,3,43.93512,-79.45542,300.0,16.233,5.4,191,60.52,60.52
3851,UMI,3,43.93512,-79.44871,300.0,17.64,5.9,194,78.39,78.39
3852,UMI,3,43.93512,-79.442,300.0,20.622,6.9,186,84.94,84.94
3853,UMI,3,43.93512,-79.4353,300.0,15.3,5.1,148,65.18,65.18
3854,UMI,3,43.93512,-79.42859,300.0,17.163,5.7,146,65.77,65.77
3855,UMI,3,43.93512,-79.40846,300.0,6.882,2.3,77,27.84,27.84
3856,UMI,3,43.93512,-79.40175,300.0,7.478,2.5,58,24.81,24.81
3857,UMI,3,43.93512,-79.39505,300.0,4.354,1.5,51,20.77,20.77
3858,UMI,3,43.93512,-79.38163,300.0,8.48,2.8,71,30.76,30.76
3859,UMI,3,43.93512,-79.37492,300.0,8.029,2.7,82,37.25,37.25
3860,UMI,3,43.93512,-79.32797,300.0,5.167,1.7,59,25.84,25.84
3861,UMI,3,43.93512,-79.31455,300.0,4.138,1.4,46,16.29,16.29
3862,UMI,3,43.93512,-79.30113,300.0,5.39,1.8,60,23.18,23.18
3863,UMI,3,43.93931,-79.4789,300.0,39.865,13.3,388,162.83,162.83
3864,UMI,3,43.93931,-79.47219,300.0,54.164,18.1,539,217.12,217.12
3865,UMI,3,43.93931,-79.46548,300.0,46.549,15.5,437,172.57,172.57
3866,UMI,3,43.93931,-79.45877,300.0,40.458,13.5,380,153.31,153.31
3867,UMI,3,43.93931,-79.45207,300.0,30.753,10.3,283,121.45,121.45
3868,UMI,3,43.93931,-79.44536,300.0,36.855,12.3,352,146.32,146.32
3869,UMI,3,43.93931,-79.43865,300.0,20.999,7.0,257,94.86,94.86
3870,UMI,3,43.93931,-79.43194,300.0,23.908,8.0,244,95.02,95.02
3871,UMI,3,43.93931,-79.42523,300.0,14.687,4.9,139,53.93,53.93
3872,UMI,3,43.93931,-79.40511,300.0,3.726,1.2,44,16.49,16.49
3873,UMI,3,43.93931,-79.3984,300.0,9.22,3.1,85,34.03,34.03
3874,UMI,3,43.93931,-79.39169,300.0,4.319,1.4,43,15.3,15.3
3875,UMI,3,43.93931,-79.38498,300.0,5.303,1.8,65,20.55,20.55
3876,UMI,3,43.93931,-79.37828,300.0,10.068,3.4,98,35.96,35.96
3877,UMI,3,43.93931,-79.35144,300.0,2.945,1.0,40,15.37,15.37
3878,UMI,3,43.93931,-79.30449,300.0,4.52,1.5,54,18.02,18.02
3879,UMI,3,43.93931,-79.27765,300.0,4.605,1.5,43,18.67,18.67
3880,UMI,3,43.94351,-79.47554,300.0,44.411,14.8,487,189.92,189.92
3881,UMI,3,43.94351,-79.46884,300.0,53.632,17.9,521,204.65,204.65
3882,UMI,3,43.94351,-79.46213,300.0,51.947,17.3,488,192.2,192.2
3883,UMI,3,43.94351,-79.45542,300.0,42.161,14.1,409,149.89,149.89
3884,UMI,3,43.94351,-79.44871,300.0,42.635,14.2,414,170.25,170.25
3885,UMI,3,43.94351,-79.442,300.0,39.579,13.2,377,151.87,151.87
3886,UMI,3,43.94351,-79.4353,300.0,23.274,7.8,212,81.51,81.51
3887,UMI,3,43.94351,-79.42859,300.0,22.332,7.4,186,74.32,74.32
3888,UMI,3,43.94351,-79.42188,300.0,9.644,3.2,100,35.59,35.59
3889,UMI,3,43.94351,-79.38163,300.0,9.792,3.3,100,38.57,38.57
3890,UMI,3,43.94351,-79.37492,300.0,10.07,3.4,125,46.74,46.74
3891,UMI,3,43.94351,-79.3548,300.0,6.159,2.1,56,27.48,27.48
3892,UMI,3,43.94351,-79.34138,300.0,3.173,1.1,43,13.77,13.77
3893,UMI,3,43.94351,-79.30113,300.0,4.442,1.5,52,21.41,21.41
3894,UMI,3,43.94351,-79.2743,300.0,6.893,2.3,65,29.42,29.42
3895,UMI,3,43.94351,-79.26759,300.0,5.887,2.0,48,22.85,22.85
3896,UMI,3,43.9477,-79.4789,300.0,45.231,15.1,383,166.93,166.93
3897,UMI,3,43.9477,-79.47219,300.0,46.442,15.5,487,185.58,185.58
3898,UMI,3,43.9477,-79.46548,300.0,61.057,20.4,518,210.33,210.33
3899,UMI,3,43.9477,-79.45877,300.0,52.416,17.5,502,183.29,183.29
3900,UMI,3,43.9477,-79.45207,300.0,41.258,13.8,438,175.18,175.18
3901,UMI,3,43.9477,-79.44536,300.0,39.451,13.2,394,141.68,141.68
3902,UMI,3,43.9477,-79.43865,300.0,29.676,9.9,308,112.51,112.51
3903,UMI,3,43.9477,-79.43194,300.0,19.62,6.5,201,78.95,78.95
3904,UMI,3,43.9477,-79.42523,300.0,15.791,5.3,149,60.0,60.0
3905,UMI,3,43.9477,-79.3984,300.0,4.9,1.6,46,21.86,21.86
3906,UMI,3,43.9477,-79.38498,300.0,9.638,3.2,63,26.21,26.21
3907,UMI,3,43.9477,-79.37828,300.0,10.383,3.5,118,38.78,38.78
3908,UMI,3,43.9477,-79.36486,300.0,4.258,1.4,44,20.59,20.59
3909,UMI,3,43.9477,-79.33132,300.0,5.85,2.0,48,16.6,16.6
3910,UMI,3,43.9477,-79.27765,300.0,7.006,2.3,80,30.95,30.95
3911,UMI,3,43.9519,-79.48225,300.0,29.94,10.0,312,121.0,121.0
3912,UMI,3,43.9519,-79.47554,300.0,40.996,13.7,438,177.18,177.18
3913,UMI,3,43.9519,-79.46884,300.0,54.877,18.3,540,200.64,200.64
3914,UMI,3,43.9519,-79.46213,300.0,52.412,17.5,490,189.04,189.04
3915,UMI,3,43.9519,-79.45542,300.0,52.319,17.4,476,196.32,196.32
3916,UMI,3,43.9519,-79.44871,300.0,44.702,14.9,448,171.9,171.9
3917,UMI,3,43.9519,-79.442,300.0,37.969,12.7,364,164.09,164.09
3918,UMI,3,43.9519,-79.4353,300.0,27.485,9.2,236,96.89,96.89
3919,UMI,3,43.9519,-79.42859,300.0,12.052,4.0,122,45.95,45.95
3920,UMI,3,43.9519,-79.42188,300.0,8.48,2.8,91,40.99,40.99
3921,UMI,3,43.9519,-79.39505,300.0,5.877,2.0,69,27.62,27.62
3922,UMI,3,43.9519,-79.38834,300.0,10.354,3.5,91,41.19,41.19
3923,UMI,3,43.9519,-79.38163,300.0,8.764,2.9,101,31.03,31.03
3924,UMI,3,43.9519,-79.33467,300.0,4.262,1.4,41,20.02,20.02
3925,UMI,3,43.9519,-79.2743,300.0,9.871,3.3,114,44.55,44.55
3926,UMI,3,43.9519,-79.26088,300.0,13.463,4.5,132,54.74,54.74
3927,UMI,3,43.9519,-79.25418,300.0,14.655,4.9,135,51.84,51.84
3928,UMI,3,43.9519,-79.24076,300.0,12.076,4.0,94,41.21,41.21
3929,UMI,3,43.9519,-79.23405,300.0,6.718,2.2,62,26.89,26.89
3930,UMI,3,43.95609,-79.4789,300.0,27.223,9.1,259,110.46,110.46
3931,UMI,3,43.95609,-79.47219,300.0,47.975,16.0,424,172.42,172.42
3932,UMI,3,43.95609,-79.46548,300.0,42.085,14.0,443,174.3,174.3
3933,UMI,3,43.95609,-79.45877,300.0,39.765,13.3,356,146.53,146.53
3934,UMI,3,43.95609,-79.45207,300.0,39.642,13.2,391,145.11,145.11
3935,UMI,3,43.95609,-79.44536,300.0,34.536,11.5,389,141.26,141.26
3936,UMI,3,43.95609,-79.43865,300.0,33.911,11.3,342,129.32,129.32
3937,UMI,3,43.95609,-79.43194,300.0,19.103,6.4,194,78.81,78.81
3938,UMI,3,43.95609,-79.3984,300.0,6.653,2.2,46,20.84,20.84
3939,UMI,3,43.95609,-79.38498,300.0,14.616,4.9,92,48.93,48.93
3940,UMI,3,43.95609,-79.35144,300.0,2.431,0.8,33,11.33,11.33
3941,UMI,3,43.95609,-79.26424,300.0,25.32,8.4,251,91.22,91.22
3942,UMI,3,43.95609,-79.25753,300.0,22.244,7.4,224,84.91,84.91
3943,UMI,3,43.95609,-79.25082,300.0,40.552,13.5,302,142.11,142.11
3944,UMI,3,43.95609,-79.24411,300.0,26.579,8.9,254,108.93,108.93
3945,UMI,3,43.95609,-79.23741,300.0,13.824,4.6,141,48.34,48.34
3946,UMI,3,43.96029,-79.46884,300.0,26.517,8.8,277,113.88,113.88
3947,UMI,3,43.96029,-79.46213,300.0,28.278,9.4,275,104.49,104.49
3948,UMI,3,43.96029,-79.45542,300.0,26.171,8.7,239,104.96,104.96
3949,UMI,3,43.96029,-79.44871,300.0,29.419,9.8,288,120.29,120.29
3950,UMI,3,43.96029,-79.442,300.0,34.346,11.4,343,123.76,123.76
3951,UMI,3,43.96029,-79.4353,300.0,29.099,9.7,235,99.09,99.09
3952,UMI,3,43.96029,-79.40846,300.0,4.279,1.4,47,18.93,18.93
3953,UMI,3,43.96029,-79.39505,300.0,3.423,1.1,52,17.71,17.71
3954,UMI,3,43.96029,-79.26759,300.0,17.356,5.8,215,82.02,82.02
3955,UMI,3,43.96029,-79.26088,300.0,33.481,11.2,322,128.47,128.47
3956,UMI,3,43.96029,-79.25418,300.0,40.556,13.5,390,159.28,159.28
3957,UMI,3,43.96029,-79.24747,300.0,45.129,15.0,489,178.82,178.82
3958,UMI,3,43.96029,-79.24076,300.0,46.924,15.6,391,174.08,174.08
3959,UMI,3,43.96029,-79.23405,300.0,21.221,7.1,259,87.47,87.47
3960,UMI,3,43.96029,-79.22734,300.0,16.032,5.3,209,69.73,69.73
3961,UMI,3,43.96449,-79.45877,300.0,17.671,5.9,150,57.42,57.42
3962,UMI,3,43.96449,-79.45207,300.0,22.012,7.3,195,83.0,83.0
3963,UMI,3,43.96449,-79.44536,300.0,28.27,9.4,276,118.44,118.44
3964,UMI,3,43.96449,-79.43865,300.0,25.747,8.6,255,93.74,93.74
3965,UMI,3,43.96449,-79.43194,300.0,13.957,4.7,131,55.94,55.94
3966,UMI,3,43.96449,-79.42523,300.0,3.697,1.2,53,16.82,16.82
3967,UMI,3,43.96449,-79.37828,300.0,5.048,1.7,65,23.63,23.63
3968,UMI,3,43.96449,-79.37157,300.0,5.483,1.8,45,21.04,21.04
3969,UMI,3,43.96449,-79.26424,300.0,22.684,7.6,262,98.62,98.62
3970,UMI,3,43.96449,-79.25753,300.0,49.737,16.6,429,180.4,180.4
3971,UMI,3,43.96449,-79.25082,300.0,73.013,24.3,605,250.79,250.79
3972,UMI,3,43.96449,-79.24411,300.0,54.324,18.1,576,211.73,211.73
3973,UMI,3,43.96449,-79.23741,300.0,50.716,16.9,509,192.46,192.46
3974,UMI,3,43.96449,-79.2307,300.0,50.387,16.8,507,215.63,215.63
3975,UMI,3,43.96449,-79.22399,300.0,27.317,9.1,284,115.8,115.8
3976,UMI,3,43.96449,-79.21728,300.0,11.878,4.0,138,48.28,48.28
3977,UMI,3,43.96449,-79.13007,300.0,6.898,2.3,77,31.22,31.22
3978,UMI,3,43.96868,-79.44871,300.0,16.328,5.4,158,63.01,63.01
3979,UMI,3,43.96868,-79.442,300.0,15.22,5.1,176,68.35,68.35
3980,UMI,3,43.96868,-79.4353,300.0,11.606,3.9,130,48.08,48.08
3981,UMI,3,43.96868,-79.42859,300.0,6.669,2.2,73,24.53,24.53
3982,UMI,3,43.96868,-79.42188,300.0,4.263,1.4,50,17.75,17.75
3983,UMI,3,43.96868,-79.40846,300.0,4.282,1.4,39,16.95,16.95
3984,UMI,3,43.96868,-79.26088,300.0,25.01,8.3,299,111.43,111.43
3985,UMI,3,43.96868,-79.25418,300.0,58.251,19.4,557,221.74,221.74
3986,UMI,3,43.96868,-79.24747,300.0,58.462,19.5,629,240.26,240.26
3987,UMI,3,43.96868,-79.24076,300.0,60.596,20.2,579,242.44,242.44
3988,UMI,3,43.96868,-79.23405,300.0,70.828,23.6,688,269.67,269.67
3989,UMI,3,43.96868,-79.22734,300.0,56.154,18.7,565,215.49,215.49
3990,UMI,3,43.96868,-79.22063,300.0,36.102,12.0,313,124.4,124.4
3991,UMI,3,43.96868,-79.21393,300.0,7.251,2.4,86,29.33,29.33
3992,UMI,3,43.96868,-79.20722,300.0,5.762,1.9,46,26.28,26.28
3993,UMI,3,43.96868,-79.14014,300.0,4.292,1.4,49,18.11,18.11
3994,UMI,3,43.96868,-79.13343,300.0,13.894,4.6,118,53.67,53.67
3995,UMI,3,43.96868,-79.12672,300.0,15.889,5.3,102,48.33,48.33
3996,UMI,3,43.97288,-79.44536,300.0,11.551,3.9,108,38.84,38.84
3997,UMI,3,43.97288,-79.43865,300.0,13.373,4.5,93,42.9,42.9
3998,UMI,3,43.97288,-79.43194,300.0,10.012,3.3,95,43.87,43.87
3999,UMI,3,43.97288,-79.42523,300.0,8.124,2.7,68,26.21,26.21
4000,UMI,3,43.97288,-79.25082,300.0,46.531,15.5,471,196.01,196.01
4001,UMI,3,43.97288,-79.24411,300.0,50.91,17.0,555,196.23,196.23
4002,UMI,3,43.97288,-79.23741,300.0,75.365,25.1,717,301.83,301.83
4003,UMI,3,43.97288,-79.2307,300.0,60.92,20.3,686,249.63,249.63
4004,UMI,3,43.97288,-79.22399,300.0,41.494,13.8,406,165.92,165.92
4005,UMI,3,43.97288,-79.21728,300.0,16.556,5.5,152,60.07,60.07
4006,UMI,3,43.97288,-79.13007,300.0,15.162,5.1,157,54.55,54.55
4007,UMI,3,43.97288,-79.12337,300.0,6.863,2.3,87,31.76,31.76
4008,UMI,3,43.97707,-79.40846,300.0,4.167,1.4,37,16.12,16.12
4009,UMI,3,43.97707,-79.24747,300.0,27.568,9.2,297,111.56,111.56
4010,UMI,3,43.97707,-79.24076,300.0,53.864,18.0,523,207.46,207.46
4011,UMI,3,43.97707,-79.23405,300.0,52.564,17.5,531,206.85,206.85
4012,UMI,3,43.97707,-79.22734,300.0,40.189,13.4,379,148.07,148.07
4013,UMI,3,43.97707,-79.22063,300.0,15.934,5.3,167,69.3,69.3
4014,UMI,3,43.97707,-79.13343,300.0,6.553,2.2,87,30.56,30.56
4015,UMI,3,43.98127,-79.23741,300.0,31.903,10.6,352,138.02,138.02
4016,UMI,3,43.98127,-79.2307,300.0,27.58,9.2,323,128.87,128.87
4017,UMI,3,43.98127,-79.22399,300.0,16.421,5.5,171,69.49,69.49
4018,UMI,3,43.99385,-79.20722,300.0,1.203,0.4,19,5.73,5.73
